{
	"timestamp_0": {
		"robots": {
			"ARMLIFT": {
				"AMR_LIFT01": {
					"name": "AMR_LIFT01",
					"pose": {
						"translation": [
							139.57406616210938,
							142.59573364257812,
							0.06200176104903221
						],
						"rotation": [
							-0.009305192157626152,
							-0.0037223035469651222,
							-0.9285476207733154,
							0.3710783123970032
						]
					},
					"odometry": {
						"position": [
							0.545025422895546,
							-7.7035898123316064,
							-0.012335665446062587
						],
						"orientation": [
							-0.019633369483198986,
							0.0004196844486288735,
							-0.9283767699433175,
							0.37112117656812876
						],
						"linear": [
							0.005789297167211771,
							0.0,
							0.0
						],
						"angular": [
							0.0,
							0.0,
							0.0024947260972112417
						]
					},
					"aabb": [
						123.79184430409825,
						140.58738031114024,
						-0.011512565453300549,
						124.75931463330483,
						141.5366452080624,
						0.16318597467002355
					],
					"joint_state": {
						"position": [
							-2.5152,
							4.0682,
							0.8741,
							-4.7387,
							0.8728,
							0.1649,
							0.0
						],
						"velocity": [
							-0.0465,
							-0.0443,
							-0.4956,
							0.1948,
							-0.4854,
							0.1954,
							0.0
						],
						"effort": [
							0.0,
							0.0,
							0.0,
							0.0,
							0.0,
							0.0,
							0.0
						]
					},
					"lift_state": "lift_down"
				}
			}
		},
		"objects": {
			"Rack": {
				"Rack_02": {
					"name": "Rack_02",
					"pose": {
						"translation": [
							133.05699157714844,
							143.09999084472656,
							0.19921104609966278
						],
						"rotation": [
							0.983835756778717,
							0.1790735274553299,
							-4.97384462505579e-08,
							9.080395102500916e-09
						]
					}
				}
			}
		},
		"relationships": {
			"L-Rack": [
				[
					"AMR_LIFT01",
					"none"
				]
			]
		}
	},
	"timestamp_1": {
		"robots": {
			"ARMLIFT": {
				"AMR_LIFT01": {
					"name": "AMR_LIFT01",
					"pose": {
						"translation": [
							139.57394409179688,
							142.595703125,
							0.062003400176763535
						],
						"rotation": [
							-0.009313082322478294,
							-0.003714727470651269,
							-0.9284937381744385,
							0.3712129294872284
						]
					},
					"odometry": {
						"position": [
							0.5449083027080189,
							-7.703628877918748,
							-0.012331430875282849
						],
						"orientation": [
							-0.01964065980091458,
							0.0004287574725159555,
							-0.9283228067440044,
							0.37125574356304414
						],
						"linear": [
							-0.0020413242746144533,
							0.0,
							0.0
						],
						"angular": [
							0.0,
							0.0,
							-0.0024631437845528126
						]
					},
					"aabb": [
						123.79219105415058,
						140.58742796954212,
						-0.011510595162167988,
						124.75959243457771,
						141.5367709325649,
						0.1631817799556212
					],
					"joint_state": {
						"position": [
							-2.5137,
							4.0693,
							0.8813,
							-4.7455,
							0.8769,
							0.1625,
							0.0
						],
						"velocity": [
							-0.0101,
							-0.0095,
							-0.157,
							0.154,
							0.0156,
							0.0052,
							0.0
						],
						"effort": [
							0.0,
							0.0,
							0.0,
							0.0,
							0.0,
							0.0,
							0.0
						]
					},
					"lift_state": "lift_down"
				}
			}
		},
		"objects": {
			"Rack": {
				"Rack_02": {
					"name": "Rack_02",
					"pose": {
						"translation": [
							133.05699157714844,
							143.09999084472656,
							0.19921104609966278
						],
						"rotation": [
							0.983835756778717,
							0.1790735274553299,
							-4.97384462505579e-08,
							9.080395102500916e-09
						]
					}
				}
			}
		},
		"relationships": {
			"L-Rack": [
				[
					"AMR_LIFT01",
					"none"
				]
			]
		}
	},
	"timestamp_2": {
		"robots": {
			"ARMLIFT": {
				"AMR_LIFT01": {
					"name": "AMR_LIFT01",
					"pose": {
						"translation": [
							139.5739288330078,
							142.5955810546875,
							0.06201152503490448
						],
						"rotation": [
							-0.00930861197412014,
							-0.0037444147747009993,
							-0.9285641312599182,
							0.37103667855262756
						]
					},
					"odometry": {
						"position": [
							0.5448011137551592,
							-7.703628865324121,
							-0.012319772636168663
						],
						"orientation": [
							-0.019643720068695192,
							0.00040206060835156236,
							-0.9283988733705405,
							0.37106535075838215
						],
						"linear": [
							0.0008937690290622413,
							0.0,
							0.0
						],
						"angular": [
							0.0,
							0.0,
							0.007784013170748949
						]
					},
					"aabb": [
						123.79210236645987,
						140.58748768550018,
						-0.01151156015008714,
						124.75962083432589,
						141.53669811736842,
						0.16317993079363322
					],
					"joint_state": {
						"position": [
							-2.5138,
							4.07,
							0.8936,
							-4.7535,
							0.8838,
							0.1616,
							0.0
						],
						"velocity": [
							-0.0239,
							0.0192,
							0.0028,
							0.0106,
							-0.2784,
							0.0714,
							0.0
						],
						"effort": [
							0.0,
							0.0,
							0.0,
							0.0,
							0.0,
							0.0,
							0.0
						]
					},
					"lift_state": "lift_down"
				}
			}
		},
		"objects": {
			"Rack": {
				"Rack_02": {
					"name": "Rack_02",
					"pose": {
						"translation": [
							133.05699157714844,
							143.09999084472656,
							0.19921104609966278
						],
						"rotation": [
							0.983835756778717,
							0.1790735274553299,
							-4.97384462505579e-08,
							9.080395102500916e-09
						]
					}
				}
			}
		},
		"relationships": {
			"L-Rack": [
				[
					"AMR_LIFT01",
					"none"
				]
			]
		}
	},
	"timestamp_3": {
		"robots": {
			"ARMLIFT": {
				"AMR_LIFT01": {
					"name": "AMR_LIFT01",
					"pose": {
						"translation": [
							139.57359313964844,
							142.5960693359375,
							0.06201072409749031
						],
						"rotation": [
							-0.009301002137362957,
							-0.0037528180982917547,
							-0.928446888923645,
							0.3713300824165344
						]
					},
					"odometry": {
						"position": [
							0.54456673470233,
							-7.703257787068758,
							-0.01231646094940503
						],
						"orientation": [
							-0.01962805606871526,
							0.0003919729493974754,
							-0.9282760541317291,
							0.37137333385395027
						],
						"linear": [
							-0.00019342433370184153,
							0.0,
							0.0
						],
						"angular": [
							0.0,
							0.0,
							-0.0009641493670642376
						]
					},
					"aabb": [
						123.79236513828465,
						140.58706583650743,
						-0.011514224056937535,
						124.75972560984583,
						141.53645377709,
						0.16316985175417323
					],
					"joint_state": {
						"position": [
							-2.5123,
							4.0701,
							0.8939,
							-4.7548,
							0.8767,
							0.1606,
							0.0
						],
						"velocity": [
							-0.0004,
							0.0018,
							0.3291,
							-0.1687,
							-0.0343,
							-0.0168,
							0.0
						],
						"effort": [
							0.0,
							0.0,
							0.0,
							0.0,
							0.0,
							0.0,
							0.0
						]
					},
					"lift_state": "lift_down"
				}
			}
		},
		"objects": {
			"Rack": {
				"Rack_02": {
					"name": "Rack_02",
					"pose": {
						"translation": [
							133.05699157714844,
							143.09999084472656,
							0.19921104609966278
						],
						"rotation": [
							0.983835756778717,
							0.1790735274553299,
							-4.97384462505579e-08,
							9.080395102500916e-09
						]
					}
				}
			}
		},
		"relationships": {
			"L-Rack": [
				[
					"AMR_LIFT01",
					"none"
				]
			]
		}
	},
	"timestamp_4": {
		"robots": {
			"ARMLIFT": {
				"AMR_LIFT01": {
					"name": "AMR_LIFT01",
					"pose": {
						"translation": [
							139.5736846923828,
							142.5961456298828,
							0.062002867460250854
						],
						"rotation": [
							-0.009303701110184193,
							-0.003727668197825551,
							-0.9285166263580322,
							0.3711555600166321
						]
					},