{
	"timestamp_0": {
		"robots": {
			"ARMLIFT": {
				"AMR_LIFT01": {
					"name": "AMR_LIFT01",
					"pose": {
						"translation": [
							139.5806427001953,
							142.57386779785156,
							0.06200626119971275
						],
						"rotation": [
							-0.009332265704870224,
							-0.0037430685479193926,
							-0.9281896352767944,
							0.37197184562683105
						]
					},
					"odometry": {
						"position": [
							0.5516070728180067,
							-7.725454731404323,
							-0.012478216875217968
						],
						"orientation": [
							-0.019656449267917302,
							0.0004088601399819324,
							-0.9280184609958972,
							0.37201504389791823
						],
						"linear": [
							-0.0002081572456518188,
							0.0,
							0.0
						],
						"angular": [
							0.0,
							0.0,
							0.004046103451400995
						]
					},
					"aabb": [
						123.7859606010075,
						140.60876260231947,
						-0.012568449663427423,
						124.75284450727655,
						141.55870129708669,
						0.16313490172028605
					],
					"joint_state": {
						"position": [
							-2.3916,
							4.1666,
							0.9644,
							-4.872,
							0.9561,
							0.003,
							0.0
						],
						"velocity": [
							-0.001,
							-0.0067,
							-0.0272,
							0.0316,
							-0.0742,
							0.0285,
							0.0
						],
						"effort": [
							0.0,
							0.0,
							0.0,
							0.0,
							0.0,
							0.0,
							0.0
						]
					},
					"lift_state": "lift_down"
				}
			}
		},
		"objects": {
			"Rack": {
				"Rack_02": {
					"name": "Rack_02",
					"pose": {
						"translation": [
							133.05699157714844,
							143.09999084472656,
							0.19921104609966278
						],
						"rotation": [
							0.983835756778717,
							0.1790735274553299,
							-4.97384462505579e-08,
							9.080395102500916e-09
						]
					}
				}
			}
		},
		"relationships": {
			"L-Rack": [
				[
					"AMR_LIFT01",
					"none"
				]
			]
		}
	},
	"timestamp_1": {
		"robots": {
			"ARMLIFT": {
				"AMR_LIFT01": {
					"name": "AMR_LIFT01",
					"pose": {
						"translation": [
							139.5807342529297,
							142.57337951660156,
							0.06200317293405533
						],
						"rotation": [
							-0.009320409037172794,
							-0.0037499500904232264,
							-0.9280232787132263,
							0.3723871111869812
						]
					},
					"odometry": {
						"position": [
							0.5517046611972523,
							-7.725943014581641,
							-0.01248351749737635
						],
						"orientation": [
							-0.019642732130228158,
							0.0004065977373151568,
							-0.9278522288985469,
							0.3724301801421831
						],
						"linear": [
							0.005712724756449461,
							0.0,
							0.0
						],
						"angular": [
							0.0,
							0.0,
							0.0004003387875854969
						]
					},
					"aabb": [
						123.78619056467811,
						140.60859956194707,
						-0.012575502068679523,
						124.75269862245197,
						141.55896129566338,
						0.16313587127688955
					],
					"joint_state": {
						"position": [
							-2.3913,
							4.1667,
							0.9504,
							-4.8684,
							0.9464,
							0.0051,
							0.0
						],
						"velocity": [
							-0.0517,
							-0.0536,
							-0.0626,
							-0.0504,
							0.1851,
							0.0197,
							0.0
						],
						"effort": [
							0.0,
							0.0,
							0.0,
							0.0,
							0.0,
							0.0,
							0.0
						]
					},
					"lift_state": "lift_down"
				}
			}
		},
		"objects": {
			"Rack": {
				"Rack_02": {
					"name": "Rack_02",
					"pose": {
						"translation": [
							133.05699157714844,
							143.09999084472656,
							0.19921104609966278
						],
						"rotation": [
							0.983835756778717,
							0.1790735274553299,
							-4.97384462505579e-08,
							9.080395102500916e-09
						]
					}
				}
			}
		},
		"relationships": {
			"L-Rack": [
				[
					"AMR_LIFT01",
					"none"
				]
			]
		}
	},
	"timestamp_2": {
		"robots": {
			"ARMLIFT": {
				"AMR_LIFT01": {
					"name": "AMR_LIFT01",
					"pose": {
						"translation": [
							139.5806884765625,
							142.57318115234375,
							0.06200370565056801
						],
						"rotation": [
							-0.009318141266703606,
							-0.0037470832467079163,
							-0.9280677437782288,
							0.3722761273384094
						]
					},
					"odometry": {
						"position": [
							0.5516558682512723,
							-7.726148094612892,
							-0.012481883230943137
						],
						"orientation": [
							-0.01964096651546004,
							0.00040823076136742683,
							-0.9278967221595389,
							0.37231940425871957
						],
						"linear": [
							0.004977184813469648,
							0.0,
							0.0
						],
						"angular": [
							0.0,
							0.0,
							0.0004998049698770046
						]
					},
					"aabb": [
						123.78617410460595,
						140.6089632559036,
						-0.01257500267376365,
						124.75274250589247,
						141.55925640960132,
						0.16314251429770962
					],
					"joint_state": {
						"position": [
							-2.3912,
							4.1684,
							0.9348,
							-4.8735,
							0.934,
							0.0066,
							0.0
						],
						"velocity": [
							0.0023,
							0.0024,
							-0.2569,
							-0.0314,
							-0.0445,
							-0.0033,
							0.0
						],
						"effort": [
							0.0,
							0.0,
							0.0,
							0.0,
							0.0,
							0.0,
							0.0
						]
					},
					"lift_state": "lift_down"
				}
			}
		},
		"objects": {
			"Rack": {
				"Rack_02": {
					"name": "Rack_02",
					"pose": {
						"translation": [
							133.05699157714844,
							143.09999084472656,
							0.19921104609966278
						],
						"rotation": [
							0.983835756778717,
							0.1790735274553299,
							-4.97384462505579e-08,
							9.080395102500916e-09
						]
					}
				}
			}
		},
		"relationships": {
			"L-Rack": [
				[
					"AMR_LIFT01",
					"none"
				]
			]
		}
	},
	"timestamp_3": {
		"robots": {
			"ARMLIFT": {
				"AMR_LIFT01": {
					"name": "AMR_LIFT01",
					"pose": {
						"translation": [
							139.58079528808594,
							142.572998046875,
							0.062004126608371735
						],
						"rotation": [
							-0.00931287556886673,
							-0.003746290225535631,
							-0.9280571341514587,
							0.37230274081230164
						]
					},
					"odometry": {
						"position": [
							0.5517535192677385,
							-7.726333635850945,
							-0.012483647834930367
						],
						"orientation": [
							-0.019635581536787797,
							0.0004093199865583559,
							-0.9278861718804892,
							0.37234597947048137
						],
						"linear": [
							-0.002739297691732645,
							0.0,
							0.0
						],
						"angular": [
							0.0,
							0.0,
							-0.005162357818335295
						]
					},
					"aabb": [
						123.78614754942105,
						140.60912624038497,
						-0.012570841095324954,
						124.75269091213711,
						141.55944514951568,
						0.16312763922530288
					],
					"joint_state": {
						"position": [
							-2.39,
							4.1697,
							0.9213,
							-4.8658,
							0.9173,
							0.0138,
							0.0
						],
						"velocity": [
							0.0033,
							0.0442,
							0.1129,
							-0.0293,
							0.201,
							-0.0652,
							0.0
						],
						"effort": [
							0.0,
							0.0,
							0.0,
							0.0,
							0.0,
							0.0,
							0.0
						]
					},
					"lift_state": "lift_down"
				}
			}
		},
		"objects": {
			"Rack": {
				"Rack_02": {
					"name": "Rack_02",
					"pose": {
						"translation": [
							133.05699157714844,
							143.09999084472656,
							0.19921104609966278
						],
						"rotation": [
							0.983835756778717,
							0.1790735274553299,
							-4.97384462505579e-08,
							9.080395102500916e-09
						]
					}
				}
			}
		},
		"relationships": {
			"L-Rack": [
				[
					"AMR_LIFT01",
					"none"
				]
			]
		}
	},
	"timestamp_4": {
		"robots": {
			"ARMLIFT": {
				"AMR_LIFT01": {
					"name": "AMR_LIFT01",
					"pose": {
						"translation": [
							139.5810546875,
							142.5726776123047,
							0.0619993582367897
						],
						"rotation": [
							-0.009318921715021133,
							-0.003735479200258851,
							-0.9281750917434692,
							0.3720085620880127
						]
					},