{
	"timestamp_0": {
		"robots": {
			"ARMLIFT": {
				"AMR_LIFT01": {
					"name": "AMR_LIFT01",
					"pose": {
						"translation": [
							139.6190643310547,
							142.42953491210938,
							0.06200191378593445
						],
						"rotation": [
							-0.009407841600477695,
							-0.0035337188746780157,
							-0.9360244274139404,
							0.3517918586730957
						]
					},
					"odometry": {
						"position": [
							0.5900132370456133,
							-7.869710798070536,
							-0.013341452809520756
						],
						"orientation": [
							-0.01981600709892327,
							0.00038709130827138086,
							-0.9358633734403397,
							0.3518052334400981
						],
						"linear": [
							-0.00262822350487113,
							0.0,
							0.0
						],
						"angular": [
							0.0,
							0.0,
							0.0019431846449151635
						]
					},
					"aabb": [
						123.73485920510146,
						140.7680572641795,
						-0.013968034661496844,
						124.71542371027154,
						141.70060051771077,
						0.16287627685089442
					],
					"joint_state": {
						"position": [
							-1.3861,
							4.8919,
							0.9631,
							-5.8017,
							0.9541,
							-0.9657,
							0.0
						],
						"velocity": [
							-0.0151,
							-0.0383,
							-0.0339,
							0.0375,
							-0.0705,
							0.021,
							0.0
						],
						"effort": [
							0.0,
							0.0,
							0.0,
							0.0,
							0.0,
							0.0,
							0.0
						]
					},
					"lift_state": "lift_down"
				}
			}
		},
		"objects": {
			"Rack": {
				"Rack_02": {
					"name": "Rack_02",
					"pose": {
						"translation": [
							133.05699157714844,
							143.09999084472656,
							0.19921104609966278
						],
						"rotation": [
							0.983835756778717,
							0.1790735274553299,
							-4.97384462505579e-08,
							9.080395102500916e-09
						]
					}
				}
			}
		},
		"relationships": {
			"L-Rack": [
				[
					"AMR_LIFT01",
					"none"
				]
			]
		}
	},
	"timestamp_1": {
		"robots": {
			"ARMLIFT": {
				"AMR_LIFT01": {
					"name": "AMR_LIFT01",
					"pose": {
						"translation": [
							139.6192169189453,
							142.42945861816406,
							0.06200099736452103
						],
						"rotation": [
							-0.009406661614775658,
							-0.003529589157551527,
							-0.9359835386276245,
							0.35190045833587646
						]
					},
					"odometry": {
						"position": [
							0.5901792017646933,
							-7.869867041157841,
							-0.01334595983535534
						],
						"orientation": [
							-0.01981785045367424,
							0.0003990539141660283,
							-0.935811619505052,
							0.3519427600600717
						],
						"linear": [
							-0.0024299300275743008,
							0.0,
							0.0
						],
						"angular": [
							0.0,
							0.0,
							0.006903387606143951
						]
					},
					"aabb": [
						123.73454599576961,
						140.76832438450805,
						-0.013977807710763408,
						124.71508048496102,
						141.70090867148235,
						0.16286966218187707
					],
					"joint_state": {
						"position": [
							-1.3845,
							4.8928,
							0.9519,
							-5.8001,
							0.9568,
							-0.9681,
							0.0
						],
						"velocity": [
							0.0327,
							-0.0124,
							-0.185,
							0.1544,
							-0.2262,
							0.1399,
							0.0
						],
						"effort": [
							0.0,
							0.0,
							0.0,
							0.0,
							0.0,
							0.0,
							0.0
						]
					},
					"lift_state": "lift_down"
				}
			}
		},
		"objects": {
			"Rack": {
				"Rack_02": {
					"name": "Rack_02",
					"pose": {
						"translation": [
							133.05699157714844,
							143.09999084472656,
							0.19921104609966278
						],
						"rotation": [
							0.983835756778717,
							0.1790735274553299,
							-4.97384462505579e-08,
							9.080395102500916e-09
						]
					}
				}
			}
		},
		"relationships": {
			"L-Rack": [
				[
					"AMR_LIFT01",
					"none"
				]
			]
		}
	},
	"timestamp_2": {
		"robots": {
			"ARMLIFT": {
				"AMR_LIFT01": {
					"name": "AMR_LIFT01",
					"pose": {
						"translation": [
							139.61900329589844,
							142.42958068847656,
							0.06199924275279045
						],
						"rotation": [
							-0.009401179850101471,
							-0.003535227384418249,
							-0.9359234571456909,
							0.35206055641174316
						]
					},
					"odometry": {
						"position": [
							0.5899643660204987,
							-7.869740102611151,
							-0.01334290639154364
						],
						"orientation": [
							-0.019811691684852053,
							0.00039519653842071204,
							-0.9357515930080239,
							0.3521026794490866
						],
						"linear": [
							-0.0009257904021069407,
							0.0,
							0.0
						],
						"angular": [
							0.0,
							0.0,
							-0.0004746353952214122
						]
					},
					"aabb": [
						123.73474602481694,
						140.76812550817172,
						-0.013887622175861954,
						124.71511295021483,
						141.70094996696255,
						0.16286993720837026
					],
					"joint_state": {
						"position": [
							-1.3839,
							4.8938,
							0.9465,
							-5.8039,
							0.9591,
							-0.9711,
							0.0
						],
						"velocity": [
							-0.0087,
							-0.0289,
							-0.4462,
							0.0947,
							-0.4077,
							0.0889,
							0.0
						],
						"effort": [
							0.0,
							0.0,
							0.0,
							0.0,
							0.0,
							0.0,
							0.0
						]
					},
					"lift_state": "lift_down"
				}
			}
		},
		"objects": {
			"Rack": {
				"Rack_02": {
					"name": "Rack_02",
					"pose": {
						"translation": [
							133.05699157714844,
							143.09999084472656,
							0.19921104609966278
						],
						"rotation": [
							0.983835756778717,
							0.1790735274553299,
							-4.97384462505579e-08,
							9.080395102500916e-09
						]
					}
				}
			}
		},
		"relationships": {
			"L-Rack": [
				[
					"AMR_LIFT01",
					"none"
				]
			]
		}
	},
	"timestamp_3": {
		"robots": {
			"ARMLIFT": {
				"AMR_LIFT01": {
					"name": "AMR_LIFT01",
					"pose": {
						"translation": [
							139.6189727783203,
							142.42967224121094,
							0.062001608312129974
						],
						"rotation": [
							-0.009402314200997353,
							-0.003542463295161724,
							-0.9358919858932495,
							0.35214418172836304
						]
					},
					"odometry": {
						"position": [
							0.5899351243345478,
							-7.86965220870749,
							-0.013339891563863494
						],
						"orientation": [
							-0.01981247267008238,
							0.00038889112084259915,
							-0.935720101737206,
							0.3521863226976687
						],
						"linear": [
							0.002343797590583563,
							0.0,
							0.0
						],
						"angular": [
							0.0,
							0.0,
							0.0008314793230965734
						]
					},
					"aabb": [
						123.73506202435178,
						140.76769749590665,
						-0.013942028248064184,
						124.71537457868168,
						141.70059848232506,
						0.16287419153822214
					],
					"joint_state": {
						"position": [
							-1.3842,
							4.8938,
							0.9479,
							-5.8015,
							0.9633,
							-0.971,
							0.0
						],
						"velocity": [
							0.0009,
							0.0005,
							-0.0149,
							-0.0138,
							-0.0073,
							-0.0006,
							0.0
						],
						"effort": [
							0.0,
							0.0,
							0.0,
							0.0,
							0.0,
							0.0,
							0.0
						]
					},
					"lift_state": "lift_down"
				}
			}
		},
		"objects": {
			"Rack": {
				"Rack_02": {
					"name": "Rack_02",
					"pose": {
						"translation": [
							133.05699157714844,
							143.09999084472656,
							0.19921104609966278
						],
						"rotation": [
							0.983835756778717,
							0.1790735274553299,
							-4.97384462505579e-08,
							9.080395102500916e-09
						]
					}
				}
			}
		},
		"relationships": {
			"L-Rack": [
				[
					"AMR_LIFT01",
					"none"
				]
			]
		}
	},
	"timestamp_4": {
		"robots": {
			"ARMLIFT": {
				"AMR_LIFT01": {
					"name": "AMR_LIFT01",
					"pose": {
						"translation": [
							139.61865234375,
							142.42991638183594,
							0.062004659324884415
						],
						"rotation": [
							-0.00940933357924223,
							-0.003546446096152067,
							-0.9358826875686646,
							0.35216858983039856
						]
					},