{
	"timestamp_0": {
		"robots": {
			"ARMLIFT": {
				"AMR_LIFT01": {
					"name": "AMR_LIFT01",
					"pose": {
						"translation": [
							139.5892791748047,
							142.556884765625,
							0.06200847402215004
						],
						"rotation": [
							-0.009364426136016846,
							-0.003744166810065508,
							-0.9283555746078491,
							0.3715566098690033
						]
					},
					"odometry": {
						"position": [
							0.5602386877207234,
							-7.742436724011221,
							-0.012668605888733198
						],
						"orientation": [
							-0.01969046206698354,
							0.00040314247863810885,
							-0.928184042076401,
							0.3715999289752951
						],
						"linear": [
							-0.003985400777310133,
							0.0,
							0.0
						],
						"angular": [
							0.0,
							0.0,
							-0.001031664665788412
						]
					},
					"aabb": [
						123.77723680191949,
						140.6258484198639,
						-0.012704016949098946,
						124.74433585443074,
						141.57555174968465,
						0.16310885287722995
					],
					"joint_state": {
						"position": [
							-2.3316,
							4.2217,
							1.0558,
							-5.0208,
							1.0338,
							-0.1498,
							0.0
						],
						"velocity": [
							0.0111,
							-0.0007,
							0.0523,
							0.0589,
							0.0626,
							0.0645,
							0.0
						],
						"effort": [
							0.0,
							0.0,
							0.0,
							0.0,
							0.0,
							0.0,
							0.0
						]
					},
					"lift_state": "lift_down"
				}
			}
		},
		"objects": {
			"Rack": {
				"Rack_02": {
					"name": "Rack_02",
					"pose": {
						"translation": [
							133.05699157714844,
							143.09999084472656,
							0.19921104609966278
						],
						"rotation": [
							0.983835756778717,
							0.1790735274553299,
							-4.97384462505579e-08,
							9.080395102500916e-09
						]
					}
				}
			}
		},
		"relationships": {
			"L-Rack": [
				[
					"AMR_LIFT01",
					"none"
				]
			]
		}
	},
	"timestamp_1": {
		"robots": {
			"ARMLIFT": {
				"AMR_LIFT01": {
					"name": "AMR_LIFT01",
					"pose": {
						"translation": [
							139.58934020996094,
							142.55685424804688,
							0.06200443208217621
						],
						"rotation": [
							-0.009359556250274181,
							-0.003737221471965313,
							-0.9282717108726501,
							0.3717663884162903
						]
					},
					"odometry": {
						"position": [
							0.5603069426822528,
							-7.742475790899258,
							-0.012674150058792038
						],
						"orientation": [
							-0.0196846524725711,
							0.0004124203925049379,
							-0.9281002390536874,
							0.3718094816366879
						],
						"linear": [
							0.002367558190599084,
							0.0,
							0.0
						],
						"angular": [
							0.0,
							0.0,
							0.0009724080446176231
						]
					},
					"aabb": [
						123.77727489994606,
						140.6256200336805,
						-0.012711281574523883,
						124.74430111334206,
						141.5754037703264,
						0.1631077170132828
					],
					"joint_state": {
						"position": [
							-2.3306,
							4.221,
							1.0569,
							-5.0174,
							1.0235,
							-0.1411,
							0.0
						],
						"velocity": [
							-0.0148,
							-0.0149,
							0.0418,
							-0.0025,
							-0.1882,
							0.1142,
							0.0
						],
						"effort": [
							0.0,
							0.0,
							0.0,
							0.0,
							0.0,
							0.0,
							0.0
						]
					},
					"lift_state": "lift_down"
				}
			}
		},
		"objects": {
			"Rack": {
				"Rack_02": {
					"name": "Rack_02",
					"pose": {
						"translation": [
							133.05699157714844,
							143.09999084472656,
							0.19921104609966278
						],
						"rotation": [
							0.983835756778717,
							0.1790735274553299,
							-4.97384462505579e-08,
							9.080395102500916e-09
						]
					}
				}
			}
		},
		"relationships": {
			"L-Rack": [
				[
					"AMR_LIFT01",
					"none"
				]
			]
		}
	},
	"timestamp_2": {
		"robots": {
			"ARMLIFT": {
				"AMR_LIFT01": {
					"name": "AMR_LIFT01",
					"pose": {
						"translation": [
							139.58946228027344,
							142.55699157714844,
							0.06200668215751648
						],
						"rotation": [
							-0.00935102067887783,
							-0.0037634079344570637,
							-0.9284125566482544,
							0.37141430377960205
						]
					},
					"odometry": {
						"position": [
							0.5604241429650523,
							-7.742339061309874,
							-0.012674553750644099
						],
						"orientation": [
							-0.019677691649962623,
							0.0003823193915796674,
							-0.9282412142001664,
							0.37145779106570453
						],
						"linear": [
							0.0009649612475186586,
							0.0,
							0.0
						],
						"angular": [
							0.0,
							0.0,
							0.0001484989043092355
						]
					},
					"aabb": [
						123.77670366875283,
						140.62594529225439,
						-0.012710839959442426,
						124.74394667238101,
						141.57548502342613,
						0.16311072019557904
					],
					"joint_state": {
						"position": [
							-2.3295,
							4.2218,
							1.0555,
							-5.0176,
							1.0362,
							-0.15,
							0.0
						],
						"velocity": [
							0.0181,
							0.0003,
							-0.0239,
							-0.0008,
							-0.0033,
							-0.0006,
							0.0
						],
						"effort": [
							0.0,
							0.0,
							0.0,
							0.0,
							0.0,
							0.0,
							0.0
						]
					},
					"lift_state": "lift_down"
				}
			}
		},
		"objects": {
			"Rack": {
				"Rack_02": {
					"name": "Rack_02",
					"pose": {
						"translation": [
							133.05699157714844,
							143.09999084472656,
							0.19921104609966278
						],
						"rotation": [
							0.983835756778717,
							0.1790735274553299,
							-4.97384462505579e-08,
							9.080395102500916e-09
						]
					}
				}
			}
		},
		"relationships": {
			"L-Rack": [
				[
					"AMR_LIFT01",
					"none"
				]
			]
		}
	},
	"timestamp_3": {
		"robots": {
			"ARMLIFT": {
				"AMR_LIFT01": {
					"name": "AMR_LIFT01",
					"pose": {
						"translation": [
							139.5904998779297,
							142.55601501464844,
							0.06199977919459343
						],
						"rotation": [
							-0.009358313865959644,
							-0.0037410487420856953,
							-0.9284906387329102,
							0.3712192177772522
						]
					},
					"odometry": {
						"position": [
							0.5614687040844147,
							-7.743315583833632,
							-0.01270471746318565
						],
						"orientation": [
							-0.019685855626019984,
							0.0004025072390901404,
							-0.9283191779418805,
							0.3712624529110176
						],
						"linear": [
							-0.003246856853365898,
							0.0,
							0.0
						],
						"angular": [
							0.0,
							0.0,
							-0.0010465423110872507
						]
					},
					"aabb": [
						123.77558149823925,
						140.62712777065053,
						-0.012705306790898629,
						124.74296085573158,
						141.57651358450795,
						0.1631085641790931
					],
					"joint_state": {
						"position": [
							-2.3289,
							4.2225,
							1.0645,
							-5.0235,
							1.0443,
							-0.1542,
							0.0
						],
						"velocity": [
							0.0142,
							0.0313,
							-0.2572,
							0.1311,
							0.0547,
							-0.013,
							0.0
						],
						"effort": [
							0.0,
							0.0,
							0.0,
							0.0,
							0.0,
							0.0,
							0.0
						]
					},
					"lift_state": "lift_down"
				}
			}
		},
		"objects": {
			"Rack": {
				"Rack_02": {
					"name": "Rack_02",
					"pose": {
						"translation": [
							133.05699157714844,
							143.09999084472656,
							0.19921104609966278
						],
						"rotation": [
							0.983835756778717,
							0.1790735274553299,
							-4.97384462505579e-08,
							9.080395102500916e-09
						]
					}
				}
			}
		},
		"relationships": {
			"L-Rack": [
				[
					"AMR_LIFT01",
					"none"
				]
			]
		}
	},
	"timestamp_4": {
		"robots": {
			"ARMLIFT": {
				"AMR_LIFT01": {
					"name": "AMR_LIFT01",
					"pose": {
						"translation": [
							139.5904998779297,
							142.55575561523438,
							0.062004316598176956
						],
						"rotation": [
							-0.00936177745461464,
							-0.003733682446181774,
							-0.9283300638198853,
							0.37162068486213684
						]
					},