{
	"timestamp_0": {
		"robots": {
			"ARMLIFT": {
				"AMR_LIFT01": {
					"name": "AMR_LIFT01",
					"pose": {
						"translation": [
							139.61788940429688,
							142.4673614501953,
							0.062000881880521774
						],
						"rotation": [
							-0.009454423561692238,
							-0.0035995100624859333,
							-0.934454083442688,
							0.35594019293785095
						]
					},
					"odometry": {
						"position": [
							0.5889274942932883,
							-7.8319275816359415,
							-0.013318218590699999
						],
						"orientation": [
							-0.019847414424993208,
							0.00037421474562154253,
							-0.9342757214420979,
							0.35599833767563344
						],
						"linear": [
							0.005015332717448473,
							0.0,
							0.0
						],
						"angular": [
							0.0,
							0.0,
							-0.004486203659325838
						]
					},
					"aabb": [
						123.73817927160665,
						140.72693970399354,
						-0.014737150399071546,
						124.71600137548486,
						141.66333401558535,
						0.16296267228843764
					],
					"joint_state": {
						"position": [
							-1.679,
							4.6707,
							1.1451,
							-5.5949,
							1.1543,
							-0.6957,
							0.0
						],
						"velocity": [
							0.0113,
							-0.0116,
							-0.0527,
							-0.0708,
							-0.069,
							-0.0641,
							0.0
						],
						"effort": [
							0.0,
							0.0,
							0.0,
							0.0,
							0.0,
							0.0,
							0.0
						]
					},
					"lift_state": "lift_down"
				}
			}
		},
		"objects": {
			"Rack": {
				"Rack_02": {
					"name": "Rack_02",
					"pose": {
						"translation": [
							133.05699157714844,
							143.09999084472656,
							0.19921104609966278
						],
						"rotation": [
							0.983835756778717,
							0.1790735274553299,
							-4.97384462505579e-08,
							9.080395102500916e-09
						]
					}
				}
			}
		},
		"relationships": {
			"L-Rack": [
				[
					"AMR_LIFT01",
					"none"
				]
			]
		}
	},
	"timestamp_1": {
		"robots": {
			"ARMLIFT": {
				"AMR_LIFT01": {
					"name": "AMR_LIFT01",
					"pose": {
						"translation": [
							139.61781311035156,
							142.46788024902344,
							0.06200172379612923
						],
						"rotation": [
							-0.009450327605009079,
							-0.0036008860915899277,
							-0.9342935085296631,
							0.356361448764801
						]
					},
					"odometry": {
						"position": [
							0.588781061231073,
							-7.8314393035933545,
							-0.013313118362339608
						],
						"orientation": [
							-0.019842643445785742,
							0.0003773839256592183,
							-0.9341210787256768,
							0.3564041769716427
						],
						"linear": [
							0.006051871459931135,
							0.0,
							0.0
						],
						"angular": [
							0.0,
							0.0,
							0.0037292896304279566
						]
					},
					"aabb": [
						123.73862225802702,
						140.7263766424558,
						-0.014804564453201339,
						124.71638947750137,
						141.66284534283454,
						0.16296465127029933
					],
					"joint_state": {
						"position": [
							-1.678,
							4.6721,
							1.1345,
							-5.579,
							1.1511,
							-0.6839,
							0.0
						],
						"velocity": [
							-0.0165,
							0.0193,
							-0.0346,
							0.0524,
							-0.0716,
							0.0517,
							0.0
						],
						"effort": [
							0.0,
							0.0,
							0.0,
							0.0,
							0.0,
							0.0,
							0.0
						]
					},
					"lift_state": "lift_down"
				}
			}
		},
		"objects": {
			"Rack": {
				"Rack_02": {
					"name": "Rack_02",
					"pose": {
						"translation": [
							133.05699157714844,
							143.09999084472656,
							0.19921104609966278
						],
						"rotation": [
							0.983835756778717,
							0.1790735274553299,
							-4.97384462505579e-08,
							9.080395102500916e-09
						]
					}
				}
			}
		},
		"relationships": {
			"L-Rack": [
				[
					"AMR_LIFT01",
					"none"
				]
			]
		}
	},
	"timestamp_2": {
		"robots": {
			"ARMLIFT": {
				"AMR_LIFT01": {
					"name": "AMR_LIFT01",
					"pose": {
						"translation": [
							139.61798095703125,
							142.4678955078125,
							0.06200031191110611
						],
						"rotation": [
							-0.009447702206671238,
							-0.003603506600484252,
							-0.9342017769813538,
							0.3566020131111145
						]
					},
					"odometry": {
						"position": [
							0.5889568179918235,
							-7.83136116704942,
							-0.013315988179687382
						],
						"orientation": [
							-0.01983943366338814,
							0.0003676246371366258,
							-0.9340306104159242,
							0.3566413892555076
						],
						"linear": [
							0.0023522591218352318,
							0.0,
							0.0
						],
						"angular": [
							0.0,
							0.0,
							-0.002502481685951352
						]
					},
					"aabb": [
						123.73861208368098,
						140.7260673111821,
						-0.014805294963850621,
						124.71609230032558,
						141.66292333928808,
						0.16296139407252336
					],
					"joint_state": {
						"position": [
							-1.6767,
							4.6731,
							1.1344,
							-5.5782,
							1.1451,
							-0.6855,
							0.0
						],
						"velocity": [
							0.001,
							0.0011,
							-0.0044,
							0.0008,
							-0.2679,
							0.0056,
							0.0
						],
						"effort": [
							0.0,
							0.0,
							0.0,
							0.0,
							0.0,
							0.0,
							0.0
						]
					},
					"lift_state": "lift_down"
				}
			}
		},
		"objects": {
			"Rack": {
				"Rack_02": {
					"name": "Rack_02",
					"pose": {
						"translation": [
							133.05699157714844,
							143.09999084472656,
							0.19921104609966278
						],
						"rotation": [
							0.983835756778717,
							0.1790735274553299,
							-4.97384462505579e-08,
							9.080395102500916e-09
						]
					}
				}
			}
		},
		"relationships": {
			"L-Rack": [
				[
					"AMR_LIFT01",
					"none"
				]
			]
		}
	},
	"timestamp_3": {
		"robots": {
			"ARMLIFT": {
				"AMR_LIFT01": {
					"name": "AMR_LIFT01",
					"pose": {
						"translation": [
							139.61801147460938,
							142.46759033203125,
							0.06200015917420387
						],
						"rotation": [
							-0.009441612288355827,
							-0.003604237223044038,
							-0.93419349193573,
							0.3566238284111023
						]
					},
					"odometry": {
						"position": [
							0.5889665433410147,
							-7.83173226610055,
							-0.013318791523610922
						],
						"orientation": [
							-0.019832809796182738,
							0.00037695188529451623,
							-0.9340211550593969,
							0.3566665101525159
						],
						"linear": [
							0.0014994790544733405,
							0.0,
							0.0
						],
						"angular": [
							0.0,
							0.0,
							0.0026694145053625107
						]
					},
					"aabb": [
						123.73853895288808,
						140.72652822794734,
						-0.014797877458077743,
						124.71600356902987,
						141.66340442204978,
						0.1629588686665496
					],
					"joint_state": {
						"position": [
							-1.6759,
							4.6734,
							1.1195,
							-5.5815,
							1.135,
							-0.6906,
							0.0
						],
						"velocity": [
							-0.0001,
							-0.0197,
							-0.0939,
							0.0905,
							-0.023,
							0.0189,
							0.0
						],
						"effort": [
							0.0,
							0.0,
							0.0,
							0.0,
							0.0,
							0.0,
							0.0
						]
					},
					"lift_state": "lift_down"
				}
			}
		},
		"objects": {
			"Rack": {
				"Rack_02": {
					"name": "Rack_02",
					"pose": {
						"translation": [
							133.05699157714844,
							143.09999084472656,
							0.19921104609966278
						],
						"rotation": [
							0.983835756778717,
							0.1790735274553299,
							-4.97384462505579e-08,
							9.080395102500916e-09
						]
					}
				}
			}
		},
		"relationships": {
			"L-Rack": [
				[
					"AMR_LIFT01",
					"none"
				]
			]
		}
	},
	"timestamp_4": {
		"robots": {
			"ARMLIFT": {
				"AMR_LIFT01": {
					"name": "AMR_LIFT01",
					"pose": {
						"translation": [
							139.61770629882812,
							142.46739196777344,
							0.06199992820620537
						],
						"rotation": [
							-0.009442906826734543,
							-0.0036015526857227087,
							-0.9342552423477173,
							0.3564618229866028
						]
					},