{
	"timestamp_0": {
		"robots": {
			"ARMLIFT": {
				"AMR_LIFT01": {
					"name": "AMR_LIFT01",
					"pose": {
						"translation": [
							139.6184539794922,
							142.45751953125,
							0.06199958547949791
						],
						"rotation": [
							-0.009434254840016365,
							-0.0035809434484690428,
							-0.9348933696746826,
							0.35478565096855164
						]
					},
					"odometry": {
						"position": [
							0.5894161670538353,
							-7.841800622623814,
							-0.013329624596770331
						],
						"orientation": [
							-0.019833263989794556,
							0.0003797962188761392,
							-0.9347210836399226,
							0.35482811781671475
						],
						"linear": [
							-0.0021909966599196196,
							0.0,
							0.0
						],
						"angular": [
							0.0,
							0.0,
							-0.0007472370634786785
						]
					},
					"aabb": [
						123.73705558046066,
						140.7379664497149,
						-0.014807718589129593,
						124.715696344844,
						141.67322863292836,
						0.16293504595110833
					],
					"joint_state": {
						"position": [
							-1.5891,
							4.7467,
							1.0791,
							-5.7013,
							1.0856,
							-0.8065,
							0.0
						],
						"velocity": [
							0.0459,
							0.0457,
							0.0261,
							-0.0671,
							-0.1317,
							-0.0385,
							0.0
						],
						"effort": [
							0.0,
							0.0,
							0.0,
							0.0,
							0.0,
							0.0,
							0.0
						]
					},
					"lift_state": "lift_down"
				}
			}
		},
		"objects": {
			"Rack": {
				"Rack_02": {
					"name": "Rack_02",
					"pose": {
						"translation": [
							133.05699157714844,
							143.09999084472656,
							0.19921104609966278
						],
						"rotation": [
							0.983835756778717,
							0.1790735274553299,
							-4.97384462505579e-08,
							9.080395102500916e-09
						]
					}
				}
			}
		},
		"relationships": {
			"L-Rack": [
				[
					"AMR_LIFT01",
					"none"
				]
			]
		}
	},
	"timestamp_1": {
		"robots": {
			"ARMLIFT": {
				"AMR_LIFT01": {
					"name": "AMR_LIFT01",
					"pose": {
						"translation": [
							139.6183319091797,
							142.45761108398438,
							0.062000349164009094
						],
						"rotation": [
							-0.009432705119252205,
							-0.0035806740634143353,
							-0.9348977208137512,
							0.35477414727211
						]
					},
					"odometry": {
						"position": [
							0.5892990212744864,
							-7.841722502203474,
							-0.013326259974489642
						],
						"orientation": [
							-0.019831764735618432,
							0.0003799380427736643,
							-0.9347254523055512,
							0.35481669290880014
						],
						"linear": [
							-0.0020028904546052217,
							0.0,
							0.0
						],
						"angular": [
							0.0,
							0.0,
							0.0005217849975451827
						]
					},
					"aabb": [
						123.73716559170822,
						140.73794847641847,
						-0.014804073324920765,
						124.71582433929994,
						141.6731864704513,
						0.16293618734426524
					],
					"joint_state": {
						"position": [
							-1.5884,
							4.7468,
							1.0725,
							-5.6976,
							1.0923,
							-0.8082,
							0.0
						],
						"velocity": [
							0.0139,
							0.0231,
							-0.0414,
							0.0021,
							-0.0335,
							0.0008,
							0.0
						],
						"effort": [
							0.0,
							0.0,
							0.0,
							0.0,
							0.0,
							0.0,
							0.0
						]
					},
					"lift_state": "lift_down"
				}
			}
		},
		"objects": {
			"Rack": {
				"Rack_02": {
					"name": "Rack_02",
					"pose": {
						"translation": [
							133.05699157714844,
							143.09999084472656,
							0.19921104609966278
						],
						"rotation": [
							0.983835756778717,
							0.1790735274553299,
							-4.97384462505579e-08,
							9.080395102500916e-09
						]
					}
				}
			}
		},
		"relationships": {
			"L-Rack": [
				[
					"AMR_LIFT01",
					"none"
				]
			]
		}
	},
	"timestamp_2": {
		"robots": {
			"ARMLIFT": {
				"AMR_LIFT01": {
					"name": "AMR_LIFT01",
					"pose": {
						"translation": [
							139.61849975585938,
							142.45765686035156,
							0.06200015917420387
						],
						"rotation": [
							-0.009432571940124035,
							-0.003582341130822897,
							-0.9347969889640808,
							0.3550395667552948
						]
					},
					"odometry": {
						"position": [
							0.5894552251754658,
							-7.841673666112088,
							-0.013329953049210638
						],
						"orientation": [
							-0.019830504443452142,
							0.0003812233985544071,
							-0.9346247195030138,
							0.3550820179284663
						],
						"linear": [
							-0.001637413864955306,
							0.0,
							0.0
						],
						"angular": [
							0.0,
							0.0,
							-0.0036264993250370026
						]
					},
					"aabb": [
						123.73727313038468,
						140.7376004560303,
						-0.014799844000027089,
						124.71574744253705,
						141.6730918732794,
						0.1629353186187927
					],
					"joint_state": {
						"position": [
							-1.5876,
							4.7472,
							1.0752,
							-5.6915,
							1.1015,
							-0.8091,
							0.0
						],
						"velocity": [
							-0.0014,
							-0.0005,
							-0.0026,
							0.0005,
							0.2064,
							-0.0231,
							0.0
						],
						"effort": [
							0.0,
							0.0,
							0.0,
							0.0,
							0.0,
							0.0,
							0.0
						]
					},
					"lift_state": "lift_down"
				}
			}
		},
		"objects": {
			"Rack": {
				"Rack_02": {
					"name": "Rack_02",
					"pose": {
						"translation": [
							133.05699157714844,
							143.09999084472656,
							0.19921104609966278
						],
						"rotation": [
							0.983835756778717,
							0.1790735274553299,
							-4.97384462505579e-08,
							9.080395102500916e-09
						]
					}
				}
			}
		},
		"relationships": {
			"L-Rack": [
				[
					"AMR_LIFT01",
					"none"
				]
			]
		}
	},
	"timestamp_3": {
		"robots": {
			"ARMLIFT": {
				"AMR_LIFT01": {
					"name": "AMR_LIFT01",
					"pose": {
						"translation": [
							139.61830139160156,
							142.4575958251953,
							0.06199970096349716
						],
						"rotation": [
							-0.00942783523350954,
							-0.0035758556332439184,
							-0.9349077939987183,
							0.3547479212284088
						]
					},
					"odometry": {
						"position": [
							0.5893283132492367,
							-7.8416932033691245,
							-0.013326736216227986
						],
						"orientation": [
							-0.019827626200359806,
							0.00038188500130087607,
							-0.9347379000495123,
							0.3547841281880188
						],
						"linear": [
							0.0030231166165322065,
							0.0,
							0.0
						],
						"angular": [
							0.0,
							0.0,
							-0.0004105155821889639
						]
					},
					"aabb": [
						123.73710004525685,
						140.73776145466468,
						-0.014793299670903955,
						124.71575556187481,
						141.6730010348779,
						0.16293426429127814
					],
					"joint_state": {
						"position": [
							-1.5872,
							4.7475,
							1.0589,
							-5.686,
							1.1026,
							-0.8104,
							0.0
						],
						"velocity": [
							-0.0035,
							0.0026,
							-0.0225,
							-0.0009,
							-0.0155,
							-0.0032,
							0.0
						],
						"effort": [
							0.0,
							0.0,
							0.0,
							0.0,
							0.0,
							0.0,
							0.0
						]
					},
					"lift_state": "lift_down"
				}
			}
		},
		"objects": {
			"Rack": {
				"Rack_02": {
					"name": "Rack_02",
					"pose": {
						"translation": [
							133.05699157714844,
							143.09999084472656,
							0.19921104609966278
						],
						"rotation": [
							0.983835756778717,
							0.1790735274553299,
							-4.97384462505579e-08,
							9.080395102500916e-09
						]
					}
				}
			}
		},
		"relationships": {
			"L-Rack": [
				[
					"AMR_LIFT01",
					"none"
				]
			]
		}
	},
	"timestamp_4": {
		"robots": {
			"ARMLIFT": {
				"AMR_LIFT01": {
					"name": "AMR_LIFT01",
					"pose": {
						"translation": [
							139.61837768554688,
							142.45762634277344,
							0.062000274658203125
						],
						"rotation": [
							-0.009431243874132633,
							-0.0035794530995190144,
							-0.9349218606948853,
							0.3547104299068451
						]
					},