{
	"timestamp_0": {
		"robots": {
			"ARMLIFT": {
				"AMR_LIFT01": {
					"name": "AMR_LIFT01",
					"pose": {
						"translation": [
							139.62039184570312,
							142.45620727539062,
							0.06200019642710686
						],
						"rotation": [
							-0.009442656300961971,
							-0.0035848841071128845,
							-0.9348426461219788,
							0.354918897151947
						]
					},
					"odometry": {
						"position": [
							0.5913884151440018,
							-7.843060284701014,
							-0.013372917778138942
						],
						"orientation": [
							-0.019840802239014053,
							0.0003769568094263655,
							-0.9346578654471461,
							0.35499419013254385
						],
						"linear": [
							0.005116639193147421,
							0.0,
							0.0
						],
						"angular": [
							0.0,
							0.0,
							-0.00699337013065815
						]
					},
					"aabb": [
						123.73518171194537,
						140.73902079103328,
						-0.014818165502094489,
						124.71363764964048,
						141.6745410001452,
						0.16293545174977825
					],
					"joint_state": {
						"position": [
							-1.6039,
							4.7266,
							1.1035,
							-5.6868,
							1.1038,
							-0.7959,
							0.0
						],
						"velocity": [
							0.0166,
							-0.0104,
							0.0259,
							-0.0307,
							-0.0038,
							-0.0381,
							0.0
						],
						"effort": [
							0.0,
							0.0,
							0.0,
							0.0,
							0.0,
							0.0,
							0.0
						]
					},
					"lift_state": "lift_down"
				}
			}
		},
		"objects": {
			"Rack": {
				"Rack_02": {
					"name": "Rack_02",
					"pose": {
						"translation": [
							133.05699157714844,
							143.09999084472656,
							0.19921104609966278
						],
						"rotation": [
							0.983835756778717,
							0.1790735274553299,
							-4.97384462505579e-08,
							9.080395102500916e-09
						]
					}
				}
			}
		},
		"relationships": {
			"L-Rack": [
				[
					"AMR_LIFT01",
					"none"
				]
			]
		}
	},
	"timestamp_1": {
		"robots": {
			"ARMLIFT": {
				"AMR_LIFT01": {
					"name": "AMR_LIFT01",
					"pose": {
						"translation": [
							139.62034606933594,
							142.4561309814453,
							0.06200069189071655
						],
						"rotation": [
							-0.00944217573851347,
							-0.0035852184519171715,
							-0.934887707233429,
							0.35480010509490967
						]
					},
					"odometry": {
						"position": [
							0.5913103256294032,
							-7.843197007076211,
							-0.01337078060150656
						],
						"orientation": [
							-0.01984112766691255,
							0.00037568289450286665,
							-0.9347153287138315,
							0.3548428423720315
						],
						"linear": [
							0.004805915988981724,
							0.0,
							0.0
						],
						"angular": [
							0.0,
							0.0,
							0.0015276485355570912
						]
					},
					"aabb": [
						123.73523001810871,
						140.73929886111748,
						-0.014817288924528844,
						124.71386033350221,
						141.67457874201878,
						0.16293550649044422
					],
					"joint_state": {
						"position": [
							-1.6034,
							4.7267,
							1.1033,
							-5.687,
							1.102,
							-0.7991,
							0.0
						],
						"velocity": [
							0.0018,
							0.0018,
							-0.0093,
							0.0165,
							-0.0113,
							0.0114,
							0.0
						],
						"effort": [
							0.0,
							0.0,
							0.0,
							0.0,
							0.0,
							0.0,
							0.0
						]
					},
					"lift_state": "lift_down"
				}
			}
		},
		"objects": {
			"Rack": {
				"Rack_02": {
					"name": "Rack_02",
					"pose": {
						"translation": [
							133.05699157714844,
							143.09999084472656,
							0.19921104609966278
						],
						"rotation": [
							0.983835756778717,
							0.1790735274553299,
							-4.97384462505579e-08,
							9.080395102500916e-09
						]
					}
				}
			}
		},
		"relationships": {
			"L-Rack": [
				[
					"AMR_LIFT01",
					"none"
				]
			]
		}
	},
	"timestamp_2": {
		"robots": {
			"ARMLIFT": {
				"AMR_LIFT01": {
					"name": "AMR_LIFT01",
					"pose": {
						"translation": [
							139.6200408935547,
							142.45654296875,
							0.062000732868909836
						],
						"rotation": [
							-0.009440409019589424,
							-0.00358549109660089,
							-0.9348469376564026,
							0.3549078404903412
						]
					},
					"odometry": {
						"position": [
							0.5909588123801819,
							-7.842728275993539,
							-0.013363537384844013
						],
						"orientation": [
							-0.01983859428935911,
							0.0003784351120614594,
							-0.9346827506231058,
							0.3549287853233568
						],
						"linear": [
							-0.00024656072491779923,
							0.0,
							0.0
						],
						"angular": [
							0.0,
							0.0,
							0.0011155495885759592
						]
					},
					"aabb": [
						123.73558038528739,
						140.73883744113502,
						-0.014813334695958667,
						124.71427325156806,
						141.67403047262712,
						0.1629362329265901
					],
					"joint_state": {
						"position": [
							-1.6022,
							4.7278,
							1.0964,
							-5.686,
							1.0991,
							-0.8005,
							0.0
						],
						"velocity": [
							-0.0001,
							0.0003,
							0.0589,
							-0.0389,
							0.0661,
							-0.0419,
							0.0
						],
						"effort": [
							0.0,
							0.0,
							0.0,
							0.0,
							0.0,
							0.0,
							0.0
						]
					},
					"lift_state": "lift_down"
				}
			}
		},
		"objects": {
			"Rack": {
				"Rack_02": {
					"name": "Rack_02",
					"pose": {
						"translation": [
							133.05699157714844,
							143.09999084472656,
							0.19921104609966278
						],
						"rotation": [
							0.983835756778717,
							0.1790735274553299,
							-4.97384462505579e-08,
							9.080395102500916e-09
						]
					}
				}
			}
		},
		"relationships": {
			"L-Rack": [
				[
					"AMR_LIFT01",
					"none"
				]
			]
		}
	},
	"timestamp_3": {
		"robots": {
			"ARMLIFT": {
				"AMR_LIFT01": {
					"name": "AMR_LIFT01",
					"pose": {
						"translation": [
							139.6200714111328,
							142.45660400390625,
							0.06199958547949791
						],
						"rotation": [
							-0.009441345930099487,
							-0.003584220539778471,
							-0.9348390102386475,
							0.354928582906723
						]
					},
					"odometry": {
						"position": [
							0.5910271439955029,
							-7.8427282733233135,
							-0.01336554508042418
						],
						"orientation": [
							-0.01983974999116763,
							0.0003781094036975787,
							-0.9346666415905786,
							0.3549711403077097
						],
						"linear": [
							-0.001582630444318056,
							0.0,
							0.0
						],
						"angular": [
							0.0,
							0.0,
							0.0008368249982595444
						]
					},
					"aabb": [
						123.73559239283948,
						140.73873054773182,
						-0.014811293938896597,
						124.71413977161893,
						141.67412450719382,
						0.16293571502483112
					],
					"joint_state": {
						"position": [
							-1.6017,
							4.729,
							1.0999,
							-5.6879,
							1.1087,
							-0.8043,
							0.0
						],
						"velocity": [
							0.0453,
							0.0069,
							-0.018,
							0.0212,
							-0.0242,
							0.0211,
							0.0
						],
						"effort": [
							0.0,
							0.0,
							0.0,
							0.0,
							0.0,
							0.0,
							0.0
						]
					},
					"lift_state": "lift_down"
				}
			}
		},
		"objects": {
			"Rack": {
				"Rack_02": {
					"name": "Rack_02",
					"pose": {
						"translation": [
							133.05699157714844,
							143.09999084472656,
							0.19921104609966278
						],
						"rotation": [
							0.983835756778717,
							0.1790735274553299,
							-4.97384462505579e-08,
							9.080395102500916e-09
						]
					}
				}
			}
		},
		"relationships": {
			"L-Rack": [
				[
					"AMR_LIFT01",
					"none"
				]
			]
		}
	},
	"timestamp_4": {
		"robots": {
			"ARMLIFT": {
				"AMR_LIFT01": {
					"name": "AMR_LIFT01",
					"pose": {
						"translation": [
							139.61993408203125,
							142.45635986328125,
							0.06200012192130089
						],
						"rotation": [
							-0.00944186095148325,
							-0.0035821418277919292,
							-0.9349189400672913,
							0.35471776127815247
						]
					},