{
	"timestamp_0": {
		"robots": {
			"ARMLIFT": {
				"AMR_LIFT01": {
					"name": "AMR_LIFT01",
					"pose": {
						"translation": [
							139.57296752929688,
							142.59146118164062,
							0.062006302177906036
						],
						"rotation": [
							-0.009308906272053719,
							-0.0036839693784713745,
							-0.9290974140167236,
							0.36969971656799316
						]
					},
					"odometry": {
						"position": [
							0.5439322695284438,
							-7.70786721365744,
							-0.012306899484895896
						],
						"orientation": [
							-0.019643226511768443,
							0.00044268181913009123,
							-0.9289265026397502,
							0.3697424784610187
						],
						"linear": [
							-1.4979694242356345e-05,
							0.0,
							0.0
						],
						"angular": [
							0.0,
							0.0,
							0.0019012994598597288
						]
					},
					"aabb": [
						123.79226247235913,
						140.59261951285754,
						-0.011837097991541652,
						124.76077684729422,
						141.54067273526456,
						0.16315783088434432
					],
					"joint_state": {
						"position": [
							-2.4835,
							4.0909,
							0.8252,
							-4.7521,
							0.8198,
							0.1787,
							0.0
						],
						"velocity": [
							0.0204,
							-0.0099,
							-0.0042,
							-0.0157,
							0.097,
							-0.033,
							0.0
						],
						"effort": [
							0.0,
							0.0,
							0.0,
							0.0,
							0.0,
							0.0,
							0.0
						]
					},
					"lift_state": "lift_down"
				}
			}
		},
		"objects": {
			"Rack": {
				"Rack_02": {
					"name": "Rack_02",
					"pose": {
						"translation": [
							133.05699157714844,
							143.09999084472656,
							0.19921104609966278
						],
						"rotation": [
							0.983835756778717,
							0.1790735274553299,
							-4.97384462505579e-08,
							9.080395102500916e-09
						]
					}
				}
			}
		},
		"relationships": {
			"L-Rack": [
				[
					"AMR_LIFT01",
					"none"
				]
			]
		}
	},
	"timestamp_1": {
		"robots": {
			"ARMLIFT": {
				"AMR_LIFT01": {
					"name": "AMR_LIFT01",
					"pose": {
						"translation": [
							139.5726318359375,
							142.59161376953125,
							0.061999548226594925
						],
						"rotation": [
							-0.009298061951994896,
							-0.003697957843542099,
							-0.9291577339172363,
							0.36954832077026367
						]
					},
					"odometry": {
						"position": [
							0.5436001633666789,
							-7.707720759884418,
							-0.012306219943995802
						],
						"orientation": [
							-0.01963305421137782,
							0.0004270102704477917,
							-0.9289869297345393,
							0.36959118661969753
						],
						"linear": [
							0.0001689291966613382,
							0.0,
							0.0
						],
						"angular": [
							0.0,
							0.0,
							-0.0018552473047748208
						]
					},
					"aabb": [
						123.79240014177954,
						140.59263432303788,
						-0.011851228711454777,
						124.7609769562809,
						141.54061585863118,
						0.1631586728785287
					],
					"joint_state": {
						"position": [
							-2.4837,
							4.0909,
							0.8271,
							-4.7564,
							0.839,
							0.1739,
							0.0
						],
						"velocity": [
							-0.0008,
							-0.0011,
							0.0025,
							-0.0116,
							0.3433,
							-0.1108,
							0.0
						],
						"effort": [
							0.0,
							0.0,
							0.0,
							0.0,
							0.0,
							0.0,
							0.0
						]
					},
					"lift_state": "lift_down"
				}
			}
		},
		"objects": {
			"Rack": {
				"Rack_02": {
					"name": "Rack_02",
					"pose": {
						"translation": [
							133.05699157714844,
							143.09999084472656,
							0.19921104609966278
						],
						"rotation": [
							0.983835756778717,
							0.1790735274553299,
							-4.97384462505579e-08,
							9.080395102500916e-09
						]
					}
				}
			}
		},
		"relationships": {
			"L-Rack": [
				[
					"AMR_LIFT01",
					"none"
				]
			]
		}
	},
	"timestamp_2": {
		"robots": {
			"ARMLIFT": {
				"AMR_LIFT01": {
					"name": "AMR_LIFT01",
					"pose": {
						"translation": [
							139.57298278808594,
							142.5917205810547,
							0.06200641393661499
						],
						"rotation": [
							-0.009298624470829964,
							-0.003720235778018832,
							-0.9290832281112671,
							0.3697351813316345
						]
					},
					"odometry": {
						"position": [
							0.5439420218938539,
							-7.70761330616587,
							-0.012306997917231326
						],
						"orientation": [
							-0.01963278665371556,
							0.00040681276263454893,
							-0.9289124549073653,
							0.3697783651182932
						],
						"linear": [
							0.0014576162211596966,
							0.0,
							0.0
						],
						"angular": [
							0.0,
							0.0,
							-0.0004968250286765397
						]
					},
					"aabb": [
						123.7923719127163,
						140.5923237540136,
						-0.011862451623294966,
						124.760789580208,
						141.54048973004922,
						0.16315823732724388
					],
					"joint_state": {
						"position": [
							-2.483,
							4.0907,
							0.8243,
							-4.753,
							0.8421,
							0.1779,
							0.0
						],
						"velocity": [
							-0.0153,
							-0.0154,
							0.0041,
							-0.0144,
							0.015,
							0.0213,
							0.0
						],
						"effort": [
							0.0,
							0.0,
							0.0,
							0.0,
							0.0,
							0.0,
							0.0
						]
					},
					"lift_state": "lift_down"
				}
			}
		},
		"objects": {
			"Rack": {
				"Rack_02": {
					"name": "Rack_02",
					"pose": {
						"translation": [
							133.05699157714844,
							143.09999084472656,
							0.19921104609966278
						],
						"rotation": [
							0.983835756778717,
							0.1790735274553299,
							-4.97384462505579e-08,
							9.080395102500916e-09
						]
					}
				}
			}
		},
		"relationships": {
			"L-Rack": [
				[
					"AMR_LIFT01",
					"none"
				]
			]
		}
	},
	"timestamp_3": {
		"robots": {
			"ARMLIFT": {
				"AMR_LIFT01": {
					"name": "AMR_LIFT01",
					"pose": {
						"translation": [
							139.5727081298828,
							142.59185791015625,
							0.06200775131583214
						],
						"rotation": [
							-0.00930680800229311,
							-0.0036858676467090845,
							-0.9290205240249634,
							0.3698931634426117
						]
					},
					"odometry": {
						"position": [
							0.5436784372081533,
							-7.707466832882169,
							-0.012299797585037719
						],
						"orientation": [
							-0.01964026478033826,
							0.00044293478480454554,
							-0.928849633807721,
							0.3699356992551507
						],
						"linear": [
							-0.0017476194771006703,
							0.0,
							0.0
						],
						"angular": [
							0.0,
							0.0,
							-0.0002069466281682253
						]
					},
					"aabb": [
						123.79254868551541,
						140.59212705355318,
						-0.011861240865412515,
						124.76088180273851,
						141.54039298362864,
						0.16317591158870934
					],
					"joint_state": {
						"position": [
							-2.4826,
							4.0916,
							0.8154,
							-4.7499,
							0.8306,
							0.1818,
							0.0
						],
						"velocity": [
							-0.0181,
							-0.0174,
							0.1583,
							-0.1542,
							0.1281,
							-0.1669,
							0.0
						],
						"effort": [
							0.0,
							0.0,
							0.0,
							0.0,
							0.0,
							0.0,
							0.0
						]
					},
					"lift_state": "lift_down"
				}
			}
		},
		"objects": {
			"Rack": {
				"Rack_02": {
					"name": "Rack_02",
					"pose": {
						"translation": [
							133.05699157714844,
							143.09999084472656,
							0.19921104609966278
						],
						"rotation": [
							0.983835756778717,
							0.1790735274553299,
							-4.97384462505579e-08,
							9.080395102500916e-09
						]
					}
				}
			}
		},
		"relationships": {
			"L-Rack": [
				[
					"AMR_LIFT01",
					"none"
				]
			]
		}
	},
	"timestamp_4": {
		"robots": {
			"ARMLIFT": {
				"AMR_LIFT01": {
					"name": "AMR_LIFT01",
					"pose": {
						"translation": [
							139.57261657714844,
							142.5914764404297,
							0.06201064959168434
						],
						"rotation": [
							-0.009302559308707714,
							-0.0037166334223002195,
							-0.9290449023246765,
							0.3698315918445587
						]
					},