{
	"timestamp_0": {
		"robots": {
			"ARMLIFT": {
				"AMR_LIFT01": {
					"name": "AMR_LIFT01",
					"pose": {
						"translation": [
							139.6173095703125,
							142.46847534179688,
							0.06200077012181282
						],
						"rotation": [
							-0.00943669117987156,
							-0.0035986583679914474,
							-0.9342519044876099,
							0.3564707636833191
						]
					},
					"odometry": {
						"position": [
							0.5882733229842277,
							-7.830853393746933,
							-0.013302733585638389
						],
						"orientation": [
							-0.019828546654091166,
							0.00038082834713409425,
							-0.9340796282706407,
							0.3565135786434205
						],
						"linear": [
							0.001826489926315844,
							0.0,
							0.0
						],
						"angular": [
							0.0,
							0.0,
							-0.009337430819869041
						]
					},
					"aabb": [
						123.73945006445834,
						140.7255003848667,
						-0.014771665315387698,
						124.71685995768784,
						141.66244607488213,
						0.1629571370550781
					],
					"joint_state": {
						"position": [
							-1.6904,
							4.6627,
							1.1002,
							-5.5894,
							1.1136,
							-0.7045,
							0.0
						],
						"velocity": [
							-0.0459,
							-0.026,
							0.1117,
							-0.1194,
							0.1512,
							-0.0931,
							0.0
						],
						"effort": [
							0.0,
							0.0,
							0.0,
							0.0,
							0.0,
							0.0,
							0.0
						]
					},
					"lift_state": "lift_down"
				}
			}
		},
		"objects": {
			"Rack": {
				"Rack_02": {
					"name": "Rack_02",
					"pose": {
						"translation": [
							133.05699157714844,
							143.09999084472656,
							0.19921104609966278
						],
						"rotation": [
							0.983835756778717,
							0.1790735274553299,
							-4.97384462505579e-08,
							9.080395102500916e-09
						]
					}
				}
			}
		},
		"relationships": {
			"L-Rack": [
				[
					"AMR_LIFT01",
					"none"
				]
			]
		}
	},
	"timestamp_1": {
		"robots": {
			"ARMLIFT": {
				"AMR_LIFT01": {
					"name": "AMR_LIFT01",
					"pose": {
						"translation": [
							139.61729431152344,
							142.46856689453125,
							0.06200046464800835
						],
						"rotation": [
							-0.00943275447934866,
							-0.00359923392534256,
							-0.934259831905365,
							0.3564503490924835
						]
					},
					"odometry": {
						"position": [
							0.5882635478618643,
							-7.830755738424677,
							-0.0133028185036527
						],
						"orientation": [
							-0.01982469169995481,
							0.00038002513367508704,
							-0.9340875990707339,
							0.3564929093855466
						],
						"linear": [
							-0.005544739775359631,
							0.0,
							0.0
						],
						"angular": [
							0.0,
							0.0,
							-0.005679000169038773
						]
					},
					"aabb": [
						123.73931197028263,
						140.72550737457462,
						-0.014792277552215228,
						124.71691831676355,
						141.66218814486732,
						0.16296052783436235
					],
					"joint_state": {
						"position": [
							-1.6894,
							4.6645,
							1.0922,
							-5.5772,
							1.095,
							-0.6887,
							0.0
						],
						"velocity": [
							0.02,
							0.0224,
							0.0289,
							0.0108,
							-0.0236,
							-0.0008,
							0.0
						],
						"effort": [
							0.0,
							0.0,
							0.0,
							0.0,
							0.0,
							0.0,
							0.0
						]
					},
					"lift_state": "lift_down"
				}
			}
		},
		"objects": {
			"Rack": {
				"Rack_02": {
					"name": "Rack_02",
					"pose": {
						"translation": [
							133.05699157714844,
							143.09999084472656,
							0.19921104609966278
						],
						"rotation": [
							0.983835756778717,
							0.1790735274553299,
							-4.97384462505579e-08,
							9.080395102500916e-09
						]
					}
				}
			}
		},
		"relationships": {
			"L-Rack": [
				[
					"AMR_LIFT01",
					"none"
				]
			]
		}
	},
	"timestamp_2": {
		"robots": {
			"ARMLIFT": {
				"AMR_LIFT01": {
					"name": "AMR_LIFT01",
					"pose": {
						"translation": [
							139.61798095703125,
							142.46786499023438,
							0.0620013028383255
						],
						"rotation": [
							-0.009435025975108147,
							-0.003601823002099991,
							-0.9343100190162659,
							0.35631871223449707
						]
					},
					"odometry": {
						"position": [
							0.5889372658143729,
							-7.831468592959747,
							-0.013316967206334481
						],
						"orientation": [
							-0.019827522662809974,
							0.0003759716558573827,
							-0.934137758747481,
							0.35636129934744987
						],
						"linear": [
							-0.002964575542137027,
							0.0,
							0.0
						],
						"angular": [
							0.0,
							0.0,
							-0.004531292710453272
						]
					},
					"aabb": [
						123.73853293934668,
						140.72645148361275,
						-0.014793897065348297,
						124.71617801420747,
						141.66308009601823,
						0.16295893086340063
					],
					"joint_state": {
						"position": [
							-1.6883,
							4.6651,
							1.1004,
							-5.5817,
							1.0979,
							-0.6916,
							0.0
						],
						"velocity": [
							0.0223,
							0.0223,
							0.0267,
							-0.0316,
							-0.0405,
							-0.0063,
							0.0
						],
						"effort": [
							0.0,
							0.0,
							0.0,
							0.0,
							0.0,
							0.0,
							0.0
						]
					},
					"lift_state": "lift_down"
				}
			}
		},
		"objects": {
			"Rack": {
				"Rack_02": {
					"name": "Rack_02",
					"pose": {
						"translation": [
							133.05699157714844,
							143.09999084472656,
							0.19921104609966278
						],
						"rotation": [
							0.983835756778717,
							0.1790735274553299,
							-4.97384462505579e-08,
							9.080395102500916e-09
						]
					}
				}
			}
		},
		"relationships": {
			"L-Rack": [
				[
					"AMR_LIFT01",
					"none"
				]
			]
		}
	},
	"timestamp_3": {
		"robots": {
			"ARMLIFT": {
				"AMR_LIFT01": {
					"name": "AMR_LIFT01",
					"pose": {
						"translation": [
							139.61795043945312,
							142.46786499023438,
							0.06200164556503296
						],
						"rotation": [
							-0.009428856894373894,
							-0.003602950368076563,
							-0.934259831905365,
							0.3564503788948059
						]
					},
					"odometry": {
						"position": [
							0.5889177455657951,
							-7.831458827760568,
							-0.013316232369359035
						],
						"orientation": [
							-0.019820796107867168,
							0.00037630909870022374,
							-0.934087638755973,
							0.35649302595759647
						],
						"linear": [
							-0.0019517011241987348,
							0.0,
							0.0
						],
						"angular": [
							0.0,
							0.0,
							0.0035799420438706875
						]
					},
					"aabb": [
						123.73853797093672,
						140.72655632741757,
						-0.014776546370658871,
						124.71614688388074,
						141.6632324067815,
						0.16295610720914153
					],
					"joint_state": {
						"position": [
							-1.688,
							4.6653,
							1.0997,
							-5.5824,
							1.0848,
							-0.6805,
							0.0
						],
						"velocity": [
							-0.0063,
							0.0143,
							-0.0718,
							0.0204,
							-0.054,
							0.0087,
							0.0
						],
						"effort": [
							0.0,
							0.0,
							0.0,
							0.0,
							0.0,
							0.0,
							0.0
						]
					},
					"lift_state": "lift_down"
				}
			}
		},
		"objects": {
			"Rack": {
				"Rack_02": {
					"name": "Rack_02",
					"pose": {
						"translation": [
							133.05699157714844,
							143.09999084472656,
							0.19921104609966278
						],
						"rotation": [
							0.983835756778717,
							0.1790735274553299,
							-4.97384462505579e-08,
							9.080395102500916e-09
						]
					}
				}
			}
		},
		"relationships": {
			"L-Rack": [
				[
					"AMR_LIFT01",
					"none"
				]
			]
		}
	},
	"timestamp_4": {
		"robots": {
			"ARMLIFT": {
				"AMR_LIFT01": {
					"name": "AMR_LIFT01",
					"pose": {
						"translation": [
							139.61782836914062,
							142.46800231933594,
							0.06200298294425011
						],
						"rotation": [
							-0.009443591348826885,
							-0.003603566437959671,
							-0.9344261288642883,
							0.35601359605789185
						]
					},