{
	"timestamp_0": {
		"robots": {
			"ARMLIFT": {
				"AMR_LIFT01": {
					"name": "AMR_LIFT01",
					"pose": {
						"translation": [
							139.58946228027344,
							142.55699157714844,
							0.06200668215751648
						],
						"rotation": [
							-0.00935102067887783,
							-0.0037634079344570637,
							-0.9284125566482544,
							0.37141430377960205
						]
					},
					"odometry": {
						"position": [
							0.5604241429650523,
							-7.742339061309874,
							-0.012674553750644099
						],
						"orientation": [
							-0.019677691649962623,
							0.0003823193915796674,
							-0.9282412142001664,
							0.37145779106570453
						],
						"linear": [
							0.0009649612475186586,
							0.0,
							0.0
						],
						"angular": [
							0.0,
							0.0,
							0.0001484989043092355
						]
					},
					"aabb": [
						123.77670366875283,
						140.62594529225439,
						-0.012710839959442426,
						124.74394667238101,
						141.57548502342613,
						0.16311072019557904
					],
					"joint_state": {
						"position": [
							-2.3295,
							4.2218,
							1.0555,
							-5.0176,
							1.0362,
							-0.15,
							0.0
						],
						"velocity": [
							0.0181,
							0.0003,
							-0.0239,
							-0.0008,
							-0.0033,
							-0.0006,
							0.0
						],
						"effort": [
							0.0,
							0.0,
							0.0,
							0.0,
							0.0,
							0.0,
							0.0
						]
					},
					"lift_state": "lift_down"
				}
			}
		},
		"objects": {
			"Rack": {
				"Rack_02": {
					"name": "Rack_02",
					"pose": {
						"translation": [
							133.05699157714844,
							143.09999084472656,
							0.19921104609966278
						],
						"rotation": [
							0.983835756778717,
							0.1790735274553299,
							-4.97384462505579e-08,
							9.080395102500916e-09
						]
					}
				}
			}
		},
		"relationships": {
			"L-Rack": [
				[
					"AMR_LIFT01",
					"none"
				]
			]
		}
	},
	"timestamp_1": {
		"robots": {
			"ARMLIFT": {
				"AMR_LIFT01": {
					"name": "AMR_LIFT01",
					"pose": {
						"translation": [
							139.5904998779297,
							142.55601501464844,
							0.06199977919459343
						],
						"rotation": [
							-0.009358313865959644,
							-0.0037410487420856953,
							-0.9284906387329102,
							0.3712192177772522
						]
					},
					"odometry": {
						"position": [
							0.5614687040844147,
							-7.743315583833632,
							-0.01270471746318565
						],
						"orientation": [
							-0.019685855626019984,
							0.0004025072390901404,
							-0.9283191779418805,
							0.3712624529110176
						],
						"linear": [
							-0.003246856853365898,
							0.0,
							0.0
						],
						"angular": [
							0.0,
							0.0,
							-0.0010465423110872507
						]
					},
					"aabb": [
						123.77558149823925,
						140.62712777065053,
						-0.012705306790898629,
						124.74296085573158,
						141.57651358450795,
						0.1631085641790931
					],
					"joint_state": {
						"position": [
							-2.3289,
							4.2225,
							1.0645,
							-5.0235,
							1.0443,
							-0.1542,
							0.0
						],
						"velocity": [
							0.0142,
							0.0313,
							-0.2572,
							0.1311,
							0.0547,
							-0.013,
							0.0
						],
						"effort": [
							0.0,
							0.0,
							0.0,
							0.0,
							0.0,
							0.0,
							0.0
						]
					},
					"lift_state": "lift_down"
				}
			}
		},
		"objects": {
			"Rack": {
				"Rack_02": {
					"name": "Rack_02",
					"pose": {
						"translation": [
							133.05699157714844,
							143.09999084472656,
							0.19921104609966278
						],
						"rotation": [
							0.983835756778717,
							0.1790735274553299,
							-4.97384462505579e-08,
							9.080395102500916e-09
						]
					}
				}
			}
		},
		"relationships": {
			"L-Rack": [
				[
					"AMR_LIFT01",
					"none"
				]
			]
		}
	},
	"timestamp_2": {
		"robots": {
			"ARMLIFT": {
				"AMR_LIFT01": {
					"name": "AMR_LIFT01",
					"pose": {
						"translation": [
							139.5904998779297,
							142.55575561523438,
							0.062004316598176956
						],
						"rotation": [
							-0.00936177745461464,
							-0.003733682446181774,
							-0.9283300638198853,
							0.37162068486213684
						]
					},
					"odometry": {
						"position": [
							0.561468817867695,
							-7.743569481675645,
							-0.012700212214261507
						],
						"orientation": [
							-0.019687524025120137,
							0.00041433823076782113,
							-0.9281585710494722,
							0.3716636876384251
						],
						"linear": [
							0.0015398291870951653,
							0.0,
							0.0
						],
						"angular": [
							0.0,
							0.0,
							0.005447193048894405
						]
					},
					"aabb": [
						123.77597522846995,
						140.6268612155842,
						-0.0126981858874103,
						124.74304509760543,
						141.5766006126527,
						0.16311943640990184
					],
					"joint_state": {
						"position": [
							-2.3276,
							4.2228,
							1.0475,
							-5.009,
							1.0254,
							-0.1442,
							0.0
						],
						"velocity": [
							0.0152,
							-0.0049,
							-0.145,
							0.0386,
							-0.1529,
							0.0392,
							0.0
						],
						"effort": [
							0.0,
							0.0,
							0.0,
							0.0,
							0.0,
							0.0,
							0.0
						]
					},
					"lift_state": "lift_down"
				}
			}
		},
		"objects": {
			"Rack": {
				"Rack_02": {
					"name": "Rack_02",
					"pose": {
						"translation": [
							133.05699157714844,
							143.09999084472656,
							0.19921104609966278
						],
						"rotation": [
							0.983835756778717,
							0.1790735274553299,
							-4.97384462505579e-08,
							9.080395102500916e-09
						]
					}
				}
			}
		},
		"relationships": {
			"L-Rack": [
				[
					"AMR_LIFT01",
					"none"
				]
			]
		}
	},
	"timestamp_3": {
		"robots": {
			"ARMLIFT": {
				"AMR_LIFT01": {
					"name": "AMR_LIFT01",
					"pose": {
						"translation": [
							139.5901336669922,
							142.5558319091797,
							0.062004126608371735
						],
						"rotation": [
							-0.009348791092634201,
							-0.003754059784114361,
							-0.9282368421554565,
							0.371853768825531
						]
					},
					"odometry": {
						"position": [
							0.561097807513502,
							-7.74349137662226,
							-0.012692149953762832
						],
						"orientation": [
							-0.01967349380150986,
							0.0003965545614415711,
							-0.9280654734158694,
							0.3718968586039686
						],
						"linear": [
							0.0033095907419919968,
							0.0,
							0.0
						],
						"angular": [
							0.0,
							0.0,
							-0.008787393569946289
						]
					},
					"aabb": [
						123.77640489249272,
						140.62666158681665,
						-0.012689035038423528,
						124.74333762088521,
						141.57655921656243,
						0.16313148334232785
					],
					"joint_state": {
						"position": [
							-2.3261,
							4.2225,
							1.0489,
							-5.0111,
							1.0236,
							-0.1433,
							0.0
						],
						"velocity": [
							0.0145,
							-0.0112,
							-0.1223,
							-0.0962,
							-0.0236,
							-0.0397,
							0.0
						],
						"effort": [
							0.0,
							0.0,
							0.0,
							0.0,
							0.0,
							0.0,
							0.0
						]
					},
					"lift_state": "lift_down"
				}
			}
		},
		"objects": {
			"Rack": {
				"Rack_02": {
					"name": "Rack_02",
					"pose": {
						"translation": [
							133.05699157714844,
							143.09999084472656,
							0.19921104609966278
						],
						"rotation": [
							0.983835756778717,
							0.1790735274553299,
							-4.97384462505579e-08,
							9.080395102500916e-09
						]
					}
				}
			}
		},
		"relationships": {
			"L-Rack": [
				[
					"AMR_LIFT01",
					"none"
				]
			]
		}
	},
	"timestamp_4": {
		"robots": {
			"ARMLIFT": {
				"AMR_LIFT01": {
					"name": "AMR_LIFT01",
					"pose": {
						"translation": [
							139.59017944335938,
							142.5561065673828,
							0.06200389564037323
						],
						"rotation": [
							-0.009360759519040585,
							-0.003735130652785301,
							-0.9282028675079346,
							0.37193819880485535
						]
					},