{
	"timestamp_0": {
		"robots": {
			"ARMLIFT": {
				"AMR_LIFT01": {
					"name": "AMR_LIFT01",
					"pose": {
						"translation": [
							139.6061248779297,
							142.5052490234375,
							0.062009964138269424
						],
						"rotation": [
							-0.009394485503435135,
							-0.0037020505405962467,
							-0.9302400350570679,
							0.36681297421455383
						]
					},
					"odometry": {
						"position": [
							0.577053437189586,
							-7.794027747522437,
							-0.013053276230883407
						],
						"orientation": [
							-0.01973216663968637,
							0.0003942906805078685,
							-0.9300803673786601,
							0.3668255666544245
						],
						"linear": [
							0.0009603440412320197,
							0.0,
							0.0
						],
						"angular": [
							0.0,
							0.0,
							-0.001064194948412478
						]
					},
					"aabb": [
						123.7569933421002,
						140.6810562895408,
						-0.013446793431315343,
						124.72753315211035,
						141.62674703481204,
						0.16302325340892954
					],
					"joint_state": {
						"position": [
							-1.9644,
							4.4617,
							1.0659,
							-5.2875,
							1.0763,
							-0.433,
							0.0
						],
						"velocity": [
							0.021,
							-0.0081,
							-0.3493,
							0.1575,
							-0.0351,
							0.0242,
							0.0
						],
						"effort": [
							0.0,
							0.0,
							0.0,
							0.0,
							0.0,
							0.0,
							0.0
						]
					},
					"lift_state": "lift_down"
				}
			}
		},
		"objects": {
			"Rack": {
				"Rack_02": {
					"name": "Rack_02",
					"pose": {
						"translation": [
							133.05699157714844,
							143.09999084472656,
							0.19921104609966278
						],
						"rotation": [
							0.983835756778717,
							0.1790735274553299,
							-4.97384462505579e-08,
							9.080395102500916e-09
						]
					}
				}
			}
		},
		"relationships": {
			"L-Rack": [
				[
					"AMR_LIFT01",
					"none"
				]
			]
		}
	},
	"timestamp_1": {
		"robots": {
			"ARMLIFT": {
				"AMR_LIFT01": {
					"name": "AMR_LIFT01",
					"pose": {
						"translation": [
							139.60647583007812,
							142.50465393066406,
							0.06200450658798218
						],
						"rotation": [
							-0.009391728788614273,
							-0.0037032333202660084,
							-0.9302291870117188,
							0.36684027314186096
						]
					},
					"odometry": {
						"position": [
							0.5774441106319224,
							-7.794672249423157,
							-0.013056985253189298
						],
						"orientation": [
							-0.019738677419929466,
							0.00039160942960141717,
							-0.9300574004853445,
							0.36688344614906
						],
						"linear": [
							0.0033431786578148603,
							0.0,
							0.0
						],
						"angular": [
							0.0,
							0.0,
							0.0009320583194494247
						]
					},
					"aabb": [
						123.75671226594066,
						140.68158467008558,
						-0.013563973931867233,
						124.72721768704334,
						141.6273192423202,
						0.1630185625029136
					],
					"joint_state": {
						"position": [
							-1.9631,
							4.4612,
							1.0761,
							-5.2984,
							1.0916,
							-0.4468,
							0.0
						],
						"velocity": [
							-0.0238,
							-0.0242,
							0.0568,
							0.0163,
							0.2496,
							-0.1763,
							0.0
						],
						"effort": [
							0.0,
							0.0,
							0.0,
							0.0,
							0.0,
							0.0,
							0.0
						]
					},
					"lift_state": "lift_down"
				}
			}
		},
		"objects": {
			"Rack": {
				"Rack_02": {
					"name": "Rack_02",
					"pose": {
						"translation": [
							133.05699157714844,
							143.09999084472656,
							0.19921104609966278
						],
						"rotation": [
							0.983835756778717,
							0.1790735274553299,
							-4.97384462505579e-08,
							9.080395102500916e-09
						]
					}
				}
			}
		},
		"relationships": {
			"L-Rack": [
				[
					"AMR_LIFT01",
					"none"
				]
			]
		}
	},
	"timestamp_2": {
		"robots": {
			"ARMLIFT": {
				"AMR_LIFT01": {
					"name": "AMR_LIFT01",
					"pose": {
						"translation": [
							139.60693359375,
							142.50399780273438,
							0.06200450658798218
						],
						"rotation": [
							-0.00938999280333519,
							-0.003714261343702674,
							-0.9301983118057251,
							0.3669186532497406
						]
					},
					"odometry": {
						"position": [
							0.5779030152861101,
							-7.795326523249125,
							-0.0130672353667782
						],
						"orientation": [
							-0.019736592184259383,
							0.0003814534628104297,
							-0.930026533596824,
							0.36696180758777025
						],
						"linear": [
							0.0001466300745960325,
							0.0,
							0.0
						],
						"angular": [
							0.0,
							0.0,
							-0.0006679363432340324
						]
					},
					"aabb": [
						123.75630104004931,
						140.68222539978274,
						-0.013674406422734521,
						124.72675594529446,
						141.62801841478856,
						0.16302164009628836
					],
					"joint_state": {
						"position": [
							-1.9624,
							4.4607,
							1.0816,
							-5.3109,
							1.0877,
							-0.4523,
							0.0
						],
						"velocity": [
							0.0052,
							-0.0163,
							0.0201,
							0.002,
							0.0294,
							0.0012,
							0.0
						],
						"effort": [
							0.0,
							0.0,
							0.0,
							0.0,
							0.0,
							0.0,
							0.0
						]
					},
					"lift_state": "lift_down"
				}
			}
		},
		"objects": {
			"Rack": {
				"Rack_02": {
					"name": "Rack_02",
					"pose": {
						"translation": [
							133.05699157714844,
							143.09999084472656,
							0.19921104609966278
						],
						"rotation": [
							0.983835756778717,
							0.1790735274553299,
							-4.97384462505579e-08,
							9.080395102500916e-09
						]
					}
				}
			}
		},
		"relationships": {
			"L-Rack": [
				[
					"AMR_LIFT01",
					"none"
				]
			]
		}
	},
	"timestamp_3": {
		"robots": {
			"ARMLIFT": {
				"AMR_LIFT01": {
					"name": "AMR_LIFT01",
					"pose": {
						"translation": [
							139.60682678222656,
							142.50396728515625,
							0.06200908496975899
						],
						"rotation": [
							-0.00939257349818945,
							-0.0037012712564319372,
							-0.9302289485931396,
							0.36684101819992065
						]
					},
					"odometry": {
						"position": [
							0.5777859606849101,
							-7.7953655830188255,
							-0.01306005467811812
						],
						"orientation": [
							-0.01973951875808705,
							0.00039357947619117863,
							-0.9300570949964225,
							0.3668841731953164
						],
						"linear": [
							0.0009002971346490085,
							0.0,
							0.0
						],
						"angular": [
							0.0,
							0.0,
							0.0003026645281352103
						]
					},
					"aabb": [
						123.75641400275379,
						140.68228524615282,
						-0.013617696104572065,
						124.72692575846258,
						141.6280109912035,
						0.16302625229597484
					],
					"joint_state": {
						"position": [
							-1.9616,
							4.4617,
							1.063,
							-5.303,
							1.0868,
							-0.4564,
							0.0
						],
						"velocity": [
							-0.0315,
							-0.0312,
							0.0419,
							-0.1693,
							0.0553,
							-0.1873,
							0.0
						],
						"effort": [
							0.0,
							0.0,
							0.0,
							0.0,
							0.0,
							0.0,
							0.0
						]
					},
					"lift_state": "lift_down"
				}
			}
		},
		"objects": {
			"Rack": {
				"Rack_02": {
					"name": "Rack_02",
					"pose": {
						"translation": [
							133.05699157714844,
							143.09999084472656,
							0.19921104609966278
						],
						"rotation": [
							0.983835756778717,
							0.1790735274553299,
							-4.97384462505579e-08,
							9.080395102500916e-09
						]
					}
				}
			}
		},
		"relationships": {
			"L-Rack": [
				[
					"AMR_LIFT01",
					"none"
				]
			]
		}
	},
	"timestamp_4": {
		"robots": {
			"ARMLIFT": {
				"AMR_LIFT01": {
					"name": "AMR_LIFT01",
					"pose": {
						"translation": [
							139.60670471191406,
							142.50404357910156,
							0.06200195103883743
						],
						"rotation": [
							-0.009385018609464169,
							-0.003705189097672701,
							-0.9302433133125305,
							0.36680445075035095
						]
					},