{
	"timestamp_0": {
		"robots": {
			"ARMLIFT": {
				"AMR_LIFT01": {
					"name": "AMR_LIFT01",
					"pose": {
						"translation": [
							139.61485290527344,
							142.47445678710938,
							0.062000807374715805
						],
						"rotation": [
							-0.009414146654307842,
							-0.0036260955967009068,
							-0.9329667687416077,
							0.3598213493824005
						]
					},
					"odometry": {
						"position": [
							0.5858126821312787,
							-7.824876950054079,
							-0.013247760631461538
						],
						"orientation": [
							-0.01979165246202674,
							0.00039066436450965476,
							-0.9327947068545157,
							0.35986410315336415
						],
						"linear": [
							-0.0019916400779038668,
							0.0,
							0.0
						],
						"angular": [
							0.0,
							0.0,
							-0.0015688894782215357
						]
					},
					"aabb": [
						123.74395243233414,
						140.71687616128315,
						-0.014951087580719755,
						124.71913670379534,
						141.65676559301065,
						0.16296186771547572
					],
					"joint_state": {
						"position": [
							-1.7236,
							4.6446,
							1.0704,
							-5.5079,
							1.0708,
							-0.6732,
							0.0
						],
						"velocity": [
							0.0159,
							-0.0029,
							-0.0541,
							0.0526,
							-0.0247,
							0.0531,
							0.0
						],
						"effort": [
							0.0,
							0.0,
							0.0,
							0.0,
							0.0,
							0.0,
							0.0
						]
					},
					"lift_state": "lift_down"
				}
			}
		},
		"objects": {
			"Rack": {
				"Rack_02": {
					"name": "Rack_02",
					"pose": {
						"translation": [
							133.05699157714844,
							143.09999084472656,
							0.19921104609966278
						],
						"rotation": [
							0.983835756778717,
							0.1790735274553299,
							-4.97384462505579e-08,
							9.080395102500916e-09
						]
					}
				}
			}
		},
		"relationships": {
			"L-Rack": [
				[
					"AMR_LIFT01",
					"none"
				]
			]
		}
	},
	"timestamp_1": {
		"robots": {
			"ARMLIFT": {
				"AMR_LIFT01": {
					"name": "AMR_LIFT01",
					"pose": {
						"translation": [
							139.6149444580078,
							142.47471618652344,
							0.06200176104903221
						],
						"rotation": [
							-0.009417983703315258,
							-0.0036312630400061607,
							-0.9330542087554932,
							0.3595944046974182
						]
					},
					"odometry": {
						"position": [
							0.5857345644168446,
							-7.8245644532003515,
							-0.013245818274166364
						],
						"orientation": [
							-0.019791801504017315,
							0.0003819887641452129,
							-0.9328882312639422,
							0.35962158812708056
						],
						"linear": [
							0.007836840115487576,
							0.0,
							0.0
						],
						"angular": [
							0.0,
							0.0,
							-0.00023110756592359394
						]
					},
					"aabb": [
						123.74363013359726,
						140.71705950375943,
						-0.014951634834271081,
						124.7191037493401,
						141.65657325169738,
						0.1629635838363486
					],
					"joint_state": {
						"position": [
							-1.7233,
							4.6466,
							1.0876,
							-5.5077,
							1.0811,
							-0.6741,
							0.0
						],
						"velocity": [
							0.0446,
							0.0652,
							0.465,
							-0.1488,
							0.4549,
							-0.1504,
							0.0
						],
						"effort": [
							0.0,
							0.0,
							0.0,
							0.0,
							0.0,
							0.0,
							0.0
						]
					},
					"lift_state": "lift_down"
				}
			}
		},
		"objects": {
			"Rack": {
				"Rack_02": {
					"name": "Rack_02",
					"pose": {
						"translation": [
							133.05699157714844,
							143.09999084472656,
							0.19921104609966278
						],
						"rotation": [
							0.983835756778717,
							0.1790735274553299,
							-4.97384462505579e-08,
							9.080395102500916e-09
						]
					}
				}
			}
		},
		"relationships": {
			"L-Rack": [
				[
					"AMR_LIFT01",
					"none"
				]
			]
		}
	},
	"timestamp_2": {
		"robots": {
			"ARMLIFT": {
				"AMR_LIFT01": {
					"name": "AMR_LIFT01",
					"pose": {
						"translation": [
							139.6156005859375,
							142.47398376464844,
							0.06200038641691208
						],
						"rotation": [
							-0.009415408596396446,
							-0.0036277174949645996,
							-0.9329860210418701,
							0.3597715198993683
						]
					},
					"odometry": {
						"position": [
							0.5865644637943107,
							-7.8253358962252975,
							-0.013264925993636822
						],
						"orientation": [
							-0.01979312606381816,
							0.00038848779943347674,
							-0.9328139436830523,
							0.3598141571816249
						],
						"linear": [
							0.0028497199527919292,
							0.0,
							0.0
						],
						"angular": [
							0.0,
							0.0,
							-0.0006716690259054303
						]
					},
					"aabb": [
						123.74312489679667,
						140.71762808659906,
						-0.01494886851377976,
						124.71862712467328,
						141.6571059052613,
						0.16296545197681564
					],
					"joint_state": {
						"position": [
							-1.7228,
							4.6468,
							1.0942,
							-5.5103,
							1.0744,
							-0.6699,
							0.0
						],
						"velocity": [
							-0.014,
							-0.0275,
							-0.0171,
							0.013,
							-0.0082,
							0.0111,
							0.0
						],
						"effort": [
							0.0,
							0.0,
							0.0,
							0.0,
							0.0,
							0.0,
							0.0
						]
					},
					"lift_state": "lift_down"
				}
			}
		},
		"objects": {
			"Rack": {
				"Rack_02": {
					"name": "Rack_02",
					"pose": {
						"translation": [
							133.05699157714844,
							143.09999084472656,
							0.19921104609966278
						],
						"rotation": [
							0.983835756778717,
							0.1790735274553299,
							-4.97384462505579e-08,
							9.080395102500916e-09
						]
					}
				}
			}
		},
		"relationships": {
			"L-Rack": [
				[
					"AMR_LIFT01",
					"none"
				]
			]
		}
	},
	"timestamp_3": {
		"robots": {
			"ARMLIFT": {
				"AMR_LIFT01": {
					"name": "AMR_LIFT01",
					"pose": {
						"translation": [
							139.615966796875,
							142.47352600097656,
							0.06200111284852028
						],
						"rotation": [
							-0.009411660023033619,
							-0.0036290388088673353,
							-0.9329147934913635,
							0.3599559962749481
						]
					},
					"odometry": {
						"position": [
							0.5869257419700222,
							-7.825775329567352,
							-0.013272239357091221
						],
						"orientation": [
							-0.01978537953978882,
							0.00038363636093079374,
							-0.9327432630892898,
							0.35999777324471494
						],
						"linear": [
							0.00036389505839906633,
							0.0,
							0.0
						],
						"angular": [
							0.0,
							0.0,
							-0.00028277491219341755
						]
					},
					"aabb": [
						123.74282331045633,
						140.7179169311771,
						-0.014949520178967944,
						124.71805530564674,
						141.6577443829234,
						0.16295998730687686
					],
					"joint_state": {
						"position": [
							-1.7214,
							4.6478,
							1.08,
							-5.5028,
							1.0637,
							-0.667,
							0.0
						],
						"velocity": [
							0.0002,
							0.0004,
							0.0048,
							-0.0004,
							-0.0097,
							-0.0004,
							0.0
						],
						"effort": [
							0.0,
							0.0,
							0.0,
							0.0,
							0.0,
							0.0,
							0.0
						]
					},
					"lift_state": "lift_down"
				}
			}
		},
		"objects": {
			"Rack": {
				"Rack_02": {
					"name": "Rack_02",
					"pose": {
						"translation": [
							133.05699157714844,
							143.09999084472656,
							0.19921104609966278
						],
						"rotation": [
							0.983835756778717,
							0.1790735274553299,
							-4.97384462505579e-08,
							9.080395102500916e-09
						]
					}
				}
			}
		},
		"relationships": {
			"L-Rack": [
				[
					"AMR_LIFT01",
					"none"
				]
			]
		}
	},
	"timestamp_4": {
		"robots": {
			"ARMLIFT": {
				"AMR_LIFT01": {
					"name": "AMR_LIFT01",
					"pose": {
						"translation": [
							139.6161346435547,
							142.47337341308594,
							0.062000617384910583
						],
						"rotation": [
							-0.009411877952516079,
							-0.0036283214576542377,
							-0.9328873157501221,
							0.3600271940231323
						]
					},