{
	"timestamp_0": {
		"robots": {
			"ARMLIFT": {
				"AMR_LIFT01": {
					"name": "AMR_LIFT01",
					"pose": {
						"translation": [
							139.60992431640625,
							142.49081420898438,
							0.06200576573610306
						],
						"rotation": [
							-0.009378345683217049,
							-0.003652529325336218,
							-0.931786835193634,
							0.3628664016723633
						]
					},
					"odometry": {
						"position": [
							0.580891276707559,
							-7.80850998185812,
							-0.013132839421915083
						],
						"orientation": [
							-0.01974268405419802,
							0.00039810647525633614,
							-0.9316151972908574,
							0.3629093442091114
						],
						"linear": [
							0.001066034659743309,
							0.0,
							0.0
						],
						"angular": [
							0.0,
							0.0,
							0.004918782040476799
						]
					},
					"aabb": [
						123.75069906292156,
						140.6984406585348,
						-0.0145738159569187,
						124.72396657126515,
						141.64076938847046,
						0.1629853574438843
					],
					"joint_state": {
						"position": [
							-1.8448,
							4.5487,
							0.9853,
							-5.4027,
							0.9888,
							-0.5357,
							0.0
						],
						"velocity": [
							-0.0086,
							0.0127,
							-0.0406,
							-0.002,
							-0.0453,
							-0.0137,
							0.0
						],
						"effort": [
							0.0,
							0.0,
							0.0,
							0.0,
							0.0,
							0.0,
							0.0
						]
					},
					"lift_state": "lift_down"
				}
			}
		},
		"objects": {
			"Rack": {
				"Rack_02": {
					"name": "Rack_02",
					"pose": {
						"translation": [
							133.05699157714844,
							143.09999084472656,
							0.19921104609966278
						],
						"rotation": [
							0.983835756778717,
							0.1790735274553299,
							-4.97384462505579e-08,
							9.080395102500916e-09
						]
					}
				}
			}
		},
		"relationships": {
			"L-Rack": [
				[
					"AMR_LIFT01",
					"none"
				]
			]
		}
	},
	"timestamp_1": {
		"robots": {
			"ARMLIFT": {
				"AMR_LIFT01": {
					"name": "AMR_LIFT01",
					"pose": {
						"translation": [
							139.6095428466797,
							142.4911651611328,
							0.06200679764151573
						],
						"rotation": [
							-0.009374037384986877,
							-0.003652084618806839,
							-0.931594967842102,
							0.363358736038208
						]
					},
					"odometry": {
						"position": [
							0.5805105169362517,
							-7.808168202476066,
							-0.013123311267276103
						],
						"orientation": [
							-0.019736237579519224,
							0.00040402779078578863,
							-0.9314233770693056,
							0.3634017203269126
						],
						"linear": [
							0.0005043148994445801,
							0.0,
							0.0
						],
						"angular": [
							0.0,
							0.0,
							0.005687261000275612
						]
					},
					"aabb": [
						123.75109222000832,
						140.6979122395412,
						-0.014524220754867503,
						124.72406550097735,
						141.64060778846363,
						0.16297989586996295
					],
					"joint_state": {
						"position": [
							-1.8443,
							4.5494,
							0.9706,
							-5.3953,
							0.9692,
							-0.5274,
							0.0
						],
						"velocity": [
							-0.0033,
							0.0057,
							-0.0642,
							0.0279,
							-0.099,
							0.0295,
							0.0
						],
						"effort": [
							0.0,
							0.0,
							0.0,
							0.0,
							0.0,
							0.0,
							0.0
						]
					},
					"lift_state": "lift_down"
				}
			}
		},
		"objects": {
			"Rack": {
				"Rack_02": {
					"name": "Rack_02",
					"pose": {
						"translation": [
							133.05699157714844,
							143.09999084472656,
							0.19921104609966278
						],
						"rotation": [
							0.983835756778717,
							0.1790735274553299,
							-4.97384462505579e-08,
							9.080395102500916e-09
						]
					}
				}
			}
		},
		"relationships": {
			"L-Rack": [
				[
					"AMR_LIFT01",
					"none"
				]
			]
		}
	},
	"timestamp_2": {
		"robots": {
			"ARMLIFT": {
				"AMR_LIFT01": {
					"name": "AMR_LIFT01",
					"pose": {
						"translation": [
							139.60899353027344,
							142.4915771484375,
							0.06200302019715309
						],
						"rotation": [
							-0.009365860372781754,
							-0.003657558001577854,
							-0.9316090941429138,
							0.36332282423973083
						]
					},
					"odometry": {
						"position": [
							0.5799636714008106,
							-7.807748316261578,
							-0.013114899812724887
						],
						"orientation": [
							-0.019728214270608845,
							0.00039815512697947844,
							-0.9314375891042391,
							0.36336573398969585
						],
						"linear": [
							0.006319408304989338,
							0.0,
							0.0
						],
						"angular": [
							0.0,
							0.0,
							0.003837325843051076
						]
					},
					"aabb": [
						123.75179468932627,
						140.6974091877859,
						-0.014515859465324733,
						124.72473757762309,
						141.64014365317738,
						0.16298589707813035
					],
					"joint_state": {
						"position": [
							-1.8446,
							4.5497,
							0.9645,
							-5.3965,
							0.9742,
							-0.5311,
							0.0
						],
						"velocity": [
							0.0073,
							-0.0004,
							-0.033,
							0.0248,
							-0.0463,
							0.0253,
							0.0
						],
						"effort": [
							0.0,
							0.0,
							0.0,
							0.0,
							0.0,
							0.0,
							0.0
						]
					},
					"lift_state": "lift_down"
				}
			}
		},
		"objects": {
			"Rack": {
				"Rack_02": {
					"name": "Rack_02",
					"pose": {
						"translation": [
							133.05699157714844,
							143.09999084472656,
							0.19921104609966278
						],
						"rotation": [
							0.983835756778717,
							0.1790735274553299,
							-4.97384462505579e-08,
							9.080395102500916e-09
						]
					}
				}
			}
		},
		"relationships": {
			"L-Rack": [
				[
					"AMR_LIFT01",
					"none"
				]
			]
		}
	},
	"timestamp_3": {
		"robots": {
			"ARMLIFT": {
				"AMR_LIFT01": {
					"name": "AMR_LIFT01",
					"pose": {
						"translation": [
							139.6090850830078,
							142.4914093017578,
							0.06200077012181282
						],
						"rotation": [
							-0.009364821948111057,
							-0.003652282292023301,
							-0.9315512776374817,
							0.36347106099128723
						]
					},
					"odometry": {
						"position": [
							0.5800807993888559,
							-7.807914329468074,
							-0.01311927333622239
						],
						"orientation": [
							-0.019727498069219154,
							0.00040788963065048353,
							-0.9313783502658127,
							0.3635175760566625
						],
						"linear": [
							-0.00025203454424627125,
							0.0,
							0.0
						],
						"angular": [
							0.0,
							0.0,
							0.0011383959790691733
						]
					},
					"aabb": [
						123.75207818985355,
						140.69717835814666,
						-0.014517859923819825,
						124.72492706537815,
						141.64003067267726,
						0.1629862820782878
					],
					"joint_state": {
						"position": [
							-1.8432,
							4.5509,
							0.9656,
							-5.3946,
							0.9763,
							-0.5289,
							0.0
						],
						"velocity": [
							-0.0068,
							0.0005,
							-0.0145,
							-0.0258,
							0.0024,
							-0.0133,
							0.0
						],
						"effort": [
							0.0,
							0.0,
							0.0,
							0.0,
							0.0,
							0.0,
							0.0
						]
					},
					"lift_state": "lift_down"
				}
			}
		},
		"objects": {
			"Rack": {
				"Rack_02": {
					"name": "Rack_02",
					"pose": {
						"translation": [
							133.05699157714844,
							143.09999084472656,
							0.19921104609966278
						],
						"rotation": [
							0.983835756778717,
							0.1790735274553299,
							-4.97384462505579e-08,
							9.080395102500916e-09
						]
					}
				}
			}
		},
		"relationships": {
			"L-Rack": [
				[
					"AMR_LIFT01",
					"none"
				]
			]
		}
	},
	"timestamp_4": {
		"robots": {
			"ARMLIFT": {
				"AMR_LIFT01": {
					"name": "AMR_LIFT01",
					"pose": {
						"translation": [
							139.6085662841797,
							142.4920196533203,
							0.06200595572590828
						],
						"rotation": [
							-0.009372454136610031,
							-0.003655476728454232,
							-0.9315683245658875,
							0.36342719197273254
						]
					},