{
	"timestamp_0": {
		"robots": {
			"ARMLIFT": {
				"AMR_LIFT01": {
					"name": "AMR_LIFT01",
					"pose": {
						"translation": [
							139.59750366210938,
							142.54115295410156,
							0.06201675161719322
						],
						"rotation": [
							-0.009402736090123653,
							-0.0037288800813257694,
							-0.9298710227012634,
							0.36774691939353943
						]
					},
					"odometry": {
						"position": [
							0.568557663547245,
							-7.758178509813807,
							-0.012858805097452667
						],
						"orientation": [
							-0.019730245971011875,
							0.00038155417489187663,
							-0.9296757757603388,
							0.3678498658077059
						],
						"linear": [
							-0.003020806470885873,
							0.0,
							0.0
						],
						"angular": [
							0.0,
							0.0,
							0.0012299210065975785
						]
					},
					"aabb": [
						123.76641965000434,
						140.64425399905315,
						-0.012271567085093442,
						124.73625414077569,
						141.59078828300554,
						0.16308870367877318
					],
					"joint_state": {
						"position": [
							-2.2257,
							4.2927,
							1.096,
							-5.1362,
							1.0962,
							-0.2375,
							0.0
						],
						"velocity": [
							-0.0557,
							-0.0273,
							0.0613,
							-0.0705,
							0.0931,
							-0.0601,
							0.0
						],
						"effort": [
							0.0,
							0.0,
							0.0,
							0.0,
							0.0,
							0.0,
							0.0
						]
					},
					"lift_state": "lift_down"
				}
			}
		},
		"objects": {
			"Rack": {
				"Rack_02": {
					"name": "Rack_02",
					"pose": {
						"translation": [
							133.05699157714844,
							143.09999084472656,
							0.19921104609966278
						],
						"rotation": [
							0.983835756778717,
							0.1790735274553299,
							-4.97384462505579e-08,
							9.080395102500916e-09
						]
					}
				}
			}
		},
		"relationships": {
			"L-Rack": [
				[
					"AMR_LIFT01",
					"none"
				]
			]
		}
	},
	"timestamp_1": {
		"robots": {
			"ARMLIFT": {
				"AMR_LIFT01": {
					"name": "AMR_LIFT01",
					"pose": {
						"translation": [
							139.59742736816406,
							142.54150390625,
							0.06200656667351723
						],
						"rotation": [
							-0.009387941099703312,
							-0.0037326933816075325,
							-0.9298345446586609,
							0.36783933639526367
						]
					},
					"odometry": {
						"position": [
							0.5683917292332741,
							-7.7578171845440655,
							-0.012852442933727302
						],
						"orientation": [
							-0.019730482484852294,
							0.00037326453101152793,
							-0.9296627690906925,
							0.36788273199639404
						],
						"linear": [
							0.0044206976890563965,
							0.0,
							0.0
						],
						"angular": [
							0.0,
							0.0,
							0.0020483301486819983
						]
					},
					"aabb": [
						123.76655180926446,
						140.64397749805414,
						-0.012256192348240411,
						124.73642241192185,
						141.59047200621208,
						0.16309333018975283
					],
					"joint_state": {
						"position": [
							-2.225,
							4.2931,
							1.0953,
							-5.127,
							1.0997,
							-0.2363,
							0.0
						],
						"velocity": [
							-0.0309,
							-0.0367,
							0.0436,
							0.0472,
							0.0376,
							0.0496,
							0.0
						],
						"effort": [
							0.0,
							0.0,
							0.0,
							0.0,
							0.0,
							0.0,
							0.0
						]
					},
					"lift_state": "lift_down"
				}
			}
		},
		"objects": {
			"Rack": {
				"Rack_02": {
					"name": "Rack_02",
					"pose": {
						"translation": [
							133.05699157714844,
							143.09999084472656,
							0.19921104609966278
						],
						"rotation": [
							0.983835756778717,
							0.1790735274553299,
							-4.97384462505579e-08,
							9.080395102500916e-09
						]
					}
				}
			}
		},
		"relationships": {
			"L-Rack": [
				[
					"AMR_LIFT01",
					"none"
				]
			]
		}
	},
	"timestamp_2": {
		"robots": {
			"ARMLIFT": {
				"AMR_LIFT01": {
					"name": "AMR_LIFT01",
					"pose": {
						"translation": [
							139.59762573242188,
							142.541259765625,
							0.062006108462810516
						],
						"rotation": [
							-0.009393108077347279,
							-0.003719487227499485,
							-0.9298685789108276,
							0.36775311827659607
						]
					},
					"odometry": {
						"position": [
							0.5685089219130725,
							-7.757905066494171,
							-0.012853724104432652
						],
						"orientation": [
							-0.01974108875235638,
							0.0003894222740990222,
							-0.9296915201893909,
							0.3678094820054313
						],
						"linear": [
							0.0018517140997573733,
							0.0,
							0.0
						],
						"angular": [
							0.0,
							0.0,
							-0.005772255826741457
						]
					},
					"aabb": [
						123.76632879422577,
						140.6440410925519,
						-0.012264568254849437,
						124.73616691367313,
						141.59057306283887,
						0.16310092188144346
					],
					"joint_state": {
						"position": [
							-2.2233,
							4.2935,
							1.098,
							-5.1313,
							1.0938,
							-0.2332,
							0.0
						],
						"velocity": [
							0.0016,
							0.0013,
							0.1507,
							-0.1925,
							0.0288,
							-0.0016,
							0.0
						],
						"effort": [
							0.0,
							0.0,
							0.0,
							0.0,
							0.0,
							0.0,
							0.0
						]
					},
					"lift_state": "lift_down"
				}
			}
		},
		"objects": {
			"Rack": {
				"Rack_02": {
					"name": "Rack_02",
					"pose": {
						"translation": [
							133.05699157714844,
							143.09999084472656,
							0.19921104609966278
						],
						"rotation": [
							0.983835756778717,
							0.1790735274553299,
							-4.97384462505579e-08,
							9.080395102500916e-09
						]
					}
				}
			}
		},
		"relationships": {
			"L-Rack": [
				[
					"AMR_LIFT01",
					"none"
				]
			]
		}
	},
	"timestamp_3": {
		"robots": {
			"ARMLIFT": {
				"AMR_LIFT01": {
					"name": "AMR_LIFT01",
					"pose": {
						"translation": [
							139.59759521484375,
							142.54151916503906,
							0.062014464288949966
						],
						"rotation": [
							-0.009414233267307281,
							-0.0037143402732908726,
							-0.929927408695221,
							0.3676038086414337
						]
					},
					"odometry": {
						"position": [
							0.5685578795906051,
							-7.757807394439064,
							-0.012848215005585775
						],
						"orientation": [
							-0.019757814520261503,
							0.0003889964899459005,
							-0.9297553590947544,
							0.3676471809788541
						],
						"linear": [
							0.00011506761802593246,
							0.0,
							0.0
						],
						"angular": [
							0.0,
							0.0,
							-0.0013027820969000459
						]
					},
					"aabb": [
						123.76613995882886,
						140.64427541927057,
						-0.012256155612283198,
						124.73604507033691,
						141.5907302920026,
						0.16310729433808735
					],
					"joint_state": {
						"position": [
							-2.2221,
							4.2939,
							1.1146,
							-5.1333,
							1.1146,
							-0.2433,
							0.0
						],
						"velocity": [
							0.0087,
							0.0098,
							-0.0594,
							0.0034,
							0.0956,
							-0.108,
							0.0
						],
						"effort": [
							0.0,
							0.0,
							0.0,
							0.0,
							0.0,
							0.0,
							0.0
						]
					},
					"lift_state": "lift_down"
				}
			}
		},
		"objects": {
			"Rack": {
				"Rack_02": {
					"name": "Rack_02",
					"pose": {
						"translation": [
							133.05699157714844,
							143.09999084472656,
							0.19921104609966278
						],
						"rotation": [
							0.983835756778717,
							0.1790735274553299,
							-4.97384462505579e-08,
							9.080395102500916e-09
						]
					}
				}
			}
		},
		"relationships": {
			"L-Rack": [
				[
					"AMR_LIFT01",
					"none"
				]
			]
		}
	},
	"timestamp_4": {
		"robots": {
			"ARMLIFT": {
				"AMR_LIFT01": {
					"name": "AMR_LIFT01",
					"pose": {
						"translation": [
							139.59812927246094,
							142.54185485839844,
							0.06200649216771126
						],
						"rotation": [
							-0.009407463483512402,
							-0.0037006258498877287,
							-0.9298346042633057,
							0.36783909797668457
						]
					},