{
	"timestamp_0": {
		"robots": {
			"ARMLIFT": {
				"AMR_LIFT01": {
					"name": "AMR_LIFT01",
					"pose": {
						"translation": [
							139.61904907226562,
							142.44808959960938,
							0.06200149282813072
						],
						"rotation": [
							-0.009412839077413082,
							-0.0035721203312277794,
							-0.9347432851791382,
							0.3551812469959259
						]
					},
					"odometry": {
						"position": [
							0.5900122598274687,
							-7.851234199671077,
							-0.013341261080463367
						],
						"orientation": [
							-0.019810181592810405,
							0.0003930210200209584,
							-0.9345712448683728,
							0.3552238597066894
						],
						"linear": [
							0.0014993000077083707,
							0.0,
							0.0
						],
						"angular": [
							0.0,
							0.0,
							0.0004764800250995904
						]
					},
					"aabb": [
						123.73661769801032,
						140.74713494292573,
						-0.014730082595107018,
						124.71500070121843,
						141.6827453305708,
						0.16291161605687954
					],
					"joint_state": {
						"position": [
							-1.509,
							4.825,
							1.0107,
							-5.7285,
							1.0648,
							-0.8438,
							0.0
						],
						"velocity": [
							0.0006,
							0.0008,
							-0.0173,
							-0.0014,
							-0.0058,
							-0.0028,
							0.0
						],
						"effort": [
							0.0,
							0.0,
							0.0,
							0.0,
							0.0,
							0.0,
							0.0
						]
					},
					"lift_state": "lift_down"
				}
			}
		},
		"objects": {
			"Rack": {
				"Rack_02": {
					"name": "Rack_02",
					"pose": {
						"translation": [
							133.05699157714844,
							143.09999084472656,
							0.19921104609966278
						],
						"rotation": [
							0.983835756778717,
							0.1790735274553299,
							-4.97384462505579e-08,
							9.080395102500916e-09
						]
					}
				}
			}
		},
		"relationships": {
			"L-Rack": [
				[
					"AMR_LIFT01",
					"none"
				]
			]
		}
	},
	"timestamp_1": {
		"robots": {
			"ARMLIFT": {
				"AMR_LIFT01": {
					"name": "AMR_LIFT01",
					"pose": {
						"translation": [
							139.61898803710938,
							142.44802856445312,
							0.06199996918439865
						],
						"rotation": [
							-0.009402735158801079,
							-0.0035715224221348763,
							-0.9347584247589111,
							0.35514184832572937
						]
					},
					"odometry": {
						"position": [
							0.5899438867772929,
							-7.851292800155255,
							-0.01334125444014315
						],
						"orientation": [
							-0.019800243084599746,
							0.00039318031362563433,
							-0.9345864976479016,
							0.3551842820245015
						],
						"linear": [
							-0.005842858459800482,
							0.0,
							0.0
						],
						"angular": [
							0.0,
							0.0,
							0.0002767398545984179
						]
					},
					"aabb": [
						123.7367610581419,
						140.74701903290767,
						-0.014743545830555376,
						124.71516760582291,
						141.68259417444048,
						0.16291076645844663
					],
					"joint_state": {
						"position": [
							-1.5081,
							4.8265,
							0.9872,
							-5.72,
							1.0501,
							-0.8394,
							0.0
						],
						"velocity": [
							0.0462,
							0.0535,
							-0.01,
							0.0779,
							-0.0114,
							0.076,
							0.0
						],
						"effort": [
							0.0,
							0.0,
							0.0,
							0.0,
							0.0,
							0.0,
							0.0
						]
					},
					"lift_state": "lift_down"
				}
			}
		},
		"objects": {
			"Rack": {
				"Rack_02": {
					"name": "Rack_02",
					"pose": {
						"translation": [
							133.05699157714844,
							143.09999084472656,
							0.19921104609966278
						],
						"rotation": [
							0.983835756778717,
							0.1790735274553299,
							-4.97384462505579e-08,
							9.080395102500916e-09
						]
					}
				}
			}
		},
		"relationships": {
			"L-Rack": [
				[
					"AMR_LIFT01",
					"none"
				]
			]
		}
	},
	"timestamp_2": {
		"robots": {
			"ARMLIFT": {
				"AMR_LIFT01": {
					"name": "AMR_LIFT01",
					"pose": {
						"translation": [
							139.6193389892578,
							142.4474334716797,
							0.06200256198644638
						],
						"rotation": [
							-0.009408995509147644,
							-0.003574661910533905,
							-0.934617280960083,
							0.3555128574371338
						]
					},
					"odometry": {
						"position": [
							0.5903052144991869,
							-7.8518884801392135,
							-0.013346715041954896
						],
						"orientation": [
							-0.01980492893549793,
							0.0003941682349919113,
							-0.9344452799312316,
							0.35555537998391273
						],
						"linear": [
							-0.0002456054789945483,
							0.0,
							0.0
						],
						"angular": [
							0.0,
							0.0,
							-0.004685572814196348
						]
					},
					"aabb": [
						123.73675673457711,
						140.7473495375361,
						-0.014743892631757016,
						124.71493214405052,
						141.68323962312022,
						0.16290506485539957
					],
					"joint_state": {
						"position": [
							-1.508,
							4.8266,
							0.9997,
							-5.7268,
							1.0496,
							-0.8465,
							0.0
						],
						"velocity": [
							0.0099,
							0.0174,
							0.2959,
							-0.1431,
							0.013,
							-0.0445,
							0.0
						],
						"effort": [
							0.0,
							0.0,
							0.0,
							0.0,
							0.0,
							0.0,
							0.0
						]
					},
					"lift_state": "lift_down"
				}
			}
		},
		"objects": {
			"Rack": {
				"Rack_02": {
					"name": "Rack_02",
					"pose": {
						"translation": [
							133.05699157714844,
							143.09999084472656,
							0.19921104609966278
						],
						"rotation": [
							0.983835756778717,
							0.1790735274553299,
							-4.97384462505579e-08,
							9.080395102500916e-09
						]
					}
				}
			}
		},
		"relationships": {
			"L-Rack": [
				[
					"AMR_LIFT01",
					"none"
				]
			]
		}
	},
	"timestamp_3": {
		"robots": {
			"ARMLIFT": {
				"AMR_LIFT01": {
					"name": "AMR_LIFT01",
					"pose": {
						"translation": [
							139.61941528320312,
							142.44720458984375,
							0.062000539153814316
						],
						"rotation": [
							-0.009399013593792915,
							-0.0035742102190852165,
							-0.9345781207084656,
							0.35561615228652954
						]
					},
					"odometry": {
						"position": [
							0.5903832871703221,
							-7.8521228554699345,
							-0.013350494311649306
						],
						"orientation": [
							-0.019794508382431845,
							0.0003957685205270974,
							-0.9344062309175831,
							0.35565856720676986
						],
						"linear": [
							-0.00046083531924523413,
							0.0,
							0.0
						],
						"angular": [
							0.0,
							0.0,
							-0.0036244778893887997
						]
					},
					"aabb": [
						123.73667724496545,
						140.74778581556106,
						-0.014749893450616745,
						124.7147516645082,
						141.68381383773786,
						0.16290300479100422
					],
					"joint_state": {
						"position": [
							-1.5075,
							4.8275,
							0.9776,
							-5.7188,
							1.0294,
							-0.8387,
							0.0
						],
						"velocity": [
							-0.0201,
							-0.0171,
							0.0603,
							-0.0391,
							0.0719,
							-0.0426,
							0.0
						],
						"effort": [
							0.0,
							0.0,
							0.0,
							0.0,
							0.0,
							0.0,
							0.0
						]
					},
					"lift_state": "lift_down"
				}
			}
		},
		"objects": {
			"Rack": {
				"Rack_02": {
					"name": "Rack_02",
					"pose": {
						"translation": [
							133.05699157714844,
							143.09999084472656,
							0.19921104609966278
						],
						"rotation": [
							0.983835756778717,
							0.1790735274553299,
							-4.97384462505579e-08,
							9.080395102500916e-09
						]
					}
				}
			}
		},
		"relationships": {
			"L-Rack": [
				[
					"AMR_LIFT01",
					"none"
				]
			]
		}
	},
	"timestamp_4": {
		"robots": {
			"ARMLIFT": {
				"AMR_LIFT01": {
					"name": "AMR_LIFT01",
					"pose": {
						"translation": [
							139.6195526123047,
							142.44711303710938,
							0.062000881880521774
						],
						"rotation": [
							-0.00939786247909069,
							-0.0035751808900386095,
							-0.9346001744270325,
							0.3555581271648407
						]
					},