{
	"timestamp_0": {
		"robots": {
			"ARMLIFT": {
				"AMR_LIFT01": {
					"name": "AMR_LIFT01",
					"pose": {
						"translation": [
							139.61798095703125,
							142.46786499023438,
							0.0620013028383255
						],
						"rotation": [
							-0.009435025975108147,
							-0.003601823002099991,
							-0.9343100190162659,
							0.35631871223449707
						]
					},
					"odometry": {
						"position": [
							0.5889372658143729,
							-7.831468592959747,
							-0.013316967206334481
						],
						"orientation": [
							-0.019827522662809974,
							0.0003759716558573827,
							-0.934137758747481,
							0.35636129934744987
						],
						"linear": [
							-0.002964575542137027,
							0.0,
							0.0
						],
						"angular": [
							0.0,
							0.0,
							-0.004531292710453272
						]
					},
					"aabb": [
						123.73853293934668,
						140.72645148361275,
						-0.014793897065348297,
						124.71617801420747,
						141.66308009601823,
						0.16295893086340063
					],
					"joint_state": {
						"position": [
							-1.6883,
							4.6651,
							1.1004,
							-5.5817,
							1.0979,
							-0.6916,
							0.0
						],
						"velocity": [
							0.0223,
							0.0223,
							0.0267,
							-0.0316,
							-0.0405,
							-0.0063,
							0.0
						],
						"effort": [
							0.0,
							0.0,
							0.0,
							0.0,
							0.0,
							0.0,
							0.0
						]
					},
					"lift_state": "lift_down"
				}
			}
		},
		"objects": {
			"Rack": {
				"Rack_02": {
					"name": "Rack_02",
					"pose": {
						"translation": [
							133.05699157714844,
							143.09999084472656,
							0.19921104609966278
						],
						"rotation": [
							0.983835756778717,
							0.1790735274553299,
							-4.97384462505579e-08,
							9.080395102500916e-09
						]
					}
				}
			}
		},
		"relationships": {
			"L-Rack": [
				[
					"AMR_LIFT01",
					"none"
				]
			]
		}
	},
	"timestamp_1": {
		"robots": {
			"ARMLIFT": {
				"AMR_LIFT01": {
					"name": "AMR_LIFT01",
					"pose": {
						"translation": [
							139.61795043945312,
							142.46786499023438,
							0.06200164556503296
						],
						"rotation": [
							-0.009428856894373894,
							-0.003602950368076563,
							-0.934259831905365,
							0.3564503788948059
						]
					},
					"odometry": {
						"position": [
							0.5889177455657951,
							-7.831458827760568,
							-0.013316232369359035
						],
						"orientation": [
							-0.019820796107867168,
							0.00037630909870022374,
							-0.934087638755973,
							0.35649302595759647
						],
						"linear": [
							-0.0019517011241987348,
							0.0,
							0.0
						],
						"angular": [
							0.0,
							0.0,
							0.0035799420438706875
						]
					},
					"aabb": [
						123.73853797093672,
						140.72655632741757,
						-0.014776546370658871,
						124.71614688388074,
						141.6632324067815,
						0.16295610720914153
					],
					"joint_state": {
						"position": [
							-1.688,
							4.6653,
							1.0997,
							-5.5824,
							1.0848,
							-0.6805,
							0.0
						],
						"velocity": [
							-0.0063,
							0.0143,
							-0.0718,
							0.0204,
							-0.054,
							0.0087,
							0.0
						],
						"effort": [
							0.0,
							0.0,
							0.0,
							0.0,
							0.0,
							0.0,
							0.0
						]
					},
					"lift_state": "lift_down"
				}
			}
		},
		"objects": {
			"Rack": {
				"Rack_02": {
					"name": "Rack_02",
					"pose": {
						"translation": [
							133.05699157714844,
							143.09999084472656,
							0.19921104609966278
						],
						"rotation": [
							0.983835756778717,
							0.1790735274553299,
							-4.97384462505579e-08,
							9.080395102500916e-09
						]
					}
				}
			}
		},
		"relationships": {
			"L-Rack": [
				[
					"AMR_LIFT01",
					"none"
				]
			]
		}
	},
	"timestamp_2": {
		"robots": {
			"ARMLIFT": {
				"AMR_LIFT01": {
					"name": "AMR_LIFT01",
					"pose": {
						"translation": [
							139.61782836914062,
							142.46800231933594,
							0.06200298294425011
						],
						"rotation": [
							-0.009443591348826885,
							-0.003603566437959671,
							-0.9344261288642883,
							0.35601359605789185
						]
					},
					"odometry": {
						"position": [
							0.588771273669168,
							-7.831370946443835,
							-0.013313831967863078
						],
						"orientation": [
							-0.019838498325523216,
							0.00037795368606770746,
							-0.9342534690168356,
							0.35605722400368195
						],
						"linear": [
							-0.002503006486222148,
							0.0,
							0.0
						],
						"angular": [
							0.0,
							0.0,
							0.0006234474130906165
						]
					},
					"aabb": [
						123.73856791158227,
						140.72654085892745,
						-0.014679179547358938,
						124.7164121059436,
						141.66289944244764,
						0.162958450765623
					],
					"joint_state": {
						"position": [
							-1.6862,
							4.6676,
							1.1272,
							-5.6017,
							1.1172,
							-0.6935,
							0.0
						],
						"velocity": [
							0.0029,
							-0.0043,
							0.0001,
							0.0008,
							0.0259,
							0.0032,
							0.0
						],
						"effort": [
							0.0,
							0.0,
							0.0,
							0.0,
							0.0,
							0.0,
							0.0
						]
					},
					"lift_state": "lift_down"
				}
			}
		},
		"objects": {
			"Rack": {
				"Rack_02": {
					"name": "Rack_02",
					"pose": {
						"translation": [
							133.05699157714844,
							143.09999084472656,
							0.19921104609966278
						],
						"rotation": [
							0.983835756778717,
							0.1790735274553299,
							-4.97384462505579e-08,
							9.080395102500916e-09
						]
					}
				}
			}
		},
		"relationships": {
			"L-Rack": [
				[
					"AMR_LIFT01",
					"none"
				]
			]
		}
	},
	"timestamp_3": {
		"robots": {
			"ARMLIFT": {
				"AMR_LIFT01": {
					"name": "AMR_LIFT01",
					"pose": {
						"translation": [
							139.6176300048828,
							142.4678497314453,
							0.062002941966056824
						],
						"rotation": [
							-0.009442703798413277,
							-0.003605461912229657,
							-0.9343970417976379,
							0.3560900390148163
						]
					},
					"odometry": {
						"position": [
							0.5885955895825239,
							-7.831478373611013,
							-0.013307767558833464
						],
						"orientation": [
							-0.019836175685697913,
							0.00036978965983253153,
							-0.9342246931313037,
							0.35613285741910283
						],
						"linear": [
							0.0020406399853527546,
							0.0,
							0.0
						],
						"angular": [
							0.0,
							0.0,
							0.0021862711291760206
						]
					},
					"aabb": [
						123.73874318444378,
						140.7266122112158,
						-0.014733665450725866,
						124.71651641321134,
						141.6630679493274,
						0.1629605162855559
					],
					"joint_state": {
						"position": [
							-1.6854,
							4.6672,
							1.1136,
							-5.5917,
							1.1179,
							-0.6946,
							0.0
						],
						"velocity": [
							-0.0355,
							-0.0222,
							-0.0695,
							0.0326,
							-0.0586,
							0.0308,
							0.0
						],
						"effort": [
							0.0,
							0.0,
							0.0,
							0.0,
							0.0,
							0.0,
							0.0
						]
					},
					"lift_state": "lift_down"
				}
			}
		},
		"objects": {
			"Rack": {
				"Rack_02": {
					"name": "Rack_02",
					"pose": {
						"translation": [
							133.05699157714844,
							143.09999084472656,
							0.19921104609966278
						],
						"rotation": [
							0.983835756778717,
							0.1790735274553299,
							-4.97384462505579e-08,
							9.080395102500916e-09
						]
					}
				}
			}
		},
		"relationships": {
			"L-Rack": [
				[
					"AMR_LIFT01",
					"none"
				]
			]
		}
	},
	"timestamp_4": {
		"robots": {
			"ARMLIFT": {
				"AMR_LIFT01": {
					"name": "AMR_LIFT01",
					"pose": {
						"translation": [
							139.617919921875,
							142.4677276611328,
							0.06200172379612923
						],
						"rotation": [
							-0.009444326162338257,
							-0.0036026511806994677,
							-0.9344142079353333,
							0.3560449182987213
						]
					},