{
	"timestamp_0": {
		"robots": {
			"ARMLIFT": {
				"AMR_LIFT01": {
					"name": "AMR_LIFT01",
					"pose": {
						"translation": [
							139.60446166992188,
							142.51654052734375,
							0.06200901046395302
						],
						"rotation": [
							-0.009426269680261612,
							-0.0037514136638492346,
							-0.929877519607544,
							0.3677296042442322
						]
					},
					"odometry": {
						"position": [
							0.5754226037114148,
							-7.782787558726478,
							-0.013007142868548354
						],
						"orientation": [
							-0.019769286985333746,
							0.00035332342184710386,
							-0.9297052992782121,
							0.3677731732313561
						],
						"linear": [
							-0.0017760019982233644,
							0.0,
							0.0
						],
						"angular": [
							0.0,
							0.0,
							-0.0022153048776090145
						]
					},
					"aabb": [
						123.75935822567062,
						140.66905054985833,
						-0.013966789941384268,
						124.72920553632133,
						141.6155839006128,
						0.1630543336863599
					],
					"joint_state": {
						"position": [
							-2.058,
							4.4064,
							1.2087,
							-5.3337,
							1.2046,
							-0.4773,
							0.0
						],
						"velocity": [
							0.0245,
							0.0227,
							0.0785,
							-0.0728,
							0.1073,
							-0.0538,
							0.0
						],
						"effort": [
							0.0,
							0.0,
							0.0,
							0.0,
							0.0,
							0.0,
							0.0
						]
					},
					"lift_state": "lift_down"
				}
			}
		},
		"objects": {
			"Rack": {
				"Rack_02": {
					"name": "Rack_02",
					"pose": {
						"translation": [
							133.05699157714844,
							143.09999084472656,
							0.19921104609966278
						],
						"rotation": [
							0.983835756778717,
							0.1790735274553299,
							-4.97384462505579e-08,
							9.080395102500916e-09
						]
					}
				}
			}
		},
		"relationships": {
			"L-Rack": [
				[
					"AMR_LIFT01",
					"none"
				]
			]
		}
	},
	"timestamp_1": {
		"robots": {
			"ARMLIFT": {
				"AMR_LIFT01": {
					"name": "AMR_LIFT01",
					"pose": {
						"translation": [
							139.60479736328125,
							142.51600646972656,
							0.06200336292386055
						],
						"rotation": [
							-0.00943690724670887,
							-0.003719089785590768,
							-0.929986834526062,
							0.36745312809944153
						]
					},
					"odometry": {
						"position": [
							0.5757642187086734,
							-7.783324662134748,
							-0.013020398087571026
						],
						"orientation": [
							-0.019781143282368557,
							0.00038256924706327666,
							-0.9298145283178388,
							0.36749626248478834
						],
						"linear": [
							0.003099194960668683,
							0.0,
							0.0
						],
						"angular": [
							0.0,
							0.0,
							0.0026963388081640005
						]
					},
					"aabb": [
						123.75882546213552,
						140.66972295271083,
						-0.014003443700866836,
						124.72886772060603,
						141.6160266650793,
						0.1630610223154705
					],
					"joint_state": {
						"position": [
							-2.0577,
							4.4075,
							1.2093,
							-5.3301,
							1.2125,
							-0.4784,
							0.0
						],
						"velocity": [
							-0.0148,
							-0.0133,
							-0.2665,
							0.2023,
							0.0353,
							-0.0134,
							0.0
						],
						"effort": [
							0.0,
							0.0,
							0.0,
							0.0,
							0.0,
							0.0,
							0.0
						]
					},
					"lift_state": "lift_down"
				}
			}
		},
		"objects": {
			"Rack": {
				"Rack_02": {
					"name": "Rack_02",
					"pose": {
						"translation": [
							133.05699157714844,
							143.09999084472656,
							0.19921104609966278
						],
						"rotation": [
							0.983835756778717,
							0.1790735274553299,
							-4.97384462505579e-08,
							9.080395102500916e-09
						]
					}
				}
			}
		},
		"relationships": {
			"L-Rack": [
				[
					"AMR_LIFT01",
					"none"
				]
			]
		}
	},
	"timestamp_2": {
		"robots": {
			"ARMLIFT": {
				"AMR_LIFT01": {
					"name": "AMR_LIFT01",
					"pose": {
						"translation": [
							139.60487365722656,
							142.5159149169922,
							0.06200855225324631
						],
						"rotation": [
							-0.00943568255752325,
							-0.0037327297031879425,
							-0.9299383759498596,
							0.3675754964351654
						]
					},
					"odometry": {
						"position": [
							0.5758326802611171,
							-7.783412539147319,
							-0.013016778768365682
						],
						"orientation": [
							-0.01977938125157077,
							0.0003702920783896645,
							-0.9297660696071909,
							0.36761895322232496
						],
						"linear": [
							-0.002696074079722166,
							0.0,
							0.0
						],
						"angular": [
							0.0,
							0.0,
							0.0015269493451341987
						]
					},
					"aabb": [
						123.75884393455722,
						140.66977694519744,
						-0.013831545315721967,
						124.72884530321652,
						141.6161302443745,
						0.16306343205353802
					],
					"joint_state": {
						"position": [
							-2.0568,
							4.4085,
							1.1998,
							-5.3199,
							1.2081,
							-0.4731,
							0.0
						],
						"velocity": [
							0.0251,
							0.0164,
							-0.1231,
							0.0843,
							-0.0733,
							0.0277,
							0.0
						],
						"effort": [
							0.0,
							0.0,
							0.0,
							0.0,
							0.0,
							0.0,
							0.0
						]
					},
					"lift_state": "lift_down"
				}
			}
		},
		"objects": {
			"Rack": {
				"Rack_02": {
					"name": "Rack_02",
					"pose": {
						"translation": [
							133.05699157714844,
							143.09999084472656,
							0.19921104609966278
						],
						"rotation": [
							0.983835756778717,
							0.1790735274553299,
							-4.97384462505579e-08,
							9.080395102500916e-09
						]
					}
				}
			}
		},
		"relationships": {
			"L-Rack": [
				[
					"AMR_LIFT01",
					"none"
				]
			]
		}
	},
	"timestamp_3": {
		"robots": {
			"ARMLIFT": {
				"AMR_LIFT01": {
					"name": "AMR_LIFT01",
					"pose": {
						"translation": [
							139.60464477539062,
							142.515625,
							0.062000274658203125
						],
						"rotation": [
							-0.009422722272574902,
							-0.003726092865690589,
							-0.9298810362815857,
							0.36772096157073975
						]
					},
					"odometry": {
						"position": [
							0.5756079579847317,
							-7.783705536719042,
							-0.013020049763392126
						],
						"orientation": [
							-0.019765780527261457,
							0.00037854671350135777,
							-0.9297088804204875,
							0.3677642835972763
						],
						"linear": [
							0.0015550007810816169,
							0.0,
							0.0
						],
						"angular": [
							0.0,
							0.0,
							0.0019129860447719693
						]
					},
					"aabb": [
						123.758966561772,
						140.67008518259095,
						-0.013754177936014833,
						124.728962315775,
						141.61644272298173,
						0.16306508897078945
					],
					"joint_state": {
						"position": [
							-2.0565,
							4.4097,
							1.1896,
							-5.3105,
							1.1889,
							-0.4597,
							0.0
						],
						"velocity": [
							-0.0158,
							0.0149,
							-0.0207,
							0.0245,
							-0.0749,
							0.025,
							0.0
						],
						"effort": [
							0.0,
							0.0,
							0.0,
							0.0,
							0.0,
							0.0,
							0.0
						]
					},
					"lift_state": "lift_down"
				}
			}
		},
		"objects": {
			"Rack": {
				"Rack_02": {
					"name": "Rack_02",
					"pose": {
						"translation": [
							133.05699157714844,
							143.09999084472656,
							0.19921104609966278
						],
						"rotation": [
							0.983835756778717,
							0.1790735274553299,
							-4.97384462505579e-08,
							9.080395102500916e-09
						]
					}
				}
			}
		},
		"relationships": {
			"L-Rack": [
				[
					"AMR_LIFT01",
					"none"
				]
			]
		}
	},
	"timestamp_4": {
		"robots": {
			"ARMLIFT": {
				"AMR_LIFT01": {
					"name": "AMR_LIFT01",
					"pose": {
						"translation": [
							139.6051483154297,
							142.51522827148438,
							0.06200046464800835
						],
						"rotation": [
							-0.009420492686331272,
							-0.003727078903466463,
							-0.9298932552337646,
							0.3676901161670685
						]
					},