{
	"timestamp_0": {
		"robots": {
			"ARMLIFT": {
				"AMR_LIFT01": {
					"name": "AMR_LIFT01",
					"pose": {
						"translation": [
							139.57757568359375,
							142.58358764648438,
							0.06200344115495682
						],
						"rotation": [
							-0.009245946072041988,
							-0.003711374243721366,
							-0.9283759593963623,
							0.3715091049671173
						]
					},
					"odometry": {
						"position": [
							0.5485408522771142,
							-7.7157380838221,
							-0.012412564438551236
						],
						"orientation": [
							-0.019572212611594815,
							0.00043540679525360055,
							-0.9282057778514536,
							0.37155184413159265
						],
						"linear": [
							0.0006044581532478333,
							0.0,
							0.0
						],
						"angular": [
							0.0,
							0.0,
							0.001153548015281558
						]
					},
					"aabb": [
						123.78891496862792,
						140.5990692142429,
						-0.012186651494888436,
						124.75608667925029,
						141.5486509819246,
						0.16312818750628696
					],
					"joint_state": {
						"position": [
							-2.45,
							4.1082,
							0.6497,
							-4.7043,
							0.6592,
							0.2002,
							0.0
						],
						"velocity": [
							-0.0006,
							-0.021,
							-0.0268,
							0.014,
							-0.0681,
							0.0139,
							0.0
						],
						"effort": [
							0.0,
							0.0,
							0.0,
							0.0,
							0.0,
							0.0,
							0.0
						]
					},
					"lift_state": "lift_down"
				}
			}
		},
		"objects": {
			"Rack": {
				"Rack_02": {
					"name": "Rack_02",
					"pose": {
						"translation": [
							133.05699157714844,
							143.09999084472656,
							0.19921104609966278
						],
						"rotation": [
							0.983835756778717,
							0.1790735274553299,
							-4.97384462505579e-08,
							9.080395102500916e-09
						]
					}
				}
			}
		},
		"relationships": {
			"L-Rack": [
				[
					"AMR_LIFT01",
					"none"
				]
			]
		}
	},
	"timestamp_1": {
		"robots": {
			"ARMLIFT": {
				"AMR_LIFT01": {
					"name": "AMR_LIFT01",
					"pose": {
						"translation": [
							139.57798767089844,
							142.58297729492188,
							0.062001798301935196
						],
						"rotation": [
							-0.009255796670913696,
							-0.003700797911733389,
							-0.9284434914588928,
							0.3713400065898895
						]
					},
					"odometry": {
						"position": [
							0.5489606664635921,
							-7.71635330030247,
							-0.012423542935571992
						],
						"orientation": [
							-0.019582819725150094,
							0.0004441015951666939,
							-0.9282732110028187,
							0.37138276976712586
						],
						"linear": [
							0.005304738879203796,
							0.0,
							0.0
						],
						"angular": [
							0.0,
							0.0,
							-0.00060261320322752
						]
					},
					"aabb": [
						123.78804422896661,
						140.60013406233878,
						-0.01218087928802478,
						124.7553338745994,
						141.5495845334112,
						0.16312579866379398
					],
					"joint_state": {
						"position": [
							-2.4506,
							4.1099,
							0.6798,
							-4.714,
							0.6846,
							0.1925,
							0.0
						],
						"velocity": [
							-0.049,
							-0.0206,
							0.4526,
							-0.1099,
							0.2086,
							-0.0415,
							0.0
						],
						"effort": [
							0.0,
							0.0,
							0.0,
							0.0,
							0.0,
							0.0,
							0.0
						]
					},
					"lift_state": "lift_down"
				}
			}
		},
		"objects": {
			"Rack": {
				"Rack_02": {
					"name": "Rack_02",
					"pose": {
						"translation": [
							133.05699157714844,
							143.09999084472656,
							0.19921104609966278
						],
						"rotation": [
							0.983835756778717,
							0.1790735274553299,
							-4.97384462505579e-08,
							9.080395102500916e-09
						]
					}
				}
			}
		},
		"relationships": {
			"L-Rack": [
				[
					"AMR_LIFT01",
					"none"
				]
			]
		}
	},
	"timestamp_2": {
		"robots": {
			"ARMLIFT": {
				"AMR_LIFT01": {
					"name": "AMR_LIFT01",
					"pose": {
						"translation": [
							139.5778045654297,
							142.5829315185547,
							0.06200652942061424
						],
						"rotation": [
							-0.00924605131149292,
							-0.003725301008671522,
							-0.9282708168029785,
							0.37177157402038574
						]
					},
					"odometry": {
						"position": [
							0.5487752727120724,
							-7.716392363410743,
							-0.012414693021185306
						],
						"orientation": [
							-0.019571145062638285,
							0.0004244008734090785,
							-0.92810061985596,
							0.37181450965208257
						],
						"linear": [
							-0.0014566301833838224,
							0.0,
							0.0
						],
						"angular": [
							0.0,
							0.0,
							-0.0003950544632971287
						]
					},
					"aabb": [
						123.7886114551402,
						140.59972218726503,
						-0.012198699850113806,
						124.75566787714483,
						141.54943704990455,
						0.16312582443190862
					],
					"joint_state": {
						"position": [
							-2.4495,
							4.1106,
							0.6721,
							-4.712,
							0.6716,
							0.1904,
							0.0
						],
						"velocity": [
							-0.0009,
							-0.0006,
							0.0008,
							0.001,
							-0.023,
							0.0009,
							0.0
						],
						"effort": [
							0.0,
							0.0,
							0.0,
							0.0,
							0.0,
							0.0,
							0.0
						]
					},
					"lift_state": "lift_down"
				}
			}
		},
		"objects": {
			"Rack": {
				"Rack_02": {
					"name": "Rack_02",
					"pose": {
						"translation": [
							133.05699157714844,
							143.09999084472656,
							0.19921104609966278
						],
						"rotation": [
							0.983835756778717,
							0.1790735274553299,
							-4.97384462505579e-08,
							9.080395102500916e-09
						]
					}
				}
			}
		},
		"relationships": {
			"L-Rack": [
				[
					"AMR_LIFT01",
					"none"
				]
			]
		}
	},
	"timestamp_3": {
		"robots": {
			"ARMLIFT": {
				"AMR_LIFT01": {
					"name": "AMR_LIFT01",
					"pose": {
						"translation": [
							139.57717895507812,
							142.5832061767578,
							0.061999548226594925
						],
						"rotation": [
							-0.00924378540366888,
							-0.0037008689250797033,
							-0.928310751914978,
							0.37167179584503174
						]
					},
					"odometry": {
						"position": [
							0.5481404939970701,
							-7.716128738606303,
							-0.012407587849096045
						],
						"orientation": [
							-0.019569332957524645,
							0.00044772253821299187,
							-0.9281406043864623,
							0.37171475521057673
						],
						"linear": [
							0.004121178761124611,
							0.0,
							0.0
						],
						"angular": [
							0.0,
							0.0,
							0.005056882742792368
						]
					},
					"aabb": [
						123.7890317655903,
						140.59956830460823,
						-0.012197480640129467,
						124.7561084446907,
						141.54925885277234,
						0.16312386343130872
					],
					"joint_state": {
						"position": [
							-2.4485,
							4.1105,
							0.6611,
							-4.7118,
							0.6465,
							0.1937,
							0.0
						],
						"velocity": [
							-0.0017,
							0.0073,
							-0.0493,
							0.0142,
							-0.2386,
							0.011,
							0.0
						],
						"effort": [
							0.0,
							0.0,
							0.0,
							0.0,
							0.0,
							0.0,
							0.0
						]
					},
					"lift_state": "lift_down"
				}
			}
		},
		"objects": {
			"Rack": {
				"Rack_02": {
					"name": "Rack_02",
					"pose": {
						"translation": [
							133.05699157714844,
							143.09999084472656,
							0.19921104609966278
						],
						"rotation": [
							0.983835756778717,
							0.1790735274553299,
							-4.97384462505579e-08,
							9.080395102500916e-09
						]
					}
				}
			}
		},
		"relationships": {
			"L-Rack": [
				[
					"AMR_LIFT01",
					"none"
				]
			]
		}
	},
	"timestamp_4": {
		"robots": {
			"ARMLIFT": {
				"AMR_LIFT01": {
					"name": "AMR_LIFT01",
					"pose": {
						"translation": [
							139.5775146484375,
							142.58236694335938,
							0.062006376683712006
						],
						"rotation": [
							-0.009248361922800541,
							-0.00370292691513896,
							-0.9283185601234436,
							0.37165236473083496
						]
					},