{
	"timestamp_0": {
		"robots": {
			"ARMLIFT": {
				"AMR_LIFT01": {
					"name": "AMR_LIFT01",
					"pose": {
						"translation": [
							139.59742736816406,
							142.53578186035156,
							0.0619998537003994
						],
						"rotation": [
							-0.009393535554409027,
							-0.003737938590347767,
							-0.9290845394134521,
							0.3697294294834137
						]
					},
					"odometry": {
						"position": [
							0.5683918810077611,
							-7.76354963098701,
							-0.01285930375707279
						],
						"orientation": [
							-0.019727703945435958,
							0.000389044094457472,
							-0.928912692575645,
							0.36977273549249046
						],
						"linear": [
							0.002204266842454672,
							0.0,
							0.0
						],
						"angular": [
							0.0,
							0.0,
							-0.0011132685467600822
						]
					},
					"aabb": [
						123.76749392098488,
						140.64826601428337,
						-0.01172713080749438,
						124.73598383006009,
						141.59638500026904,
						0.16309176515587345
					],
					"joint_state": {
						"position": [
							-2.1697,
							4.3222,
							1.1298,
							-5.1374,
							1.1411,
							-0.3032,
							0.0
						],
						"velocity": [
							-0.0075,
							-0.015,
							0.0145,
							-0.0417,
							0.0706,
							-0.0271,
							0.0
						],
						"effort": [
							0.0,
							0.0,
							0.0,
							0.0,
							0.0,
							0.0,
							0.0
						]
					},
					"lift_state": "lift_down"
				}
			}
		},
		"objects": {
			"Rack": {
				"Rack_02": {
					"name": "Rack_02",
					"pose": {
						"translation": [
							133.05699157714844,
							143.09999084472656,
							0.19921104609966278
						],
						"rotation": [
							0.983835756778717,
							0.1790735274553299,
							-4.97384462505579e-08,
							9.080395102500916e-09
						]
					}
				}
			}
		},
		"relationships": {
			"L-Rack": [
				[
					"AMR_LIFT01",
					"none"
				]
			]
		}
	},
	"timestamp_1": {
		"robots": {
			"ARMLIFT": {
				"AMR_LIFT01": {
					"name": "AMR_LIFT01",
					"pose": {
						"translation": [
							139.5975799560547,
							142.53553771972656,
							0.06200198829174042
						],
						"rotation": [
							-0.009402953088283539,
							-0.003731728531420231,
							-0.9291618466377258,
							0.3695351481437683
						]
					},
					"odometry": {
						"position": [
							0.5685481527088577,
							-7.763793759575446,
							-0.012860650342028858
						],
						"orientation": [
							-0.019737978707595083,
							0.0003930914823634613,
							-0.9289899015690459,
							0.3695781655595466
						],
						"linear": [
							4.613347118720412e-05,
							0.0,
							0.0
						],
						"angular": [
							0.0,
							0.0,
							0.0014886490534991026
						]
					},
					"aabb": [
						123.76738231247606,
						140.64876866268548,
						-0.011699024174028625,
						124.73598141455093,
						141.59676244286663,
						0.1630833017274673
					],
					"joint_state": {
						"position": [
							-2.1688,
							4.3235,
							1.1426,
							-5.1444,
							1.149,
							-0.3135,
							0.0
						],
						"velocity": [
							0.0315,
							0.0319,
							0.0083,
							0.0422,
							-0.001,
							0.042,
							0.0
						],
						"effort": [
							0.0,
							0.0,
							0.0,
							0.0,
							0.0,
							0.0,
							0.0
						]
					},
					"lift_state": "lift_down"
				}
			}
		},
		"objects": {
			"Rack": {
				"Rack_02": {
					"name": "Rack_02",
					"pose": {
						"translation": [
							133.05699157714844,
							143.09999084472656,
							0.19921104609966278
						],
						"rotation": [
							0.983835756778717,
							0.1790735274553299,
							-4.97384462505579e-08,
							9.080395102500916e-09
						]
					}
				}
			}
		},
		"relationships": {
			"L-Rack": [
				[
					"AMR_LIFT01",
					"none"
				]
			]
		}
	},
	"timestamp_2": {
		"robots": {
			"ARMLIFT": {
				"AMR_LIFT01": {
					"name": "AMR_LIFT01",
					"pose": {
						"translation": [
							139.597412109375,
							142.5358123779297,
							0.06200450658798218
						],
						"rotation": [
							-0.009412138722836971,
							-0.0037325378507375717,
							-0.9291302561759949,
							0.3696140944957733
						]
					},
					"odometry": {
						"position": [
							0.5683724565006473,
							-7.7635203259160885,
							-0.012854221637917445
						],
						"orientation": [
							-0.01974681711764738,
							0.00039316106581801103,
							-0.9289582078633978,
							0.36965735036831443
						],
						"linear": [
							0.0007399105816148221,
							0.0,
							0.0
						],
						"angular": [
							0.0,
							0.0,
							-0.0018912593368440866
						]
					},
					"aabb": [
						123.76741858845031,
						140.64853220886815,
						-0.011671770615067658,
						124.73597874244075,
						141.59657233616258,
						0.16308434250711015
					],
					"joint_state": {
						"position": [
							-2.1672,
							4.3247,
							1.1592,
							-5.1477,
							1.1629,
							-0.3214,
							0.0
						],
						"velocity": [
							-0.0313,
							-0.0312,
							0.0737,
							0.0084,
							0.0987,
							0.0111,
							0.0
						],
						"effort": [
							0.0,
							0.0,
							0.0,
							0.0,
							0.0,
							0.0,
							0.0
						]
					},
					"lift_state": "lift_down"
				}
			}
		},
		"objects": {
			"Rack": {
				"Rack_02": {
					"name": "Rack_02",
					"pose": {
						"translation": [
							133.05699157714844,
							143.09999084472656,
							0.19921104609966278
						],
						"rotation": [
							0.983835756778717,
							0.1790735274553299,
							-4.97384462505579e-08,
							9.080395102500916e-09
						]
					}
				}
			}
		},
		"relationships": {
			"L-Rack": [
				[
					"AMR_LIFT01",
					"none"
				]
			]
		}
	},
	"timestamp_3": {
		"robots": {
			"ARMLIFT": {
				"AMR_LIFT01": {
					"name": "AMR_LIFT01",
					"pose": {
						"translation": [
							139.59765625,
							142.53518676757812,
							0.061999548226594925
						],
						"rotation": [
							-0.009406300261616707,
							-0.003740608226507902,
							-0.9291645884513855,
							0.36952802538871765
						]
					},
					"odometry": {
						"position": [
							0.5686262219992139,
							-7.764145323483486,
							-0.012864861103647091
						],
						"orientation": [
							-0.01974135828862704,
							0.00038413332130209316,
							-0.9289925973615927,
							0.36957121811888094
						],
						"linear": [
							0.002199616050347686,
							0.0,
							0.0
						],
						"angular": [
							0.0,
							0.0,
							0.004440053831785917
						]
					},
					"aabb": [
						123.76743366209362,
						140.64891984365926,
						-0.01165329262532425,
						124.73601984426949,
						141.59693034378338,
						0.1630842169763233
					],
					"joint_state": {
						"position": [
							-2.1654,
							4.325,
							1.1651,
							-5.1613,
							1.1655,
							-0.3334,
							0.0
						],
						"velocity": [
							0.0088,
							-0.0026,
							0.1301,
							-0.1635,
							0.0264,
							-0.0168,
							0.0
						],
						"effort": [
							0.0,
							0.0,
							0.0,
							0.0,
							0.0,
							0.0,
							0.0
						]
					},
					"lift_state": "lift_down"
				}
			}
		},
		"objects": {
			"Rack": {
				"Rack_02": {
					"name": "Rack_02",
					"pose": {
						"translation": [
							133.05699157714844,
							143.09999084472656,
							0.19921104609966278
						],
						"rotation": [
							0.983835756778717,
							0.1790735274553299,
							-4.97384462505579e-08,
							9.080395102500916e-09
						]
					}
				}
			}
		},
		"relationships": {
			"L-Rack": [
				[
					"AMR_LIFT01",
					"none"
				]
			]
		}
	},
	"timestamp_4": {
		"robots": {
			"ARMLIFT": {
				"AMR_LIFT01": {
					"name": "AMR_LIFT01",
					"pose": {
						"translation": [
							139.5977783203125,
							142.53485107421875,
							0.06200237199664116
						],
						"rotation": [
							-0.009416893124580383,
							-0.0037373313680291176,
							-0.9292266368865967,
							0.3693716824054718
						]
					},