{
	"timestamp_0": {
		"robots": {
			"ARMLIFT": {
				"AMR_LIFT01": {
					"name": "AMR_LIFT01",
					"pose": {
						"translation": [
							139.61083984375,
							142.48638916015625,
							0.06200157105922699
						],
						"rotation": [
							-0.009383772499859333,
							-0.0036361021921038628,
							-0.9322353005409241,
							0.36171281337738037
						]
					},
					"odometry": {
						"position": [
							0.5817310860905555,
							-7.813080264670737,
							-0.01315463490814752
						],
						"orientation": [
							-0.019749983421083278,
							0.00039041711863017876,
							-0.9320459397167236,
							0.36180126034455734
						],
						"linear": [
							0.003670492907986045,
							0.0,
							0.0
						],
						"angular": [
							0.0,
							0.0,
							0.003067172598093748
						]
					},
					"aabb": [
						123.74923170589585,
						140.7037578624644,
						-0.01486333094454525,
						124.72324945420537,
						141.64513892877918,
						0.1629756392064612
					],
					"joint_state": {
						"position": [
							-1.8167,
							4.5754,
							0.9978,
							-5.4624,
							1.0079,
							-0.6103,
							0.0
						],
						"velocity": [
							0.0324,
							-0.0027,
							0.0093,
							0.0114,
							-0.0246,
							0.0172,
							0.0
						],
						"effort": [
							0.0,
							0.0,
							0.0,
							0.0,
							0.0,
							0.0,
							0.0
						]
					},
					"lift_state": "lift_down"
				}
			}
		},
		"objects": {
			"Rack": {
				"Rack_02": {
					"name": "Rack_02",
					"pose": {
						"translation": [
							133.05699157714844,
							143.09999084472656,
							0.19921104609966278
						],
						"rotation": [
							0.983835756778717,
							0.1790735274553299,
							-4.97384462505579e-08,
							9.080395102500916e-09
						]
					}
				}
			}
		},
		"relationships": {
			"L-Rack": [
				[
					"AMR_LIFT01",
					"none"
				]
			]
		}
	},
	"timestamp_1": {
		"robots": {
			"ARMLIFT": {
				"AMR_LIFT01": {
					"name": "AMR_LIFT01",
					"pose": {
						"translation": [
							139.61073303222656,
							142.48690795898438,
							0.062002334743738174
						],
						"rotation": [
							-0.009387984871864319,
							-0.0036318576894700527,
							-0.9322835803031921,
							0.3615884482860565
						]
					},
					"odometry": {
						"position": [
							0.581691988678507,
							-7.8124162037947045,
							-0.013154183877922833
						],
						"orientation": [
							-0.019757865131827975,
							0.00040456017581219444,
							-0.9321117991916162,
							0.36163110610712806
						],
						"linear": [
							0.0016740448772907257,
							0.0,
							0.0
						],
						"angular": [
							0.0,
							0.0,
							-0.0018981826724484563
						]
					},
					"aabb": [
						123.7490355403309,
						140.70331208829563,
						-0.014855144543294176,
						124.72312699546801,
						141.64460032901624,
						0.1629837769965411
					],
					"joint_state": {
						"position": [
							-1.8164,
							4.5756,
							1.0041,
							-5.4624,
							1.007,
							-0.6109,
							0.0
						],
						"velocity": [
							0.0091,
							-0.01,
							0.0138,
							-0.0003,
							-0.0003,
							-0.0098,
							0.0
						],
						"effort": [
							0.0,
							0.0,
							0.0,
							0.0,
							0.0,
							0.0,
							0.0
						]
					},
					"lift_state": "lift_down"
				}
			}
		},
		"objects": {
			"Rack": {
				"Rack_02": {
					"name": "Rack_02",
					"pose": {
						"translation": [
							133.05699157714844,
							143.09999084472656,
							0.19921104609966278
						],
						"rotation": [
							0.983835756778717,
							0.1790735274553299,
							-4.97384462505579e-08,
							9.080395102500916e-09
						]
					}
				}
			}
		},
		"relationships": {
			"L-Rack": [
				[
					"AMR_LIFT01",
					"none"
				]
			]
		}
	},
	"timestamp_2": {
		"robots": {
			"ARMLIFT": {
				"AMR_LIFT01": {
					"name": "AMR_LIFT01",
					"pose": {
						"translation": [
							139.61007690429688,
							142.48709106445312,
							0.062004927545785904
						],
						"rotation": [
							-0.00939765851944685,
							-0.003639618866145611,
							-0.932440459728241,
							0.36118319630622864
						]
					},
					"odometry": {
						"position": [
							0.5810378374816124,
							-7.812504131206464,
							-0.01314056842169043
						],
						"orientation": [
							-0.019766613262388034,
							0.00039846425662818513,
							-0.9322580485268258,
							0.36125344729611397
						],
						"linear": [
							0.003375584026798606,
							0.0,
							0.0
						],
						"angular": [
							0.0,
							0.0,
							-0.0007074630702845752
						]
					},
					"aabb": [
						123.74947910611134,
						140.70360288216693,
						-0.01486632040585154,
						124.72386694146502,
						141.64451672726398,
						0.16298861987688212
					],
					"joint_state": {
						"position": [
							-1.8149,
							4.5771,
							1.0288,
							-5.4677,
							1.0244,
							-0.626,
							0.0
						],
						"velocity": [
							0.0926,
							0.0597,
							0.0565,
							-0.0017,
							0.086,
							0.0074,
							0.0
						],
						"effort": [
							0.0,
							0.0,
							0.0,
							0.0,
							0.0,
							0.0,
							0.0
						]
					},
					"lift_state": "lift_down"
				}
			}
		},
		"objects": {
			"Rack": {
				"Rack_02": {
					"name": "Rack_02",
					"pose": {
						"translation": [
							133.05699157714844,
							143.09999084472656,
							0.19921104609966278
						],
						"rotation": [
							0.983835756778717,
							0.1790735274553299,
							-4.97384462505579e-08,
							9.080395102500916e-09
						]
					}
				}
			}
		},
		"relationships": {
			"L-Rack": [
				[
					"AMR_LIFT01",
					"none"
				]
			]
		}
	},
	"timestamp_3": {
		"robots": {
			"ARMLIFT": {
				"AMR_LIFT01": {
					"name": "AMR_LIFT01",
					"pose": {
						"translation": [
							139.61009216308594,
							142.48631286621094,
							0.062006644904613495
						],
						"rotation": [
							-0.00939286220818758,
							-0.003647381905466318,
							-0.9325200319290161,
							0.36097776889801025
						]
					},
					"odometry": {
						"position": [
							0.5810575077181017,
							-7.813021698970813,
							-0.013135777570155016
						],
						"orientation": [
							-0.019765382452485186,
							0.00038224388226197197,
							-0.9323482424138196,
							0.36102068973118834
						],
						"linear": [
							0.0001644531439524144,
							0.0,
							0.0
						],
						"angular": [
							0.0,
							0.0,
							-0.002762785879895091
						]
					},
					"aabb": [
						123.74938333636115,
						140.70443984566145,
						-0.014884894133742785,
						124.72391408681742,
						141.64516783361753,
						0.16297898622882634
					],
					"joint_state": {
						"position": [
							-1.8156,
							4.5771,
							1.0217,
							-5.4719,
							1.0209,
							-0.6332,
							0.0
						],
						"velocity": [
							0.0009,
							0.0005,
							0.2135,
							-0.0999,
							0.2319,
							-0.1008,
							0.0
						],
						"effort": [
							0.0,
							0.0,
							0.0,
							0.0,
							0.0,
							0.0,
							0.0
						]
					},
					"lift_state": "lift_down"
				}
			}
		},
		"objects": {
			"Rack": {
				"Rack_02": {
					"name": "Rack_02",
					"pose": {
						"translation": [
							133.05699157714844,
							143.09999084472656,
							0.19921104609966278
						],
						"rotation": [
							0.983835756778717,
							0.1790735274553299,
							-4.97384462505579e-08,
							9.080395102500916e-09
						]
					}
				}
			}
		},
		"relationships": {
			"L-Rack": [
				[
					"AMR_LIFT01",
					"none"
				]
			]
		}
	},
	"timestamp_4": {
		"robots": {
			"ARMLIFT": {
				"AMR_LIFT01": {
					"name": "AMR_LIFT01",
					"pose": {
						"translation": [
							139.6103515625,
							142.48594665527344,
							0.06199977919459343
						],
						"rotation": [
							-0.00939164962619543,
							-0.0036341967061161995,
							-0.9325250387191772,
							0.36096516251564026
						]
					},