{
	"timestamp_0": {
		"robots": {
			"ARMLIFT": {
				"AMR_LIFT01": {
					"name": "AMR_LIFT01",
					"pose": {
						"translation": [
							139.61961364746094,
							142.44891357421875,
							0.062000881880521774
						],
						"rotation": [
							-0.009430376812815666,
							-0.00358023913577199,
							-0.9348148703575134,
							0.3549923002719879
						]
					},
					"odometry": {
						"position": [
							0.5905687063072247,
							-7.850413857156366,
							-0.013354219218249041
						],
						"orientation": [
							-0.01982851613126858,
							0.000382800300346253,
							-0.9346426274632854,
							0.3550349874878369
						],
						"linear": [
							-0.008607112802565098,
							0.0,
							0.0
						],
						"angular": [
							0.0,
							0.0,
							0.0022394941188395023
						]
					},
					"aabb": [
						123.73619653978756,
						140.74634443896647,
						-0.014728224658059263,
						124.71467341681651,
						141.68183141882832,
						0.16291977699988536
					],
					"joint_state": {
						"position": [
							-1.5316,
							4.806,
							1.0665,
							-5.7531,
							1.0643,
							-0.8515,
							0.0
						],
						"velocity": [
							-0.0032,
							-0.0114,
							0.0421,
							-0.0106,
							0.0455,
							-0.0099,
							0.0
						],
						"effort": [
							0.0,
							0.0,
							0.0,
							0.0,
							0.0,
							0.0,
							0.0
						]
					},
					"lift_state": "lift_down"
				}
			}
		},
		"objects": {
			"Rack": {
				"Rack_02": {
					"name": "Rack_02",
					"pose": {
						"translation": [
							133.05699157714844,
							143.09999084472656,
							0.19921104609966278
						],
						"rotation": [
							0.983835756778717,
							0.1790735274553299,
							-4.97384462505579e-08,
							9.080395102500916e-09
						]
					}
				}
			}
		},
		"relationships": {
			"L-Rack": [
				[
					"AMR_LIFT01",
					"none"
				]
			]
		}
	},
	"timestamp_1": {
		"robots": {
			"ARMLIFT": {
				"AMR_LIFT01": {
					"name": "AMR_LIFT01",
					"pose": {
						"translation": [
							139.6199493408203,
							142.44857788085938,
							0.062000274658203125
						],
						"rotation": [
							-0.009432421997189522,
							-0.0035818135365843773,
							-0.9348214864730835,
							0.35497480630874634
						]
					},
					"odometry": {
						"position": [
							0.5907835027315287,
							-7.850609159019199,
							-0.013359202016142614
						],
						"orientation": [
							-0.01983085018925976,
							0.0003805978336642634,
							-0.9346477857551424,
							0.35502127979752063
						],
						"linear": [
							-0.00024423329159617424,
							0.0,
							0.0
						],
						"angular": [
							0.0,
							0.0,
							-0.0002889029565267265
						]
					},
					"aabb": [
						123.7362241326115,
						140.74619958796737,
						-0.014703527696211905,
						124.71474387372,
						141.68162880776882,
						0.16292172604784583
					],
					"joint_state": {
						"position": [
							-1.53,
							4.8069,
							1.075,
							-5.7555,
							1.0824,
							-0.8623,
							0.0
						],
						"velocity": [
							0.0071,
							-0.003,
							0.0097,
							-0.0184,
							0.0557,
							-0.041,
							0.0
						],
						"effort": [
							0.0,
							0.0,
							0.0,
							0.0,
							0.0,
							0.0,
							0.0
						]
					},
					"lift_state": "lift_down"
				}
			}
		},
		"objects": {
			"Rack": {
				"Rack_02": {
					"name": "Rack_02",
					"pose": {
						"translation": [
							133.05699157714844,
							143.09999084472656,
							0.19921104609966278
						],
						"rotation": [
							0.983835756778717,
							0.1790735274553299,
							-4.97384462505579e-08,
							9.080395102500916e-09
						]
					}
				}
			}
		},
		"relationships": {
			"L-Rack": [
				[
					"AMR_LIFT01",
					"none"
				]
			]
		}
	},
	"timestamp_2": {
		"robots": {
			"ARMLIFT": {
				"AMR_LIFT01": {
					"name": "AMR_LIFT01",
					"pose": {
						"translation": [
							139.620361328125,
							142.44802856445312,
							0.062000881880521774
						],
						"rotation": [
							-0.009432469494640827,
							-0.0035824961960315704,
							-0.9347315430641174,
							0.35521161556243896
						]
					},
					"odometry": {
						"position": [
							0.5913302834237999,
							-7.851302490299256,
							-0.013371178672338816
						],
						"orientation": [
							-0.019829677896201128,
							0.0003829828001504681,
							-0.934559273986752,
							0.3552542759827992
						],
						"linear": [
							0.0013134784530848265,
							0.0,
							0.0
						],
						"angular": [
							0.0,
							0.0,
							-0.0014514836948364973
						]
					},
					"aabb": [
						123.73546532726763,
						140.74708614536695,
						-0.0147130853647769,
						124.71382847462277,
						141.68273040808367,
						0.1629173033096936
					],
					"joint_state": {
						"position": [
							-1.529,
							4.8067,
							1.088,
							-5.7578,
							1.0725,
							-0.8551,
							0.0
						],
						"velocity": [
							-0.0238,
							0.0008,
							-0.0032,
							-0.0023,
							-0.0352,
							0.0244,
							0.0
						],
						"effort": [
							0.0,
							0.0,
							0.0,
							0.0,
							0.0,
							0.0,
							0.0
						]
					},
					"lift_state": "lift_down"
				}
			}
		},
		"objects": {
			"Rack": {
				"Rack_02": {
					"name": "Rack_02",
					"pose": {
						"translation": [
							133.05699157714844,
							143.09999084472656,
							0.19921104609966278
						],
						"rotation": [
							0.983835756778717,
							0.1790735274553299,
							-4.97384462505579e-08,
							9.080395102500916e-09
						]
					}
				}
			}
		},
		"relationships": {
			"L-Rack": [
				[
					"AMR_LIFT01",
					"none"
				]
			]
		}
	},
	"timestamp_3": {
		"robots": {
			"ARMLIFT": {
				"AMR_LIFT01": {
					"name": "AMR_LIFT01",
					"pose": {
						"translation": [
							139.62020874023438,
							142.44822692871094,
							0.062000807374715805
						],
						"rotation": [
							-0.009431634098291397,
							-0.0035818666219711304,
							-0.9347463846206665,
							0.35517263412475586
						]
					},
					"odometry": {
						"position": [
							0.5911642956069441,
							-7.8510974208117625,
							-0.013367592679756903
						],
						"orientation": [
							-0.01982900706524708,
							0.00038317861478681615,
							-0.9345741255943742,
							0.35521524097716634
						],
						"linear": [
							0.0017879102379083633,
							0.0,
							0.0
						],
						"angular": [
							0.0,
							0.0,
							-0.00019154911569785327
						]
					},
					"aabb": [
						123.7355053296796,
						140.74698479585086,
						-0.014707340481776219,
						124.71385712055185,
						141.68264458135735,
						0.1629158614110185
					],
					"joint_state": {
						"position": [
							-1.529,
							4.8086,
							1.0888,
							-5.7593,
							1.0698,
							-0.8517,
							0.0
						],
						"velocity": [
							0.001,
							0.0009,
							0.0056,
							0.0019,
							0.0101,
							0.0011,
							0.0
						],
						"effort": [
							0.0,
							0.0,
							0.0,
							0.0,
							0.0,
							0.0,
							0.0
						]
					},
					"lift_state": "lift_down"
				}
			}
		},
		"objects": {
			"Rack": {
				"Rack_02": {
					"name": "Rack_02",
					"pose": {
						"translation": [
							133.05699157714844,
							143.09999084472656,
							0.19921104609966278
						],
						"rotation": [
							0.983835756778717,
							0.1790735274553299,
							-4.97384462505579e-08,
							9.080395102500916e-09
						]
					}
				}
			}
		},
		"relationships": {
			"L-Rack": [
				[
					"AMR_LIFT01",
					"none"
				]
			]
		}
	},
	"timestamp_4": {
		"robots": {
			"ARMLIFT": {
				"AMR_LIFT01": {
					"name": "AMR_LIFT01",
					"pose": {
						"translation": [
							139.62022399902344,
							142.44808959960938,
							0.06200019642710686
						],
						"rotation": [
							-0.009433192200958729,
							-0.003582584671676159,
							-0.9348043203353882,
							0.35501986742019653
						]
					},