{
	"timestamp_0": {
		"robots": {
			"ARMLIFT": {
				"AMR_LIFT01": {
					"name": "AMR_LIFT01",
					"pose": {
						"translation": [
							139.60838317871094,
							142.4893798828125,
							0.06200237199664116
						],
						"rotation": [
							-0.00936830136924982,
							-0.0036554483231157064,
							-0.9318559765815735,
							0.36268916726112366
						]
					},
					"odometry": {
						"position": [
							0.5793389270478181,
							-7.809945620713647,
							-0.013101703928391672
						],
						"orientation": [
							-0.01973341003727693,
							0.0003932155882898951,
							-0.9316844480409114,
							0.3627320322062886
						],
						"linear": [
							-0.0020642054732888937,
							0.0,
							0.0
						],
						"angular": [
							0.0,
							0.0,
							-0.003519653109833598
						]
					},
					"aabb": [
						123.75205983277945,
						140.70021180365444,
						-0.01471335213175417,
						124.72541709865331,
						141.64242566599378,
						0.16297728940650696
					],
					"joint_state": {
						"position": [
							-1.8318,
							4.5564,
							0.9692,
							-5.4242,
							0.9785,
							-0.5607,
							0.0
						],
						"velocity": [
							0.0356,
							-0.0161,
							-0.2684,
							0.1678,
							0.0638,
							-0.0296,
							0.0
						],
						"effort": [
							0.0,
							0.0,
							0.0,
							0.0,
							0.0,
							0.0,
							0.0
						]
					},
					"lift_state": "lift_down"
				}
			}
		},
		"objects": {
			"Rack": {
				"Rack_02": {
					"name": "Rack_02",
					"pose": {
						"translation": [
							133.05699157714844,
							143.09999084472656,
							0.19921104609966278
						],
						"rotation": [
							0.983835756778717,
							0.1790735274553299,
							-4.97384462505579e-08,
							9.080395102500916e-09
						]
					}
				}
			}
		},
		"relationships": {
			"L-Rack": [
				[
					"AMR_LIFT01",
					"none"
				]
			]
		}
	},
	"timestamp_1": {
		"robots": {
			"ARMLIFT": {
				"AMR_LIFT01": {
					"name": "AMR_LIFT01",
					"pose": {
						"translation": [
							139.60853576660156,
							142.4888916015625,
							0.062002066522836685
						],
						"rotation": [
							-0.009371614083647728,
							-0.0036549135111272335,
							-0.9318799376487732,
							0.3626275062561035
						]
					},
					"odometry": {
						"position": [
							0.5793780043637878,
							-7.8103850725070725,
							-0.013102521714013509
						],
						"orientation": [
							-0.019742789182644792,
							0.00040949442945984897,
							-0.9317173859484815,
							0.3626468906676718
						],
						"linear": [
							-0.0008389760623686016,
							0.0,
							0.0
						],
						"angular": [
							0.0,
							0.0,
							0.005208231508731842
						]
					},
					"aabb": [
						123.75204143862999,
						140.70052318775376,
						-0.014715184539048812,
						124.72545991754144,
						141.64266069322116,
						0.162980259622094
					],
					"joint_state": {
						"position": [
							-1.8314,
							4.5576,
							0.9862,
							-5.4328,
							0.9853,
							-0.5682,
							0.0
						],
						"velocity": [
							-0.0014,
							0.0241,
							0.3219,
							-0.176,
							0.1645,
							-0.1114,
							0.0
						],
						"effort": [
							0.0,
							0.0,
							0.0,
							0.0,
							0.0,
							0.0,
							0.0
						]
					},
					"lift_state": "lift_down"
				}
			}
		},
		"objects": {
			"Rack": {
				"Rack_02": {
					"name": "Rack_02",
					"pose": {
						"translation": [
							133.05699157714844,
							143.09999084472656,
							0.19921104609966278
						],
						"rotation": [
							0.983835756778717,
							0.1790735274553299,
							-4.97384462505579e-08,
							9.080395102500916e-09
						]
					}
				}
			}
		},
		"relationships": {
			"L-Rack": [
				[
					"AMR_LIFT01",
					"none"
				]
			]
		}
	},
	"timestamp_2": {
		"robots": {
			"ARMLIFT": {
				"AMR_LIFT01": {
					"name": "AMR_LIFT01",
					"pose": {
						"translation": [
							139.60853576660156,
							142.48904418945312,
							0.06200389564037323
						],
						"rotation": [
							-0.009376532398164272,
							-0.00365087715908885,
							-0.9319272637367249,
							0.36250585317611694
						]
					},
					"odometry": {
						"position": [
							0.5795049528657539,
							-7.810277640797719,
							-0.013103885854735944
						],
						"orientation": [
							-0.01974243491655153,
							0.00039574671960030425,
							-0.9317556485856641,
							0.3625486049853289
						],
						"linear": [
							-9.510583186056465e-05,
							0.0,
							0.0
						],
						"angular": [
							0.0,
							0.0,
							-0.0025789751671254635
						]
					},
					"aabb": [
						123.75176500078128,
						140.70059232016237,
						-0.014746694662776918,
						124.72522821690895,
						141.6426736183158,
						0.1629779847065135
					],
					"joint_state": {
						"position": [
							-1.8304,
							4.5577,
							0.9839,
							-5.4342,
							0.9942,
							-0.5713,
							0.0
						],
						"velocity": [
							0.0153,
							-0.0109,
							-0.0235,
							0.0036,
							0.0058,
							-0.0001,
							0.0
						],
						"effort": [
							0.0,
							0.0,
							0.0,
							0.0,
							0.0,
							0.0,
							0.0
						]
					},
					"lift_state": "lift_down"
				}
			}
		},
		"objects": {
			"Rack": {
				"Rack_02": {
					"name": "Rack_02",
					"pose": {
						"translation": [
							133.05699157714844,
							143.09999084472656,
							0.19921104609966278
						],
						"rotation": [
							0.983835756778717,
							0.1790735274553299,
							-4.97384462505579e-08,
							9.080395102500916e-09
						]
					}
				}
			}
		},
		"relationships": {
			"L-Rack": [
				[
					"AMR_LIFT01",
					"none"
				]
			]
		}
	},
	"timestamp_3": {
		"robots": {
			"ARMLIFT": {
				"AMR_LIFT01": {
					"name": "AMR_LIFT01",
					"pose": {
						"translation": [
							139.60877990722656,
							142.48861694335938,
							0.06200607120990753
						],
						"rotation": [
							-0.009372721426188946,
							-0.003655133070424199,
							-0.931922197341919,
							0.362518846988678
						]
					},
					"odometry": {
						"position": [
							0.5797491039935543,
							-7.810707311886488,
							-0.013107156301964745
						],
						"orientation": [
							-0.019738569834837346,
							0.0003916362736789308,
							-0.9317506203423045,
							0.3625617422917584
						],
						"linear": [
							0.0017034673364832997,
							0.0,
							0.0
						],
						"angular": [
							0.0,
							0.0,
							-0.0006965702632442117
						]
					},
					"aabb": [
						123.75168885432478,
						140.70078915175532,
						-0.014735128918879833,
						124.7251703424705,
						141.6428467356376,
						0.16297644397475963
					],
					"joint_state": {
						"position": [
							-1.8302,
							4.5588,
							0.9712,
							-5.4322,
							0.9762,
							-0.5709,
							0.0
						],
						"velocity": [
							0.0017,
							0.0014,
							0.006,
							-0.0158,
							0.1382,
							-0.1254,
							0.0
						],
						"effort": [
							0.0,
							0.0,
							0.0,
							0.0,
							0.0,
							0.0,
							0.0
						]
					},
					"lift_state": "lift_down"
				}
			}
		},
		"objects": {
			"Rack": {
				"Rack_02": {
					"name": "Rack_02",
					"pose": {
						"translation": [
							133.05699157714844,
							143.09999084472656,
							0.19921104609966278
						],
						"rotation": [
							0.983835756778717,
							0.1790735274553299,
							-4.97384462505579e-08,
							9.080395102500916e-09
						]
					}
				}
			}
		},
		"relationships": {
			"L-Rack": [
				[
					"AMR_LIFT01",
					"none"
				]
			]
		}
	},
	"timestamp_4": {
		"robots": {
			"ARMLIFT": {
				"AMR_LIFT01": {
					"name": "AMR_LIFT01",
					"pose": {
						"translation": [
							139.60923767089844,
							142.4884490966797,
							0.0619993582367897
						],
						"rotation": [
							-0.009369144216179848,
							-0.0036406470462679863,
							-0.932042121887207,
							0.36221083998680115
						]
					},