{
	"timestamp_0": {
		"robots": {
			"ARMLIFT": {
				"AMR_LIFT01": {
					"name": "AMR_LIFT01",
					"pose": {
						"translation": [
							139.5976104736328,
							142.5414581298828,
							0.06200847402215004
						],
						"rotation": [
							-0.009399068541824818,
							-0.0037150729913264513,
							-0.9298670291900635,
							0.3677569329738617
						]
					},
					"odometry": {
						"position": [
							0.5683428634309474,
							-7.75768047189504,
							-0.01285326576953554
						],
						"orientation": [
							-0.019737003192353345,
							0.0003894427774359281,
							-0.9296993154993078,
							0.3677899968724361
						],
						"linear": [
							-0.0003250350127927959,
							0.0,
							0.0
						],
						"angular": [
							0.0,
							0.0,
							-0.0026030566077679396
						]
					},
					"aabb": [
						123.76656793796883,
						140.64380541772385,
						-0.012289312438354542,
						124.73642143781628,
						141.59031694538248,
						0.16309006523410324
					],
					"joint_state": {
						"position": [
							-2.2264,
							4.2923,
							1.0997,
							-5.1298,
							1.0947,
							-0.2313,
							0.0
						],
						"velocity": [
							0.0077,
							0.0078,
							-0.0048,
							0.0049,
							0.008,
							-0.005,
							0.0
						],
						"effort": [
							0.0,
							0.0,
							0.0,
							0.0,
							0.0,
							0.0,
							0.0
						]
					},
					"lift_state": "lift_down"
				}
			}
		},
		"objects": {
			"Rack": {
				"Rack_02": {
					"name": "Rack_02",
					"pose": {
						"translation": [
							133.05699157714844,
							143.09999084472656,
							0.19921104609966278
						],
						"rotation": [
							0.983835756778717,
							0.1790735274553299,
							-4.97384462505579e-08,
							9.080395102500916e-09
						]
					}
				}
			}
		},
		"relationships": {
			"L-Rack": [
				[
					"AMR_LIFT01",
					"none"
				]
			]
		}
	},
	"timestamp_1": {
		"robots": {
			"ARMLIFT": {
				"AMR_LIFT01": {
					"name": "AMR_LIFT01",
					"pose": {
						"translation": [
							139.5973663330078,
							142.54127502441406,
							0.06200443208217621
						],
						"rotation": [
							-0.009395131841301918,
							-0.003705265698954463,
							-0.9298343062400818,
							0.3678399622440338
						]
					},
					"odometry": {
						"position": [
							0.5683331140523628,
							-7.758051567399132,
							-0.012853312798261763
						],
						"orientation": [
							-0.01973767105363659,
							0.0004006972257270296,
							-0.9296624777087146,
							0.36788305386848913
						],
						"linear": [
							-0.0007165097049437463,
							0.0,
							0.0
						],
						"angular": [
							0.0,
							0.0,
							-0.0031145988032221794
						]
					},
					"aabb": [
						123.76659682311102,
						140.64411633473256,
						-0.0122830782893079,
						124.73643010135552,
						141.59065141765814,
						0.1630935549817366
					],
					"joint_state": {
						"position": [
							-2.2255,
							4.2927,
							1.0932,
							-5.1328,
							1.0831,
							-0.2306,
							0.0
						],
						"velocity": [
							-0.0294,
							-0.0292,
							0.138,
							-0.1207,
							0.1505,
							-0.2139,
							0.0
						],
						"effort": [
							0.0,
							0.0,
							0.0,
							0.0,
							0.0,
							0.0,
							0.0
						]
					},
					"lift_state": "lift_down"
				}
			}
		},
		"objects": {
			"Rack": {
				"Rack_02": {
					"name": "Rack_02",
					"pose": {
						"translation": [
							133.05699157714844,
							143.09999084472656,
							0.19921104609966278
						],
						"rotation": [
							0.983835756778717,
							0.1790735274553299,
							-4.97384462505579e-08,
							9.080395102500916e-09
						]
					}
				}
			}
		},
		"relationships": {
			"L-Rack": [
				[
					"AMR_LIFT01",
					"none"
				]
			]
		}
	},
	"timestamp_2": {
		"robots": {
			"ARMLIFT": {
				"AMR_LIFT01": {
					"name": "AMR_LIFT01",
					"pose": {
						"translation": [
							139.59750366210938,
							142.54115295410156,
							0.06201675161719322
						],
						"rotation": [
							-0.009402736090123653,
							-0.0037288800813257694,
							-0.9298710227012634,
							0.36774691939353943
						]
					},
					"odometry": {
						"position": [
							0.568557663547245,
							-7.758178509813807,
							-0.012858805097452667
						],
						"orientation": [
							-0.019730245971011875,
							0.00038155417489187663,
							-0.9296757757603388,
							0.3678498658077059
						],
						"linear": [
							-0.003020806470885873,
							0.0,
							0.0
						],
						"angular": [
							0.0,
							0.0,
							0.0012299210065975785
						]
					},
					"aabb": [
						123.76641965000434,
						140.64425399905315,
						-0.012271567085093442,
						124.73625414077569,
						141.59078828300554,
						0.16308870367877318
					],
					"joint_state": {
						"position": [
							-2.2257,
							4.2927,
							1.096,
							-5.1362,
							1.0962,
							-0.2375,
							0.0
						],
						"velocity": [
							-0.0557,
							-0.0273,
							0.0613,
							-0.0705,
							0.0931,
							-0.0601,
							0.0
						],
						"effort": [
							0.0,
							0.0,
							0.0,
							0.0,
							0.0,
							0.0,
							0.0
						]
					},
					"lift_state": "lift_down"
				}
			}
		},
		"objects": {
			"Rack": {
				"Rack_02": {
					"name": "Rack_02",
					"pose": {
						"translation": [
							133.05699157714844,
							143.09999084472656,
							0.19921104609966278
						],
						"rotation": [
							0.983835756778717,
							0.1790735274553299,
							-4.97384462505579e-08,
							9.080395102500916e-09
						]
					}
				}
			}
		},
		"relationships": {
			"L-Rack": [
				[
					"AMR_LIFT01",
					"none"
				]
			]
		}
	},
	"timestamp_3": {
		"robots": {
			"ARMLIFT": {
				"AMR_LIFT01": {
					"name": "AMR_LIFT01",
					"pose": {
						"translation": [
							139.59742736816406,
							142.54150390625,
							0.06200656667351723
						],
						"rotation": [
							-0.009387941099703312,
							-0.0037326933816075325,
							-0.9298345446586609,
							0.36783933639526367
						]
					},
					"odometry": {
						"position": [
							0.5683917292332741,
							-7.7578171845440655,
							-0.012852442933727302
						],
						"orientation": [
							-0.019730482484852294,
							0.00037326453101152793,
							-0.9296627690906925,
							0.36788273199639404
						],
						"linear": [
							0.0044206976890563965,
							0.0,
							0.0
						],
						"angular": [
							0.0,
							0.0,
							0.0020483301486819983
						]
					},
					"aabb": [
						123.76655180926446,
						140.64397749805414,
						-0.012256192348240411,
						124.73642241192185,
						141.59047200621208,
						0.16309333018975283
					],
					"joint_state": {
						"position": [
							-2.225,
							4.2931,
							1.0953,
							-5.127,
							1.0997,
							-0.2363,
							0.0
						],
						"velocity": [
							-0.0309,
							-0.0367,
							0.0436,
							0.0472,
							0.0376,
							0.0496,
							0.0
						],
						"effort": [
							0.0,
							0.0,
							0.0,
							0.0,
							0.0,
							0.0,
							0.0
						]
					},
					"lift_state": "lift_down"
				}
			}
		},
		"objects": {
			"Rack": {
				"Rack_02": {
					"name": "Rack_02",
					"pose": {
						"translation": [
							133.05699157714844,
							143.09999084472656,
							0.19921104609966278
						],
						"rotation": [
							0.983835756778717,
							0.1790735274553299,
							-4.97384462505579e-08,
							9.080395102500916e-09
						]
					}
				}
			}
		},
		"relationships": {
			"L-Rack": [
				[
					"AMR_LIFT01",
					"none"
				]
			]
		}
	},
	"timestamp_4": {
		"robots": {
			"ARMLIFT": {
				"AMR_LIFT01": {
					"name": "AMR_LIFT01",
					"pose": {
						"translation": [
							139.59762573242188,
							142.541259765625,
							0.062006108462810516
						],
						"rotation": [
							-0.009393108077347279,
							-0.003719487227499485,
							-0.9298685789108276,
							0.36775311827659607
						]
					},