{
	"timestamp_0": {
		"robots": {
			"ARMLIFT": {
				"AMR_LIFT01": {
					"name": "AMR_LIFT01",
					"pose": {
						"translation": [
							139.60841369628906,
							142.49783325195312,
							0.06200668215751648
						],
						"rotation": [
							-0.009406392462551594,
							-0.0036848895251750946,
							-0.9316049814224243,
							0.36333197355270386
						]
					},
					"odometry": {
						"position": [
							0.5793776322746462,
							-7.801498327804491,
							-0.013098030694689627
						],
						"orientation": [
							-0.019768701680289907,
							0.0003709263555057182,
							-0.9314329982888347,
							0.36337533012876133
						],
						"linear": [
							0.006318948697298765,
							0.0,
							0.0
						],
						"angular": [
							0.0,
							0.0,
							0.0020148535259068012
						]
					},
					"aabb": [
						123.75232444025124,
						140.69110122712246,
						-0.014321178319858421,
						124.72528672052066,
						141.6338247016914,
						0.16300706408441626
					],
					"joint_state": {
						"position": [
							-1.9244,
							4.4989,
							1.0849,
							-5.3667,
							1.1027,
							-0.5187,
							0.0
						],
						"velocity": [
							-0.0215,
							0.0042,
							-0.1937,
							0.0522,
							-0.0092,
							-0.0145,
							0.0
						],
						"effort": [
							0.0,
							0.0,
							0.0,
							0.0,
							0.0,
							0.0,
							0.0
						]
					},
					"lift_state": "lift_down"
				}
			}
		},
		"objects": {
			"Rack": {
				"Rack_02": {
					"name": "Rack_02",
					"pose": {
						"translation": [
							133.05699157714844,
							143.09999084472656,
							0.19921104609966278
						],
						"rotation": [
							0.983835756778717,
							0.1790735274553299,
							-4.97384462505579e-08,
							9.080395102500916e-09
						]
					}
				}
			}
		},
		"relationships": {
			"L-Rack": [
				[
					"AMR_LIFT01",
					"none"
				]
			]
		}
	},
	"timestamp_1": {
		"robots": {
			"ARMLIFT": {
				"AMR_LIFT01": {
					"name": "AMR_LIFT01",
					"pose": {
						"translation": [
							139.60855102539062,
							142.4976806640625,
							0.06200408935546875
						],
						"rotation": [
							-0.009405874647200108,
							-0.0036804918199777603,
							-0.9315357804298401,
							0.3635096251964569
						]
					},
					"odometry": {
						"position": [
							0.5795142673742656,
							-7.801644810306041,
							-0.013103659258283136
						],
						"orientation": [
							-0.019767405659430044,
							0.0003772992373666258,
							-0.9313638070311192,
							0.3635527008169258
						],
						"linear": [
							0.0003400007262825966,
							0.0,
							0.0
						],
						"angular": [
							0.0,
							0.0,
							0.0038692925591021776
						]
					},
					"aabb": [
						123.75276339404462,
						140.69080208464072,
						-0.014325121513851737,
						124.72557010430782,
						141.6337210494874,
						0.16300886596968925
					],
					"joint_state": {
						"position": [
							-1.9231,
							4.4997,
							1.0888,
							-5.3672,
							1.1089,
							-0.5184,
							0.0
						],
						"velocity": [
							0.0123,
							-0.0168,
							-0.4576,
							0.2891,
							-0.3841,
							0.2901,
							0.0
						],
						"effort": [
							0.0,
							0.0,
							0.0,
							0.0,
							0.0,
							0.0,
							0.0
						]
					},
					"lift_state": "lift_down"
				}
			}
		},
		"objects": {
			"Rack": {
				"Rack_02": {
					"name": "Rack_02",
					"pose": {
						"translation": [
							133.05699157714844,
							143.09999084472656,
							0.19921104609966278
						],
						"rotation": [
							0.983835756778717,
							0.1790735274553299,
							-4.97384462505579e-08,
							9.080395102500916e-09
						]
					}
				}
			}
		},
		"relationships": {
			"L-Rack": [
				[
					"AMR_LIFT01",
					"none"
				]
			]
		}
	},
	"timestamp_2": {
		"robots": {
			"ARMLIFT": {
				"AMR_LIFT01": {
					"name": "AMR_LIFT01",
					"pose": {
						"translation": [
							139.6083984375,
							142.4976348876953,
							0.06199943274259567
						],
						"rotation": [
							-0.009401005692780018,
							-0.0036683157086372375,
							-0.9315387606620789,
							0.3635023236274719
						]
					},
					"odometry": {
						"position": [
							0.5794067934332467,
							-7.801693651438507,
							-0.013104919112464235
						],
						"orientation": [
							-0.019764026039285388,
							0.00038931150029330736,
							-0.9313757793163561,
							0.36352219934155955
						],
						"linear": [
							0.0006052252720110118,
							0.0,
							0.0
						],
						"angular": [
							0.0,
							0.0,
							0.00458283768966794
						]
					},
					"aabb": [
						123.75263530607657,
						140.6911032614119,
						-0.014315525774588764,
						124.72553688611788,
						141.63390194299765,
						0.16300548380214042
					],
					"joint_state": {
						"position": [
							-1.9224,
							4.5011,
							1.0817,
							-5.3662,
							1.0895,
							-0.5097,
							0.0
						],
						"velocity": [
							-0.0039,
							0.005,
							-0.0288,
							0.0257,
							-0.0373,
							0.0185,
							0.0
						],
						"effort": [
							0.0,
							0.0,
							0.0,
							0.0,
							0.0,
							0.0,
							0.0
						]
					},
					"lift_state": "lift_down"
				}
			}
		},
		"objects": {
			"Rack": {
				"Rack_02": {
					"name": "Rack_02",
					"pose": {
						"translation": [
							133.05699157714844,
							143.09999084472656,
							0.19921104609966278
						],
						"rotation": [
							0.983835756778717,
							0.1790735274553299,
							-4.97384462505579e-08,
							9.080395102500916e-09
						]
					}
				}
			}
		},
		"relationships": {
			"L-Rack": [
				[
					"AMR_LIFT01",
					"none"
				]
			]
		}
	},
	"timestamp_3": {
		"robots": {
			"ARMLIFT": {
				"AMR_LIFT01": {
					"name": "AMR_LIFT01",
					"pose": {
						"translation": [
							139.6082763671875,
							142.49769592285156,
							0.06199992820620537
						],
						"rotation": [
							-0.009402589872479439,
							-0.0036657913587987423,
							-0.9316075444221497,
							0.36332571506500244
						]
					},
					"odometry": {
						"position": [
							0.5792213086627007,
							-7.8015471745141145,
							-0.013099715000177417
						],
						"orientation": [
							-0.019765298866012124,
							0.0003846291283301922,
							-0.9314306055026556,
							0.36338163431044135
						],
						"linear": [
							0.001625571632757783,
							0.0,
							0.0
						],
						"angular": [
							0.0,
							0.0,
							-0.004180338233709335
						]
					},
					"aabb": [
						123.7527365997634,
						140.6910013417371,
						-0.014309656929844046,
						124.72563434826347,
						141.63380484441487,
						0.16300664977383264
					],
					"joint_state": {
						"position": [
							-1.9212,
							4.5017,
							1.0823,
							-5.3684,
							1.1064,
							-0.5138,
							0.0
						],
						"velocity": [
							0.0129,
							-0.0143,
							-0.0068,
							-0.0163,
							0.0018,
							-0.0019,
							0.0
						],
						"effort": [
							0.0,
							0.0,
							0.0,
							0.0,
							0.0,
							0.0,
							0.0
						]
					},
					"lift_state": "lift_down"
				}
			}
		},
		"objects": {
			"Rack": {
				"Rack_02": {
					"name": "Rack_02",
					"pose": {
						"translation": [
							133.05699157714844,
							143.09999084472656,
							0.19921104609966278
						],
						"rotation": [
							0.983835756778717,
							0.1790735274553299,
							-4.97384462505579e-08,
							9.080395102500916e-09
						]
					}
				}
			}
		},
		"relationships": {
			"L-Rack": [
				[
					"AMR_LIFT01",
					"none"
				]
			]
		}
	},
	"timestamp_4": {
		"robots": {
			"ARMLIFT": {
				"AMR_LIFT01": {
					"name": "AMR_LIFT01",
					"pose": {
						"translation": [
							139.60804748535156,
							142.49789428710938,
							0.0620046965777874
						],
						"rotation": [
							-0.009406764060258865,
							-0.0036681967321783304,
							-0.93163001537323,
							0.36326825618743896
						]
					},