{
	"timestamp_0": {
		"robots": {
			"ARMLIFT": {
				"AMR_LIFT01": {
					"name": "AMR_LIFT01",
					"pose": {
						"translation": [
							139.57908630371094,
							142.57569885253906,
							0.06199958547949791
						],
						"rotation": [
							-0.009313846938312054,
							-0.0037331050261855125,
							-0.9281989932060242,
							0.37194886803627014
						]
					},
					"odometry": {
						"position": [
							0.5500544784116127,
							-7.723628651579644,
							-0.012450292337666454
						],
						"orientation": [
							-0.019638140173071267,
							0.0004185683842612436,
							-0.9280280337228807,
							0.37199211937283655
						],
						"linear": [
							-0.0016714385710656643,
							0.0,
							0.0
						],
						"angular": [
							0.0,
							0.0,
							-0.001840781420469284
						]
					},
					"aabb": [
						123.7874317019337,
						140.60694872025863,
						-0.012544358207852184,
						124.75425551984819,
						141.55694980317259,
						0.16313200373778203
					],
					"joint_state": {
						"position": [
							-2.3969,
							4.1591,
							0.9148,
							-4.8444,
							0.9233,
							0.0338,
							0.0
						],
						"velocity": [
							-0.001,
							-0.001,
							0.059,
							-0.0291,
							0.0673,
							-0.0135,
							0.0
						],
						"effort": [
							0.0,
							0.0,
							0.0,
							0.0,
							0.0,
							0.0,
							0.0
						]
					},
					"lift_state": "lift_down"
				}
			}
		},
		"objects": {
			"Rack": {
				"Rack_02": {
					"name": "Rack_02",
					"pose": {
						"translation": [
							133.05699157714844,
							143.09999084472656,
							0.19921104609966278
						],
						"rotation": [
							0.983835756778717,
							0.1790735274553299,
							-4.97384462505579e-08,
							9.080395102500916e-09
						]
					}
				}
			}
		},
		"relationships": {
			"L-Rack": [
				[
					"AMR_LIFT01",
					"none"
				]
			]
		}
	},
	"timestamp_1": {
		"robots": {
			"ARMLIFT": {
				"AMR_LIFT01": {
					"name": "AMR_LIFT01",
					"pose": {
						"translation": [
							139.57937622070312,
							142.57546997070312,
							0.06200317293405533
						],
						"rotation": [
							-0.009315249510109425,
							-0.003744295798242092,
							-0.9281875491142273,
							0.37197768688201904
						]
					},
					"odometry": {
						"position": [
							0.5503476617709151,
							-7.723892284171935,
							-0.012444541627862503
						],
						"orientation": [
							-0.019650877367584627,
							0.000411268860616366,
							-0.9280182273112235,
							0.3720159185501919
						],
						"linear": [
							-0.0005634671542793512,
							0.0,
							0.0
						],
						"angular": [
							0.0,
							0.0,
							0.0032436137553304434
						]
					},
					"aabb": [
						123.7872694333898,
						140.6069553207453,
						-0.01254057398159697,
						124.75412105958213,
						141.55692742398506,
						0.16313774785220056
					],
					"joint_state": {
						"position": [
							-2.3961,
							4.1593,
							0.9163,
							-4.8435,
							0.928,
							0.0306,
							0.0
						],
						"velocity": [
							0.001,
							0.0131,
							-0.0071,
							0.0159,
							-0.0168,
							0.0011,
							0.0
						],
						"effort": [
							0.0,
							0.0,
							0.0,
							0.0,
							0.0,
							0.0,
							0.0
						]
					},
					"lift_state": "lift_down"
				}
			}
		},
		"objects": {
			"Rack": {
				"Rack_02": {
					"name": "Rack_02",
					"pose": {
						"translation": [
							133.05699157714844,
							143.09999084472656,
							0.19921104609966278
						],
						"rotation": [
							0.983835756778717,
							0.1790735274553299,
							-4.97384462505579e-08,
							9.080395102500916e-09
						]
					}
				}
			}
		},
		"relationships": {
			"L-Rack": [
				[
					"AMR_LIFT01",
					"none"
				]
			]
		}
	},
	"timestamp_2": {
		"robots": {
			"ARMLIFT": {
				"AMR_LIFT01": {
					"name": "AMR_LIFT01",
					"pose": {
						"translation": [
							139.57980346679688,
							142.57513427734375,
							0.06200706213712692
						],
						"rotation": [
							-0.009314697235822678,
							-0.0037523533683270216,
							-0.9281571507453918,
							0.3720534145832062
						]
					},
					"odometry": {
						"position": [
							0.5507673886450967,
							-7.724195006323621,
							-0.012458696491073548
						],
						"orientation": [
							-0.019638515091893235,
							0.00040048297793233024,
							-0.9279861627110598,
							0.37209656025710913
						],
						"linear": [
							-0.0004458760377019644,
							0.0,
							0.0
						],
						"angular": [
							0.0,
							0.0,
							0.008033555932343006
						]
					},
					"aabb": [
						123.7872807076701,
						140.6068917668784,
						-0.012549697229420504,
						124.7540778521934,
						141.55692390470637,
						0.16313356474219112
					],
					"joint_state": {
						"position": [
							-2.3951,
							4.161,
							0.9227,
							-4.845,
							0.9225,
							0.034,
							0.0
						],
						"velocity": [
							0.0131,
							0.0108,
							-0.0802,
							-0.0036,
							-0.0245,
							0.0138,
							0.0
						],
						"effort": [
							0.0,
							0.0,
							0.0,
							0.0,
							0.0,
							0.0,
							0.0
						]
					},
					"lift_state": "lift_down"
				}
			}
		},
		"objects": {
			"Rack": {
				"Rack_02": {
					"name": "Rack_02",
					"pose": {
						"translation": [
							133.05699157714844,
							143.09999084472656,
							0.19921104609966278
						],
						"rotation": [
							0.983835756778717,
							0.1790735274553299,
							-4.97384462505579e-08,
							9.080395102500916e-09
						]
					}
				}
			}
		},
		"relationships": {
			"L-Rack": [
				[
					"AMR_LIFT01",
					"none"
				]
			]
		}
	},
	"timestamp_3": {
		"robots": {
			"ARMLIFT": {
				"AMR_LIFT01": {
					"name": "AMR_LIFT01",
					"pose": {
						"translation": [
							139.5803680419922,
							142.57449340820312,
							0.06201061233878136
						],
						"rotation": [
							-0.009314475581049919,
							-0.0037623813841491938,
							-0.9281256198883057,
							0.372131884098053
						]
					},
					"odometry": {
						"position": [
							0.5513337673161465,
							-7.724839501769542,
							-0.012467776553070882
						],
						"orientation": [
							-0.019637941056806413,
							0.00039132837137054296,
							-0.9279546839013245,
							0.3721750969083611
						],
						"linear": [
							-0.0021712761372327805,
							0.0,
							0.0
						],
						"angular": [
							0.0,
							0.0,
							0.0033485449384897947
						]
					},
					"aabb": [
						123.78646393086882,
						140.60786772642487,
						-0.01253154619722787,
						124.75321439396257,
						141.55795625951984,
						0.1631358357405305
					],
					"joint_state": {
						"position": [
							-2.3947,
							4.1611,
							0.9242,
							-4.8448,
							0.9253,
							0.0314,
							0.0
						],
						"velocity": [
							0.0129,
							-0.0078,
							-0.0628,
							0.0638,
							0.0163,
							0.0329,
							0.0
						],
						"effort": [
							0.0,
							0.0,
							0.0,
							0.0,
							0.0,
							0.0,
							0.0
						]
					},
					"lift_state": "lift_down"
				}
			}
		},
		"objects": {
			"Rack": {
				"Rack_02": {
					"name": "Rack_02",
					"pose": {
						"translation": [
							133.05699157714844,
							143.09999084472656,
							0.19921104609966278
						],
						"rotation": [
							0.983835756778717,
							0.1790735274553299,
							-4.97384462505579e-08,
							9.080395102500916e-09
						]
					}
				}
			}
		},
		"relationships": {
			"L-Rack": [
				[
					"AMR_LIFT01",
					"none"
				]
			]
		}
	},
	"timestamp_4": {
		"robots": {
			"ARMLIFT": {
				"AMR_LIFT01": {
					"name": "AMR_LIFT01",
					"pose": {
						"translation": [
							139.5806121826172,
							142.57431030273438,
							0.06199958547949791
						],
						"rotation": [
							-0.009317697025835514,
							-0.003736642887815833,
							-0.9281084537506104,
							0.37217482924461365
						]
					},