{
	"timestamp_0": {
		"robots": {
			"ARMLIFT": {
				"AMR_LIFT01": {
					"name": "AMR_LIFT01",
					"pose": {
						"translation": [
							139.5968780517578,
							142.54205322265625,
							0.06199970096349716
						],
						"rotation": [
							-0.009387101046741009,
							-0.003711859229952097,
							-0.9299114942550659,
							0.3676448464393616
						]
					},
					"odometry": {
						"position": [
							0.5678350455588967,
							-7.757270351527464,
							-0.012846877175397953
						],
						"orientation": [
							-0.019730504761025346,
							0.00039193417652999687,
							-0.9297397489705492,
							0.36768811886387753
						],
						"linear": [
							-0.003829932538792491,
							0.0,
							0.0
						],
						"angular": [
							0.0,
							0.0,
							-0.0032103548292070627
						]
					},
					"aabb": [
						123.76717995157841,
						140.6435160167443,
						-0.012304688169299994,
						124.73703679479264,
						141.59002376114395,
						0.163090483164279
					],
					"joint_state": {
						"position": [
							-2.2291,
							4.2909,
							1.0879,
							-5.1265,
							1.0933,
							-0.2306,
							0.0
						],
						"velocity": [
							0.0155,
							-0.0135,
							0.0477,
							0.0237,
							0.0325,
							-0.0147,
							0.0
						],
						"effort": [
							0.0,
							0.0,
							0.0,
							0.0,
							0.0,
							0.0,
							0.0
						]
					},
					"lift_state": "lift_down"
				}
			}
		},
		"objects": {
			"Rack": {
				"Rack_02": {
					"name": "Rack_02",
					"pose": {
						"translation": [
							133.05699157714844,
							143.09999084472656,
							0.19921104609966278
						],
						"rotation": [
							0.983835756778717,
							0.1790735274553299,
							-4.97384462505579e-08,
							9.080395102500916e-09
						]
					}
				}
			}
		},
		"relationships": {
			"L-Rack": [
				[
					"AMR_LIFT01",
					"none"
				]
			]
		}
	},
	"timestamp_1": {
		"robots": {
			"ARMLIFT": {
				"AMR_LIFT01": {
					"name": "AMR_LIFT01",
					"pose": {
						"translation": [
							139.59678649902344,
							142.5423126220703,
							0.06200721487402916
						],
						"rotation": [
							-0.009381728246808052,
							-0.003732700366526842,
							-0.9298458695411682,
							0.36781108379364014
						]
					},
					"odometry": {
						"position": [
							0.5677570929322496,
							-7.757016434169348,
							-0.01283765893906637
						],
						"orientation": [
							-0.019724391144715123,
							0.0003729423467068971,
							-0.9296741632251606,
							0.3678542639953681
						],
						"linear": [
							-0.00022013559646438807,
							0.0,
							0.0
						],
						"angular": [
							0.0,
							0.0,
							-0.0002678419405128807
						]
					},
					"aabb": [
						123.76714736675909,
						140.64310495434472,
						-0.012296235149809952,
						124.73696591533091,
						141.58965750347372,
						0.1630909207285649
					],
					"joint_state": {
						"position": [
							-2.2281,
							4.2901,
							1.0903,
							-5.1216,
							1.0825,
							-0.2185,
							0.0
						],
						"velocity": [
							0.0096,
							0.0068,
							0.0528,
							-0.0368,
							0.0081,
							0.0097,
							0.0
						],
						"effort": [
							0.0,
							0.0,
							0.0,
							0.0,
							0.0,
							0.0,
							0.0
						]
					},
					"lift_state": "lift_down"
				}
			}
		},
		"objects": {
			"Rack": {
				"Rack_02": {
					"name": "Rack_02",
					"pose": {
						"translation": [
							133.05699157714844,
							143.09999084472656,
							0.19921104609966278
						],
						"rotation": [
							0.983835756778717,
							0.1790735274553299,
							-4.97384462505579e-08,
							9.080395102500916e-09
						]
					}
				}
			}
		},
		"relationships": {
			"L-Rack": [
				[
					"AMR_LIFT01",
					"none"
				]
			]
		}
	},
	"timestamp_2": {
		"robots": {
			"ARMLIFT": {
				"AMR_LIFT01": {
					"name": "AMR_LIFT01",
					"pose": {
						"translation": [
							139.59690856933594,
							142.5423126220703,
							0.06200370565056801
						],
						"rotation": [
							-0.009388498030602932,
							-0.003725315211340785,
							-0.929884135723114,
							0.3677140176296234
						]
					},
					"odometry": {
						"position": [
							0.5678644108291022,
							-7.757016435326775,
							-0.012843525053221625
						],
						"orientation": [
							-0.019731592153183018,
							0.00037924813459039883,
							-0.929712361512771,
							0.36775731847551285
						],
						"linear": [
							-0.0013182061957195401,
							0.0,
							0.0
						],
						"angular": [
							0.0,
							0.0,
							-0.004190190229564905
						]
					},
					"aabb": [
						123.76702940057068,
						140.64320515784945,
						-0.012290532383593913,
						124.73687011782943,
						141.58973266613506,
						0.16309756460562919
					],
					"joint_state": {
						"position": [
							-2.2271,
							4.2906,
							1.1057,
							-5.1295,
							1.0989,
							-0.23,
							0.0
						],
						"velocity": [
							0.0034,
							0.0167,
							0.0859,
							-0.0438,
							0.1223,
							-0.062,
							0.0
						],
						"effort": [
							0.0,
							0.0,
							0.0,
							0.0,
							0.0,
							0.0,
							0.0
						]
					},
					"lift_state": "lift_down"
				}
			}
		},
		"objects": {
			"Rack": {
				"Rack_02": {
					"name": "Rack_02",
					"pose": {
						"translation": [
							133.05699157714844,
							143.09999084472656,
							0.19921104609966278
						],
						"rotation": [
							0.983835756778717,
							0.1790735274553299,
							-4.97384462505579e-08,
							9.080395102500916e-09
						]
					}
				}
			}
		},
		"relationships": {
			"L-Rack": [
				[
					"AMR_LIFT01",
					"none"
				]
			]
		}
	},
	"timestamp_3": {
		"robots": {
			"ARMLIFT": {
				"AMR_LIFT01": {
					"name": "AMR_LIFT01",
					"pose": {
						"translation": [
							139.5976104736328,
							142.5414581298828,
							0.06200847402215004
						],
						"rotation": [
							-0.009399068541824818,
							-0.0037150729913264513,
							-0.9298670291900635,
							0.3677569329738617
						]
					},
					"odometry": {
						"position": [
							0.5683428634309474,
							-7.75768047189504,
							-0.01285326576953554
						],
						"orientation": [
							-0.019737003192353345,
							0.0003894427774359281,
							-0.9296993154993078,
							0.3677899968724361
						],
						"linear": [
							-0.0003250350127927959,
							0.0,
							0.0
						],
						"angular": [
							0.0,
							0.0,
							-0.0026030566077679396
						]
					},
					"aabb": [
						123.76656793796883,
						140.64380541772385,
						-0.012289312438354542,
						124.73642143781628,
						141.59031694538248,
						0.16309006523410324
					],
					"joint_state": {
						"position": [
							-2.2264,
							4.2923,
							1.0997,
							-5.1298,
							1.0947,
							-0.2313,
							0.0
						],
						"velocity": [
							0.0077,
							0.0078,
							-0.0048,
							0.0049,
							0.008,
							-0.005,
							0.0
						],
						"effort": [
							0.0,
							0.0,
							0.0,
							0.0,
							0.0,
							0.0,
							0.0
						]
					},
					"lift_state": "lift_down"
				}
			}
		},
		"objects": {
			"Rack": {
				"Rack_02": {
					"name": "Rack_02",
					"pose": {
						"translation": [
							133.05699157714844,
							143.09999084472656,
							0.19921104609966278
						],
						"rotation": [
							0.983835756778717,
							0.1790735274553299,
							-4.97384462505579e-08,
							9.080395102500916e-09
						]
					}
				}
			}
		},
		"relationships": {
			"L-Rack": [
				[
					"AMR_LIFT01",
					"none"
				]
			]
		}
	},
	"timestamp_4": {
		"robots": {
			"ARMLIFT": {
				"AMR_LIFT01": {
					"name": "AMR_LIFT01",
					"pose": {
						"translation": [
							139.5973663330078,
							142.54127502441406,
							0.06200443208217621
						],
						"rotation": [
							-0.009395131841301918,
							-0.003705265698954463,
							-0.9298343062400818,
							0.3678399622440338
						]
					},