{
	"timestamp_0": {
		"robots": {
			"ARMLIFT": {
				"AMR_LIFT01": {
					"name": "AMR_LIFT01",
					"pose": {
						"translation": [
							139.59747314453125,
							142.5404510498047,
							0.062001798301935196
						],
						"rotation": [
							-0.009390094317495823,
							-0.0037007369101047516,
							-0.9300797581672668,
							0.36721935868263245
						]
					},
					"odometry": {
						"position": [
							0.5684307313514836,
							-7.758881647153844,
							-0.012858129931127664
						],
						"orientation": [
							-0.019735369876312685,
							0.0003983219573466155,
							-0.9299079319188037,
							0.36726229682606537
						],
						"linear": [
							0.004035287536680698,
							0.0,
							0.0
						],
						"angular": [
							0.0,
							0.0,
							0.0007077091140672565
						]
					},
					"aabb": [
						123.76590413350694,
						140.64551529394762,
						-0.012180946168921585,
						124.7361562775079,
						141.59155194966007,
						0.16309812340682395
					],
					"joint_state": {
						"position": [
							-2.2137,
							4.2996,
							1.0807,
							-5.1239,
							1.0967,
							-0.2633,
							0.0
						],
						"velocity": [
							0.0052,
							0.0015,
							-0.0185,
							0.0116,
							-0.0185,
							-0.0015,
							0.0
						],
						"effort": [
							0.0,
							0.0,
							0.0,
							0.0,
							0.0,
							0.0,
							0.0
						]
					},
					"lift_state": "lift_down"
				}
			}
		},
		"objects": {
			"Rack": {
				"Rack_02": {
					"name": "Rack_02",
					"pose": {
						"translation": [
							133.05699157714844,
							143.09999084472656,
							0.19921104609966278
						],
						"rotation": [
							0.983835756778717,
							0.1790735274553299,
							-4.97384462505579e-08,
							9.080395102500916e-09
						]
					}
				}
			}
		},
		"relationships": {
			"L-Rack": [
				[
					"AMR_LIFT01",
					"none"
				]
			]
		}
	},
	"timestamp_1": {
		"robots": {
			"ARMLIFT": {
				"AMR_LIFT01": {
					"name": "AMR_LIFT01",
					"pose": {
						"translation": [
							139.59738159179688,
							142.54031372070312,
							0.06200050190091133
						],
						"rotation": [
							-0.009390939027071,
							-0.003708654548972845,
							-0.9300466179847717,
							0.3673030734062195
						]
					},
					"odometry": {
						"position": [
							0.5682452584899802,
							-7.758842591760794,
							-0.012852647194252819
						],
						"orientation": [
							-0.019735231955736034,
							0.0003798949824323087,
							-0.929863264359229,
							0.36737540186388995
						],
						"linear": [
							-0.0031365551985800266,
							0.0,
							0.0
						],
						"angular": [
							0.0,
							0.0,
							-0.0025041638873517513
						]
					},
					"aabb": [
						123.76623911518281,
						140.64545064131246,
						-0.012165729666009296,
						124.73640410514646,
						141.59159385203057,
						0.16309500565265955
					],
					"joint_state": {
						"position": [
							-2.213,
							4.3006,
							1.094,
							-5.1313,
							1.101,
							-0.2705,
							0.0
						],
						"velocity": [
							-0.0333,
							-0.0152,
							0.0561,
							0.0659,
							0.0752,
							-0.0274,
							0.0
						],
						"effort": [
							0.0,
							0.0,
							0.0,
							0.0,
							0.0,
							0.0,
							0.0
						]
					},
					"lift_state": "lift_down"
				}
			}
		},
		"objects": {
			"Rack": {
				"Rack_02": {
					"name": "Rack_02",
					"pose": {
						"translation": [
							133.05699157714844,
							143.09999084472656,
							0.19921104609966278
						],
						"rotation": [
							0.983835756778717,
							0.1790735274553299,
							-4.97384462505579e-08,
							9.080395102500916e-09
						]
					}
				}
			}
		},
		"relationships": {
			"L-Rack": [
				[
					"AMR_LIFT01",
					"none"
				]
			]
		}
	},
	"timestamp_2": {
		"robots": {
			"ARMLIFT": {
				"AMR_LIFT01": {
					"name": "AMR_LIFT01",
					"pose": {
						"translation": [
							139.59742736816406,
							142.54006958007812,
							0.062009047716856
						],
						"rotation": [
							-0.009406155906617641,
							-0.003706216812133789,
							-0.9300584197044373,
							0.3672724962234497
						]
					},
					"odometry": {
						"position": [
							0.5683918601344592,
							-7.759262495021796,
							-0.012850011642029306
						],
						"orientation": [
							-0.019751199936121917,
							0.0003934338668758961,
							-0.9298864687182663,
							0.36731579139147896
						],
						"linear": [
							-0.003865835489705205,
							0.0,
							0.0
						],
						"angular": [
							0.0,
							0.0,
							-0.0006228567217476666
						]
					},
					"aabb": [
						123.76621420340813,
						140.6458911057669,
						-0.012169599495464338,
						124.73641631794267,
						141.59198899473083,
						0.16308879064304865
					],
					"joint_state": {
						"position": [
							-2.2119,
							4.3021,
							1.1042,
							-5.134,
							1.1024,
							-0.2718,
							0.0
						],
						"velocity": [
							0.0394,
							0.023,
							-0.014,
							0.012,
							-0.1458,
							0.1124,
							0.0
						],
						"effort": [
							0.0,
							0.0,
							0.0,
							0.0,
							0.0,
							0.0,
							0.0
						]
					},
					"lift_state": "lift_down"
				}
			}
		},
		"objects": {
			"Rack": {
				"Rack_02": {
					"name": "Rack_02",
					"pose": {
						"translation": [
							133.05699157714844,
							143.09999084472656,
							0.19921104609966278
						],
						"rotation": [
							0.983835756778717,
							0.1790735274553299,
							-4.97384462505579e-08,
							9.080395102500916e-09
						]
					}
				}
			}
		},
		"relationships": {
			"L-Rack": [
				[
					"AMR_LIFT01",
					"none"
				]
			]
		}
	},
	"timestamp_3": {
		"robots": {
			"ARMLIFT": {
				"AMR_LIFT01": {
					"name": "AMR_LIFT01",
					"pose": {
						"translation": [
							139.5971221923828,
							142.5404510498047,
							0.062000274658203125
						],
						"rotation": [
							-0.009391963481903076,
							-0.00371377426199615,
							-0.9300169348716736,
							0.3673778474330902
						]
					},
					"odometry": {
						"position": [
							0.5680792228329459,
							-7.758881668761359,
							-0.012851792727022188
						],
						"orientation": [
							-0.019736544549053166,
							0.0003870492786312499,
							-0.9298451341475186,
							0.3674212099271112
						],
						"linear": [
							-0.009172390215098858,
							0.0,
							0.0
						],
						"angular": [
							0.0,
							0.0,
							0.007695498876273632
						]
					},
					"aabb": [
						123.76641749129185,
						140.64541322479533,
						-0.012155631964644026,
						124.73653817701428,
						141.59160925335257,
						0.16309934944752638
					],
					"joint_state": {
						"position": [
							-2.2105,
							4.3019,
							1.1041,
							-5.1345,
							1.1022,
							-0.2787,
							0.0
						],
						"velocity": [
							0.0457,
							0.0799,
							0.0275,
							-0.0001,
							-0.2448,
							-0.07,
							0.0
						],
						"effort": [
							0.0,
							0.0,
							0.0,
							0.0,
							0.0,
							0.0,
							0.0
						]
					},
					"lift_state": "lift_down"
				}
			}
		},
		"objects": {
			"Rack": {
				"Rack_02": {
					"name": "Rack_02",
					"pose": {
						"translation": [
							133.05699157714844,
							143.09999084472656,
							0.19921104609966278
						],
						"rotation": [
							0.983835756778717,
							0.1790735274553299,
							-4.97384462505579e-08,
							9.080395102500916e-09
						]
					}
				}
			}
		},
		"relationships": {
			"L-Rack": [
				[
					"AMR_LIFT01",
					"none"
				]
			]
		}
	},
	"timestamp_4": {
		"robots": {
			"ARMLIFT": {
				"AMR_LIFT01": {
					"name": "AMR_LIFT01",
					"pose": {
						"translation": [
							139.596923828125,
							142.54100036621094,
							0.06200603395700455
						],
						"rotation": [
							-0.009391273371875286,
							-0.0037310956977307796,
							-0.9299826622009277,
							0.3674646317958832
						]
					},