{
	"timestamp_0": {
		"robots": {
			"ARMLIFT": {
				"AMR_LIFT01": {
					"name": "AMR_LIFT01",
					"pose": {
						"translation": [
							139.61404418945312,
							142.4767303466797,
							0.06199989095330238
						],
						"rotation": [
							-0.009396575391292572,
							-0.0036270413547754288,
							-0.9328278303146362,
							0.360181987285614
						]
					},
					"odometry": {
						"position": [
							0.585011958920088,
							-7.822601599308983,
							-0.013230812578392363
						],
						"orientation": [
							-0.019772527980184907,
							0.0003937301352883827,
							-0.9326559620964027,
							0.3602245806158803
						],
						"linear": [
							0.001335052540525794,
							0.0,
							0.0
						],
						"angular": [
							0.0,
							0.0,
							-0.005230375099927187
						]
					},
					"aabb": [
						123.74489746102017,
						140.7145577948357,
						-0.014906312643917846,
						124.7199804298865,
						141.65457358510923,
						0.16296192278350177
					],
					"joint_state": {
						"position": [
							-1.7657,
							4.6126,
							1.0279,
							-5.4708,
							1.0635,
							-0.6511,
							0.0
						],
						"velocity": [
							-0.012,
							0.0124,
							-0.0118,
							0.0215,
							-0.0549,
							0.0254,
							0.0
						],
						"effort": [
							0.0,
							0.0,
							0.0,
							0.0,
							0.0,
							0.0,
							0.0
						]
					},
					"lift_state": "lift_down"
				}
			}
		},
		"objects": {
			"Rack": {
				"Rack_02": {
					"name": "Rack_02",
					"pose": {
						"translation": [
							133.05699157714844,
							143.09999084472656,
							0.19921104609966278
						],
						"rotation": [
							0.983835756778717,
							0.1790735274553299,
							-4.97384462505579e-08,
							9.080395102500916e-09
						]
					}
				}
			}
		},
		"relationships": {
			"L-Rack": [
				[
					"AMR_LIFT01",
					"none"
				]
			]
		}
	},
	"timestamp_1": {
		"robots": {
			"ARMLIFT": {
				"AMR_LIFT01": {
					"name": "AMR_LIFT01",
					"pose": {
						"translation": [
							139.6139678955078,
							142.47686767578125,
							0.062001876533031464
						],
						"rotation": [
							-0.009400246664881706,
							-0.003637384157627821,
							-0.9327998757362366,
							0.3602541983127594
						]
					},
					"odometry": {
						"position": [
							0.5848850734571369,
							-7.822435586112793,
							-0.013225964278102551
						],
						"orientation": [
							-0.019776601271797922,
							0.00038457253636570176,
							-0.9326424945427634,
							0.36025923377361535
						],
						"linear": [
							0.001574275316670537,
							0.0,
							0.0
						],
						"angular": [
							0.0,
							0.0,
							-0.0004996730713173747
						]
					},
					"aabb": [
						123.74497444707563,
						140.71447915547867,
						-0.014930166161665709,
						124.72005861300744,
						141.65449579261477,
						0.1629646271344742
					],
					"joint_state": {
						"position": [
							-1.7645,
							4.6138,
							1.0391,
							-5.4797,
							1.0637,
							-0.66,
							0.0
						],
						"velocity": [
							0.0221,
							0.0137,
							-0.0383,
							0.0407,
							-0.1668,
							0.0148,
							0.0
						],
						"effort": [
							0.0,
							0.0,
							0.0,
							0.0,
							0.0,
							0.0,
							0.0
						]
					},
					"lift_state": "lift_down"
				}
			}
		},
		"objects": {
			"Rack": {
				"Rack_02": {
					"name": "Rack_02",
					"pose": {
						"translation": [
							133.05699157714844,
							143.09999084472656,
							0.19921104609966278
						],
						"rotation": [
							0.983835756778717,
							0.1790735274553299,
							-4.97384462505579e-08,
							9.080395102500916e-09
						]
					}
				}
			}
		},
		"relationships": {
			"L-Rack": [
				[
					"AMR_LIFT01",
					"none"
				]
			]
		}
	},
	"timestamp_2": {
		"robots": {
			"ARMLIFT": {
				"AMR_LIFT01": {
					"name": "AMR_LIFT01",
					"pose": {
						"translation": [
							139.61366271972656,
							142.47718811035156,
							0.06199897453188896
						],
						"rotation": [
							-0.009403075091540813,
							-0.0036268543917685747,
							-0.9328671097755432,
							0.3600800335407257
						]
					},
					"odometry": {
						"position": [
							0.5846213861618826,
							-7.822132870893856,
							-0.013223000298069677
						],
						"orientation": [
							-0.01977946653462166,
							0.00039278296101086506,
							-0.9326951696765801,
							0.3601226719982053
						],
						"linear": [
							-0.005506034940481186,
							0.0,
							0.0
						],
						"angular": [
							0.0,
							0.0,
							-0.00340499309822917
						]
					},
					"aabb": [
						123.74522256202961,
						140.71416649443523,
						-0.014933261895774824,
						124.72037510039308,
						141.65409422432614,
						0.16296465465089693
					],
					"joint_state": {
						"position": [
							-1.7636,
							4.6154,
							1.0469,
							-5.4854,
							1.0717,
							-0.664,
							0.0
						],
						"velocity": [
							0.0318,
							0.0685,
							0.0839,
							-0.0611,
							0.0282,
							-0.0073,
							0.0
						],
						"effort": [
							0.0,
							0.0,
							0.0,
							0.0,
							0.0,
							0.0,
							0.0
						]
					},
					"lift_state": "lift_down"
				}
			}
		},
		"objects": {
			"Rack": {
				"Rack_02": {
					"name": "Rack_02",
					"pose": {
						"translation": [
							133.05699157714844,
							143.09999084472656,
							0.19921104609966278
						],
						"rotation": [
							0.983835756778717,
							0.1790735274553299,
							-4.97384462505579e-08,
							9.080395102500916e-09
						]
					}
				}
			}
		},
		"relationships": {
			"L-Rack": [
				[
					"AMR_LIFT01",
					"none"
				]
			]
		}
	},
	"timestamp_3": {
		"robots": {
			"ARMLIFT": {
				"AMR_LIFT01": {
					"name": "AMR_LIFT01",
					"pose": {
						"translation": [
							139.61456298828125,
							142.4766082763672,
							0.06200138106942177
						],
						"rotation": [
							-0.009404914453625679,
							-0.003626432502642274,
							-0.9328781366348267,
							0.36005133390426636
						]
					},
					"odometry": {
						"position": [
							0.5854807357033776,
							-7.822660155877905,
							-0.013234965792977522
						],
						"orientation": [
							-0.019783391857647516,
							0.0003793969314162767,
							-0.9327051279615072,
							0.36009667832248043
						],
						"linear": [
							-0.001458645099774003,
							0.0,
							0.0
						],
						"angular": [
							0.0,
							0.0,
							-0.004056258127093315
						]
					},
					"aabb": [
						123.74432774741632,
						140.71472025484923,
						-0.014936308255632184,
						124.71948670024214,
						141.65464025594338,
						0.1629646683099394
					],
					"joint_state": {
						"position": [
							-1.7618,
							4.6158,
							1.0449,
							-5.4875,
							1.0816,
							-0.6678,
							0.0
						],
						"velocity": [
							0.0,
							-0.0011,
							0.0344,
							-0.0125,
							0.0343,
							0.0007,
							0.0
						],
						"effort": [
							0.0,
							0.0,
							0.0,
							0.0,
							0.0,
							0.0,
							0.0
						]
					},
					"lift_state": "lift_down"
				}
			}
		},
		"objects": {
			"Rack": {
				"Rack_02": {
					"name": "Rack_02",
					"pose": {
						"translation": [
							133.05699157714844,
							143.09999084472656,
							0.19921104609966278
						],
						"rotation": [
							0.983835756778717,
							0.1790735274553299,
							-4.97384462505579e-08,
							9.080395102500916e-09
						]
					}
				}
			}
		},
		"relationships": {
			"L-Rack": [
				[
					"AMR_LIFT01",
					"none"
				]
			]
		}
	},
	"timestamp_4": {
		"robots": {
			"ARMLIFT": {
				"AMR_LIFT01": {
					"name": "AMR_LIFT01",
					"pose": {
						"translation": [
							139.61497497558594,
							142.4761505126953,
							0.06200256198644638
						],
						"rotation": [
							-0.009406386874616146,
							-0.0036244653165340424,
							-0.9328730702400208,
							0.3600645065307617
						]
					},