{
	"timestamp_0": {
		"robots": {
			"ARMLIFT": {
				"AMR_LIFT01": {
					"name": "AMR_LIFT01",
					"pose": {
						"translation": [
							139.61790466308594,
							142.46676635742188,
							0.06199943274259567
						],
						"rotation": [
							-0.009414623491466045,
							-0.0035982001572847366,
							-0.9340397119522095,
							0.3570270240306854
						]
					},
					"odometry": {
						"position": [
							0.5888689384452023,
							-7.832562352509529,
							-0.013317378639640455
						],
						"orientation": [
							-0.019804109739504597,
							0.00038747475474324014,
							-0.9338676801441622,
							0.35706974540403336
						],
						"linear": [
							0.0008508897153660655,
							0.0,
							0.0
						],
						"angular": [
							0.0,
							0.0,
							0.001101193716749549
						]
					},
					"aabb": [
						123.73911035227026,
						140.72698752351312,
						-0.014844121528902212,
						124.71626075117086,
						141.66427580777304,
						0.16294766192144836
					],
					"joint_state": {
						"position": [
							-1.6617,
							4.6779,
							1.0621,
							-5.5703,
							1.0466,
							-0.6736,
							0.0
						],
						"velocity": [
							-0.011,
							0.0002,
							-0.0064,
							-0.0211,
							-0.0963,
							0.1202,
							0.0
						],
						"effort": [
							0.0,
							0.0,
							0.0,
							0.0,
							0.0,
							0.0,
							0.0
						]
					},
					"lift_state": "lift_down"
				}
			}
		},
		"objects": {
			"Rack": {
				"Rack_02": {
					"name": "Rack_02",
					"pose": {
						"translation": [
							133.05699157714844,
							143.09999084472656,
							0.19921104609966278
						],
						"rotation": [
							0.983835756778717,
							0.1790735274553299,
							-4.97384462505579e-08,
							9.080395102500916e-09
						]
					}
				}
			}
		},
		"relationships": {
			"L-Rack": [
				[
					"AMR_LIFT01",
					"none"
				]
			]
		}
	},
	"timestamp_1": {
		"robots": {
			"ARMLIFT": {
				"AMR_LIFT01": {
					"name": "AMR_LIFT01",
					"pose": {
						"translation": [
							139.6181640625,
							142.46633911132812,
							0.06200168654322624
						],
						"rotation": [
							-0.00941399298608303,
							-0.003600947791710496,
							-0.9340356588363647,
							0.3570377230644226
						]
					},
					"odometry": {
						"position": [
							0.5891326183192906,
							-7.8329920223539515,
							-0.013320978906919169
						],
						"orientation": [
							-0.019803431739201748,
							0.0003848460598529337,
							-0.9338636313282855,
							0.3570803747998608
						],
						"linear": [
							0.006361359730362892,
							0.0,
							0.0
						],
						"angular": [
							0.0,
							0.0,
							-0.002104255836457014
						]
					},
					"aabb": [
						123.73891876354003,
						140.72705854595768,
						-0.01485430778609647,
						124.71605506496057,
						141.6643661064129,
						0.16294820557767387
					],
					"joint_state": {
						"position": [
							-1.6615,
							4.6771,
							1.0576,
							-5.569,
							1.0422,
							-0.6725,
							0.0
						],
						"velocity": [
							0.003,
							0.0025,
							0.0359,
							-0.1911,
							0.0547,
							-0.2062,
							0.0
						],
						"effort": [
							0.0,
							0.0,
							0.0,
							0.0,
							0.0,
							0.0,
							0.0
						]
					},
					"lift_state": "lift_down"
				}
			}
		},
		"objects": {
			"Rack": {
				"Rack_02": {
					"name": "Rack_02",
					"pose": {
						"translation": [
							133.05699157714844,
							143.09999084472656,
							0.19921104609966278
						],
						"rotation": [
							0.983835756778717,
							0.1790735274553299,
							-4.97384462505579e-08,
							9.080395102500916e-09
						]
					}
				}
			}
		},
		"relationships": {
			"L-Rack": [
				[
					"AMR_LIFT01",
					"none"
				]
			]
		}
	},
	"timestamp_2": {
		"robots": {
			"ARMLIFT": {
				"AMR_LIFT01": {
					"name": "AMR_LIFT01",
					"pose": {
						"translation": [
							139.61822509765625,
							142.46629333496094,
							0.0620013028383255
						],
						"rotation": [
							-0.009413305670022964,
							-0.00360109843313694,
							-0.9340417981147766,
							0.3570215404033661
						]
					},
					"odometry": {
						"position": [
							0.5891912018747029,
							-7.83303108161808,
							-0.01332218211636538
						],
						"orientation": [
							-0.019802545830204625,
							0.00038345243249210756,
							-0.93386918393415,
							0.35706590349827516
						],
						"linear": [
							0.000209575446206145,
							0.0,
							0.0
						],
						"angular": [
							0.0,
							0.0,
							-0.0003900234878528863
						]
					},
					"aabb": [
						123.73885490067926,
						140.72731351134556,
						-0.014818176193184082,
						124.71605820441805,
						141.66453057638108,
						0.16294605132549186
					],
					"joint_state": {
						"position": [
							-1.6611,
							4.6787,
							1.0539,
							-5.5758,
							1.0417,
							-0.6796,
							0.0
						],
						"velocity": [
							0.0003,
							0.0002,
							0.0086,
							-0.0002,
							0.0,
							-0.0002,
							0.0
						],
						"effort": [
							0.0,
							0.0,
							0.0,
							0.0,
							0.0,
							0.0,
							0.0
						]
					},
					"lift_state": "lift_down"
				}
			}
		},
		"objects": {
			"Rack": {
				"Rack_02": {
					"name": "Rack_02",
					"pose": {
						"translation": [
							133.05699157714844,
							143.09999084472656,
							0.19921104609966278
						],
						"rotation": [
							0.983835756778717,
							0.1790735274553299,
							-4.97384462505579e-08,
							9.080395102500916e-09
						]
					}
				}
			}
		},
		"relationships": {
			"L-Rack": [
				[
					"AMR_LIFT01",
					"none"
				]
			]
		}
	},
	"timestamp_3": {
		"robots": {
			"ARMLIFT": {
				"AMR_LIFT01": {
					"name": "AMR_LIFT01",
					"pose": {
						"translation": [
							139.6181640625,
							142.46632385253906,
							0.06200004369020462
						],
						"rotation": [
							-0.009411091916263103,
							-0.0035980299580842257,
							-0.9338980913162231,
							0.35739749670028687
						]
					},
					"odometry": {
						"position": [
							0.5891228187044971,
							-7.83300179179181,
							-0.013322420343440854
						],
						"orientation": [
							-0.019798995509045757,
							0.0003917658719195813,
							-0.9337260979194035,
							0.35744009338704436
						],
						"linear": [
							-0.0006732299225404859,
							0.0,
							0.0
						],
						"angular": [
							0.0,
							0.0,
							0.003365373006090522
						]
					},
					"aabb": [
						123.73903250015346,
						140.7270957443701,
						-0.014816303468169431,
						124.71596673025022,
						141.66467320408464,
						0.1629464512528602
					],
					"joint_state": {
						"position": [
							-1.66,
							4.6791,
							1.0573,
							-5.5754,
							1.0337,
							-0.6735,
							0.0
						],
						"velocity": [
							0.0662,
							0.0294,
							-0.088,
							0.0509,
							-0.2936,
							-0.1387,
							0.0
						],
						"effort": [
							0.0,
							0.0,
							0.0,
							0.0,
							0.0,
							0.0,
							0.0
						]
					},
					"lift_state": "lift_down"
				}
			}
		},
		"objects": {
			"Rack": {
				"Rack_02": {
					"name": "Rack_02",
					"pose": {
						"translation": [
							133.05699157714844,
							143.09999084472656,
							0.19921104609966278
						],
						"rotation": [
							0.983835756778717,
							0.1790735274553299,
							-4.97384462505579e-08,
							9.080395102500916e-09
						]
					}
				}
			}
		},
		"relationships": {
			"L-Rack": [
				[
					"AMR_LIFT01",
					"none"
				]
			]
		}
	},
	"timestamp_4": {
		"robots": {
			"ARMLIFT": {
				"AMR_LIFT01": {
					"name": "AMR_LIFT01",
					"pose": {
						"translation": [
							139.61854553222656,
							142.46536254882812,
							0.06200264021754265
						],
						"rotation": [
							-0.009409149177372456,
							-0.00360675947740674,
							-0.9338793754577637,
							0.35744625329971313
						]
					},