{
	"timestamp_0": {
		"robots": {
			"ARMLIFT": {
				"AMR_LIFT01": {
					"name": "AMR_LIFT01",
					"pose": {
						"translation": [
							139.6225128173828,
							142.42185974121094,
							0.06200118735432625
						],
						"rotation": [
							-0.009441543370485306,
							-0.0035439427010715008,
							-0.9361230134963989,
							0.3515280485153198
						]
					},
					"odometry": {
						"position": [
							0.5934698057553789,
							-7.877464537231671,
							-0.013419203722623535
						],
						"orientation": [
							-0.019854291481346067,
							0.00038055847429435647,
							-0.9359506932209181,
							0.3515707071761017
						],
						"linear": [
							-0.0013360069133341312,
							0.0,
							0.0
						],
						"angular": [
							0.0,
							0.0,
							0.002978334203362465
						]
					},
					"aabb": [
						123.73123794282405,
						140.77589758158516,
						-0.012375265594973843,
						124.71194352927174,
						141.70825266569256,
						0.1628688616575215
					],
					"joint_state": {
						"position": [
							-1.3294,
							4.9325,
							1.0612,
							-5.9198,
							1.0573,
							-1.0765,
							0.0
						],
						"velocity": [
							-0.0166,
							0.0024,
							-0.0337,
							0.0269,
							-0.0663,
							0.0756,
							0.0
						],
						"effort": [
							0.0,
							0.0,
							0.0,
							0.0,
							0.0,
							0.0,
							0.0
						]
					},
					"lift_state": "lift_down"
				}
			}
		},
		"objects": {
			"Rack": {
				"Rack_02": {
					"name": "Rack_02",
					"pose": {
						"translation": [
							133.05699157714844,
							143.09999084472656,
							0.19921104609966278
						],
						"rotation": [
							0.983835756778717,
							0.1790735274553299,
							-4.97384462505579e-08,
							9.080395102500916e-09
						]
					}
				}
			}
		},
		"relationships": {
			"L-Rack": [
				[
					"AMR_LIFT01",
					"none"
				]
			]
		}
	},
	"timestamp_1": {
		"robots": {
			"ARMLIFT": {
				"AMR_LIFT01": {
					"name": "AMR_LIFT01",
					"pose": {
						"translation": [
							139.62261962890625,
							142.42176818847656,
							0.062001876533031464
						],
						"rotation": [
							-0.009438256733119488,
							-0.003548544365912676,
							-0.9362248778343201,
							0.35125696659088135
						]
					},
					"odometry": {
						"position": [
							0.5935772214253802,
							-7.877562186614596,
							-0.013420910920289873
						],
						"orientation": [
							-0.01985213526860129,
							0.00037294065569350095,
							-0.9360525905809626,
							0.351299446778974
						],
						"linear": [
							-0.002660611178725958,
							0.0,
							0.0
						],
						"angular": [
							0.0,
							0.0,
							0.004314855206757784
						]
					},
					"aabb": [
						123.7307679481807,
						140.77650975324593,
						-0.012480421657883932,
						124.71165760701184,
						141.70859807425916,
						0.16286707118115618
					],
					"joint_state": {
						"position": [
							-1.3291,
							4.9343,
							1.0581,
							-5.9193,
							1.0549,
							-1.0713,
							0.0
						],
						"velocity": [
							0.0057,
							0.0237,
							0.012,
							-0.0145,
							-0.0058,
							-0.0148,
							0.0
						],
						"effort": [
							0.0,
							0.0,
							0.0,
							0.0,
							0.0,
							0.0,
							0.0
						]
					},
					"lift_state": "lift_down"
				}
			}
		},
		"objects": {
			"Rack": {
				"Rack_02": {
					"name": "Rack_02",
					"pose": {
						"translation": [
							133.05699157714844,
							143.09999084472656,
							0.19921104609966278
						],
						"rotation": [
							0.983835756778717,
							0.1790735274553299,
							-4.97384462505579e-08,
							9.080395102500916e-09
						]
					}
				}
			}
		},
		"relationships": {
			"L-Rack": [
				[
					"AMR_LIFT01",
					"none"
				]
			]
		}
	},
	"timestamp_2": {
		"robots": {
			"ARMLIFT": {
				"AMR_LIFT01": {
					"name": "AMR_LIFT01",
					"pose": {
						"translation": [
							139.62261962890625,
							142.42169189453125,
							0.06199970096349716
						],
						"rotation": [
							-0.009444707073271275,
							-0.0035414209123700857,
							-0.9363173246383667,
							0.35101035237312317
						]
					},
					"odometry": {
						"position": [
							0.5935771774359128,
							-7.877630550344928,
							-0.013423050030337334
						],
						"orientation": [
							-0.019859617695615003,
							0.00037732006177646025,
							-0.9361449734607523,
							0.3510527622434019
						],
						"linear": [
							-0.010720453225076199,
							0.0,
							0.0
						],
						"angular": [
							0.0,
							0.0,
							-0.000422500423155725
						]
					},
					"aabb": [
						123.73069849057251,
						140.7766769495492,
						-0.012505502212398587,
						124.71173125982334,
						141.7085619008145,
						0.16287088981806716
					],
					"joint_state": {
						"position": [
							-1.3278,
							4.9358,
							1.0687,
							-5.9223,
							1.0684,
							-1.0763,
							0.0
						],
						"velocity": [
							0.0834,
							0.083,
							0.0523,
							0.0013,
							-0.1823,
							-0.0637,
							0.0
						],
						"effort": [
							0.0,
							0.0,
							0.0,
							0.0,
							0.0,
							0.0,
							0.0
						]
					},
					"lift_state": "lift_down"
				}
			}
		},
		"objects": {
			"Rack": {
				"Rack_02": {
					"name": "Rack_02",
					"pose": {
						"translation": [
							133.05699157714844,
							143.09999084472656,
							0.19921104609966278
						],
						"rotation": [
							0.983835756778717,
							0.1790735274553299,
							-4.97384462505579e-08,
							9.080395102500916e-09
						]
					}
				}
			}
		},
		"relationships": {
			"L-Rack": [
				[
					"AMR_LIFT01",
					"none"
				]
			]
		}
	},
	"timestamp_3": {
		"robots": {
			"ARMLIFT": {
				"AMR_LIFT01": {
					"name": "AMR_LIFT01",
					"pose": {
						"translation": [
							139.62196350097656,
							142.42247009277344,
							0.0619998537003994
						],
						"rotation": [
							-0.009447245858609676,
							-0.003539503086358309,
							-0.9364132285118103,
							0.35075438022613525
						]
					},
					"odometry": {
						"position": [
							0.5928449693422383,
							-7.876849331190621,
							-0.0134034320715696
						],
						"orientation": [
							-0.019863734636801855,
							0.0003726591770512578,
							-0.9362072200247343,
							0.3508864978094413
						],
						"linear": [
							0.0051498101092875,
							0.0,
							0.0
						],
						"angular": [
							0.0,
							0.0,
							-0.007333503104746342
						]
					},
					"aabb": [
						123.73133919659558,
						140.77605675502622,
						-0.012436556947639428,
						124.71243653091258,
						141.7078460593226,
						0.16286700612080116
					],
					"joint_state": {
						"position": [
							-1.3284,
							4.937,
							1.0743,
							-5.9219,
							1.0729,
							-1.0805,
							0.0
						],
						"velocity": [
							0.0443,
							0.0687,
							0.106,
							-0.1061,
							0.1616,
							-0.0937,
							0.0
						],
						"effort": [
							0.0,
							0.0,
							0.0,
							0.0,
							0.0,
							0.0,
							0.0
						]
					},
					"lift_state": "lift_down"
				}
			}
		},
		"objects": {
			"Rack": {
				"Rack_02": {
					"name": "Rack_02",
					"pose": {
						"translation": [
							133.05699157714844,
							143.09999084472656,
							0.19921104609966278
						],
						"rotation": [
							0.983835756778717,
							0.1790735274553299,
							-4.97384462505579e-08,
							9.080395102500916e-09
						]
					}
				}
			}
		},
		"relationships": {
			"L-Rack": [
				[
					"AMR_LIFT01",
					"none"
				]
			]
		}
	},
	"timestamp_4": {
		"robots": {
			"ARMLIFT": {
				"AMR_LIFT01": {
					"name": "AMR_LIFT01",
					"pose": {
						"translation": [
							139.62200927734375,
							142.42198181152344,
							0.062003593891859055
						],
						"rotation": [
							-0.009450679644942284,
							-0.003545220708474517,
							-0.9363318681716919,
							0.35097119212150574
						]
					},