{
	"timestamp_0": {
		"robots": {
			"ARMLIFT": {
				"AMR_LIFT01": {
					"name": "AMR_LIFT01",
					"pose": {
						"translation": [
							139.61605834960938,
							142.47352600097656,
							0.06199989095330238
						],
						"rotation": [
							-0.009412619285285473,
							-0.003622551681473851,
							-0.933256208896637,
							0.3590701222419739
						]
					},
					"odometry": {
						"position": [
							0.5870135846918795,
							-7.825804624286771,
							-0.01327543915210123
						],
						"orientation": [
							-0.019793354502245935,
							0.0003858512183966522,
							-0.9330841695870666,
							0.3591128049825012
						],
						"linear": [
							0.0003140353364869952,
							0.0,
							0.0
						],
						"angular": [
							0.0,
							0.0,
							-0.0027132027316838503
						]
					},
					"aabb": [
						123.74224057874368,
						140.71856565282286,
						-0.014955100107239074,
						124.71804735043138,
						141.65764281353927,
						0.1629613022477216
					],
					"joint_state": {
						"position": [
							-1.7361,
							4.6362,
							1.0643,
							-5.5058,
							1.0675,
							-0.6599,
							0.0
						],
						"velocity": [
							-0.0018,
							-0.0108,
							0.0151,
							-0.0125,
							0.0213,
							0.0022,
							0.0
						],
						"effort": [
							0.0,
							0.0,
							0.0,
							0.0,
							0.0,
							0.0,
							0.0
						]
					},
					"lift_state": "lift_down"
				}
			}
		},
		"objects": {
			"Rack": {
				"Rack_02": {
					"name": "Rack_02",
					"pose": {
						"translation": [
							133.05699157714844,
							143.09999084472656,
							0.19921104609966278
						],
						"rotation": [
							0.983835756778717,
							0.1790735274553299,
							-4.97384462505579e-08,
							9.080395102500916e-09
						]
					}
				}
			}
		},
		"relationships": {
			"L-Rack": [
				[
					"AMR_LIFT01",
					"none"
				]
			]
		}
	},
	"timestamp_1": {
		"robots": {
			"ARMLIFT": {
				"AMR_LIFT01": {
					"name": "AMR_LIFT01",
					"pose": {
						"translation": [
							139.6165313720703,
							142.47296142578125,
							0.062002599239349365
						],
						"rotation": [
							-0.009416777640581131,
							-0.0036201979964971542,
							-0.9333182573318481,
							0.35890865325927734
						]
					},
					"odometry": {
						"position": [
							0.5874920721790048,
							-7.826371000862874,
							-0.013283379808608867
						],
						"orientation": [
							-0.019798206850223248,
							0.00038640881211835247,
							-0.9331461745002418,
							0.35895138766873436
						],
						"linear": [
							0.0013275733217597008,
							0.0,
							0.0
						],
						"angular": [
							0.0,
							0.0,
							0.0068433755077421665
						]
					},
					"aabb": [
						123.74155998836613,
						140.7192982017054,
						-0.014953799605698091,
						124.71751826616666,
						141.65817444726005,
						0.162958848352584
					],
					"joint_state": {
						"position": [
							-1.7351,
							4.637,
							1.0682,
							-5.5113,
							1.0637,
							-0.6557,
							0.0
						],
						"velocity": [
							-0.0103,
							0.009,
							-0.023,
							0.0163,
							-0.0422,
							0.0098,
							0.0
						],
						"effort": [
							0.0,
							0.0,
							0.0,
							0.0,
							0.0,
							0.0,
							0.0
						]
					},
					"lift_state": "lift_down"
				}
			}
		},
		"objects": {
			"Rack": {
				"Rack_02": {
					"name": "Rack_02",
					"pose": {
						"translation": [
							133.05699157714844,
							143.09999084472656,
							0.19921104609966278
						],
						"rotation": [
							0.983835756778717,
							0.1790735274553299,
							-4.97384462505579e-08,
							9.080395102500916e-09
						]
					}
				}
			}
		},
		"relationships": {
			"L-Rack": [
				[
					"AMR_LIFT01",
					"none"
				]
			]
		}
	},
	"timestamp_2": {
		"robots": {
			"ARMLIFT": {
				"AMR_LIFT01": {
					"name": "AMR_LIFT01",
					"pose": {
						"translation": [
							139.61624145507812,
							142.47344970703125,
							0.062000080943107605
						],
						"rotation": [
							-0.009412465617060661,
							-0.00362212210893631,
							-0.9332442283630371,
							0.35910141468048096
						]
					},
					"odometry": {
						"position": [
							0.5871990815001724,
							-7.8258925060047035,
							-0.013279962718275112
						],
						"orientation": [
							-0.019793616640610995,
							0.00038804370656896623,
							-0.9330732594387077,
							0.3591411347684818
						],
						"linear": [
							-0.0019806022755801678,
							0.0,
							0.0
						],
						"angular": [
							0.0,
							0.0,
							0.0005526157328858972
						]
					},
					"aabb": [
						123.74195972542479,
						140.718787850506,
						-0.014955386430073108,
						124.71776431356871,
						141.65786746492685,
						0.16296348802950483
					],
					"joint_state": {
						"position": [
							-1.7346,
							4.6383,
							1.0622,
							-5.509,
							1.063,
							-0.6531,
							0.0
						],
						"velocity": [
							-0.0006,
							-0.0003,
							-0.1363,
							0.1821,
							-0.1202,
							0.1686,
							0.0
						],
						"effort": [
							0.0,
							0.0,
							0.0,
							0.0,
							0.0,
							0.0,
							0.0
						]
					},
					"lift_state": "lift_down"
				}
			}
		},
		"objects": {
			"Rack": {
				"Rack_02": {
					"name": "Rack_02",
					"pose": {
						"translation": [
							133.05699157714844,
							143.09999084472656,
							0.19921104609966278
						],
						"rotation": [
							0.983835756778717,
							0.1790735274553299,
							-4.97384462505579e-08,
							9.080395102500916e-09
						]
					}
				}
			}
		},
		"relationships": {
			"L-Rack": [
				[
					"AMR_LIFT01",
					"none"
				]
			]
		}
	},
	"timestamp_3": {
		"robots": {
			"ARMLIFT": {
				"AMR_LIFT01": {
					"name": "AMR_LIFT01",
					"pose": {
						"translation": [
							139.61619567871094,
							142.4729461669922,
							0.06200183555483818
						],
						"rotation": [
							-0.009408483281731606,
							-0.003626858349889517,
							-0.9332123398780823,
							0.35918423533439636
						]
					},
					"odometry": {
						"position": [
							0.5871503427776575,
							-7.826380786230222,
							-0.013276568518806962
						],
						"orientation": [
							-0.019788727326814626,
							0.00038281429938264014,
							-0.9330403420484152,
							0.35922691969585696
						],
						"linear": [
							0.0009345663711428642,
							0.0,
							0.0
						],
						"angular": [
							0.0,
							0.0,
							0.0016324844909831882
						]
					},
					"aabb": [
						123.74198975446706,
						140.71893355188092,
						-0.014954530218238863,
						124.71779299477015,
						141.65801439819495,
						0.16295813588835692
					],
					"joint_state": {
						"position": [
							-1.7336,
							4.6386,
							1.0609,
							-5.506,
							1.0548,
							-0.6572,
							0.0
						],
						"velocity": [
							-0.0633,
							-0.0632,
							0.1292,
							0.0506,
							-0.2768,
							-0.1787,
							0.0
						],
						"effort": [
							0.0,
							0.0,
							0.0,
							0.0,
							0.0,
							0.0,
							0.0
						]
					},
					"lift_state": "lift_down"
				}
			}
		},
		"objects": {
			"Rack": {
				"Rack_02": {
					"name": "Rack_02",
					"pose": {
						"translation": [
							133.05699157714844,
							143.09999084472656,
							0.19921104609966278
						],
						"rotation": [
							0.983835756778717,
							0.1790735274553299,
							-4.97384462505579e-08,
							9.080395102500916e-09
						]
					}
				}
			}
		},
		"relationships": {
			"L-Rack": [
				[
					"AMR_LIFT01",
					"none"
				]
			]
		}
	},
	"timestamp_4": {
		"robots": {
			"ARMLIFT": {
				"AMR_LIFT01": {
					"name": "AMR_LIFT01",
					"pose": {
						"translation": [
							139.61611938476562,
							142.4728240966797,
							0.06199966371059418
						],
						"rotation": [
							-0.009406874887645245,
							-0.0036178738810122013,
							-0.9332610368728638,
							0.3590577244758606
						]
					},