{
	"timestamp_0": {
		"robots": {
			"ARMLIFT": {
				"AMR_LIFT01": {
					"name": "AMR_LIFT01",
					"pose": {
						"translation": [
							139.609375,
							142.49220275878906,
							0.062001876533031464
						],
						"rotation": [
							-0.009379524737596512,
							-0.003661736845970154,
							-0.9312744140625,
							0.36417946219444275
						]
					},
					"odometry": {
						"position": [
							0.5803443786460054,
							-7.807123297013695,
							-0.013124480490422486
						],
						"orientation": [
							-0.019738141482634728,
							0.00040350516288352613,
							-0.9311027507699794,
							0.36422233657887193
						],
						"linear": [
							0.006368984933942556,
							0.0,
							0.0
						],
						"angular": [
							0.0,
							0.0,
							0.00030272407457232475
						]
					},
					"aabb": [
						123.75200353304892,
						140.6960294830697,
						-0.014372145657871928,
						124.72435975142488,
						141.6394976927028,
						0.1629879121299331
					],
					"joint_state": {
						"position": [
							-1.8599,
							4.5367,
							1.0129,
							-5.3749,
							1.0103,
							-0.497,
							0.0
						],
						"velocity": [
							0.0153,
							-0.0078,
							-0.0514,
							-0.0028,
							-0.0426,
							0.0027,
							0.0
						],
						"effort": [
							0.0,
							0.0,
							0.0,
							0.0,
							0.0,
							0.0,
							0.0
						]
					},
					"lift_state": "lift_down"
				}
			}
		},
		"objects": {
			"Rack": {
				"Rack_02": {
					"name": "Rack_02",
					"pose": {
						"translation": [
							133.05699157714844,
							143.09999084472656,
							0.19921104609966278
						],
						"rotation": [
							0.983835756778717,
							0.1790735274553299,
							-4.97384462505579e-08,
							9.080395102500916e-09
						]
					}
				}
			}
		},
		"relationships": {
			"L-Rack": [
				[
					"AMR_LIFT01",
					"none"
				]
			]
		}
	},
	"timestamp_1": {
		"robots": {
			"ARMLIFT": {
				"AMR_LIFT01": {
					"name": "AMR_LIFT01",
					"pose": {
						"translation": [
							139.60975646972656,
							142.4917755126953,
							0.06200572848320007
						],
						"rotation": [
							-0.009381476789712906,
							-0.0036777385976165533,
							-0.9314132332801819,
							0.3638242185115814
						]
					},
					"odometry": {
						"position": [
							0.5807154888051671,
							-7.807552958046826,
							-0.013128898427139166
						],
						"orientation": [
							-0.019741639150513576,
							0.00038355246456041927,
							-0.9312415333686017,
							0.36386718332442874
						],
						"linear": [
							0.0013247509486973286,
							0.0,
							0.0
						],
						"angular": [
							0.0,
							0.0,
							-0.001689283293671906
						]
					},
					"aabb": [
						123.75151351544991,
						140.69672082327983,
						-0.014423452325985638,
						124.72410083794308,
						141.63990392318436,
						0.16298836832584424
					],
					"joint_state": {
						"position": [
							-1.8596,
							4.5385,
							1.0165,
							-5.3832,
							1.0269,
							-0.5042,
							0.0
						],
						"velocity": [
							0.0012,
							0.0012,
							0.046,
							-0.0793,
							0.0255,
							-0.0003,
							0.0
						],
						"effort": [
							0.0,
							0.0,
							0.0,
							0.0,
							0.0,
							0.0,
							0.0
						]
					},
					"lift_state": "lift_down"
				}
			}
		},
		"objects": {
			"Rack": {
				"Rack_02": {
					"name": "Rack_02",
					"pose": {
						"translation": [
							133.05699157714844,
							143.09999084472656,
							0.19921104609966278
						],
						"rotation": [
							0.983835756778717,
							0.1790735274553299,
							-4.97384462505579e-08,
							9.080395102500916e-09
						]
					}
				}
			}
		},
		"relationships": {
			"L-Rack": [
				[
					"AMR_LIFT01",
					"none"
				]
			]
		}
	},
	"timestamp_2": {
		"robots": {
			"ARMLIFT": {
				"AMR_LIFT01": {
					"name": "AMR_LIFT01",
					"pose": {
						"translation": [
							139.61009216308594,
							142.491455078125,
							0.06200271472334862
						],
						"rotation": [
							-0.009380604140460491,
							-0.0036564304027706385,
							-0.9313448071479797,
							0.3639993667602539
						]
					},
					"odometry": {
						"position": [
							0.5810473868298115,
							-7.807865447007781,
							-0.013139323564395034
						],
						"orientation": [
							-0.019740007712355043,
							0.0004068082224367883,
							-0.9311731374988904,
							0.3640422428826893
						],
						"linear": [
							0.0017488867742940784,
							0.0,
							0.0
						],
						"angular": [
							0.0,
							0.0,
							0.002653042785823345
						]
					},
					"aabb": [
						123.75134192801607,
						140.69686029188813,
						-0.014431521897067803,
						124.72385151469143,
						141.6401401023463,
						0.1629863837858112
					],
					"joint_state": {
						"position": [
							-1.8583,
							4.5382,
							1.0091,
							-5.3817,
							1.026,
							-0.5071,
							0.0
						],
						"velocity": [
							-0.0162,
							0.0155,
							-0.0725,
							0.0374,
							-0.0938,
							0.0357,
							0.0
						],
						"effort": [
							0.0,
							0.0,
							0.0,
							0.0,
							0.0,
							0.0,
							0.0
						]
					},
					"lift_state": "lift_down"
				}
			}
		},
		"objects": {
			"Rack": {
				"Rack_02": {
					"name": "Rack_02",
					"pose": {
						"translation": [
							133.05699157714844,
							143.09999084472656,
							0.19921104609966278
						],
						"rotation": [
							0.983835756778717,
							0.1790735274553299,
							-4.97384462505579e-08,
							9.080395102500916e-09
						]
					}
				}
			}
		},
		"relationships": {
			"L-Rack": [
				[
					"AMR_LIFT01",
					"none"
				]
			]
		}
	},
	"timestamp_3": {
		"robots": {
			"ARMLIFT": {
				"AMR_LIFT01": {
					"name": "AMR_LIFT01",
					"pose": {
						"translation": [
							139.6096649169922,
							142.4918212890625,
							0.062001608312129974
						],
						"rotation": [
							-0.00937653984874487,
							-0.0036615936551243067,
							-0.9313339591026306,
							0.3640272319316864
						]
					},
					"odometry": {
						"position": [
							0.5806275252200913,
							-7.807504142668275,
							-0.013131081166444054
						],
						"orientation": [
							-0.01973582180843297,
							0.0004019549187386644,
							-0.9311623295284019,
							0.36407011939601563
						],
						"linear": [
							0.003019986441358924,
							0.0,
							0.0
						],
						"angular": [
							0.0,
							0.0,
							0.0034121228381991386
						]
					},
					"aabb": [
						123.75150372836742,
						140.69667849624696,
						-0.01438294466475559,
						124.72399725316325,
						141.63997565424773,
						0.16298734519182226
					],
					"joint_state": {
						"position": [
							-1.8573,
							4.5386,
							1.0053,
							-5.3802,
							1.0185,
							-0.5038,
							0.0
						],
						"velocity": [
							-0.0164,
							-0.0163,
							-0.112,
							0.0348,
							-0.1024,
							0.0346,
							0.0
						],
						"effort": [
							0.0,
							0.0,
							0.0,
							0.0,
							0.0,
							0.0,
							0.0
						]
					},
					"lift_state": "lift_down"
				}
			}
		},
		"objects": {
			"Rack": {
				"Rack_02": {
					"name": "Rack_02",
					"pose": {
						"translation": [
							133.05699157714844,
							143.09999084472656,
							0.19921104609966278
						],
						"rotation": [
							0.983835756778717,
							0.1790735274553299,
							-4.97384462505579e-08,
							9.080395102500916e-09
						]
					}
				}
			}
		},
		"relationships": {
			"L-Rack": [
				[
					"AMR_LIFT01",
					"none"
				]
			]
		}
	},
	"timestamp_4": {
		"robots": {
			"ARMLIFT": {
				"AMR_LIFT01": {
					"name": "AMR_LIFT01",
					"pose": {
						"translation": [
							139.60995483398438,
							142.49183654785156,
							0.06200031191110611
						],
						"rotation": [
							-0.009375245310366154,
							-0.0036613531410694122,
							-0.9314382672309875,
							0.3637603521347046
						]
					},