{
	"timestamp_0": {
		"robots": {
			"ARMLIFT": {
				"AMR_LIFT01": {
					"name": "AMR_LIFT01",
					"pose": {
						"translation": [
							139.61984252929688,
							142.44834899902344,
							0.06200096011161804
						],
						"rotation": [
							-0.0094098299741745,
							-0.0035752938129007816,
							-0.9346615672111511,
							0.35539647936820984
						]
					},
					"odometry": {
						"position": [
							0.5908030536965654,
							-7.850970486326205,
							-0.013359395964190605
						],
						"orientation": [
							-0.01980625524875999,
							0.0003922413599517593,
							-0.9344895566556753,
							0.35543892147767947
						],
						"linear": [
							-0.0012625218369066715,
							0.0,
							0.0
						],
						"angular": [
							0.0,
							0.0,
							-0.004572312347590923
						]
					},
					"aabb": [
						123.73614775217264,
						140.7464685269766,
						-0.014798583831769081,
						124.71442945163405,
						141.68221577560445,
						0.16291026391549368
					],
					"joint_state": {
						"position": [
							-1.541,
							4.7941,
							1.0078,
							-5.7153,
							1.0117,
							-0.8188,
							0.0
						],
						"velocity": [
							0.0163,
							0.0296,
							0.0506,
							0.073,
							0.0711,
							0.0598,
							0.0
						],
						"effort": [
							0.0,
							0.0,
							0.0,
							0.0,
							0.0,
							0.0,
							0.0
						]
					},
					"lift_state": "lift_down"
				}
			}
		},
		"objects": {
			"Rack": {
				"Rack_02": {
					"name": "Rack_02",
					"pose": {
						"translation": [
							133.05699157714844,
							143.09999084472656,
							0.19921104609966278
						],
						"rotation": [
							0.983835756778717,
							0.1790735274553299,
							-4.97384462505579e-08,
							9.080395102500916e-09
						]
					}
				}
			}
		},
		"relationships": {
			"L-Rack": [
				[
					"AMR_LIFT01",
					"none"
				]
			]
		}
	},
	"timestamp_1": {
		"robots": {
			"ARMLIFT": {
				"AMR_LIFT01": {
					"name": "AMR_LIFT01",
					"pose": {
						"translation": [
							139.62069702148438,
							142.44740295410156,
							0.06200164556503296
						],
						"rotation": [
							-0.00941019132733345,
							-0.0035765664651989937,
							-0.9346121549606323,
							0.3555261492729187
						]
					},
					"odometry": {
						"position": [
							0.5916622817082032,
							-7.851927472440471,
							-0.01337784584731798
						],
						"orientation": [
							-0.019806071315731835,
							0.0003924121289608534,
							-0.9344401386597913,
							0.3555688299235852
						],
						"linear": [
							0.006543498020619154,
							0.0,
							0.0
						],
						"angular": [
							0.0,
							0.0,
							0.0065613314509391785
						]
					},
					"aabb": [
						123.73535250964098,
						140.74736679143354,
						-0.014809215984843893,
						124.71349517417319,
						141.68330443175438,
						0.16290632236129723
					],
					"joint_state": {
						"position": [
							-1.5413,
							4.7943,
							1.0185,
							-5.723,
							1.0053,
							-0.8199,
							0.0
						],
						"velocity": [
							0.0024,
							-0.0009,
							-0.2181,
							-0.0891,
							-0.2231,
							-0.0439,
							0.0
						],
						"effort": [
							0.0,
							0.0,
							0.0,
							0.0,
							0.0,
							0.0,
							0.0
						]
					},
					"lift_state": "lift_down"
				}
			}
		},
		"objects": {
			"Rack": {
				"Rack_02": {
					"name": "Rack_02",
					"pose": {
						"translation": [
							133.05699157714844,
							143.09999084472656,
							0.19921104609966278
						],
						"rotation": [
							0.983835756778717,
							0.1790735274553299,
							-4.97384462505579e-08,
							9.080395102500916e-09
						]
					}
				}
			}
		},
		"relationships": {
			"L-Rack": [
				[
					"AMR_LIFT01",
					"none"
				]
			]
		}
	},
	"timestamp_2": {
		"robots": {
			"ARMLIFT": {
				"AMR_LIFT01": {
					"name": "AMR_LIFT01",
					"pose": {
						"translation": [
							139.6207275390625,
							142.44741821289062,
							0.06200023368000984
						],
						"rotation": [
							-0.009408841840922832,
							-0.0035801625344902277,
							-0.9345746040344238,
							0.35562512278556824
						]
					},
					"odometry": {
						"position": [
							0.5916915393964447,
							-7.851907942337086,
							-0.013379885530973643
						],
						"orientation": [
							-0.019804295757952776,
							0.00038991615715446406,
							-0.9344025989813478,
							0.35566757070588323
						],
						"linear": [
							0.0010880415793508291,
							0.0,
							0.0
						],
						"angular": [
							0.0,
							0.0,
							0.0001520509977126494
						]
					},
					"aabb": [
						123.73535377925548,
						140.74735741531688,
						-0.014792210178181364,
						124.71346448130436,
						141.68333939592338,
						0.1629068580680012
					],
					"joint_state": {
						"position": [
							-1.5406,
							4.7952,
							1.0226,
							-5.7309,
							1.011,
							-0.8275,
							0.0
						],
						"velocity": [
							-0.0155,
							0.0148,
							-0.0533,
							0.0353,
							-0.0728,
							0.0373,
							0.0
						],
						"effort": [
							0.0,
							0.0,
							0.0,
							0.0,
							0.0,
							0.0,
							0.0
						]
					},
					"lift_state": "lift_down"
				}
			}
		},
		"objects": {
			"Rack": {
				"Rack_02": {
					"name": "Rack_02",
					"pose": {
						"translation": [
							133.05699157714844,
							143.09999084472656,
							0.19921104609966278
						],
						"rotation": [
							0.983835756778717,
							0.1790735274553299,
							-4.97384462505579e-08,
							9.080395102500916e-09
						]
					}
				}
			}
		},
		"relationships": {
			"L-Rack": [
				[
					"AMR_LIFT01",
					"none"
				]
			]
		}
	},
	"timestamp_3": {
		"robots": {
			"ARMLIFT": {
				"AMR_LIFT01": {
					"name": "AMR_LIFT01",
					"pose": {
						"translation": [
							139.62034606933594,
							142.44725036621094,
							0.062000807374715805
						],
						"rotation": [
							-0.009414373897016048,
							-0.003578251227736473,
							-0.9346679449081421,
							0.35537973046302795
						]
					},
					"odometry": {
						"position": [
							0.5913010321493984,
							-7.852083743637153,
							-0.013370668465260823
						],
						"orientation": [
							-0.019810865699406845,
							0.0003890969578256716,
							-0.9344958809691138,
							0.3554220401938484
						],
						"linear": [
							-0.0015996904112398624,
							0.0,
							0.0
						],
						"angular": [
							0.0,
							0.0,
							-0.0027885548770427704
						]
					},
					"aabb": [
						123.73566668130042,
						140.7474784493459,
						-0.014773535410320109,
						124.71383861303192,
						141.6833777364777,
						0.1629091151330211
					],
					"joint_state": {
						"position": [
							-1.5402,
							4.7966,
							1.0217,
							-5.7368,
							1.0287,
							-0.8373,
							0.0
						],
						"velocity": [
							0.0237,
							0.0143,
							0.0629,
							-0.0522,
							0.1062,
							-0.0342,
							0.0
						],
						"effort": [
							0.0,
							0.0,
							0.0,
							0.0,
							0.0,
							0.0,
							0.0
						]
					},
					"lift_state": "lift_down"
				}
			}
		},
		"objects": {
			"Rack": {
				"Rack_02": {
					"name": "Rack_02",
					"pose": {
						"translation": [
							133.05699157714844,
							143.09999084472656,
							0.19921104609966278
						],
						"rotation": [
							0.983835756778717,
							0.1790735274553299,
							-4.97384462505579e-08,
							9.080395102500916e-09
						]
					}
				}
			}
		},
		"relationships": {
			"L-Rack": [
				[
					"AMR_LIFT01",
					"none"
				]
			]
		}
	},
	"timestamp_4": {
		"robots": {
			"ARMLIFT": {
				"AMR_LIFT01": {
					"name": "AMR_LIFT01",
					"pose": {
						"translation": [
							139.62005615234375,
							142.4473876953125,
							0.06200084462761879
						],
						"rotation": [
							-0.009411120787262917,
							-0.003577705007046461,
							-0.9346136450767517,
							0.3555225133895874
						]
					},