{
	"timestamp_0": {
		"robots": {
			"ARMLIFT": {
				"AMR_LIFT01": {
					"name": "AMR_LIFT01",
					"pose": {
						"translation": [
							139.59939575195312,
							142.53054809570312,
							0.06200218200683594
						],
						"rotation": [
							-0.009424128569662571,
							-0.0037325008306652308,
							-0.9294407367706299,
							0.36883246898651123
						]
					},
					"odometry": {
						"position": [
							0.5701593797798994,
							-7.7685690698649505,
							-0.012894516221312328
						],
						"orientation": [
							-0.019758499181970028,
							0.00037489499938910556,
							-0.9292557721254876,
							0.36890807952019616
						],
						"linear": [
							-0.0019407554063946009,
							0.0,
							0.0
						],
						"angular": [
							0.0,
							0.0,
							0.0017217895947396755
						]
					},
					"aabb": [
						123.76540801768557,
						140.65395634853473,
						-0.012143596439023234,
						124.73448322890714,
						141.60139847246688,
						0.16307957474593812
					],
					"joint_state": {
						"position": [
							-2.1373,
							4.344,
							1.2104,
							-5.2095,
							1.1897,
							-0.3501,
							0.0
						],
						"velocity": [
							0.007,
							-0.0156,
							0.0008,
							-0.017,
							0.0417,
							-0.0364,
							0.0
						],
						"effort": [
							0.0,
							0.0,
							0.0,
							0.0,
							0.0,
							0.0,
							0.0
						]
					},
					"lift_state": "lift_down"
				}
			}
		},
		"objects": {
			"Rack": {
				"Rack_02": {
					"name": "Rack_02",
					"pose": {
						"translation": [
							133.05699157714844,
							143.09999084472656,
							0.19921104609966278
						],
						"rotation": [
							0.983835756778717,
							0.1790735274553299,
							-4.97384462505579e-08,
							9.080395102500916e-09
						]
					}
				}
			}
		},
		"relationships": {
			"L-Rack": [
				[
					"AMR_LIFT01",
					"none"
				]
			]
		}
	},
	"timestamp_1": {
		"robots": {
			"ARMLIFT": {
				"AMR_LIFT01": {
					"name": "AMR_LIFT01",
					"pose": {
						"translation": [
							139.5992889404297,
							142.53085327148438,
							0.06200519576668739
						],
						"rotation": [
							-0.00942869670689106,
							-0.003737492486834526,
							-0.9293888807296753,
							0.3689628541469574
						]
					},
					"odometry": {
						"position": [
							0.570257030485286,
							-7.768471406126763,
							-0.012895619030368125
						],
						"orientation": [
							-0.019766259911533007,
							0.00038096221026919777,
							-0.9292166445756879,
							0.3690062022248459
						],
						"linear": [
							0.0002902475243899971,
							0.0,
							0.0
						],
						"angular": [
							0.0,
							0.0,
							0.0010724326130002737
						]
					},
					"aabb": [
						123.76515954150959,
						140.65406033129645,
						-0.012179262267447288,
						124.7341758107609,
						141.60157283328095,
						0.16307872665992343
					],
					"joint_state": {
						"position": [
							-2.136,
							4.3433,
							1.209,
							-5.2114,
							1.1959,
							-0.3514,
							0.0
						],
						"velocity": [
							0.007,
							0.0043,
							-0.0134,
							0.0245,
							0.2377,
							-0.2038,
							0.0
						],
						"effort": [
							0.0,
							0.0,
							0.0,
							0.0,
							0.0,
							0.0,
							0.0
						]
					},
					"lift_state": "lift_down"
				}
			}
		},
		"objects": {
			"Rack": {
				"Rack_02": {
					"name": "Rack_02",
					"pose": {
						"translation": [
							133.05699157714844,
							143.09999084472656,
							0.19921104609966278
						],
						"rotation": [
							0.983835756778717,
							0.1790735274553299,
							-4.97384462505579e-08,
							9.080395102500916e-09
						]
					}
				}
			}
		},
		"relationships": {
			"L-Rack": [
				[
					"AMR_LIFT01",
					"none"
				]
			]
		}
	},
	"timestamp_2": {
		"robots": {
			"ARMLIFT": {
				"AMR_LIFT01": {
					"name": "AMR_LIFT01",
					"pose": {
						"translation": [
							139.59945678710938,
							142.53053283691406,
							0.06200370565056801
						],
						"rotation": [
							-0.009426979348063469,
							-0.0037508963141590357,
							-0.9295200705528259,
							0.3686320185661316
						]
					},
					"odometry": {
						"position": [
							0.5702766046009592,
							-7.768676480343735,
							-0.012894400221049006
						],
						"orientation": [
							-0.019762777355620025,
							0.0003534643198344232,
							-0.9293289689761743,
							0.3687234398785188
						],
						"linear": [
							0.00495957862585783,
							0.0,
							0.0
						],
						"angular": [
							0.0,
							0.0,
							-0.0019442576449364424
						]
					},
					"aabb": [
						123.76519219269078,
						140.65400426531534,
						-0.012346759461477666,
						124.73436349678548,
						141.6013376130198,
						0.16308852512458608
					],
					"joint_state": {
						"position": [
							-2.1356,
							4.3438,
							1.2206,
							-5.2229,
							1.2176,
							-0.3649,
							0.0
						],
						"velocity": [
							0.0288,
							0.0311,
							0.0578,
							-0.1001,
							0.0946,
							-0.0989,
							0.0
						],
						"effort": [
							0.0,
							0.0,
							0.0,
							0.0,
							0.0,
							0.0,
							0.0
						]
					},
					"lift_state": "lift_down"
				}
			}
		},
		"objects": {
			"Rack": {
				"Rack_02": {
					"name": "Rack_02",
					"pose": {
						"translation": [
							133.05699157714844,
							143.09999084472656,
							0.19921104609966278
						],
						"rotation": [
							0.983835756778717,
							0.1790735274553299,
							-4.97384462505579e-08,
							9.080395102500916e-09
						]
					}
				}
			}
		},
		"relationships": {
			"L-Rack": [
				[
					"AMR_LIFT01",
					"none"
				]
			]
		}
	},
	"timestamp_3": {
		"robots": {
			"ARMLIFT": {
				"AMR_LIFT01": {
					"name": "AMR_LIFT01",
					"pose": {
						"translation": [
							139.59921264648438,
							142.53009033203125,
							0.06200103461742401
						],
						"rotation": [
							-0.009423629380762577,
							-0.0037386235781013966,
							-0.9294028282165527,
							0.36892789602279663
						]
					},
					"odometry": {
						"position": [
							0.5701788729819748,
							-7.769242904368668,
							-0.012898050539646454
						],
						"orientation": [
							-0.019761347427932806,
							0.000379442326141297,
							-0.929230647421309,
							0.36897120357058893
						],
						"linear": [
							0.008998592384159565,
							0.0,
							0.0
						],
						"angular": [
							0.0,
							0.0,
							0.0034003197215497494
						]
					},
					"aabb": [
						123.7648752388663,
						140.65457873579965,
						-0.012336607648109238,
						124.73408245918478,
						141.60187055423484,
						0.16308255386108894
					],
					"joint_state": {
						"position": [
							-2.1348,
							4.3433,
							1.2056,
							-5.2115,
							1.1998,
							-0.3605,
							0.0
						],
						"velocity": [
							-0.0137,
							0.0154,
							-0.0208,
							0.0427,
							-0.0525,
							0.0418,
							0.0
						],
						"effort": [
							0.0,
							0.0,
							0.0,
							0.0,
							0.0,
							0.0,
							0.0
						]
					},
					"lift_state": "lift_down"
				}
			}
		},
		"objects": {
			"Rack": {
				"Rack_02": {
					"name": "Rack_02",
					"pose": {
						"translation": [
							133.05699157714844,
							143.09999084472656,
							0.19921104609966278
						],
						"rotation": [
							0.983835756778717,
							0.1790735274553299,
							-4.97384462505579e-08,
							9.080395102500916e-09
						]
					}
				}
			}
		},
		"relationships": {
			"L-Rack": [
				[
					"AMR_LIFT01",
					"none"
				]
			]
		}
	},
	"timestamp_4": {
		"robots": {
			"ARMLIFT": {
				"AMR_LIFT01": {
					"name": "AMR_LIFT01",
					"pose": {
						"translation": [
							139.59945678710938,
							142.53018188476562,
							0.06201107054948807
						],
						"rotation": [
							-0.009429370984435081,
							-0.0037631469313055277,
							-0.929428219795227,
							0.3688633143901825
						]
					},