{
	"timestamp_0": {
		"robots": {
			"ARMLIFT": {
				"AMR_LIFT01": {
					"name": "AMR_LIFT01",
					"pose": {
						"translation": [
							139.6198272705078,
							142.44659423828125,
							0.06199966371059418
						],
						"rotation": [
							-0.009401124902069569,
							-0.0035733378026634455,
							-0.9346973299980164,
							0.35530272126197815
						]
					},
					"odometry": {
						"position": [
							0.5907835907657558,
							-7.852728305894512,
							-0.013360304158220322
						],
						"orientation": [
							-0.01979794841852912,
							0.00039315420749256176,
							-0.9345254185500892,
							0.3553450840408057
						],
						"linear": [
							-0.000638405152130872,
							0.0,
							0.0
						],
						"angular": [
							0.0,
							0.0,
							0.004501831717789173
						]
					},
					"aabb": [
						123.73593417663989,
						140.74849505687786,
						-0.014774922055762767,
						124.71431666531117,
						141.68410210953624,
						0.16290704831807004
					],
					"joint_state": {
						"position": [
							-1.5003,
							4.8311,
							0.9852,
							-5.7083,
							1.0056,
							-0.8284,
							0.0
						],
						"velocity": [
							0.0322,
							0.0144,
							-0.055,
							0.0746,
							-0.0709,
							0.0622,
							0.0
						],
						"effort": [
							0.0,
							0.0,
							0.0,
							0.0,
							0.0,
							0.0,
							0.0
						]
					},
					"lift_state": "lift_down"
				}
			}
		},
		"objects": {
			"Rack": {
				"Rack_02": {
					"name": "Rack_02",
					"pose": {
						"translation": [
							133.05699157714844,
							143.09999084472656,
							0.19921104609966278
						],
						"rotation": [
							0.983835756778717,
							0.1790735274553299,
							-4.97384462505579e-08,
							9.080395102500916e-09
						]
					}
				}
			}
		},
		"relationships": {
			"L-Rack": [
				[
					"AMR_LIFT01",
					"none"
				]
			]
		}
	},
	"timestamp_1": {
		"robots": {
			"ARMLIFT": {
				"AMR_LIFT01": {
					"name": "AMR_LIFT01",
					"pose": {
						"translation": [
							139.6199951171875,
							142.44639587402344,
							0.06200023368000984
						],
						"rotation": [
							-0.009398805908858776,
							-0.003572973422706127,
							-0.9347159266471863,
							0.355253666639328
						]
					},
					"odometry": {
						"position": [
							0.5909593521887824,
							-7.852933373940872,
							-0.013363640316077043
						],
						"orientation": [
							-0.019795843282534482,
							0.00039297348251436285,
							-0.9345440414453738,
							0.3552962211444458
						],
						"linear": [
							0.004755252972245216,
							0.0,
							0.0
						],
						"angular": [
							0.0,
							0.0,
							0.005222278647124767
						]
					},
					"aabb": [
						123.73578598796512,
						140.7486794614199,
						-0.014795235096273238,
						124.71414951179253,
						141.68431014876762,
						0.16290055682857002
					],
					"joint_state": {
						"position": [
							-1.5005,
							4.8301,
							0.9764,
							-5.7039,
							0.9924,
							-0.8233,
							0.0
						],
						"velocity": [
							-0.0323,
							-0.049,
							-0.0982,
							0.0468,
							-0.1788,
							0.0968,
							0.0
						],
						"effort": [
							0.0,
							0.0,
							0.0,
							0.0,
							0.0,
							0.0,
							0.0
						]
					},
					"lift_state": "lift_down"
				}
			}
		},
		"objects": {
			"Rack": {
				"Rack_02": {
					"name": "Rack_02",
					"pose": {
						"translation": [
							133.05699157714844,
							143.09999084472656,
							0.19921104609966278
						],
						"rotation": [
							0.983835756778717,
							0.1790735274553299,
							-4.97384462505579e-08,
							9.080395102500916e-09
						]
					}
				}
			}
		},
		"relationships": {
			"L-Rack": [
				[
					"AMR_LIFT01",
					"none"
				]
			]
		}
	},
	"timestamp_2": {
		"robots": {
			"ARMLIFT": {
				"AMR_LIFT01": {
					"name": "AMR_LIFT01",
					"pose": {
						"translation": [
							139.61981201171875,
							142.44642639160156,
							0.062002066522836685
						],
						"rotation": [
							-0.009401483461260796,
							-0.0035700674634426832,
							-0.9346245527267456,
							0.35549405217170715
						]
					},
					"odometry": {
						"position": [
							0.5906957530698448,
							-7.852786901937384,
							-0.013357088320504352
						],
						"orientation": [
							-0.01979529616176323,
							0.00039495232816868337,
							-0.9344527800712426,
							0.3555362036131518
						],
						"linear": [
							0.0021027482580393553,
							0.0,
							0.0
						],
						"angular": [
							0.0,
							0.0,
							-0.0009556489530950785
						]
					},
					"aabb": [
						123.73618079724636,
						140.74841980192642,
						-0.014803349600924444,
						124.7143763290955,
						141.6842808425648,
						0.16290064503299584
					],
					"joint_state": {
						"position": [
							-1.4994,
							4.8305,
							0.9769,
							-5.6992,
							0.9763,
							-0.822,
							0.0
						],
						"velocity": [
							-0.0013,
							0.0137,
							-0.0031,
							-0.0033,
							0.0196,
							-0.0022,
							0.0
						],
						"effort": [
							0.0,
							0.0,
							0.0,
							0.0,
							0.0,
							0.0,
							0.0
						]
					},
					"lift_state": "lift_down"
				}
			}
		},
		"objects": {
			"Rack": {
				"Rack_02": {
					"name": "Rack_02",
					"pose": {
						"translation": [
							133.05699157714844,
							143.09999084472656,
							0.19921104609966278
						],
						"rotation": [
							0.983835756778717,
							0.1790735274553299,
							-4.97384462505579e-08,
							9.080395102500916e-09
						]
					}
				}
			}
		},
		"relationships": {
			"L-Rack": [
				[
					"AMR_LIFT01",
					"none"
				]
			]
		}
	},
	"timestamp_3": {
		"robots": {
			"ARMLIFT": {
				"AMR_LIFT01": {
					"name": "AMR_LIFT01",
					"pose": {
						"translation": [
							139.61984252929688,
							142.44639587402344,
							0.06200042739510536
						],
						"rotation": [
							-0.009393082931637764,
							-0.0035736779682338238,
							-0.9346076846122742,
							0.355538547039032
						]
					},
					"odometry": {
						"position": [
							0.5908031438759048,
							-7.852923616284863,
							-0.013360005608303716
						],
						"orientation": [
							-0.01978891022445839,
							0.0003954378942054939,
							-0.9344358615568878,
							0.3555810221277803
						],
						"linear": [
							0.001486928784288466,
							0.0,
							0.0
						],
						"angular": [
							0.0,
							0.0,
							0.005645164288580418
						]
					},
					"aabb": [
						123.73600188367605,
						140.74859010843437,
						-0.014810686765290246,
						124.71415952179092,
						141.68450207640547,
						0.16289928360324699
					],
					"joint_state": {
						"position": [
							-1.4978,
							4.8315,
							0.9632,
							-5.6939,
							0.9611,
							-0.8135,
							0.0
						],
						"velocity": [
							0.006,
							-0.0011,
							-0.1745,
							0.0193,
							-0.1516,
							0.0118,
							0.0
						],
						"effort": [
							0.0,
							0.0,
							0.0,
							0.0,
							0.0,
							0.0,
							0.0
						]
					},
					"lift_state": "lift_down"
				}
			}
		},
		"objects": {
			"Rack": {
				"Rack_02": {
					"name": "Rack_02",
					"pose": {
						"translation": [
							133.05699157714844,
							143.09999084472656,
							0.19921104609966278
						],
						"rotation": [
							0.983835756778717,
							0.1790735274553299,
							-4.97384462505579e-08,
							9.080395102500916e-09
						]
					}
				}
			}
		},
		"relationships": {
			"L-Rack": [
				[
					"AMR_LIFT01",
					"none"
				]
			]
		}
	},
	"timestamp_4": {
		"robots": {
			"ARMLIFT": {
				"AMR_LIFT01": {
					"name": "AMR_LIFT01",
					"pose": {
						"translation": [
							139.6198272705078,
							142.44613647460938,
							0.06199996918439865
						],
						"rotation": [
							-0.00939145777374506,
							-0.003568347543478012,
							-0.934650182723999,
							0.35542672872543335
						]
					},