{
	"timestamp_0": {
		"robots": {
			"ARMLIFT": {
				"AMR_LIFT01": {
					"name": "AMR_LIFT01",
					"pose": {
						"translation": [
							139.61415100097656,
							142.47512817382812,
							0.062000274658203125
						],
						"rotation": [
							-0.009398899972438812,
							-0.003626708872616291,
							-0.9328902959823608,
							0.36002013087272644
						]
					},
					"odometry": {
						"position": [
							0.5850901955583919,
							-7.824203156666215,
							-0.013230488823545394
						],
						"orientation": [
							-0.01977644824104769,
							0.00038968065204858824,
							-0.93272238426224,
							0.36005234916623047
						],
						"linear": [
							-0.0015295288758352399,
							0.0,
							0.0
						],
						"angular": [
							0.0,
							0.0,
							0.0009442754671908915
						]
					},
					"aabb": [
						123.74465654447563,
						140.71633058631332,
						-0.014939228400777932,
						124.71983944468339,
						141.65621838154993,
						0.1629618510140252
					],
					"joint_state": {
						"position": [
							-1.7241,
							4.6432,
							1.0487,
							-5.4936,
							1.0314,
							-0.6513,
							0.0
						],
						"velocity": [
							-0.0023,
							-0.0004,
							0.0098,
							0.0126,
							-0.0274,
							0.0116,
							0.0
						],
						"effort": [
							0.0,
							0.0,
							0.0,
							0.0,
							0.0,
							0.0,
							0.0
						]
					},
					"lift_state": "lift_down"
				}
			}
		},
		"objects": {
			"Rack": {
				"Rack_02": {
					"name": "Rack_02",
					"pose": {
						"translation": [
							133.05699157714844,
							143.09999084472656,
							0.19921104609966278
						],
						"rotation": [
							0.983835756778717,
							0.1790735274553299,
							-4.97384462505579e-08,
							9.080395102500916e-09
						]
					}
				}
			}
		},
		"relationships": {
			"L-Rack": [
				[
					"AMR_LIFT01",
					"none"
				]
			]
		}
	},
	"timestamp_1": {
		"robots": {
			"ARMLIFT": {
				"AMR_LIFT01": {
					"name": "AMR_LIFT01",
					"pose": {
						"translation": [
							139.61485290527344,
							142.47445678710938,
							0.062000807374715805
						],
						"rotation": [
							-0.009414146654307842,
							-0.0036260955967009068,
							-0.9329667687416077,
							0.3598213493824005
						]
					},
					"odometry": {
						"position": [
							0.5858126821312787,
							-7.824876950054079,
							-0.013247760631461538
						],
						"orientation": [
							-0.01979165246202674,
							0.00039066436450965476,
							-0.9327947068545157,
							0.35986410315336415
						],
						"linear": [
							-0.0019916400779038668,
							0.0,
							0.0
						],
						"angular": [
							0.0,
							0.0,
							-0.0015688894782215357
						]
					},
					"aabb": [
						123.74395243233414,
						140.71687616128315,
						-0.014951087580719755,
						124.71913670379534,
						141.65676559301065,
						0.16296186771547572
					],
					"joint_state": {
						"position": [
							-1.7236,
							4.6446,
							1.0704,
							-5.5079,
							1.0708,
							-0.6732,
							0.0
						],
						"velocity": [
							0.0159,
							-0.0029,
							-0.0541,
							0.0526,
							-0.0247,
							0.0531,
							0.0
						],
						"effort": [
							0.0,
							0.0,
							0.0,
							0.0,
							0.0,
							0.0,
							0.0
						]
					},
					"lift_state": "lift_down"
				}
			}
		},
		"objects": {
			"Rack": {
				"Rack_02": {
					"name": "Rack_02",
					"pose": {
						"translation": [
							133.05699157714844,
							143.09999084472656,
							0.19921104609966278
						],
						"rotation": [
							0.983835756778717,
							0.1790735274553299,
							-4.97384462505579e-08,
							9.080395102500916e-09
						]
					}
				}
			}
		},
		"relationships": {
			"L-Rack": [
				[
					"AMR_LIFT01",
					"none"
				]
			]
		}
	},
	"timestamp_2": {
		"robots": {
			"ARMLIFT": {
				"AMR_LIFT01": {
					"name": "AMR_LIFT01",
					"pose": {
						"translation": [
							139.6149444580078,
							142.47471618652344,
							0.06200176104903221
						],
						"rotation": [
							-0.009417983703315258,
							-0.0036312630400061607,
							-0.9330542087554932,
							0.3595944046974182
						]
					},
					"odometry": {
						"position": [
							0.5857345644168446,
							-7.8245644532003515,
							-0.013245818274166364
						],
						"orientation": [
							-0.019791801504017315,
							0.0003819887641452129,
							-0.9328882312639422,
							0.35962158812708056
						],
						"linear": [
							0.007836840115487576,
							0.0,
							0.0
						],
						"angular": [
							0.0,
							0.0,
							-0.00023110756592359394
						]
					},
					"aabb": [
						123.74363013359726,
						140.71705950375943,
						-0.014951634834271081,
						124.7191037493401,
						141.65657325169738,
						0.1629635838363486
					],
					"joint_state": {
						"position": [
							-1.7233,
							4.6466,
							1.0876,
							-5.5077,
							1.0811,
							-0.6741,
							0.0
						],
						"velocity": [
							0.0446,
							0.0652,
							0.465,
							-0.1488,
							0.4549,
							-0.1504,
							0.0
						],
						"effort": [
							0.0,
							0.0,
							0.0,
							0.0,
							0.0,
							0.0,
							0.0
						]
					},
					"lift_state": "lift_down"
				}
			}
		},
		"objects": {
			"Rack": {
				"Rack_02": {
					"name": "Rack_02",
					"pose": {
						"translation": [
							133.05699157714844,
							143.09999084472656,
							0.19921104609966278
						],
						"rotation": [
							0.983835756778717,
							0.1790735274553299,
							-4.97384462505579e-08,
							9.080395102500916e-09
						]
					}
				}
			}
		},
		"relationships": {
			"L-Rack": [
				[
					"AMR_LIFT01",
					"none"
				]
			]
		}
	},
	"timestamp_3": {
		"robots": {
			"ARMLIFT": {
				"AMR_LIFT01": {
					"name": "AMR_LIFT01",
					"pose": {
						"translation": [
							139.6156005859375,
							142.47398376464844,
							0.06200038641691208
						],
						"rotation": [
							-0.009415408596396446,
							-0.0036277174949645996,
							-0.9329860210418701,
							0.3597715198993683
						]
					},
					"odometry": {
						"position": [
							0.5865644637943107,
							-7.8253358962252975,
							-0.013264925993636822
						],
						"orientation": [
							-0.01979312606381816,
							0.00038848779943347674,
							-0.9328139436830523,
							0.3598141571816249
						],
						"linear": [
							0.0028497199527919292,
							0.0,
							0.0
						],
						"angular": [
							0.0,
							0.0,
							-0.0006716690259054303
						]
					},
					"aabb": [
						123.74312489679667,
						140.71762808659906,
						-0.01494886851377976,
						124.71862712467328,
						141.6571059052613,
						0.16296545197681564
					],
					"joint_state": {
						"position": [
							-1.7228,
							4.6468,
							1.0942,
							-5.5103,
							1.0744,
							-0.6699,
							0.0
						],
						"velocity": [
							-0.014,
							-0.0275,
							-0.0171,
							0.013,
							-0.0082,
							0.0111,
							0.0
						],
						"effort": [
							0.0,
							0.0,
							0.0,
							0.0,
							0.0,
							0.0,
							0.0
						]
					},
					"lift_state": "lift_down"
				}
			}
		},
		"objects": {
			"Rack": {
				"Rack_02": {
					"name": "Rack_02",
					"pose": {
						"translation": [
							133.05699157714844,
							143.09999084472656,
							0.19921104609966278
						],
						"rotation": [
							0.983835756778717,
							0.1790735274553299,
							-4.97384462505579e-08,
							9.080395102500916e-09
						]
					}
				}
			}
		},
		"relationships": {
			"L-Rack": [
				[
					"AMR_LIFT01",
					"none"
				]
			]
		}
	},
	"timestamp_4": {
		"robots": {
			"ARMLIFT": {
				"AMR_LIFT01": {
					"name": "AMR_LIFT01",
					"pose": {
						"translation": [
							139.615966796875,
							142.47352600097656,
							0.06200111284852028
						],
						"rotation": [
							-0.009411660023033619,
							-0.0036290388088673353,
							-0.9329147934913635,
							0.3599559962749481
						]
					},