{
	"timestamp_0": {
		"robots": {
			"ARMLIFT": {
				"AMR_LIFT01": {
					"name": "AMR_LIFT01",
					"pose": {
						"translation": [
							139.5728759765625,
							142.59165954589844,
							0.06200393661856651
						],
						"rotation": [
							-0.009291006252169609,
							-0.0037129230331629515,
							-0.9290222525596619,
							0.36988863348960876
						]
					},
					"odometry": {
						"position": [
							0.5438443381072069,
							-7.70767191007918,
							-0.012307287898888238
						],
						"orientation": [
							-0.019624489275761752,
							0.00041583194076305103,
							-0.9288515710399359,
							0.36993170380639956
						],
						"linear": [
							-0.00411488302052021,
							0.0,
							0.0
						],
						"angular": [
							0.0,
							0.0,
							-0.004316949751228094
						]
					},
					"aabb": [
						123.79258917634202,
						140.5919463437541,
						-0.011824945790372379,
						124.76081472929565,
						141.54033966756006,
						0.1631709268062475
					],
					"joint_state": {
						"position": [
							-2.4841,
							4.0891,
							0.8024,
							-4.7407,
							0.8206,
							0.1791,
							0.0
						],
						"velocity": [
							0.0198,
							0.0519,
							0.1025,
							-0.0432,
							0.1469,
							-0.0434,
							0.0
						],
						"effort": [
							0.0,
							0.0,
							0.0,
							0.0,
							0.0,
							0.0,
							0.0
						]
					},
					"lift_state": "lift_down"
				}
			}
		},
		"objects": {
			"Rack": {
				"Rack_02": {
					"name": "Rack_02",
					"pose": {
						"translation": [
							133.05699157714844,
							143.09999084472656,
							0.19921104609966278
						],
						"rotation": [
							0.983835756778717,
							0.1790735274553299,
							-4.97384462505579e-08,
							9.080395102500916e-09
						]
					}
				}
			}
		},
		"relationships": {
			"L-Rack": [
				[
					"AMR_LIFT01",
					"none"
				]
			]
		}
	},
	"timestamp_1": {
		"robots": {
			"ARMLIFT": {
				"AMR_LIFT01": {
					"name": "AMR_LIFT01",
					"pose": {
						"translation": [
							139.5729217529297,
							142.5915069580078,
							0.06199966371059418
						],
						"rotation": [
							-0.009292281232774258,
							-0.0036972288507968187,
							-0.929125189781189,
							0.3696303069591522
						]
					},
					"odometry": {
						"position": [
							0.5438930670970201,
							-7.70782816624291,
							-0.012312657244320891
						],
						"orientation": [
							-0.019626910717873945,
							0.0004286512891218639,
							-0.9289544504847237,
							0.3696731388109907
						],
						"linear": [
							0.0023586321622133255,
							0.0,
							0.0
						],
						"angular": [
							0.0,
							0.0,
							0.004155789967626333
						]
					},
					"aabb": [
						123.79214998651105,
						140.59266380980264,
						-0.011842010786029044,
						124.76067083116999,
						141.5407105553991,
						0.16317305332058588
					],
					"joint_state": {
						"position": [
							-2.4847,
							4.0902,
							0.8079,
							-4.7459,
							0.8132,
							0.1812,
							0.0
						],
						"velocity": [
							-0.0018,
							0.0098,
							0.0269,
							-0.0007,
							0.0146,
							0.0,
							0.0
						],
						"effort": [
							0.0,
							0.0,
							0.0,
							0.0,
							0.0,
							0.0,
							0.0
						]
					},
					"lift_state": "lift_down"
				}
			}
		},
		"objects": {
			"Rack": {
				"Rack_02": {
					"name": "Rack_02",
					"pose": {
						"translation": [
							133.05699157714844,
							143.09999084472656,
							0.19921104609966278
						],
						"rotation": [
							0.983835756778717,
							0.1790735274553299,
							-4.97384462505579e-08,
							9.080395102500916e-09
						]
					}
				}
			}
		},
		"relationships": {
			"L-Rack": [
				[
					"AMR_LIFT01",
					"none"
				]
			]
		}
	},
	"timestamp_2": {
		"robots": {
			"ARMLIFT": {
				"AMR_LIFT01": {
					"name": "AMR_LIFT01",
					"pose": {
						"translation": [
							139.57296752929688,
							142.59146118164062,
							0.062006302177906036
						],
						"rotation": [
							-0.009308906272053719,
							-0.0036839693784713745,
							-0.9290974140167236,
							0.36969971656799316
						]
					},
					"odometry": {
						"position": [
							0.5439322695284438,
							-7.70786721365744,
							-0.012306899484895896
						],
						"orientation": [
							-0.019643226511768443,
							0.00044268181913009123,
							-0.9289265026397502,
							0.3697424784610187
						],
						"linear": [
							-1.4979694242356345e-05,
							0.0,
							0.0
						],
						"angular": [
							0.0,
							0.0,
							0.0019012994598597288
						]
					},
					"aabb": [
						123.79226247235913,
						140.59261951285754,
						-0.011837097991541652,
						124.76077684729422,
						141.54067273526456,
						0.16315783088434432
					],
					"joint_state": {
						"position": [
							-2.4835,
							4.0909,
							0.8252,
							-4.7521,
							0.8198,
							0.1787,
							0.0
						],
						"velocity": [
							0.0204,
							-0.0099,
							-0.0042,
							-0.0157,
							0.097,
							-0.033,
							0.0
						],
						"effort": [
							0.0,
							0.0,
							0.0,
							0.0,
							0.0,
							0.0,
							0.0
						]
					},
					"lift_state": "lift_down"
				}
			}
		},
		"objects": {
			"Rack": {
				"Rack_02": {
					"name": "Rack_02",
					"pose": {
						"translation": [
							133.05699157714844,
							143.09999084472656,
							0.19921104609966278
						],
						"rotation": [
							0.983835756778717,
							0.1790735274553299,
							-4.97384462505579e-08,
							9.080395102500916e-09
						]
					}
				}
			}
		},
		"relationships": {
			"L-Rack": [
				[
					"AMR_LIFT01",
					"none"
				]
			]
		}
	},
	"timestamp_3": {
		"robots": {
			"ARMLIFT": {
				"AMR_LIFT01": {
					"name": "AMR_LIFT01",
					"pose": {
						"translation": [
							139.5726318359375,
							142.59161376953125,
							0.061999548226594925
						],
						"rotation": [
							-0.009298061951994896,
							-0.003697957843542099,
							-0.9291577339172363,
							0.36954832077026367
						]
					},
					"odometry": {
						"position": [
							0.5436001633666789,
							-7.707720759884418,
							-0.012306219943995802
						],
						"orientation": [
							-0.01963305421137782,
							0.0004270102704477917,
							-0.9289869297345393,
							0.36959118661969753
						],
						"linear": [
							0.0001689291966613382,
							0.0,
							0.0
						],
						"angular": [
							0.0,
							0.0,
							-0.0018552473047748208
						]
					},
					"aabb": [
						123.79240014177954,
						140.59263432303788,
						-0.011851228711454777,
						124.7609769562809,
						141.54061585863118,
						0.1631586728785287
					],
					"joint_state": {
						"position": [
							-2.4837,
							4.0909,
							0.8271,
							-4.7564,
							0.839,
							0.1739,
							0.0
						],
						"velocity": [
							-0.0008,
							-0.0011,
							0.0025,
							-0.0116,
							0.3433,
							-0.1108,
							0.0
						],
						"effort": [
							0.0,
							0.0,
							0.0,
							0.0,
							0.0,
							0.0,
							0.0
						]
					},
					"lift_state": "lift_down"
				}
			}
		},
		"objects": {
			"Rack": {
				"Rack_02": {
					"name": "Rack_02",
					"pose": {
						"translation": [
							133.05699157714844,
							143.09999084472656,
							0.19921104609966278
						],
						"rotation": [
							0.983835756778717,
							0.1790735274553299,
							-4.97384462505579e-08,
							9.080395102500916e-09
						]
					}
				}
			}
		},
		"relationships": {
			"L-Rack": [
				[
					"AMR_LIFT01",
					"none"
				]
			]
		}
	},
	"timestamp_4": {
		"robots": {
			"ARMLIFT": {
				"AMR_LIFT01": {
					"name": "AMR_LIFT01",
					"pose": {
						"translation": [
							139.57298278808594,
							142.5917205810547,
							0.06200641393661499
						],
						"rotation": [
							-0.009298624470829964,
							-0.003720235778018832,
							-0.9290832281112671,
							0.3697351813316345
						]
					},