{
	"timestamp_0": {
		"robots": {
			"ARMLIFT": {
				"AMR_LIFT01": {
					"name": "AMR_LIFT01",
					"pose": {
						"translation": [
							139.60797119140625,
							142.49569702148438,
							0.06200660392642021
						],
						"rotation": [
							-0.00938201230019331,
							-0.0036751669831573963,
							-0.9314677119255066,
							0.3636845052242279
						]
					},
					"odometry": {
						"position": [
							0.5789383976924158,
							-7.803627261788137,
							-0.013088403268542652
						],
						"orientation": [
							-0.019742788508374347,
							0.00038457054521183714,
							-0.9312960088643789,
							0.36372767049083315
						],
						"linear": [
							-0.0005102686700411141,
							0.0,
							0.0
						],
						"angular": [
							0.0,
							0.0,
							0.0019207405857741833
						]
					},
					"aabb": [
						123.75333407930547,
						140.69279003322316,
						-0.014281565280790076,
						124.72604199984882,
						141.63582387016504,
						0.16300037293710884
					],
					"joint_state": {
						"position": [
							-1.8854,
							4.5277,
							1.0162,
							-5.3658,
							1.0222,
							-0.4917,
							0.0
						],
						"velocity": [
							0.0082,
							0.0084,
							0.1454,
							-0.0558,
							0.1869,
							-0.0518,
							0.0
						],
						"effort": [
							0.0,
							0.0,
							0.0,
							0.0,
							0.0,
							0.0,
							0.0
						]
					},
					"lift_state": "lift_down"
				}
			}
		},
		"objects": {
			"Rack": {
				"Rack_02": {
					"name": "Rack_02",
					"pose": {
						"translation": [
							133.05699157714844,
							143.09999084472656,
							0.19921104609966278
						],
						"rotation": [
							0.983835756778717,
							0.1790735274553299,
							-4.97384462505579e-08,
							9.080395102500916e-09
						]
					}
				}
			}
		},
		"relationships": {
			"L-Rack": [
				[
					"AMR_LIFT01",
					"none"
				]
			]
		}
	},
	"timestamp_1": {
		"robots": {
			"ARMLIFT": {
				"AMR_LIFT01": {
					"name": "AMR_LIFT01",
					"pose": {
						"translation": [
							139.60830688476562,
							142.4957733154297,
							0.06200164556503296
						],
						"rotation": [
							-0.009381304495036602,
							-0.0036596283316612244,
							-0.9314683675765991,
							0.3636831045150757
						]
					},
					"odometry": {
						"position": [
							0.5791531262786133,
							-7.803441707766432,
							-0.013095524541398406
						],
						"orientation": [
							-0.01974407272318337,
							0.00038989253132905635,
							-0.9313228261681771,
							0.3636589240404193
						],
						"linear": [
							-0.009545667096972466,
							0.0,
							0.0
						],
						"angular": [
							0.0,
							0.0,
							0.0006504267803393304
						]
					},
					"aabb": [
						123.75331249302775,
						140.6932128557677,
						-0.014214606510472329,
						124.72601201029866,
						141.63625421898547,
						0.1629932016569081
					],
					"joint_state": {
						"position": [
							-1.8847,
							4.5275,
							1.0159,
							-5.3537,
							1.0272,
							-0.4803,
							0.0
						],
						"velocity": [
							-0.0329,
							-0.0587,
							-0.0848,
							0.0793,
							0.212,
							0.2377,
							0.0
						],
						"effort": [
							0.0,
							0.0,
							0.0,
							0.0,
							0.0,
							0.0,
							0.0
						]
					},
					"lift_state": "lift_down"
				}
			}
		},
		"objects": {
			"Rack": {
				"Rack_02": {
					"name": "Rack_02",
					"pose": {
						"translation": [
							133.05699157714844,
							143.09999084472656,
							0.19921104609966278
						],
						"rotation": [
							0.983835756778717,
							0.1790735274553299,
							-4.97384462505579e-08,
							9.080395102500916e-09
						]
					}
				}
			}
		},
		"relationships": {
			"L-Rack": [
				[
					"AMR_LIFT01",
					"none"
				]
			]
		}
	},
	"timestamp_2": {
		"robots": {
			"ARMLIFT": {
				"AMR_LIFT01": {
					"name": "AMR_LIFT01",
					"pose": {
						"translation": [
							139.60829162597656,
							142.4957733154297,
							0.062002941966056824
						],
						"rotation": [
							-0.009382075630128384,
							-0.0036734463647007942,
							-0.9314801096916199,
							0.36365291476249695
						]
					},
					"odometry": {
						"position": [
							0.5792507362770256,
							-7.803558892814235,
							-0.013098968547348138
						],
						"orientation": [
							-0.019742986427738755,
							0.00038593904319491815,
							-0.9313084077442311,
							0.3636959103466443
						],
						"linear": [
							0.0036136212293058634,
							0.0,
							0.0
						],
						"angular": [
							0.0,
							0.0,
							0.0021168251987546682
						]
					},
					"aabb": [
						123.75287971841725,
						140.69287543130974,
						-0.014201713533382485,
						124.7256032109166,
						141.63589015770717,
						0.16299553171095457
					],
					"joint_state": {
						"position": [
							-1.8847,
							4.5276,
							1.0281,
							-5.3558,
							1.0307,
							-0.4803,
							0.0
						],
						"velocity": [
							-0.0137,
							-0.0135,
							0.2094,
							-0.1425,
							0.1982,
							-0.1422,
							0.0
						],
						"effort": [
							0.0,
							0.0,
							0.0,
							0.0,
							0.0,
							0.0,
							0.0
						]
					},
					"lift_state": "lift_down"
				}
			}
		},
		"objects": {
			"Rack": {
				"Rack_02": {
					"name": "Rack_02",
					"pose": {
						"translation": [
							133.05699157714844,
							143.09999084472656,
							0.19921104609966278
						],
						"rotation": [
							0.983835756778717,
							0.1790735274553299,
							-4.97384462505579e-08,
							9.080395102500916e-09
						]
					}
				}
			}
		},
		"relationships": {
			"L-Rack": [
				[
					"AMR_LIFT01",
					"none"
				]
			]
		}
	},
	"timestamp_3": {
		"robots": {
			"ARMLIFT": {
				"AMR_LIFT01": {
					"name": "AMR_LIFT01",
					"pose": {
						"translation": [
							139.60804748535156,
							142.4958038330078,
							0.06200019642710686
						],
						"rotation": [
							-0.00937623344361782,
							-0.0036610099487006664,
							-0.9314932823181152,
							0.3636196553707123
						]
					},
					"odometry": {
						"position": [
							0.5788016507047908,
							-7.803383132313061,
							-0.013087567656515869
						],
						"orientation": [
							-0.019742569485335495,
							0.0003963107033607394,
							-0.9313257703220157,
							0.36365145871018795
						],
						"linear": [
							0.0007750001968815923,
							0.0,
							0.0
						],
						"angular": [
							0.0,
							0.0,
							-0.001002349192276597
						]
					},
					"aabb": [
						123.7532673251093,
						140.6927086964649,
						-0.01410206072943225,
						124.72601489883213,
						141.635690647519,
						0.16299444712921723
					],
					"joint_state": {
						"position": [
							-1.8834,
							4.5291,
							1.0083,
							-5.3461,
							1.0086,
							-0.4702,
							0.0
						],
						"velocity": [
							0.0206,
							0.0255,
							-0.03,
							-0.0015,
							-0.0653,
							-0.0044,
							0.0
						],
						"effort": [
							0.0,
							0.0,
							0.0,
							0.0,
							0.0,
							0.0,
							0.0
						]
					},
					"lift_state": "lift_down"
				}
			}
		},
		"objects": {
			"Rack": {
				"Rack_02": {
					"name": "Rack_02",
					"pose": {
						"translation": [
							133.05699157714844,
							143.09999084472656,
							0.19921104609966278
						],
						"rotation": [
							0.983835756778717,
							0.1790735274553299,
							-4.97384462505579e-08,
							9.080395102500916e-09
						]
					}
				}
			}
		},
		"relationships": {
			"L-Rack": [
				[
					"AMR_LIFT01",
					"none"
				]
			]
		}
	},
	"timestamp_4": {
		"robots": {
			"ARMLIFT": {
				"AMR_LIFT01": {
					"name": "AMR_LIFT01",
					"pose": {
						"translation": [
							139.60769653320312,
							142.49615478515625,
							0.06200248748064041
						],
						"rotation": [
							-0.009374714456498623,
							-0.0036681033670902252,
							-0.9314664006233215,
							0.36368831992149353
						]
					},