{
	"timestamp_0": {
		"robots": {
			"ARMLIFT": {
				"AMR_LIFT01": {
					"name": "AMR_LIFT01",
					"pose": {
						"translation": [
							139.5836639404297,
							142.56614685058594,
							0.062003135681152344
						],
						"rotation": [
							-0.009355174377560616,
							-0.0037292554043233395,
							-0.9292228817939758,
							0.3693825900554657
						]
					},
					"odometry": {
						"position": [
							0.5546340023400373,
							-7.733179201472155,
							-0.012548945919481039
						],
						"orientation": [
							-0.01969089130402008,
							0.0003938698258778103,
							-0.9290514710850042,
							0.36942587584115333
						],
						"linear": [
							-0.003133856924250722,
							0.0,
							0.0
						],
						"angular": [
							0.0,
							0.0,
							0.0008431010064668953
						]
					},
					"aabb": [
						123.78142681349665,
						140.61803106603477,
						-0.012657709817464089,
						124.75014934940344,
						141.5658647602818,
						0.16312880663934556
					],
					"joint_state": {
						"position": [
							-2.3659,
							4.1923,
							1.0166,
							-4.9624,
							1.0186,
							-0.0588,
							0.0
						],
						"velocity": [
							0.0217,
							0.0204,
							-0.0414,
							0.0053,
							-0.0554,
							-0.0093,
							0.0
						],
						"effort": [
							0.0,
							0.0,
							0.0,
							0.0,
							0.0,
							0.0,
							0.0
						]
					},
					"lift_state": "lift_down"
				}
			}
		},
		"objects": {
			"Rack": {
				"Rack_02": {
					"name": "Rack_02",
					"pose": {
						"translation": [
							133.05699157714844,
							143.09999084472656,
							0.19921104609966278
						],
						"rotation": [
							0.983835756778717,
							0.1790735274553299,
							-4.97384462505579e-08,
							9.080395102500916e-09
						]
					}
				}
			}
		},
		"relationships": {
			"L-Rack": [
				[
					"AMR_LIFT01",
					"none"
				]
			]
		}
	},
	"timestamp_1": {
		"robots": {
			"ARMLIFT": {
				"AMR_LIFT01": {
					"name": "AMR_LIFT01",
					"pose": {
						"translation": [
							139.58412170410156,
							142.56521606445312,
							0.062000539153814316
						],
						"rotation": [
							-0.009350398555397987,
							-0.0037194443866610527,
							-0.9291426539421082,
							0.3695846199989319
						]
					},
					"odometry": {
						"position": [
							0.5550928649607343,
							-7.734116684030282,
							-0.0125617599332348
						],
						"orientation": [
							-0.019685219221310578,
							0.00040592735031489866,
							-0.9289713056748617,
							0.3696277054009047
						],
						"linear": [
							0.00034080856130458415,
							0.0,
							0.0
						],
						"angular": [
							0.0,
							0.0,
							0.000657043419778347
						]
					},
					"aabb": [
						123.78110570802428,
						140.6189129305838,
						-0.012666175347750774,
						124.74966914177516,
						141.56692957715933,
						0.16312518984833121
					],
					"joint_state": {
						"position": [
							-2.3656,
							4.1936,
							0.9993,
							-4.9508,
							1.0177,
							-0.0641,
							0.0
						],
						"velocity": [
							-0.0083,
							-0.0079,
							-0.087,
							0.0543,
							-0.0055,
							0.0071,
							0.0
						],
						"effort": [
							0.0,
							0.0,
							0.0,
							0.0,
							0.0,
							0.0,
							0.0
						]
					},
					"lift_state": "lift_down"
				}
			}
		},
		"objects": {
			"Rack": {
				"Rack_02": {
					"name": "Rack_02",
					"pose": {
						"translation": [
							133.05699157714844,
							143.09999084472656,
							0.19921104609966278
						],
						"rotation": [
							0.983835756778717,
							0.1790735274553299,
							-4.97384462505579e-08,
							9.080395102500916e-09
						]
					}
				}
			}
		},
		"relationships": {
			"L-Rack": [
				[
					"AMR_LIFT01",
					"none"
				]
			]
		}
	},
	"timestamp_2": {
		"robots": {
			"ARMLIFT": {
				"AMR_LIFT01": {
					"name": "AMR_LIFT01",
					"pose": {
						"translation": [
							139.58352661132812,
							142.5657196044922,
							0.062002867460250854
						],
						"rotation": [
							-0.009349017404019833,
							-0.0037293853238224983,
							-0.9291495680809021,
							0.36956700682640076
						]
					},
					"odometry": {
						"position": [
							0.5546534728535673,
							-7.733687021261937,
							-0.012553103260213031
						],
						"orientation": [
							-0.01968214183415278,
							0.00040751108359030037,
							-0.9289766471301707,
							0.3696144427837252
						],
						"linear": [
							-0.0012696339981630445,
							0.0,
							0.0
						],
						"angular": [
							0.0,
							0.0,
							-0.0010735675459727645
						]
					},
					"aabb": [
						123.78134965153997,
						140.61861887426107,
						-0.012652402090006575,
						124.74991290180623,
						141.56663738652978,
						0.16312627423557
					],
					"joint_state": {
						"position": [
							-2.3655,
							4.1944,
							0.9937,
							-4.9505,
							1.0077,
							-0.0581,
							0.0
						],
						"velocity": [
							-0.021,
							-0.0216,
							0.1416,
							-0.0986,
							0.0567,
							0.0175,
							0.0
						],
						"effort": [
							0.0,
							0.0,
							0.0,
							0.0,
							0.0,
							0.0,
							0.0
						]
					},
					"lift_state": "lift_down"
				}
			}
		},
		"objects": {
			"Rack": {
				"Rack_02": {
					"name": "Rack_02",
					"pose": {
						"translation": [
							133.05699157714844,
							143.09999084472656,
							0.19921104609966278
						],
						"rotation": [
							0.983835756778717,
							0.1790735274553299,
							-4.97384462505579e-08,
							9.080395102500916e-09
						]
					}
				}
			}
		},
		"relationships": {
			"L-Rack": [
				[
					"AMR_LIFT01",
					"none"
				]
			]
		}
	},
	"timestamp_3": {
		"robots": {
			"ARMLIFT": {
				"AMR_LIFT01": {
					"name": "AMR_LIFT01",
					"pose": {
						"translation": [
							139.5839385986328,
							142.56578063964844,
							0.06201412156224251
						],
						"rotation": [
							-0.009358993731439114,
							-0.003727392293512821,
							-0.9290186166763306,
							0.3698960244655609
						]
					},
					"odometry": {
						"position": [
							0.5548978730754346,
							-7.733550260248651,
							-0.012543832940600892
						],
						"orientation": [
							-0.01969242881885321,
							0.0004014437730866313,
							-0.9288471643100465,
							0.369939173977692
						],
						"linear": [
							-0.0003849756030831486,
							0.0,
							0.0
						],
						"angular": [
							0.0,
							0.0,
							-0.0002992810041178018
						]
					},
					"aabb": [
						123.78139560347786,
						140.61806399331795,
						-0.012668915551666115,
						124.74975208481213,
						141.56632096886295,
						0.1631366897734575
					],
					"joint_state": {
						"position": [
							-2.3652,
							4.1963,
							0.9848,
							-4.9409,
							1.0035,
							-0.0522,
							0.0
						],
						"velocity": [
							0.0097,
							0.028,
							-0.0348,
							0.0085,
							0.2308,
							-0.0304,
							0.0
						],
						"effort": [
							0.0,
							0.0,
							0.0,
							0.0,
							0.0,
							0.0,
							0.0
						]
					},
					"lift_state": "lift_down"
				}
			}
		},
		"objects": {
			"Rack": {
				"Rack_02": {
					"name": "Rack_02",
					"pose": {
						"translation": [
							133.05699157714844,
							143.09999084472656,
							0.19921104609966278
						],
						"rotation": [
							0.983835756778717,
							0.1790735274553299,
							-4.97384462505579e-08,
							9.080395102500916e-09
						]
					}
				}
			}
		},
		"relationships": {
			"L-Rack": [
				[
					"AMR_LIFT01",
					"none"
				]
			]
		}
	},
	"timestamp_4": {
		"robots": {
			"ARMLIFT": {
				"AMR_LIFT01": {
					"name": "AMR_LIFT01",
					"pose": {
						"translation": [
							139.58413696289062,
							142.56578063964844,
							0.06200446933507919
						],
						"rotation": [
							-0.009350758045911789,
							-0.003728850744664669,
							-0.9290853142738342,
							0.369728684425354
						]
					},