{
	"timestamp_0": {
		"robots": {
			"ARMLIFT": {
				"AMR_LIFT01": {
					"name": "AMR_LIFT01",
					"pose": {
						"translation": [
							139.62017822265625,
							142.43115234375,
							0.06200328841805458
						],
						"rotation": [
							-0.009415472857654095,
							-0.003531140275299549,
							-0.9360079169273376,
							0.35183534026145935
						]
					},
					"odometry": {
						"position": [
							0.5911359587214937,
							-7.868167763609634,
							-0.013364876740654535
						],
						"orientation": [
							-0.01982693417400793,
							0.00039677837604689867,
							-0.9358358984254647,
							0.35187768679810233
						],
						"linear": [
							0.013829216361045837,
							0.0,
							0.0
						],
						"angular": [
							0.0,
							0.0,
							0.0013657505623996258
						]
					},
					"aabb": [
						123.73330950093468,
						140.76643326953047,
						-0.013931568729512022,
						124.7138402768378,
						141.6990250609132,
						0.16287291107649132
					],
					"joint_state": {
						"position": [
							-1.3992,
							4.8856,
							0.9711,
							-5.8098,
							0.9849,
							-0.9679,
							0.0
						],
						"velocity": [
							-0.1387,
							-0.1557,
							-0.1509,
							-0.0754,
							-0.1645,
							-0.0913,
							0.0
						],
						"effort": [
							0.0,
							0.0,
							0.0,
							0.0,
							0.0,
							0.0,
							0.0
						]
					},
					"lift_state": "lift_down"
				}
			}
		},
		"objects": {
			"Rack": {
				"Rack_02": {
					"name": "Rack_02",
					"pose": {
						"translation": [
							133.05699157714844,
							143.09999084472656,
							0.19921104609966278
						],
						"rotation": [
							0.983835756778717,
							0.1790735274553299,
							-4.97384462505579e-08,
							9.080395102500916e-09
						]
					}
				}
			}
		},
		"relationships": {
			"L-Rack": [
				[
					"AMR_LIFT01",
					"none"
				]
			]
		}
	},
	"timestamp_1": {
		"robots": {
			"ARMLIFT": {
				"AMR_LIFT01": {
					"name": "AMR_LIFT01",
					"pose": {
						"translation": [
							139.62049865722656,
							142.43080139160156,
							0.062001533806324005
						],
						"rotation": [
							-0.009421932511031628,
							-0.003534248098731041,
							-0.9360443949699402,
							0.3517380654811859
						]
					},
					"odometry": {
						"position": [
							0.5914385720712855,
							-7.868402128169786,
							-0.013374241400992542
						],
						"orientation": [
							-0.01982966915617532,
							0.0003886663481288232,
							-0.9358431329297917,
							0.35185830060946277
						],
						"linear": [
							-0.003268142230808735,
							0.0,
							0.0
						],
						"angular": [
							0.0,
							0.0,
							-0.004936786834150553
						]
					},
					"aabb": [
						123.73348744219489,
						140.7666423011416,
						-0.013948801992802547,
						124.7139044091205,
						141.69939806742858,
						0.1628745653760825
					],
					"joint_state": {
						"position": [
							-1.3975,
							4.8867,
							0.9997,
							-5.8141,
							0.993,
							-0.9706,
							0.0
						],
						"velocity": [
							-0.0532,
							-0.0347,
							0.1056,
							-0.0941,
							0.1295,
							-0.0711,
							0.0
						],
						"effort": [
							0.0,
							0.0,
							0.0,
							0.0,
							0.0,
							0.0,
							0.0
						]
					},
					"lift_state": "lift_down"
				}
			}
		},
		"objects": {
			"Rack": {
				"Rack_02": {
					"name": "Rack_02",
					"pose": {
						"translation": [
							133.05699157714844,
							143.09999084472656,
							0.19921104609966278
						],
						"rotation": [
							0.983835756778717,
							0.1790735274553299,
							-4.97384462505579e-08,
							9.080395102500916e-09
						]
					}
				}
			}
		},
		"relationships": {
			"L-Rack": [
				[
					"AMR_LIFT01",
					"none"
				]
			]
		}
	},
	"timestamp_2": {
		"robots": {
			"ARMLIFT": {
				"AMR_LIFT01": {
					"name": "AMR_LIFT01",
					"pose": {
						"translation": [
							139.61952209472656,
							142.43016052246094,
							0.06200004369020462
						],
						"rotation": [
							-0.009413782507181168,
							-0.0035382588393986225,
							-0.9360175132751465,
							0.3518097698688507
						]
					},
					"odometry": {
						"position": [
							0.5904915663118258,
							-7.869163900044912,
							-0.013353844231940432
						],
						"orientation": [
							-0.0198253511904794,
							0.00038937617141834483,
							-0.9358455066416914,
							0.351852229685883
						],
						"linear": [
							-0.010654599405825138,
							0.0,
							0.0
						],
						"angular": [
							0.0,
							0.0,
							-0.003129631979390979
						]
					},
					"aabb": [
						123.73438941517706,
						140.76766832699386,
						-0.013882012636400529,
						124.71492439951317,
						141.70025480168545,
						0.16287194718653056
					],
					"joint_state": {
						"position": [
							-1.3935,
							4.8875,
							0.9914,
							-5.8181,
							0.9817,
							-0.973,
							0.0
						],
						"velocity": [
							0.0844,
							0.0846,
							0.2293,
							0.0061,
							0.235,
							0.0044,
							0.0
						],
						"effort": [
							0.0,
							0.0,
							0.0,
							0.0,
							0.0,
							0.0,
							0.0
						]
					},
					"lift_state": "lift_down"
				}
			}
		},
		"objects": {
			"Rack": {
				"Rack_02": {
					"name": "Rack_02",
					"pose": {
						"translation": [
							133.05699157714844,
							143.09999084472656,
							0.19921104609966278
						],
						"rotation": [
							0.983835756778717,
							0.1790735274553299,
							-4.97384462505579e-08,
							9.080395102500916e-09
						]
					}
				}
			}
		},
		"relationships": {
			"L-Rack": [
				[
					"AMR_LIFT01",
					"none"
				]
			]
		}
	},
	"timestamp_3": {
		"robots": {
			"ARMLIFT": {
				"AMR_LIFT01": {
					"name": "AMR_LIFT01",
					"pose": {
						"translation": [
							139.61965942382812,
							142.43016052246094,
							0.06200317293405533
						],
						"rotation": [
							-0.00942105334252119,
							-0.0035425149835646152,
							-0.9360039830207825,
							0.3518455922603607
						]
					},
					"odometry": {
						"position": [
							0.5906185572873366,
							-7.869163887155861,
							-0.01335355679993643
						],
						"orientation": [
							-0.01983246958838843,
							0.00038551813252368235,
							-0.9358318911662437,
							0.35188804469888907
						],
						"linear": [
							-0.0032150193583220243,
							0.0,
							0.0
						],
						"angular": [
							0.0,
							0.0,
							0.0008530283812433481
						]
					},
					"aabb": [
						123.73427765685416,
						140.76741567589076,
						-0.013807391540697505,
						124.71477729864449,
						141.70005692883046,
						0.16288243559317617
					],
					"joint_state": {
						"position": [
							-1.3932,
							4.8875,
							1.0055,
							-5.8216,
							0.9971,
							-0.9812,
							0.0
						],
						"velocity": [
							0.0228,
							0.0231,
							-0.0364,
							0.0462,
							-0.0374,
							0.0471,
							0.0
						],
						"effort": [
							0.0,
							0.0,
							0.0,
							0.0,
							0.0,
							0.0,
							0.0
						]
					},
					"lift_state": "lift_down"
				}
			}
		},
		"objects": {
			"Rack": {
				"Rack_02": {
					"name": "Rack_02",
					"pose": {
						"translation": [
							133.05699157714844,
							143.09999084472656,
							0.19921104609966278
						],
						"rotation": [
							0.983835756778717,
							0.1790735274553299,
							-4.97384462505579e-08,
							9.080395102500916e-09
						]
					}
				}
			}
		},
		"relationships": {
			"L-Rack": [
				[
					"AMR_LIFT01",
					"none"
				]
			]
		}
	},
	"timestamp_4": {
		"robots": {
			"ARMLIFT": {
				"AMR_LIFT01": {
					"name": "AMR_LIFT01",
					"pose": {
						"translation": [
							139.6193084716797,
							142.43040466308594,
							0.0620013028383255
						],
						"rotation": [
							-0.009416010230779648,
							-0.0035383603535592556,
							-0.93593829870224,
							0.35202059149742126
						]
					},