{
	"timestamp_0": {
		"robots": {
			"ARMLIFT": {
				"AMR_LIFT01": {
					"name": "AMR_LIFT01",
					"pose": {
						"translation": [
							139.57717895507812,
							142.5832061767578,
							0.061999548226594925
						],
						"rotation": [
							-0.00924378540366888,
							-0.0037008689250797033,
							-0.928310751914978,
							0.37167179584503174
						]
					},
					"odometry": {
						"position": [
							0.5481404939970701,
							-7.716128738606303,
							-0.012407587849096045
						],
						"orientation": [
							-0.019569332957524645,
							0.00044772253821299187,
							-0.9281406043864623,
							0.37171475521057673
						],
						"linear": [
							0.004121178761124611,
							0.0,
							0.0
						],
						"angular": [
							0.0,
							0.0,
							0.005056882742792368
						]
					},
					"aabb": [
						123.7890317655903,
						140.59956830460823,
						-0.012197480640129467,
						124.7561084446907,
						141.54925885277234,
						0.16312386343130872
					],
					"joint_state": {
						"position": [
							-2.4485,
							4.1105,
							0.6611,
							-4.7118,
							0.6465,
							0.1937,
							0.0
						],
						"velocity": [
							-0.0017,
							0.0073,
							-0.0493,
							0.0142,
							-0.2386,
							0.011,
							0.0
						],
						"effort": [
							0.0,
							0.0,
							0.0,
							0.0,
							0.0,
							0.0,
							0.0
						]
					},
					"lift_state": "lift_down"
				}
			}
		},
		"objects": {
			"Rack": {
				"Rack_02": {
					"name": "Rack_02",
					"pose": {
						"translation": [
							133.05699157714844,
							143.09999084472656,
							0.19921104609966278
						],
						"rotation": [
							0.983835756778717,
							0.1790735274553299,
							-4.97384462505579e-08,
							9.080395102500916e-09
						]
					}
				}
			}
		},
		"relationships": {
			"L-Rack": [
				[
					"AMR_LIFT01",
					"none"
				]
			]
		}
	},
	"timestamp_1": {
		"robots": {
			"ARMLIFT": {
				"AMR_LIFT01": {
					"name": "AMR_LIFT01",
					"pose": {
						"translation": [
							139.5775146484375,
							142.58236694335938,
							0.062006376683712006
						],
						"rotation": [
							-0.009248361922800541,
							-0.00370292691513896,
							-0.9283185601234436,
							0.37165236473083496
						]
					},
					"odometry": {
						"position": [
							0.5484824023137748,
							-7.716958786691062,
							-0.012408366318651966
						],
						"orientation": [
							-0.019573991516302524,
							0.00044544774819961437,
							-0.9281483597256884,
							0.3716951476289914
						],
						"linear": [
							-0.0010719022247940302,
							0.0,
							0.0
						],
						"angular": [
							0.0,
							0.0,
							-6.390496855601668e-05
						]
					},
					"aabb": [
						123.78892694465699,
						140.6003250139182,
						-0.012210131491821138,
						124.7559799457039,
						141.55004277978688,
						0.16312983367949718
					],
					"joint_state": {
						"position": [
							-2.4471,
							4.1107,
							0.6566,
							-4.7156,
							0.6365,
							0.1967,
							0.0
						],
						"velocity": [
							0.0335,
							0.0224,
							0.0092,
							-0.0369,
							0.0059,
							-0.0329,
							0.0
						],
						"effort": [
							0.0,
							0.0,
							0.0,
							0.0,
							0.0,
							0.0,
							0.0
						]
					},
					"lift_state": "lift_down"
				}
			}
		},
		"objects": {
			"Rack": {
				"Rack_02": {
					"name": "Rack_02",
					"pose": {
						"translation": [
							133.05699157714844,
							143.09999084472656,
							0.19921104609966278
						],
						"rotation": [
							0.983835756778717,
							0.1790735274553299,
							-4.97384462505579e-08,
							9.080395102500916e-09
						]
					}
				}
			}
		},
		"relationships": {
			"L-Rack": [
				[
					"AMR_LIFT01",
					"none"
				]
			]
		}
	},
	"timestamp_2": {
		"robots": {
			"ARMLIFT": {
				"AMR_LIFT01": {
					"name": "AMR_LIFT01",
					"pose": {
						"translation": [
							139.57728576660156,
							142.5823211669922,
							0.06199977919459343
						],
						"rotation": [
							-0.00924091599881649,
							-0.0037000360898673534,
							-0.9283144474029541,
							0.37166285514831543
						]
					},
					"odometry": {
						"position": [
							0.5482577037867973,
							-7.717007639911552,
							-0.01240998793842234
						],
						"orientation": [
							-0.019566500045211304,
							0.00044845521933105945,
							-0.9281443327012419,
							0.37170559403708675
						],
						"linear": [
							0.0021431939676404,
							0.0,
							0.0
						],
						"angular": [
							0.0,
							0.0,
							-0.0019615318160504103
						]
					},
					"aabb": [
						123.78923967901221,
						140.6001452123273,
						-0.012217281759217847,
						124.75625040237746,
						141.54991129463852,
						0.1631319743356664
					],
					"joint_state": {
						"position": [
							-2.4463,
							4.1108,
							0.6563,
							-4.7165,
							0.6335,
							0.1962,
							0.0
						],
						"velocity": [
							-0.0008,
							-0.0011,
							0.0361,
							-0.0121,
							0.0632,
							-0.0006,
							0.0
						],
						"effort": [
							0.0,
							0.0,
							0.0,
							0.0,
							0.0,
							0.0,
							0.0
						]
					},
					"lift_state": "lift_down"
				}
			}
		},
		"objects": {
			"Rack": {
				"Rack_02": {
					"name": "Rack_02",
					"pose": {
						"translation": [
							133.05699157714844,
							143.09999084472656,
							0.19921104609966278
						],
						"rotation": [
							0.983835756778717,
							0.1790735274553299,
							-4.97384462505579e-08,
							9.080395102500916e-09
						]
					}
				}
			}
		},
		"relationships": {
			"L-Rack": [
				[
					"AMR_LIFT01",
					"none"
				]
			]
		}
	},
	"timestamp_3": {
		"robots": {
			"ARMLIFT": {
				"AMR_LIFT01": {
					"name": "AMR_LIFT01",
					"pose": {
						"translation": [
							139.57749938964844,
							142.58212280273438,
							0.062003135681152344
						],
						"rotation": [
							-0.00925350096076727,
							-0.00369711359962821,
							-0.9283015131950378,
							0.37169501185417175
						]
					},
					"odometry": {
						"position": [
							0.5484628162820283,
							-7.717202935261254,
							-0.012411192303065548
						],
						"orientation": [
							-0.019578939304234037,
							0.00045173477463721567,
							-0.9281312016634643,
							0.37173772147866335
						],
						"linear": [
							0.0024542950559407473,
							0.0,
							0.0
						],
						"angular": [
							0.0,
							0.0,
							-0.002973373746499419
						]
					},
					"aabb": [
						123.78887235289882,
						140.60070968620659,
						-0.012217974928330823,
						124.75593204132487,
						141.550423454477,
						0.1631401666118766
					],
					"joint_state": {
						"position": [
							-2.4454,
							4.1111,
							0.6777,
							-4.7195,
							0.6555,
							0.1906,
							0.0
						],
						"velocity": [
							-0.027,
							-0.0205,
							0.0715,
							-0.0068,
							0.3067,
							-0.1137,
							0.0
						],
						"effort": [
							0.0,
							0.0,
							0.0,
							0.0,
							0.0,
							0.0,
							0.0
						]
					},
					"lift_state": "lift_down"
				}
			}
		},
		"objects": {
			"Rack": {
				"Rack_02": {
					"name": "Rack_02",
					"pose": {
						"translation": [
							133.05699157714844,
							143.09999084472656,
							0.19921104609966278
						],
						"rotation": [
							0.983835756778717,
							0.1790735274553299,
							-4.97384462505579e-08,
							9.080395102500916e-09
						]
					}
				}
			}
		},
		"relationships": {
			"L-Rack": [
				[
					"AMR_LIFT01",
					"none"
				]
			]
		}
	},
	"timestamp_4": {
		"robots": {
			"ARMLIFT": {
				"AMR_LIFT01": {
					"name": "AMR_LIFT01",
					"pose": {
						"translation": [
							139.57752990722656,
							142.5819854736328,
							0.06200012192130089
						],
						"rotation": [
							-0.00925164669752121,
							-0.0037016032729297876,
							-0.928371250629425,
							0.3715206980705261
						]
					},