{
	"timestamp_0": {
		"robots": {
			"ARMLIFT": {
				"AMR_LIFT01": {
					"name": "AMR_LIFT01",
					"pose": {
						"translation": [
							139.61929321289062,
							142.44090270996094,
							0.06200145557522774
						],
						"rotation": [
							-0.009398792870342731,
							-0.00355780147947371,
							-0.9350553750991821,
							0.35435950756073
						]
					},
					"odometry": {
						"position": [
							0.5902372378008911,
							-7.858421697796415,
							-0.013344353862427417
						],
						"orientation": [
							-0.01980131276502693,
							0.00039628622239996523,
							-0.9348793736737613,
							0.3544126234339961
						],
						"linear": [
							-0.0015644574305042624,
							0.0,
							0.0
						],
						"angular": [
							0.0,
							0.0,
							-7.092690793797374e-06
						]
					},
					"aabb": [
						123.73600212280559,
						140.75436042387548,
						-0.014710405247163943,
						124.71478342898618,
						141.68941166522904,
						0.16289112832504624
					],
					"joint_state": {
						"position": [
							-1.4628,
							4.8491,
							0.9575,
							-5.7198,
							0.9565,
							-0.8619,
							0.0
						],
						"velocity": [
							0.0018,
							-0.0077,
							0.0206,
							-0.0142,
							0.0561,
							-0.013,
							0.0
						],
						"effort": [
							0.0,
							0.0,
							0.0,
							0.0,
							0.0,
							0.0,
							0.0
						]
					},
					"lift_state": "lift_down"
				}
			}
		},
		"objects": {
			"Rack": {
				"Rack_02": {
					"name": "Rack_02",
					"pose": {
						"translation": [
							133.05699157714844,
							143.09999084472656,
							0.19921104609966278
						],
						"rotation": [
							0.983835756778717,
							0.1790735274553299,
							-4.97384462505579e-08,
							9.080395102500916e-09
						]
					}
				}
			}
		},
		"relationships": {
			"L-Rack": [
				[
					"AMR_LIFT01",
					"none"
				]
			]
		}
	},
	"timestamp_1": {
		"robots": {
			"ARMLIFT": {
				"AMR_LIFT01": {
					"name": "AMR_LIFT01",
					"pose": {
						"translation": [
							139.61923217773438,
							142.4403533935547,
							0.06200099736452103
						],
						"rotation": [
							-0.009400214068591595,
							-0.003561233403161168,
							-0.9351736903190613,
							0.3540467917919159
						]
					},
					"odometry": {
						"position": [
							0.5901981568472744,
							-7.8589783466839584,
							-0.013346076319843017
						],
						"orientation": [
							-0.019802364587869978,
							0.00039128826277596353,
							-0.9350018047495836,
							0.35408944966667144
						],
						"linear": [
							-0.00035410249256528914,
							0.0,
							0.0
						],
						"angular": [
							0.0,
							0.0,
							-0.0022085809614509344
						]
					},
					"aabb": [
						123.73602131920532,
						140.75543756038064,
						-0.014680986216164484,
						124.71508918978242,
						141.69009348955055,
						0.16289521346823033
					],
					"joint_state": {
						"position": [
							-1.4637,
							4.8484,
							0.9664,
							-5.7301,
							0.9663,
							-0.8697,
							0.0
						],
						"velocity": [
							0.0132,
							0.001,
							-0.0212,
							-0.0776,
							0.0415,
							-0.0169,
							0.0
						],
						"effort": [
							0.0,
							0.0,
							0.0,
							0.0,
							0.0,
							0.0,
							0.0
						]
					},
					"lift_state": "lift_down"
				}
			}
		},
		"objects": {
			"Rack": {
				"Rack_02": {
					"name": "Rack_02",
					"pose": {
						"translation": [
							133.05699157714844,
							143.09999084472656,
							0.19921104609966278
						],
						"rotation": [
							0.983835756778717,
							0.1790735274553299,
							-4.97384462505579e-08,
							9.080395102500916e-09
						]
					}
				}
			}
		},
		"relationships": {
			"L-Rack": [
				[
					"AMR_LIFT01",
					"none"
				]
			]
		}
	},
	"timestamp_2": {
		"robots": {
			"ARMLIFT": {
				"AMR_LIFT01": {
					"name": "AMR_LIFT01",
					"pose": {
						"translation": [
							139.619140625,
							142.4404296875,
							0.06200264021754265
						],
						"rotation": [
							-0.009401769377291203,
							-0.0035589199978858232,
							-0.9352208375930786,
							0.35392242670059204
						]
					},
					"odometry": {
						"position": [
							0.5901883989401557,
							-7.8588513927653665,
							-0.01334531802720155
						],
						"orientation": [
							-0.019801545247728338,
							0.00039004372486041406,
							-0.9350428868753785,
							0.35398099719540443
						],
						"linear": [
							-0.004932608921080828,
							0.0,
							0.0
						],
						"angular": [
							0.0,
							0.0,
							-0.008058345876634121
						]
					},
					"aabb": [
						123.7357332231478,
						140.75576293620287,
						-0.014685818982706978,
						124.71486728119733,
						141.69032570608218,
						0.16289122095890213
					],
					"joint_state": {
						"position": [
							-1.4624,
							4.8492,
							0.9609,
							-5.733,
							0.9625,
							-0.8662,
							0.0
						],
						"velocity": [
							-0.0216,
							-0.0397,
							0.0694,
							-0.1897,
							0.0984,
							0.0175,
							0.0
						],
						"effort": [
							0.0,
							0.0,
							0.0,
							0.0,
							0.0,
							0.0,
							0.0
						]
					},
					"lift_state": "lift_down"
				}
			}
		},
		"objects": {
			"Rack": {
				"Rack_02": {
					"name": "Rack_02",
					"pose": {
						"translation": [
							133.05699157714844,
							143.09999084472656,
							0.19921104609966278
						],
						"rotation": [
							0.983835756778717,
							0.1790735274553299,
							-4.97384462505579e-08,
							9.080395102500916e-09
						]
					}
				}
			}
		},
		"relationships": {
			"L-Rack": [
				[
					"AMR_LIFT01",
					"none"
				]
			]
		}
	},
	"timestamp_3": {
		"robots": {
			"ARMLIFT": {
				"AMR_LIFT01": {
					"name": "AMR_LIFT01",
					"pose": {
						"translation": [
							139.61898803710938,
							142.4404296875,
							0.06200084462761879
						],
						"rotation": [
							-0.009395834058523178,
							-0.0035611395724117756,
							-0.9350926876068115,
							0.354261189699173
						]
					},
					"odometry": {
						"position": [
							0.5899443061294735,
							-7.85890023530351,
							-0.0133405698085492
						],
						"orientation": [
							-0.019797070895000025,
							0.00039376571136611084,
							-0.934920850309726,
							0.354303435756248
						],
						"linear": [
							0.002560802036896348,
							0.0,
							0.0
						],
						"angular": [
							0.0,
							0.0,
							0.003965084441006184
						]
					},
					"aabb": [
						123.73634988134698,
						140.755298650746,
						-0.014690456183714567,
						124.71539054461509,
						141.6899906133328,
						0.1628913556335557
					],
					"joint_state": {
						"position": [
							-1.4615,
							4.849,
							0.9531,
							-5.7279,
							0.9546,
							-0.8637,
							0.0
						],
						"velocity": [
							0.0101,
							0.0006,
							-0.0013,
							-0.0036,
							0.0035,
							-0.0017,
							0.0
						],
						"effort": [
							0.0,
							0.0,
							0.0,
							0.0,
							0.0,
							0.0,
							0.0
						]
					},
					"lift_state": "lift_down"
				}
			}
		},
		"objects": {
			"Rack": {
				"Rack_02": {
					"name": "Rack_02",
					"pose": {
						"translation": [
							133.05699157714844,
							143.09999084472656,
							0.19921104609966278
						],
						"rotation": [
							0.983835756778717,
							0.1790735274553299,
							-4.97384462505579e-08,
							9.080395102500916e-09
						]
					}
				}
			}
		},
		"relationships": {
			"L-Rack": [
				[
					"AMR_LIFT01",
					"none"
				]
			]
		}
	},
	"timestamp_4": {
		"robots": {
			"ARMLIFT": {
				"AMR_LIFT01": {
					"name": "AMR_LIFT01",
					"pose": {
						"translation": [
							139.61944580078125,
							142.43978881835938,
							0.06200221925973892
						],
						"rotation": [
							-0.00940349604934454,
							-0.003560386598110199,
							-0.9351083636283875,
							0.3542196452617645
						]
					},