{
	"timestamp_0": {
		"robots": {
			"ARMLIFT": {
				"AMR_LIFT01": {
					"name": "AMR_LIFT01",
					"pose": {
						"translation": [
							139.60565185546875,
							142.51162719726562,
							0.062004584819078445
						],
						"rotation": [
							-0.009412677027285099,
							-0.0037430920638144016,
							-0.9296544790267944,
							0.36829349398612976
						]
					},
					"odometry": {
						"position": [
							0.5766919588227453,
							-7.787748449444283,
							-0.013041020578947985
						],
						"orientation": [
							-0.019761923304558875,
							0.0003865702917542057,
							-0.9294689252312605,
							0.3683705118222142
						],
						"linear": [
							0.004460987169295549,
							0.0,
							0.0
						],
						"angular": [
							0.0,
							0.0,
							-0.0012544994242489338
						]
					},
					"aabb": [
						123.75840342365201,
						140.67341928990876,
						-0.012968650413546643,
						124.72781767391875,
						141.6204661418423,
						0.16305567973915722
					],
					"joint_state": {
						"position": [
							-2.0332,
							4.42,
							1.1838,
							-5.2588,
							1.1735,
							-0.4284,
							0.0
						],
						"velocity": [
							0.0246,
							0.0121,
							-0.0247,
							-0.0443,
							0.0919,
							-0.098,
							0.0
						],
						"effort": [
							0.0,
							0.0,
							0.0,
							0.0,
							0.0,
							0.0,
							0.0
						]
					},
					"lift_state": "lift_down"
				}
			}
		},
		"objects": {
			"Rack": {
				"Rack_02": {
					"name": "Rack_02",
					"pose": {
						"translation": [
							133.05699157714844,
							143.09999084472656,
							0.19921104609966278
						],
						"rotation": [
							0.983835756778717,
							0.1790735274553299,
							-4.97384462505579e-08,
							9.080395102500916e-09
						]
					}
				}
			}
		},
		"relationships": {
			"L-Rack": [
				[
					"AMR_LIFT01",
					"none"
				]
			]
		}
	},
	"timestamp_1": {
		"robots": {
			"ARMLIFT": {
				"AMR_LIFT01": {
					"name": "AMR_LIFT01",
					"pose": {
						"translation": [
							139.60525512695312,
							142.51223754882812,
							0.06200500205159187
						],
						"rotation": [
							-0.00942035112529993,
							-0.003716467646881938,
							-0.9295720458030701,
							0.36850157380104065
						]
					},
					"odometry": {
						"position": [
							0.5762233234375911,
							-7.787094173256464,
							-0.013029094358945663
						],
						"orientation": [
							-0.019759959100737357,
							0.00039685449697052715,
							-0.9293999242157425,
							0.36854466132426567
						],
						"linear": [
							0.0014021742390468717,
							0.0,
							0.0
						],
						"angular": [
							0.0,
							0.0,
							-0.0013876364100724459
						]
					},
					"aabb": [
						123.75873521315047,
						140.67304309268036,
						-0.013037558876752377,
						124.72814980411184,
						141.620083854391,
						0.16304585918416822
					],
					"joint_state": {
						"position": [
							-2.032,
							4.4191,
							1.183,
							-5.2589,
							1.1512,
							-0.4193,
							0.0
						],
						"velocity": [
							-0.0049,
							-0.0211,
							-0.0288,
							0.0328,
							-0.1011,
							0.1662,
							0.0
						],
						"effort": [
							0.0,
							0.0,
							0.0,
							0.0,
							0.0,
							0.0,
							0.0
						]
					},
					"lift_state": "lift_down"
				}
			}
		},
		"objects": {
			"Rack": {
				"Rack_02": {
					"name": "Rack_02",
					"pose": {
						"translation": [
							133.05699157714844,
							143.09999084472656,
							0.19921104609966278
						],
						"rotation": [
							0.983835756778717,
							0.1790735274553299,
							-4.97384462505579e-08,
							9.080395102500916e-09
						]
					}
				}
			}
		},
		"relationships": {
			"L-Rack": [
				[
					"AMR_LIFT01",
					"none"
				]
			]
		}
	},
	"timestamp_2": {
		"robots": {
			"ARMLIFT": {
				"AMR_LIFT01": {
					"name": "AMR_LIFT01",
					"pose": {
						"translation": [
							139.60557556152344,
							142.51217651367188,
							0.0620102696120739
						],
						"rotation": [
							-0.00942093413323164,
							-0.0037302360869944096,
							-0.9295842051506042,
							0.3684707283973694
						]
					},
					"odometry": {
						"position": [
							0.5764088713457082,
							-7.786976970956359,
							-0.013030833186926716
						],
						"orientation": [
							-0.019754732656530542,
							0.00037742804692565555,
							-0.9294129590611344,
							0.36851208883151243
						],
						"linear": [
							0.000916441495064646,
							0.0,
							0.0
						],
						"angular": [
							0.0,
							0.0,
							-0.0011848101858049631
						]
					},
					"aabb": [
						123.75884953280601,
						140.672729998007,
						-0.0129919982103593,
						124.72823499037445,
						141.61980488262097,
						0.1630405960447701
					],
					"joint_state": {
						"position": [
							-2.0309,
							4.4192,
							1.1869,
							-5.2568,
							1.1573,
							-0.4156,
							0.0
						],
						"velocity": [
							0.0082,
							0.0104,
							0.0123,
							-0.0026,
							-0.0719,
							0.0226,
							0.0
						],
						"effort": [
							0.0,
							0.0,
							0.0,
							0.0,
							0.0,
							0.0,
							0.0
						]
					},
					"lift_state": "lift_down"
				}
			}
		},
		"objects": {
			"Rack": {
				"Rack_02": {
					"name": "Rack_02",
					"pose": {
						"translation": [
							133.05699157714844,
							143.09999084472656,
							0.19921104609966278
						],
						"rotation": [
							0.983835756778717,
							0.1790735274553299,
							-4.97384462505579e-08,
							9.080395102500916e-09
						]
					}
				}
			}
		},
		"relationships": {
			"L-Rack": [
				[
					"AMR_LIFT01",
					"none"
				]
			]
		}
	},
	"timestamp_3": {
		"robots": {
			"ARMLIFT": {
				"AMR_LIFT01": {
					"name": "AMR_LIFT01",
					"pose": {
						"translation": [
							139.60557556152344,
							142.5120086669922,
							0.061999816447496414
						],
						"rotation": [
							-0.009406186640262604,
							-0.003728653769940138,
							-0.9296113848686218,
							0.36840248107910156
						]
					},
					"odometry": {
						"position": [
							0.5765454048367448,
							-7.787318776266234,
							-0.013041492024443626
						],
						"orientation": [
							-0.019746236991147692,
							0.000383567516773243,
							-0.9294394090579553,
							0.36844582219187777
						],
						"linear": [
							0.004388113040477037,
							0.0,
							0.0
						],
						"angular": [
							0.0,
							0.0,
							0.0013775598490610719
						]
					},
					"aabb": [
						123.75853015839142,
						140.6732290304932,
						-0.01309219825901105,
						124.72794441338692,
						141.6202694019613,
						0.16304054162891637
					],
					"joint_state": {
						"position": [
							-2.0305,
							4.4191,
							1.1857,
							-5.2598,
							1.1526,
							-0.4161,
							0.0
						],
						"velocity": [
							-0.0305,
							-0.0304,
							-0.1384,
							0.0092,
							-0.1431,
							0.0121,
							0.0
						],
						"effort": [
							0.0,
							0.0,
							0.0,
							0.0,
							0.0,
							0.0,
							0.0
						]
					},
					"lift_state": "lift_down"
				}
			}
		},
		"objects": {
			"Rack": {
				"Rack_02": {
					"name": "Rack_02",
					"pose": {
						"translation": [
							133.05699157714844,
							143.09999084472656,
							0.19921104609966278
						],
						"rotation": [
							0.983835756778717,
							0.1790735274553299,
							-4.97384462505579e-08,
							9.080395102500916e-09
						]
					}
				}
			}
		},
		"relationships": {
			"L-Rack": [
				[
					"AMR_LIFT01",
					"none"
				]
			]
		}
	},
	"timestamp_4": {
		"robots": {
			"ARMLIFT": {
				"AMR_LIFT01": {
					"name": "AMR_LIFT01",
					"pose": {
						"translation": [
							139.605712890625,
							142.51220703125,
							0.06200805678963661
						],
						"rotation": [
							-0.009405969642102718,
							-0.0037524718791246414,
							-0.9296217560768127,
							0.368376225233078
						]
					},