{
	"timestamp_0": {
		"robots": {
			"ARMLIFT": {
				"AMR_LIFT01": {
					"name": "AMR_LIFT01",
					"pose": {
						"translation": [
							139.6195831298828,
							142.4618682861328,
							0.06200046464800835
						],
						"rotation": [
							-0.009411739185452461,
							-0.003591442946344614,
							-0.934084415435791,
							0.3569105267524719
						]
					},
					"odometry": {
						"position": [
							0.5905484901424767,
							-7.837454849026181,
							-0.013353845790583142
						],
						"orientation": [
							-0.01980171647617243,
							0.00039293445182640295,
							-0.9339124228305401,
							0.3569528317717967
						],
						"linear": [
							0.0014626276679337025,
							0.0,
							0.0
						],
						"angular": [
							0.0,
							0.0,
							-0.001141160842962563
						]
					},
					"aabb": [
						123.73715280378197,
						140.73212948321068,
						-0.014664585718873382,
						124.71434869639468,
						141.66935605644227,
						0.16293635215735308
					],
					"joint_state": {
						"position": [
							-1.6353,
							4.6931,
							1.0296,
							-5.6041,
							1.0595,
							-0.714,
							0.0
						],
						"velocity": [
							-0.0077,
							-0.0081,
							0.0532,
							-0.0527,
							0.0336,
							-0.0604,
							0.0
						],
						"effort": [
							0.0,
							0.0,
							0.0,
							0.0,
							0.0,
							0.0,
							0.0
						]
					},
					"lift_state": "lift_down"
				}
			}
		},
		"objects": {
			"Rack": {
				"Rack_02": {
					"name": "Rack_02",
					"pose": {
						"translation": [
							133.05699157714844,
							143.09999084472656,
							0.19921104609966278
						],
						"rotation": [
							0.983835756778717,
							0.1790735274553299,
							-4.97384462505579e-08,
							9.080395102500916e-09
						]
					}
				}
			}
		},
		"relationships": {
			"L-Rack": [
				[
					"AMR_LIFT01",
					"none"
				]
			]
		}
	},
	"timestamp_1": {
		"robots": {
			"ARMLIFT": {
				"AMR_LIFT01": {
					"name": "AMR_LIFT01",
					"pose": {
						"translation": [
							139.6196746826172,
							142.46180725097656,
							0.062000080943107605
						],
						"rotation": [
							-0.009422899223864079,
							-0.0035957139916718006,
							-0.9342041611671448,
							0.3565962314605713
						]
					},
					"odometry": {
						"position": [
							0.5906363539532723,
							-7.837523204634181,
							-0.013356191486337524
						],
						"orientation": [
							-0.01981422336649268,
							0.000385168803043978,
							-0.9340320409566358,
							0.35663902571613965
						],
						"linear": [
							0.0041634440422058105,
							0.0,
							0.0
						],
						"angular": [
							0.0,
							0.0,
							-0.0012147214729338884
						]
					},
					"aabb": [
						123.73688499608568,
						140.7322692403992,
						-0.014631130126183889,
						124.71434239502993,
						141.66914612499968,
						0.16293975366665073
					],
					"joint_state": {
						"position": [
							-1.6349,
							4.6934,
							1.0638,
							-5.6204,
							1.074,
							-0.7193,
							0.0
						],
						"velocity": [
							0.0174,
							-0.0134,
							0.0072,
							-0.015,
							-0.0148,
							-0.0031,
							0.0
						],
						"effort": [
							0.0,
							0.0,
							0.0,
							0.0,
							0.0,
							0.0,
							0.0
						]
					},
					"lift_state": "lift_down"
				}
			}
		},
		"objects": {
			"Rack": {
				"Rack_02": {
					"name": "Rack_02",
					"pose": {
						"translation": [
							133.05699157714844,
							143.09999084472656,
							0.19921104609966278
						],
						"rotation": [
							0.983835756778717,
							0.1790735274553299,
							-4.97384462505579e-08,
							9.080395102500916e-09
						]
					}
				}
			}
		},
		"relationships": {
			"L-Rack": [
				[
					"AMR_LIFT01",
					"none"
				]
			]
		}
	},
	"timestamp_2": {
		"robots": {
			"ARMLIFT": {
				"AMR_LIFT01": {
					"name": "AMR_LIFT01",
					"pose": {
						"translation": [
							139.61927795410156,
							142.462158203125,
							0.062000006437301636
						],
						"rotation": [
							-0.00942241121083498,
							-0.0035932159516960382,
							-0.9342926740646362,
							0.35636433959007263
						]
					},
					"odometry": {
						"position": [
							0.5902360420953645,
							-7.837171662876948,
							-0.01334735864903394
						],
						"orientation": [
							-0.019814722347553184,
							0.0003850869477258614,
							-0.9341205624521081,
							0.35640707525312915
						],
						"linear": [
							-0.0007199110114015639,
							0.0,
							0.0
						],
						"angular": [
							0.0,
							0.0,
							0.0021096053533256054
						]
					},
					"aabb": [
						123.73713537175672,
						140.73232615266485,
						-0.014627689415911572,
						124.71469902222469,
						141.66905992686907,
						0.16294052180099908
					],
					"joint_state": {
						"position": [
							-1.6335,
							4.6948,
							1.0682,
							-5.6236,
							1.0602,
							-0.7143,
							0.0
						],
						"velocity": [
							-0.0008,
							-0.0005,
							-0.0149,
							0.0115,
							-0.0488,
							0.0266,
							0.0
						],
						"effort": [
							0.0,
							0.0,
							0.0,
							0.0,
							0.0,
							0.0,
							0.0
						]
					},
					"lift_state": "lift_down"
				}
			}
		},
		"objects": {
			"Rack": {
				"Rack_02": {
					"name": "Rack_02",
					"pose": {
						"translation": [
							133.05699157714844,
							143.09999084472656,
							0.19921104609966278
						],
						"rotation": [
							0.983835756778717,
							0.1790735274553299,
							-4.97384462505579e-08,
							9.080395102500916e-09
						]
					}
				}
			}
		},
		"relationships": {
			"L-Rack": [
				[
					"AMR_LIFT01",
					"none"
				]
			]
		}
	},
	"timestamp_3": {
		"robots": {
			"ARMLIFT": {
				"AMR_LIFT01": {
					"name": "AMR_LIFT01",
					"pose": {
						"translation": [
							139.61949157714844,
							142.46165466308594,
							0.06200191378593445
						],
						"rotation": [
							-0.009421839378774166,
							-0.003598288632929325,
							-0.9342656135559082,
							0.35643529891967773
						]
					},
					"odometry": {
						"position": [
							0.5904606643177542,
							-7.83766969505269,
							-0.013350469540492354
						],
						"orientation": [
							-0.01981384724922005,
							0.0003808038367747011,
							-0.9340935031033417,
							0.3564780412672707
						],
						"linear": [
							-0.0017972646746784449,
							0.0,
							0.0
						],
						"angular": [
							0.0,
							0.0,
							-0.0033106987830251455
						]
					},
					"aabb": [
						123.73705465445181,
						140.73255424063376,
						-0.014613300673340181,
						124.71462109029807,
						141.66928383326356,
						0.1629411117416193
					],
					"joint_state": {
						"position": [
							-1.6333,
							4.6947,
							1.0809,
							-5.6312,
							1.059,
							-0.7152,
							0.0
						],
						"velocity": [
							0.0176,
							0.0249,
							0.2125,
							-0.1029,
							-0.0571,
							-0.0145,
							0.0
						],
						"effort": [
							0.0,
							0.0,
							0.0,
							0.0,
							0.0,
							0.0,
							0.0
						]
					},
					"lift_state": "lift_down"
				}
			}
		},
		"objects": {
			"Rack": {
				"Rack_02": {
					"name": "Rack_02",
					"pose": {
						"translation": [
							133.05699157714844,
							143.09999084472656,
							0.19921104609966278
						],
						"rotation": [
							0.983835756778717,
							0.1790735274553299,
							-4.97384462505579e-08,
							9.080395102500916e-09
						]
					}
				}
			}
		},
		"relationships": {
			"L-Rack": [
				[
					"AMR_LIFT01",
					"none"
				]
			]
		}
	},
	"timestamp_4": {
		"robots": {
			"ARMLIFT": {
				"AMR_LIFT01": {
					"name": "AMR_LIFT01",
					"pose": {
						"translation": [
							139.6195526123047,
							142.4618682861328,
							0.062001265585422516
						],
						"rotation": [
							-0.009427625685930252,
							-0.003595588495954871,
							-0.9343151450157166,
							0.3563053011894226
						]
					},