{
	"timestamp_0": {
		"robots": {
			"ARMLIFT": {
				"AMR_LIFT01": {
					"name": "AMR_LIFT01",
					"pose": {
						"translation": [
							139.582763671875,
							142.569580078125,
							0.062001798301935196
						],
						"rotation": [
							-0.00935633946210146,
							-0.003723431145772338,
							-0.928935170173645,
							0.3701057732105255
						]
					},
					"odometry": {
						"position": [
							0.5537258137601658,
							-7.729751511255321,
							-0.012530006463113424
						],
						"orientation": [
							-0.019688839112109637,
							0.0004077375409294302,
							-0.9287637508948015,
							0.3701487246882455
						],
						"linear": [
							-0.0022948510013520718,
							0.0,
							0.0
						],
						"angular": [
							0.0,
							0.0,
							0.000627157452981919
						]
					},
					"aabb": [
						123.78261802104623,
						140.61416812781763,
						-0.012629610006234875,
						124.75081419584303,
						141.5626114349356,
						0.16313339803670618
					],
					"joint_state": {
						"position": [
							-2.3776,
							4.1816,
							1.0157,
							-4.9316,
							1.0202,
							-0.0323,
							0.0
						],
						"velocity": [
							-0.0327,
							-0.0113,
							0.0895,
							0.2011,
							0.0969,
							0.2017,
							0.0
						],
						"effort": [
							0.0,
							0.0,
							0.0,
							0.0,
							0.0,
							0.0,
							0.0
						]
					},
					"lift_state": "lift_down"
				}
			}
		},
		"objects": {
			"Rack": {
				"Rack_02": {
					"name": "Rack_02",
					"pose": {
						"translation": [
							133.05699157714844,
							143.09999084472656,
							0.19921104609966278
						],
						"rotation": [
							0.983835756778717,
							0.1790735274553299,
							-4.97384462505579e-08,
							9.080395102500916e-09
						]
					}
				}
			}
		},
		"relationships": {
			"L-Rack": [
				[
					"AMR_LIFT01",
					"none"
				]
			]
		}
	},
	"timestamp_1": {
		"robots": {
			"ARMLIFT": {
				"AMR_LIFT01": {
					"name": "AMR_LIFT01",
					"pose": {
						"translation": [
							139.58261108398438,
							142.56961059570312,
							0.062001340091228485
						],
						"rotation": [
							-0.009358517825603485,
							-0.00372189749032259,
							-0.9289657473564148,
							0.3700287938117981
						]
					},
					"odometry": {
						"position": [
							0.5535695899754961,
							-7.729712457902284,
							-0.012526996836443455
						],
						"orientation": [
							-0.01969136363770404,
							0.00040841529884907605,
							-0.9287943054413846,
							0.37007191405818335
						],
						"linear": [
							0.005096849054098129,
							0.0,
							0.0
						],
						"angular": [
							0.0,
							0.0,
							0.0013561308151111007
						]
					},
					"aabb": [
						123.78250510887409,
						140.61432547336148,
						-0.012614334067697052,
						124.75079165754363,
						141.5626694792333,
						0.16314288007294622
					],
					"joint_state": {
						"position": [
							-2.3773,
							4.1822,
							1.0219,
							-4.9343,
							1.0275,
							-0.0386,
							0.0
						],
						"velocity": [
							-0.0141,
							0.0174,
							-0.04,
							0.0222,
							-0.0619,
							0.0228,
							0.0
						],
						"effort": [
							0.0,
							0.0,
							0.0,
							0.0,
							0.0,
							0.0,
							0.0
						]
					},
					"lift_state": "lift_down"
				}
			}
		},
		"objects": {
			"Rack": {
				"Rack_02": {
					"name": "Rack_02",
					"pose": {
						"translation": [
							133.05699157714844,
							143.09999084472656,
							0.19921104609966278
						],
						"rotation": [
							0.983835756778717,
							0.1790735274553299,
							-4.97384462505579e-08,
							9.080395102500916e-09
						]
					}
				}
			}
		},
		"relationships": {
			"L-Rack": [
				[
					"AMR_LIFT01",
					"none"
				]
			]
		}
	},
	"timestamp_2": {
		"robots": {
			"ARMLIFT": {
				"AMR_LIFT01": {
					"name": "AMR_LIFT01",
					"pose": {
						"translation": [
							139.58267211914062,
							142.569580078125,
							0.06200363114476204
						],
						"rotation": [
							-0.009358948096632957,
							-0.003741437802091241,
							-0.9289247989654541,
							0.37013161182403564
						]
					},
					"odometry": {
						"position": [
							0.5535599294018776,
							-7.7297026836277585,
							-0.012522145980922496
						],
						"orientation": [
							-0.019704705073110975,
							0.00041643832252255097,
							-0.9287707365921867,
							0.3701303419433649
						],
						"linear": [
							0.0005399920628406107,
							0.0,
							0.0
						],
						"angular": [
							0.0,
							0.0,
							-0.0010667279129847884
						]
					},
					"aabb": [
						123.78265092522105,
						140.61441147940204,
						-0.01263399369022841,
						124.75089625036343,
						141.56280099501393,
						0.16313655021137996
					],
					"joint_state": {
						"position": [
							-2.3757,
							4.1838,
							1.0365,
							-4.9419,
							1.04,
							-0.0408,
							0.0
						],
						"velocity": [
							0.019,
							0.023,
							-0.0301,
							0.035,
							-0.3601,
							0.226,
							0.0
						],
						"effort": [
							0.0,
							0.0,
							0.0,
							0.0,
							0.0,
							0.0,
							0.0
						]
					},
					"lift_state": "lift_down"
				}
			}
		},
		"objects": {
			"Rack": {
				"Rack_02": {
					"name": "Rack_02",
					"pose": {
						"translation": [
							133.05699157714844,
							143.09999084472656,
							0.19921104609966278
						],
						"rotation": [
							0.983835756778717,
							0.1790735274553299,
							-4.97384462505579e-08,
							9.080395102500916e-09
						]
					}
				}
			}
		},
		"relationships": {
			"L-Rack": [
				[
					"AMR_LIFT01",
					"none"
				]
			]
		}
	},
	"timestamp_3": {
		"robots": {
			"ARMLIFT": {
				"AMR_LIFT01": {
					"name": "AMR_LIFT01",
					"pose": {
						"translation": [
							139.58322143554688,
							142.56869506835938,
							0.0620027519762516
						],
						"rotation": [
							-0.009363675490021706,
							-0.003724324516952038,
							-0.9289147853851318,
							0.370156466960907
						]
					},
					"odometry": {
						"position": [
							0.5541847531483518,
							-7.730640158555314,
							-0.012539255592764836
						],
						"orientation": [
							-0.019695954624091766,
							0.00040740875118107746,
							-0.9287432834029451,
							0.3701996987079703
						],
						"linear": [
							0.0015177063178271055,
							0.0,
							0.0
						],
						"angular": [
							0.0,
							0.0,
							-0.005659771151840687
						]
					},
					"aabb": [
						123.7824642818158,
						140.61481186334368,
						-0.01263558832509965,
						124.75061639823747,
						141.56331086251274,
						0.1631481913553316
					],
					"joint_state": {
						"position": [
							-2.375,
							4.1837,
							1.0341,
							-4.9368,
							1.0305,
							-0.0383,
							0.0
						],
						"velocity": [
							0.0107,
							-0.0067,
							-0.1717,
							0.0842,
							-0.1242,
							0.0882,
							0.0
						],
						"effort": [
							0.0,
							0.0,
							0.0,
							0.0,
							0.0,
							0.0,
							0.0
						]
					},
					"lift_state": "lift_down"
				}
			}
		},
		"objects": {
			"Rack": {
				"Rack_02": {
					"name": "Rack_02",
					"pose": {
						"translation": [
							133.05699157714844,
							143.09999084472656,
							0.19921104609966278
						],
						"rotation": [
							0.983835756778717,
							0.1790735274553299,
							-4.97384462505579e-08,
							9.080395102500916e-09
						]
					}
				}
			}
		},
		"relationships": {
			"L-Rack": [
				[
					"AMR_LIFT01",
					"none"
				]
			]
		}
	},
	"timestamp_4": {
		"robots": {
			"ARMLIFT": {
				"AMR_LIFT01": {
					"name": "AMR_LIFT01",
					"pose": {
						"translation": [
							139.5829620361328,
							142.5686492919922,
							0.06199966371059418
						],
						"rotation": [
							-0.00936250388622284,
							-0.0037256216164678335,
							-0.9290809035301208,
							0.3697396218776703
						]
					},