{
	"timestamp_0": {
		"robots": {
			"ARMLIFT": {
				"AMR_LIFT01": {
					"name": "AMR_LIFT01",
					"pose": {
						"translation": [
							139.61949157714844,
							142.46165466308594,
							0.06200191378593445
						],
						"rotation": [
							-0.009421839378774166,
							-0.003598288632929325,
							-0.9342656135559082,
							0.35643529891967773
						]
					},
					"odometry": {
						"position": [
							0.5904606643177542,
							-7.83766969505269,
							-0.013350469540492354
						],
						"orientation": [
							-0.01981384724922005,
							0.0003808038367747011,
							-0.9340935031033417,
							0.3564780412672707
						],
						"linear": [
							-0.0017972646746784449,
							0.0,
							0.0
						],
						"angular": [
							0.0,
							0.0,
							-0.0033106987830251455
						]
					},
					"aabb": [
						123.73705465445181,
						140.73255424063376,
						-0.014613300673340181,
						124.71462109029807,
						141.66928383326356,
						0.1629411117416193
					],
					"joint_state": {
						"position": [
							-1.6333,
							4.6947,
							1.0809,
							-5.6312,
							1.059,
							-0.7152,
							0.0
						],
						"velocity": [
							0.0176,
							0.0249,
							0.2125,
							-0.1029,
							-0.0571,
							-0.0145,
							0.0
						],
						"effort": [
							0.0,
							0.0,
							0.0,
							0.0,
							0.0,
							0.0,
							0.0
						]
					},
					"lift_state": "lift_down"
				}
			}
		},
		"objects": {
			"Rack": {
				"Rack_02": {
					"name": "Rack_02",
					"pose": {
						"translation": [
							133.05699157714844,
							143.09999084472656,
							0.19921104609966278
						],
						"rotation": [
							0.983835756778717,
							0.1790735274553299,
							-4.97384462505579e-08,
							9.080395102500916e-09
						]
					}
				}
			}
		},
		"relationships": {
			"L-Rack": [
				[
					"AMR_LIFT01",
					"none"
				]
			]
		}
	},
	"timestamp_1": {
		"robots": {
			"ARMLIFT": {
				"AMR_LIFT01": {
					"name": "AMR_LIFT01",
					"pose": {
						"translation": [
							139.6195526123047,
							142.4618682861328,
							0.062001265585422516
						],
						"rotation": [
							-0.009427625685930252,
							-0.003595588495954871,
							-0.9343151450157166,
							0.3563053011894226
						]
					},
					"odometry": {
						"position": [
							0.5905094609555928,
							-7.837630631420361,
							-0.013352334109933174
						],
						"orientation": [
							-0.019820166875106376,
							0.0003820231844050194,
							-0.9341396946207556,
							0.3563566275196392
						],
						"linear": [
							0.0030600139871239662,
							0.0,
							0.0
						],
						"angular": [
							0.0,
							0.0,
							0.001190068433061242
						]
					},
					"aabb": [
						123.73691550581074,
						140.7325212277375,
						-0.014627214610728438,
						124.71458719780362,
						141.66910997371886,
						0.16294295900470931
					],
					"joint_state": {
						"position": [
							-1.6316,
							4.6947,
							1.0916,
							-5.6341,
							1.0712,
							-0.7179,
							0.0
						],
						"velocity": [
							0.0612,
							0.0558,
							-0.005,
							-0.039,
							-0.1132,
							-0.0377,
							0.0
						],
						"effort": [
							0.0,
							0.0,
							0.0,
							0.0,
							0.0,
							0.0,
							0.0
						]
					},
					"lift_state": "lift_down"
				}
			}
		},
		"objects": {
			"Rack": {
				"Rack_02": {
					"name": "Rack_02",
					"pose": {
						"translation": [
							133.05699157714844,
							143.09999084472656,
							0.19921104609966278
						],
						"rotation": [
							0.983835756778717,
							0.1790735274553299,
							-4.97384462505579e-08,
							9.080395102500916e-09
						]
					}
				}
			}
		},
		"relationships": {
			"L-Rack": [
				[
					"AMR_LIFT01",
					"none"
				]
			]
		}
	},
	"timestamp_2": {
		"robots": {
			"ARMLIFT": {
				"AMR_LIFT01": {
					"name": "AMR_LIFT01",
					"pose": {
						"translation": [
							139.61962890625,
							142.46221923828125,
							0.06200050190091133
						],
						"rotation": [
							-0.009428270161151886,
							-0.003595940535888076,
							-0.9342743158340454,
							0.35641250014305115
						]
					},
					"odometry": {
						"position": [
							0.5905875261440494,
							-7.83711304930116,
							-0.013354655217302919
						],
						"orientation": [
							-0.019820370246131917,
							0.0003828972686534106,
							-0.9341021362548431,
							0.35645505376853137
						],
						"linear": [
							-3.996042869403027e-05,
							0.0,
							0.0
						],
						"angular": [
							0.0,
							0.0,
							0.0016676849918439984
						]
					},
					"aabb": [
						123.73681111461508,
						140.73213825534006,
						-0.014637211199926328,
						124.71448983574638,
						141.6687183393291,
						0.1629444982841232
					],
					"joint_state": {
						"position": [
							-1.6314,
							4.694,
							1.1047,
							-5.6357,
							1.0763,
							-0.7169,
							0.0
						],
						"velocity": [
							0.0312,
							0.0158,
							-0.0948,
							0.0712,
							-0.0737,
							0.041,
							0.0
						],
						"effort": [
							0.0,
							0.0,
							0.0,
							0.0,
							0.0,
							0.0,
							0.0
						]
					},
					"lift_state": "lift_down"
				}
			}
		},
		"objects": {
			"Rack": {
				"Rack_02": {
					"name": "Rack_02",
					"pose": {
						"translation": [
							133.05699157714844,
							143.09999084472656,
							0.19921104609966278
						],
						"rotation": [
							0.983835756778717,
							0.1790735274553299,
							-4.97384462505579e-08,
							9.080395102500916e-09
						]
					}
				}
			}
		},
		"relationships": {
			"L-Rack": [
				[
					"AMR_LIFT01",
					"none"
				]
			]
		}
	},
	"timestamp_3": {
		"robots": {
			"ARMLIFT": {
				"AMR_LIFT01": {
					"name": "AMR_LIFT01",
					"pose": {
						"translation": [
							139.6197967529297,
							142.46202087402344,
							0.061999816447496414
						],
						"rotation": [
							-0.009433647617697716,
							-0.0035954017657786608,
							-0.9343141317367554,
							0.3563079237937927
						]
					},
					"odometry": {
						"position": [
							0.5907632578667297,
							-7.8372985886023345,
							-0.01335927890096448
						],
						"orientation": [
							-0.019826193242761924,
							0.000382272926706871,
							-0.9341418931428191,
							0.3563505288398774
						],
						"linear": [
							-0.00630595488473773,
							0.0,
							0.0
						],
						"angular": [
							0.0,
							0.0,
							-0.0022832495160400867
						]
					},
					"aabb": [
						123.73687542920567,
						140.73236506874215,
						-0.014638929271647387,
						124.71450733066591,
						141.66900961539096,
						0.1629451314772137
					],
					"joint_state": {
						"position": [
							-1.6296,
							4.6951,
							1.1034,
							-5.6357,
							1.0905,
							-0.7194,
							0.0
						],
						"velocity": [
							-0.0023,
							-0.0029,
							0.3582,
							0.0431,
							0.045,
							-0.0099,
							0.0
						],
						"effort": [
							0.0,
							0.0,
							0.0,
							0.0,
							0.0,
							0.0,
							0.0
						]
					},
					"lift_state": "lift_down"
				}
			}
		},
		"objects": {
			"Rack": {
				"Rack_02": {
					"name": "Rack_02",
					"pose": {
						"translation": [
							133.05699157714844,
							143.09999084472656,
							0.19921104609966278
						],
						"rotation": [
							0.983835756778717,
							0.1790735274553299,
							-4.97384462505579e-08,
							9.080395102500916e-09
						]
					}
				}
			}
		},
		"relationships": {
			"L-Rack": [
				[
					"AMR_LIFT01",
					"none"
				]
			]
		}
	},
	"timestamp_4": {
		"robots": {
			"ARMLIFT": {
				"AMR_LIFT01": {
					"name": "AMR_LIFT01",
					"pose": {
						"translation": [
							139.61941528320312,
							142.46189880371094,
							0.062000274658203125
						],
						"rotation": [
							-0.009433155879378319,
							-0.0035964609123766422,
							-0.9343457221984863,
							0.35622507333755493
						]
					},