{
	"timestamp_0": {
		"robots": {
			"ARMLIFT": {
				"AMR_LIFT01": {
					"name": "AMR_LIFT01",
					"pose": {
						"translation": [
							139.618408203125,
							142.43006896972656,
							0.06200141832232475
						],
						"rotation": [
							-0.009394686669111252,
							-0.003543877974152565,
							-0.935680627822876,
							0.3527055084705353
						]
					},
					"odometry": {
						"position": [
							0.5893591862290707,
							-7.869408088987169,
							-0.013322396203865591
						],
						"orientation": [
							-0.019807213126879747,
							0.0003929661245000711,
							-0.935505612404446,
							0.35275596245216617
						],
						"linear": [
							0.0034418983850628138,
							0.0,
							0.0
						],
						"angular": [
							0.0,
							0.0,
							0.0027096709236502647
						]
					},
					"aabb": [
						123.735708539559,
						140.76722293899385,
						-0.013977568399887268,
						124.71572421388609,
						141.7005461030768,
						0.16287660964705203
					],
					"joint_state": {
						"position": [
							-1.3789,
							4.8964,
							0.928,
							-5.7827,
							0.9382,
							-0.9589,
							0.0
						],
						"velocity": [
							0.06,
							0.0598,
							0.0585,
							-0.0207,
							0.0515,
							-0.0239,
							0.0
						],
						"effort": [
							0.0,
							0.0,
							0.0,
							0.0,
							0.0,
							0.0,
							0.0
						]
					},
					"lift_state": "lift_down"
				}
			}
		},
		"objects": {
			"Rack": {
				"Rack_02": {
					"name": "Rack_02",
					"pose": {
						"translation": [
							133.05699157714844,
							143.09999084472656,
							0.19921104609966278
						],
						"rotation": [
							0.983835756778717,
							0.1790735274553299,
							-4.97384462505579e-08,
							9.080395102500916e-09
						]
					}
				}
			}
		},
		"relationships": {
			"L-Rack": [
				[
					"AMR_LIFT01",
					"none"
				]
			]
		}
	},
	"timestamp_1": {
		"robots": {
			"ARMLIFT": {
				"AMR_LIFT01": {
					"name": "AMR_LIFT01",
					"pose": {
						"translation": [
							139.61849975585938,
							142.42959594726562,
							0.062001340091228485
						],
						"rotation": [
							-0.009394416585564613,
							-0.0035373149439692497,
							-0.9355921149253845,
							0.3529401123523712
						]
					},
					"odometry": {
						"position": [
							0.5894567258125918,
							-7.869730359766233,
							-0.013329492574956732
						],
						"orientation": [
							-0.01980123594217493,
							0.00040289405259738483,
							-0.9354203210455403,
							0.3529823957460246
						],
						"linear": [
							0.0062051331624388695,
							0.0,
							0.0
						],
						"angular": [
							0.0,
							0.0,
							0.003619686234742403
						]
					},
					"aabb": [
						123.73584517546597,
						140.76729135939652,
						-0.014029822453930198,
						124.71570769082679,
						141.7008277250193,
						0.16286461240153108
					],
					"joint_state": {
						"position": [
							-1.379,
							4.8955,
							0.9247,
							-5.7808,
							0.9286,
							-0.9584,
							0.0
						],
						"velocity": [
							-0.0434,
							-0.0697,
							-0.1424,
							0.0873,
							-0.1585,
							0.0597,
							0.0
						],
						"effort": [
							0.0,
							0.0,
							0.0,
							0.0,
							0.0,
							0.0,
							0.0
						]
					},
					"lift_state": "lift_down"
				}
			}
		},
		"objects": {
			"Rack": {
				"Rack_02": {
					"name": "Rack_02",
					"pose": {
						"translation": [
							133.05699157714844,
							143.09999084472656,
							0.19921104609966278
						],
						"rotation": [
							0.983835756778717,
							0.1790735274553299,
							-4.97384462505579e-08,
							9.080395102500916e-09
						]
					}
				}
			}
		},
		"relationships": {
			"L-Rack": [
				[
					"AMR_LIFT01",
					"none"
				]
			]
		}
	},
	"timestamp_2": {
		"robots": {
			"ARMLIFT": {
				"AMR_LIFT01": {
					"name": "AMR_LIFT01",
					"pose": {
						"translation": [
							139.61776733398438,
							142.43006896972656,
							0.06200344115495682
						],
						"rotation": [
							-0.009393657557666302,
							-0.003543965984135866,
							-0.9355353713035583,
							0.3530904948711395
						]
					},
					"odometry": {
						"position": [
							0.5885878412756986,
							-7.869154226609852,
							-0.013306942079591585
						],
						"orientation": [
							-0.01980329462067427,
							0.00039900241965784984,
							-0.9353853007035086,
							0.35307507636059887
						],
						"linear": [
							0.0014350184937939048,
							0.0,
							0.0
						],
						"angular": [
							0.0,
							0.0,
							0.007552486844360828
						]
					},
					"aabb": [
						123.73674021164348,
						140.7667802325241,
						-0.01401668172159147,
						124.71650471329849,
						141.70045485145675,
						0.16286874316932257
					],
					"joint_state": {
						"position": [
							-1.3776,
							4.8974,
							0.9212,
							-5.7801,
							0.924,
							-0.9619,
							0.0
						],
						"velocity": [
							0.0026,
							0.0215,
							-0.107,
							0.0626,
							-0.1411,
							0.0367,
							0.0
						],
						"effort": [
							0.0,
							0.0,
							0.0,
							0.0,
							0.0,
							0.0,
							0.0
						]
					},
					"lift_state": "lift_down"
				}
			}
		},
		"objects": {
			"Rack": {
				"Rack_02": {
					"name": "Rack_02",
					"pose": {
						"translation": [
							133.05699157714844,
							143.09999084472656,
							0.19921104609966278
						],
						"rotation": [
							0.983835756778717,
							0.1790735274553299,
							-4.97384462505579e-08,
							9.080395102500916e-09
						]
					}
				}
			}
		},
		"relationships": {
			"L-Rack": [
				[
					"AMR_LIFT01",
					"none"
				]
			]
		}
	},
	"timestamp_3": {
		"robots": {
			"ARMLIFT": {
				"AMR_LIFT01": {
					"name": "AMR_LIFT01",
					"pose": {
						"translation": [
							139.6178436279297,
							142.43040466308594,
							0.06200141832232475
						],
						"rotation": [
							-0.009390507824718952,
							-0.0035427382681518793,
							-0.9354951977729797,
							0.3531971573829651
						]
					},
					"odometry": {
						"position": [
							0.5888123128352921,
							-7.868919845415174,
							-0.013315073020828393
						],
						"orientation": [
							-0.019796240490775247,
							0.00040032973463742874,
							-0.9353234412663736,
							0.3532393081413277
						],
						"linear": [
							0.014214485883712769,
							0.0,
							0.0
						],
						"angular": [
							0.0,
							0.0,
							0.004073157906532288
						]
					},
					"aabb": [
						123.73675267961067,
						140.76627871216073,
						-0.014044390127310645,
						124.71640217398108,
						141.70011438392564,
						0.1628676244223302
					],
					"joint_state": {
						"position": [
							-1.3799,
							4.8965,
							0.9186,
							-5.7799,
							0.9302,
							-0.9573,
							0.0
						],
						"velocity": [
							-0.1269,
							-0.1333,
							-0.2055,
							0.0066,
							-0.216,
							0.0043,
							0.0
						],
						"effort": [
							0.0,
							0.0,
							0.0,
							0.0,
							0.0,
							0.0,
							0.0
						]
					},
					"lift_state": "lift_down"
				}
			}
		},
		"objects": {
			"Rack": {
				"Rack_02": {
					"name": "Rack_02",
					"pose": {
						"translation": [
							133.05699157714844,
							143.09999084472656,
							0.19921104609966278
						],
						"rotation": [
							0.983835756778717,
							0.1790735274553299,
							-4.97384462505579e-08,
							9.080395102500916e-09
						]
					}
				}
			}
		},
		"relationships": {
			"L-Rack": [
				[
					"AMR_LIFT01",
					"none"
				]
			]
		}
	},
	"timestamp_4": {
		"robots": {
			"ARMLIFT": {
				"AMR_LIFT01": {
					"name": "AMR_LIFT01",
					"pose": {
						"translation": [
							139.6180877685547,
							142.43072509765625,
							0.06200065463781357
						],
						"rotation": [
							-0.009395221248269081,
							-0.003539217635989189,
							-0.9355909824371338,
							0.35294318199157715
						]
					},