{
	"timestamp_0": {
		"robots": {
			"ARMLIFT": {
				"AMR_LIFT01": {
					"name": "AMR_LIFT01",
					"pose": {
						"translation": [
							139.59945678710938,
							142.52914428710938,
							0.06200794130563736
						],
						"rotation": [
							-0.00942712277173996,
							-0.003756714053452015,
							-0.9294167160987854,
							0.36889249086380005
						]
					},
					"odometry": {
						"position": [
							0.5704133926305661,
							-7.770190145850785,
							-0.012896421546928896
						],
						"orientation": [
							-0.019764999855400395,
							0.00036095953279892,
							-0.9292444785964362,
							0.36893619161986413
						],
						"linear": [
							0.0021042812149971724,
							0.0,
							0.0
						],
						"angular": [
							0.0,
							0.0,
							-0.0013088940177112818
						]
					},
					"aabb": [
						123.76513405572085,
						140.6555728985873,
						-0.01245877901239797,
						124.73419929628334,
						141.6030318715549,
						0.16308329901558427
					],
					"joint_state": {
						"position": [
							-2.1287,
							4.3508,
							1.229,
							-5.2249,
							1.212,
							-0.3645,
							0.0
						],
						"velocity": [
							-0.0154,
							-0.0134,
							0.0351,
							-0.0035,
							-0.0592,
							0.0321,
							0.0
						],
						"effort": [
							0.0,
							0.0,
							0.0,
							0.0,
							0.0,
							0.0,
							0.0
						]
					},
					"lift_state": "lift_down"
				}
			}
		},
		"objects": {
			"Rack": {
				"Rack_02": {
					"name": "Rack_02",
					"pose": {
						"translation": [
							133.05699157714844,
							143.09999084472656,
							0.19921104609966278
						],
						"rotation": [
							0.983835756778717,
							0.1790735274553299,
							-4.97384462505579e-08,
							9.080395102500916e-09
						]
					}
				}
			}
		},
		"relationships": {
			"L-Rack": [
				[
					"AMR_LIFT01",
					"none"
				]
			]
		}
	},
	"timestamp_1": {
		"robots": {
			"ARMLIFT": {
				"AMR_LIFT01": {
					"name": "AMR_LIFT01",
					"pose": {
						"translation": [
							139.5995635986328,
							142.52911376953125,
							0.06200244650244713
						],
						"rotation": [
							-0.009435118176043034,
							-0.003736520651727915,
							-0.9294820427894592,
							0.3687279224395752
						]
					},
					"odometry": {
						"position": [
							0.5705206680540089,
							-7.770219447844922,
							-0.012904265460826542
						],
						"orientation": [
							-0.01977372229757237,
							0.000379320494173983,
							-0.9293097365952901,
							0.3687712970008019
						],
						"linear": [
							-4.8779609642224386e-05,
							0.0,
							0.0
						],
						"angular": [
							0.0,
							0.0,
							0.0009406980825588107
						]
					},
					"aabb": [
						123.76503985472776,
						140.65551183443338,
						-0.012599109131684539,
						124.73419613046664,
						141.6028633855863,
						0.163080795895475
					],
					"joint_state": {
						"position": [
							-2.1272,
							4.3515,
							1.2354,
							-5.2339,
							1.2195,
							-0.3721,
							0.0
						],
						"velocity": [
							0.016,
							0.0161,
							-0.0253,
							-0.0145,
							-0.0531,
							0.0008,
							0.0
						],
						"effort": [
							0.0,
							0.0,
							0.0,
							0.0,
							0.0,
							0.0,
							0.0
						]
					},
					"lift_state": "lift_down"
				}
			}
		},
		"objects": {
			"Rack": {
				"Rack_02": {
					"name": "Rack_02",
					"pose": {
						"translation": [
							133.05699157714844,
							143.09999084472656,
							0.19921104609966278
						],
						"rotation": [
							0.983835756778717,
							0.1790735274553299,
							-4.97384462505579e-08,
							9.080395102500916e-09
						]
					}
				}
			}
		},
		"relationships": {
			"L-Rack": [
				[
					"AMR_LIFT01",
					"none"
				]
			]
		}
	},
	"timestamp_2": {
		"robots": {
			"ARMLIFT": {
				"AMR_LIFT01": {
					"name": "AMR_LIFT01",
					"pose": {
						"translation": [
							139.59954833984375,
							142.52915954589844,
							0.062002141028642654
						],
						"rotation": [
							-0.009437399916350842,
							-0.003734027035534382,
							-0.9295449256896973,
							0.3685692548751831
						]
					},
					"odometry": {
						"position": [
							0.5705108944932633,
							-7.770160855143303,
							-0.012904373440895877
						],
						"orientation": [
							-0.019776707536007666,
							0.0003800491475621832,
							-0.9293725968691849,
							0.3686126877771686
						],
						"linear": [
							0.004374978598207235,
							0.0,
							0.0
						],
						"angular": [
							0.0,
							0.0,
							-0.006816104054450989
						]
					},
					"aabb": [
						123.76481993858297,
						140.655786284113,
						-0.012543791906327045,
						124.73411883055762,
						141.60297162110052,
						0.16308745872562658
					],
					"joint_state": {
						"position": [
							-2.127,
							4.3514,
							1.2274,
							-5.2293,
							1.2277,
							-0.3814,
							0.0
						],
						"velocity": [
							-0.0182,
							-0.0168,
							0.0752,
							-0.165,
							0.0576,
							-0.0558,
							0.0
						],
						"effort": [
							0.0,
							0.0,
							0.0,
							0.0,
							0.0,
							0.0,
							0.0
						]
					},
					"lift_state": "lift_down"
				}
			}
		},
		"objects": {
			"Rack": {
				"Rack_02": {
					"name": "Rack_02",
					"pose": {
						"translation": [
							133.05699157714844,
							143.09999084472656,
							0.19921104609966278
						],
						"rotation": [
							0.983835756778717,
							0.1790735274553299,
							-4.97384462505579e-08,
							9.080395102500916e-09
						]
					}
				}
			}
		},
		"relationships": {
			"L-Rack": [
				[
					"AMR_LIFT01",
					"none"
				]
			]
		}
	},
	"timestamp_3": {
		"robots": {
			"ARMLIFT": {
				"AMR_LIFT01": {
					"name": "AMR_LIFT01",
					"pose": {
						"translation": [
							139.59994506835938,
							142.5287628173828,
							0.062002334743738174
						],
						"rotation": [
							-0.009438568726181984,
							-0.0037469181697815657,
							-0.9296903014183044,
							0.3682025074958801
						]
					},
					"odometry": {
						"position": [
							0.5709014408637639,
							-7.770580757450054,
							-0.01291325453708336
						],
						"orientation": [
							-0.019782724035307123,
							0.00037849233123817856,
							-0.9295172115813972,
							0.36824754438725327
						],
						"linear": [
							0.00335116358473897,
							0.0,
							0.0
						],
						"angular": [
							0.0,
							0.0,
							-0.0014017631765455008
						]
					},
					"aabb": [
						123.76409058355284,
						140.65664473377035,
						-0.012680745274117562,
						124.73365900262193,
						141.60351241589632,
						0.16308127199373768
					],
					"joint_state": {
						"position": [
							-2.1273,
							4.3522,
							1.2391,
							-5.243,
							1.2425,
							-0.3961,
							0.0
						],
						"velocity": [
							0.0185,
							0.0015,
							0.2413,
							-0.2057,
							0.2526,
							-0.2054,
							0.0
						],
						"effort": [
							0.0,
							0.0,
							0.0,
							0.0,
							0.0,
							0.0,
							0.0
						]
					},
					"lift_state": "lift_down"
				}
			}
		},
		"objects": {
			"Rack": {
				"Rack_02": {
					"name": "Rack_02",
					"pose": {
						"translation": [
							133.05699157714844,
							143.09999084472656,
							0.19921104609966278
						],
						"rotation": [
							0.983835756778717,
							0.1790735274553299,
							-4.97384462505579e-08,
							9.080395102500916e-09
						]
					}
				}
			}
		},
		"relationships": {
			"L-Rack": [
				[
					"AMR_LIFT01",
					"none"
				]
			]
		}
	},
	"timestamp_4": {
		"robots": {
			"ARMLIFT": {
				"AMR_LIFT01": {
					"name": "AMR_LIFT01",
					"pose": {
						"translation": [
							139.6000213623047,
							142.5286102294922,
							0.06201431155204773
						],
						"rotation": [
							-0.009456529282033443,
							-0.003741905326023698,
							-0.9297682642936707,
							0.36800500750541687
						]
					},