{
	"timestamp_0": {
		"robots": {
			"ARMLIFT": {
				"AMR_LIFT01": {
					"name": "AMR_LIFT01",
					"pose": {
						"translation": [
							139.62066650390625,
							142.44752502441406,
							0.06199970096349716
						],
						"rotation": [
							-0.009417160414159298,
							-0.0035772130358964205,
							-0.9347941279411316,
							0.35504716634750366
						]
					},
					"odometry": {
						"position": [
							0.591623179316309,
							-7.85180052494445,
							-0.01337890014022314
						],
						"orientation": [
							-0.01981507272236426,
							0.0003864372431407741,
							-0.9346220348981569,
							0.3550899399336643
						],
						"linear": [
							-0.008118994534015656,
							0.0,
							0.0
						],
						"angular": [
							0.0,
							0.0,
							-0.0001574511843500659
						]
					},
					"aabb": [
						123.73507295415374,
						140.74771353363042,
						-0.014787091724056631,
						124.71353962647892,
						141.6832092949786,
						0.16290902145112107
					],
					"joint_state": {
						"position": [
							-1.5176,
							4.82,
							1.031,
							-5.7203,
							1.0619,
							-0.8274,
							0.0
						],
						"velocity": [
							-0.0035,
							-0.0037,
							0.0432,
							-0.0086,
							0.0503,
							0.0022,
							0.0
						],
						"effort": [
							0.0,
							0.0,
							0.0,
							0.0,
							0.0,
							0.0,
							0.0
						]
					},
					"lift_state": "lift_down"
				}
			}
		},
		"objects": {
			"Rack": {
				"Rack_02": {
					"name": "Rack_02",
					"pose": {
						"translation": [
							133.05699157714844,
							143.09999084472656,
							0.19921104609966278
						],
						"rotation": [
							0.983835756778717,
							0.1790735274553299,
							-4.97384462505579e-08,
							9.080395102500916e-09
						]
					}
				}
			}
		},
		"relationships": {
			"L-Rack": [
				[
					"AMR_LIFT01",
					"none"
				]
			]
		}
	},
	"timestamp_1": {
		"robots": {
			"ARMLIFT": {
				"AMR_LIFT01": {
					"name": "AMR_LIFT01",
					"pose": {
						"translation": [
							139.6208038330078,
							142.44728088378906,
							0.06200031191110611
						],
						"rotation": [
							-0.009413082152605057,
							-0.0035786156076937914,
							-0.9347130656242371,
							0.3552609980106354
						]
					},
					"odometry": {
						"position": [
							0.5917794409733543,
							-7.852132545631869,
							-0.013380907622180386
						],
						"orientation": [
							-0.019809636283989372,
							0.0003891254892603301,
							-0.9345120501406331,
							0.3553795928772511
						],
						"linear": [
							0.0013951410073786974,
							0.0,
							0.0
						],
						"angular": [
							0.0,
							0.0,
							-0.0028274450451135635
						]
					},
					"aabb": [
						123.73508493577258,
						140.74770581436843,
						-0.014803278765933497,
						124.71336488575504,
						141.6834565515007,
						0.16290685997620524
					],
					"joint_state": {
						"position": [
							-1.5166,
							4.8196,
							1.0198,
							-5.7192,
							1.0506,
							-0.8208,
							0.0
						],
						"velocity": [
							0.0158,
							0.0274,
							0.1729,
							-0.1106,
							0.1596,
							-0.0843,
							0.0
						],
						"effort": [
							0.0,
							0.0,
							0.0,
							0.0,
							0.0,
							0.0,
							0.0
						]
					},
					"lift_state": "lift_down"
				}
			}
		},
		"objects": {
			"Rack": {
				"Rack_02": {
					"name": "Rack_02",
					"pose": {
						"translation": [
							133.05699157714844,
							143.09999084472656,
							0.19921104609966278
						],
						"rotation": [
							0.983835756778717,
							0.1790735274553299,
							-4.97384462505579e-08,
							9.080395102500916e-09
						]
					}
				}
			}
		},
		"relationships": {
			"L-Rack": [
				[
					"AMR_LIFT01",
					"none"
				]
			]
		}
	},
	"timestamp_2": {
		"robots": {
			"ARMLIFT": {
				"AMR_LIFT01": {
					"name": "AMR_LIFT01",
					"pose": {
						"translation": [
							139.620849609375,
							142.44735717773438,
							0.06200077012181282
						],
						"rotation": [
							-0.009424724616110325,
							-0.003583041485399008,
							-0.9347413778305054,
							0.35518601536750793
						]
					},
					"odometry": {
						"position": [
							0.5918087128824443,
							-7.851976294610087,
							-0.013381982276561257
						],
						"orientation": [
							-0.01982204126972106,
							0.0003821526972534666,
							-0.9345691945043721,
							0.3552286043137102
						],
						"linear": [
							0.00015927318600006402,
							0.0,
							0.0
						],
						"angular": [
							0.0,
							0.0,
							-0.00019635471107903868
						]
					},
					"aabb": [
						123.73504153127989,
						140.7479616771321,
						-0.014773777898161602,
						124.71352084599333,
						141.6834417662928,
						0.162911251173666
					],
					"joint_state": {
						"position": [
							-1.5156,
							4.8187,
							1.0532,
							-5.7325,
							1.0698,
							-0.8309,
							0.0
						],
						"velocity": [
							0.0,
							-0.0003,
							0.0127,
							-0.0161,
							0.0016,
							0.0,
							0.0
						],
						"effort": [
							0.0,
							0.0,
							0.0,
							0.0,
							0.0,
							0.0,
							0.0
						]
					},
					"lift_state": "lift_down"
				}
			}
		},
		"objects": {
			"Rack": {
				"Rack_02": {
					"name": "Rack_02",
					"pose": {
						"translation": [
							133.05699157714844,
							143.09999084472656,
							0.19921104609966278
						],
						"rotation": [
							0.983835756778717,
							0.1790735274553299,
							-4.97384462505579e-08,
							9.080395102500916e-09
						]
					}
				}
			}
		},
		"relationships": {
			"L-Rack": [
				[
					"AMR_LIFT01",
					"none"
				]
			]
		}
	},
	"timestamp_3": {
		"robots": {
			"ARMLIFT": {
				"AMR_LIFT01": {
					"name": "AMR_LIFT01",
					"pose": {
						"translation": [
							139.6205291748047,
							142.44737243652344,
							0.062001150101423264
						],
						"rotation": [
							-0.009420688264071941,
							-0.0035811057314276695,
							-0.9346756935119629,
							0.3553589880466461
						]
					},
					"odometry": {
						"position": [
							0.5914279103271882,
							-7.851927489716545,
							-0.013375075034797025
						],
						"orientation": [
							-0.01981511328158364,
							0.00038649433025988306,
							-0.9344892735634115,
							0.3554391783451825
						],
						"linear": [
							0.0007659761467948556,
							0.0,
							0.0
						],
						"angular": [
							0.0,
							0.0,
							-0.0011465131537988782
						]
					},
					"aabb": [
						123.73544798685283,
						140.74759347723838,
						-0.014766441003914409,
						124.71368560216095,
						141.68340597426538,
						0.1629100411948819
					],
					"joint_state": {
						"position": [
							-1.5135,
							4.8195,
							1.0404,
							-5.7338,
							1.0616,
							-0.8379,
							0.0
						],
						"velocity": [
							0.0121,
							0.0202,
							-0.0345,
							0.0141,
							0.0165,
							-0.0006,
							0.0
						],
						"effort": [
							0.0,
							0.0,
							0.0,
							0.0,
							0.0,
							0.0,
							0.0
						]
					},
					"lift_state": "lift_down"
				}
			}
		},
		"objects": {
			"Rack": {
				"Rack_02": {
					"name": "Rack_02",
					"pose": {
						"translation": [
							133.05699157714844,
							143.09999084472656,
							0.19921104609966278
						],
						"rotation": [
							0.983835756778717,
							0.1790735274553299,
							-4.97384462505579e-08,
							9.080395102500916e-09
						]
					}
				}
			}
		},
		"relationships": {
			"L-Rack": [
				[
					"AMR_LIFT01",
					"none"
				]
			]
		}
	},
	"timestamp_4": {
		"robots": {
			"ARMLIFT": {
				"AMR_LIFT01": {
					"name": "AMR_LIFT01",
					"pose": {
						"translation": [
							139.6205596923828,
							142.44747924804688,
							0.06200046464800835
						],
						"rotation": [
							-0.0094175199046731,
							-0.0035791434347629547,
							-0.9346591830253601,
							0.35540249943733215
						]
					},