{
	"timestamp_0": {
		"robots": {
			"ARMLIFT": {
				"AMR_LIFT01": {
					"name": "AMR_LIFT01",
					"pose": {
						"translation": [
							139.5774688720703,
							142.5807342529297,
							0.06199970096349716
						],
						"rotation": [
							-0.00924564991146326,
							-0.0037144962698221207,
							-0.9279069900512695,
							0.3726787269115448
						]
					},
					"odometry": {
						"position": [
							0.548433524210073,
							-7.71858966498467,
							-0.012413959456225084
						],
						"orientation": [
							-0.019566685271985115,
							0.00044529603304171663,
							-0.927736806598438,
							0.37272156393404765
						],
						"linear": [
							-0.0037987164687365294,
							0.0,
							0.0
						],
						"angular": [
							0.0,
							0.0,
							0.0008265606011264026
						]
					},
					"aabb": [
						123.78966587013284,
						140.60120225834473,
						-0.012408562055949712,
						124.75597144157604,
						141.55176417426213,
						0.16311903241009634
					],
					"joint_state": {
						"position": [
							-2.4206,
							4.1299,
							0.672,
							-4.7239,
							0.7446,
							0.1435,
							0.0
						],
						"velocity": [
							0.0311,
							0.032,
							0.0357,
							0.0128,
							-0.0047,
							-0.0255,
							0.0
						],
						"effort": [
							0.0,
							0.0,
							0.0,
							0.0,
							0.0,
							0.0,
							0.0
						]
					},
					"lift_state": "lift_down"
				}
			}
		},
		"objects": {
			"Rack": {
				"Rack_02": {
					"name": "Rack_02",
					"pose": {
						"translation": [
							133.05699157714844,
							143.09999084472656,
							0.19921104609966278
						],
						"rotation": [
							0.983835756778717,
							0.1790735274553299,
							-4.97384462505579e-08,
							9.080395102500916e-09
						]
					}
				}
			}
		},
		"relationships": {
			"L-Rack": [
				[
					"AMR_LIFT01",
					"none"
				]
			]
		}
	},
	"timestamp_1": {
		"robots": {
			"ARMLIFT": {
				"AMR_LIFT01": {
					"name": "AMR_LIFT01",
					"pose": {
						"translation": [
							139.5778045654297,
							142.5802459716797,
							0.06200267747044563
						],
						"rotation": [
							-0.009249778464436531,
							-0.0037052775733172894,
							-0.9279504418373108,
							0.3725706934928894
						]
					},
					"odometry": {
						"position": [
							0.5486973299429077,
							-7.719029089355338,
							-0.01241192948923756
						],
						"orientation": [
							-0.01957962669303035,
							0.0004609220204957671,
							-0.9277818057486386,
							0.37260883871863265
						],
						"linear": [
							-1.0941890650428832e-05,
							0.0,
							0.0
						],
						"angular": [
							0.0,
							0.0,
							-9.270853479392827e-05
						]
					},
					"aabb": [
						123.78949762228996,
						140.60154074616062,
						-0.012409816907021082,
						124.75587005483848,
						141.55202941258887,
						0.1631376922160631
					],
					"joint_state": {
						"position": [
							-2.4202,
							4.1301,
							0.6657,
							-4.7254,
							0.7434,
							0.1408,
							0.0
						],
						"velocity": [
							0.007,
							0.0072,
							-0.0401,
							0.006,
							-0.003,
							-0.0055,
							0.0
						],
						"effort": [
							0.0,
							0.0,
							0.0,
							0.0,
							0.0,
							0.0,
							0.0
						]
					},
					"lift_state": "lift_down"
				}
			}
		},
		"objects": {
			"Rack": {
				"Rack_02": {
					"name": "Rack_02",
					"pose": {
						"translation": [
							133.05699157714844,
							143.09999084472656,
							0.19921104609966278
						],
						"rotation": [
							0.983835756778717,
							0.1790735274553299,
							-4.97384462505579e-08,
							9.080395102500916e-09
						]
					}
				}
			}
		},
		"relationships": {
			"L-Rack": [
				[
					"AMR_LIFT01",
					"none"
				]
			]
		}
	},
	"timestamp_2": {
		"robots": {
			"ARMLIFT": {
				"AMR_LIFT01": {
					"name": "AMR_LIFT01",
					"pose": {
						"translation": [
							139.57850646972656,
							142.5789337158203,
							0.062010496854782104
						],
						"rotation": [
							-0.009258066304028034,
							-0.003708737436681986,
							-0.9279381036758423,
							0.37260106205940247
						]
					},
					"odometry": {
						"position": [
							0.5494785223526025,
							-7.72039623237685,
							-0.01242647292179808
						],
						"orientation": [
							-0.01957944641547068,
							0.00045018996982424997,
							-0.9277677878881593,
							0.37264376335069194
						],
						"linear": [
							-0.002510248916223645,
							0.0,
							0.0
						],
						"angular": [
							0.0,
							0.0,
							-0.0036092386581003666
						]
					},
					"aabb": [
						123.78862944619772,
						140.60299543631427,
						-0.012411197471522637,
						124.75501064937342,
						141.5534741727073,
						0.16312411143768682
					],
					"joint_state": {
						"position": [
							-2.4194,
							4.1319,
							0.6653,
							-4.7231,
							0.7513,
							0.1367,
							0.0
						],
						"velocity": [
							0.0105,
							0.0025,
							0.0616,
							-0.0201,
							-0.0323,
							0.024,
							0.0
						],
						"effort": [
							0.0,
							0.0,
							0.0,
							0.0,
							0.0,
							0.0,
							0.0
						]
					},
					"lift_state": "lift_down"
				}
			}
		},
		"objects": {
			"Rack": {
				"Rack_02": {
					"name": "Rack_02",
					"pose": {
						"translation": [
							133.05699157714844,
							143.09999084472656,
							0.19921104609966278
						],
						"rotation": [
							0.983835756778717,
							0.1790735274553299,
							-4.97384462505579e-08,
							9.080395102500916e-09
						]
					}
				}
			}
		},
		"relationships": {
			"L-Rack": [
				[
					"AMR_LIFT01",
					"none"
				]
			]
		}
	},
	"timestamp_3": {
		"robots": {
			"ARMLIFT": {
				"AMR_LIFT01": {
					"name": "AMR_LIFT01",
					"pose": {
						"translation": [
							139.57843017578125,
							142.57916259765625,
							0.062005117535591125
						],
						"rotation": [
							-0.009258944541215897,
							-0.003700354602187872,
							-0.9281850457191467,
							0.37198540568351746
						]
					},
					"odometry": {
						"position": [
							0.5493905220778219,
							-7.720171637836467,
							-0.012429884308954961
						],
						"orientation": [
							-0.01958308406470614,
							0.0004517241767079295,
							-0.9280147294826737,
							0.37202817181899395
						],
						"linear": [
							0.0034235056955367327,
							0.0,
							0.0
						],
						"angular": [
							0.0,
							0.0,
							-0.0026064126286655664
						]
					},
					"aabb": [
						123.78814236094662,
						140.60329207199246,
						-0.012423890651558125,
						124.75492426334104,
						141.5533182484049,
						0.1631175627544288
					],
					"joint_state": {
						"position": [
							-2.4197,
							4.1331,
							0.6805,
							-4.7257,
							0.7673,
							0.1368,
							0.0
						],
						"velocity": [
							-0.0414,
							-0.0277,
							0.0758,
							-0.0226,
							0.2526,
							-0.0366,
							0.0
						],
						"effort": [
							0.0,
							0.0,
							0.0,
							0.0,
							0.0,
							0.0,
							0.0
						]
					},
					"lift_state": "lift_down"
				}
			}
		},
		"objects": {
			"Rack": {
				"Rack_02": {
					"name": "Rack_02",
					"pose": {
						"translation": [
							133.05699157714844,
							143.09999084472656,
							0.19921104609966278
						],
						"rotation": [
							0.983835756778717,
							0.1790735274553299,
							-4.97384462505579e-08,
							9.080395102500916e-09
						]
					}
				}
			}
		},
		"relationships": {
			"L-Rack": [
				[
					"AMR_LIFT01",
					"none"
				]
			]
		}
	},
	"timestamp_4": {
		"robots": {
			"ARMLIFT": {
				"AMR_LIFT01": {
					"name": "AMR_LIFT01",
					"pose": {
						"translation": [
							139.57823181152344,
							142.57940673828125,
							0.06200454756617546
						],
						"rotation": [
							-0.009253046475350857,
							-0.0037177547346800566,
							-0.9282532930374146,
							0.37181511521339417
						]
					},