{
	"timestamp_0": {
		"robots": {
			"ARMLIFT": {
				"AMR_LIFT01": {
					"name": "AMR_LIFT01",
					"pose": {
						"translation": [
							139.62139892578125,
							142.44985961914062,
							0.06200031191110611
						],
						"rotation": [
							-0.00939907692372799,
							-0.0035839779302477837,
							-0.9343031644821167,
							0.3563377559185028
						]
					},
					"odometry": {
						"position": [
							0.5923553107606554,
							-7.849466495855305,
							-0.01339452770966009
						],
						"orientation": [
							-0.019791504774856427,
							0.0003940290045133074,
							-0.9341312621472593,
							0.3563803111271144
						],
						"linear": [
							-0.0013229517498984933,
							0.0,
							0.0
						],
						"angular": [
							0.0,
							0.0,
							-9.305192361352965e-05
						]
					},
					"aabb": [
						123.73481936850669,
						140.74461146708842,
						-0.014802950388616098,
						124.71242467541231,
						141.68127721781104,
						0.16290626372671355
					],
					"joint_state": {
						"position": [
							-1.553,
							4.7824,
							0.9881,
							-5.6998,
							0.9933,
							-0.8186,
							0.0
						],
						"velocity": [
							-0.0006,
							0.002,
							-0.0149,
							0.0146,
							-0.0372,
							0.0017,
							0.0
						],
						"effort": [
							0.0,
							0.0,
							0.0,
							0.0,
							0.0,
							0.0,
							0.0
						]
					},
					"lift_state": "lift_down"
				}
			}
		},
		"objects": {
			"Rack": {
				"Rack_02": {
					"name": "Rack_02",
					"pose": {
						"translation": [
							133.05699157714844,
							143.09999084472656,
							0.19921104609966278
						],
						"rotation": [
							0.983835756778717,
							0.1790735274553299,
							-4.97384462505579e-08,
							9.080395102500916e-09
						]
					}
				}
			}
		},
		"relationships": {
			"L-Rack": [
				[
					"AMR_LIFT01",
					"none"
				]
			]
		}
	},
	"timestamp_1": {
		"robots": {
			"ARMLIFT": {
				"AMR_LIFT01": {
					"name": "AMR_LIFT01",
					"pose": {
						"translation": [
							139.62158203125,
							142.44976806640625,
							0.061999816447496414
						],
						"rotation": [
							-0.009399503469467163,
							-0.0035835413727909327,
							-0.9343774914741516,
							0.3561428189277649
						]
					},
					"odometry": {
						"position": [
							0.5925408058633498,
							-7.84956414341431,
							-0.013399151193173194
						],
						"orientation": [
							-0.019792760411285373,
							0.0003922969497732784,
							-0.934205585412887,
							0.3561853687643137
						],
						"linear": [
							-0.00045999480062164366,
							0.0,
							0.0
						],
						"angular": [
							0.0,
							0.0,
							0.000807296484708786
						]
					},
					"aabb": [
						123.73485694511717,
						140.74474349197567,
						-0.014800589715533836,
						124.71260749535628,
						141.6812135475566,
						0.16290822598647195
					],
					"joint_state": {
						"position": [
							-1.5515,
							4.7825,
							1.0025,
							-5.6973,
							0.9909,
							-0.818,
							0.0
						],
						"velocity": [
							-0.0014,
							-0.0001,
							0.0226,
							0.0005,
							0.0177,
							-0.0007,
							0.0
						],
						"effort": [
							0.0,
							0.0,
							0.0,
							0.0,
							0.0,
							0.0,
							0.0
						]
					},
					"lift_state": "lift_down"
				}
			}
		},
		"objects": {
			"Rack": {
				"Rack_02": {
					"name": "Rack_02",
					"pose": {
						"translation": [
							133.05699157714844,
							143.09999084472656,
							0.19921104609966278
						],
						"rotation": [
							0.983835756778717,
							0.1790735274553299,
							-4.97384462505579e-08,
							9.080395102500916e-09
						]
					}
				}
			}
		},
		"relationships": {
			"L-Rack": [
				[
					"AMR_LIFT01",
					"none"
				]
			]
		}
	},
	"timestamp_2": {
		"robots": {
			"ARMLIFT": {
				"AMR_LIFT01": {
					"name": "AMR_LIFT01",
					"pose": {
						"translation": [
							139.62155151367188,
							142.44973754882812,
							0.06200015917420387
						],
						"rotation": [
							-0.009406618773937225,
							-0.003584824036806822,
							-0.9343984723091125,
							0.35608768463134766
						]
					},
					"odometry": {
						"position": [
							0.5925115246074005,
							-7.8495934412979125,
							-0.0133981934661502
						],
						"orientation": [
							-0.019800105699495356,
							0.00039040059344048865,
							-0.9342264860091982,
							0.35613013947231564
						],
						"linear": [
							0.0012558363378047943,
							0.0,
							0.0
						],
						"angular": [
							0.0,
							0.0,
							-0.001065811375156045
						]
					},
					"aabb": [
						123.7349934851103,
						140.74444219157186,
						-0.014798097628138879,
						124.71279565195819,
						141.68084363841183,
						0.16290938762869245
					],
					"joint_state": {
						"position": [
							-1.551,
							4.7837,
							1.0205,
							-5.7072,
							1.01,
							-0.8263,
							0.0
						],
						"velocity": [
							0.0007,
							0.0004,
							0.0258,
							-0.0243,
							0.0381,
							-0.0129,
							0.0
						],
						"effort": [
							0.0,
							0.0,
							0.0,
							0.0,
							0.0,
							0.0,
							0.0
						]
					},
					"lift_state": "lift_down"
				}
			}
		},
		"objects": {
			"Rack": {
				"Rack_02": {
					"name": "Rack_02",
					"pose": {
						"translation": [
							133.05699157714844,
							143.09999084472656,
							0.19921104609966278
						],
						"rotation": [
							0.983835756778717,
							0.1790735274553299,
							-4.97384462505579e-08,
							9.080395102500916e-09
						]
					}
				}
			}
		},
		"relationships": {
			"L-Rack": [
				[
					"AMR_LIFT01",
					"none"
				]
			]
		}
	},
	"timestamp_3": {
		"robots": {
			"ARMLIFT": {
				"AMR_LIFT01": {
					"name": "AMR_LIFT01",
					"pose": {
						"translation": [
							139.6212615966797,
							142.44992065429688,
							0.06200031191110611
						],
						"rotation": [
							-0.009408703073859215,
							-0.0035849111154675484,
							-0.9344297051429749,
							0.35600554943084717
						]
					},
					"odometry": {
						"position": [
							0.5922186224234004,
							-7.849407909283963,
							-0.013391500285749472
						],
						"orientation": [
							-0.019802541359994708,
							0.00038940016064940093,
							-0.9342576957762936,
							0.35604812259857693
						],
						"linear": [
							0.0022850502282381058,
							0.0,
							0.0
						],
						"angular": [
							0.0,
							0.0,
							-8.851812162902206e-05
						]
					},
					"aabb": [
						123.73509844986687,
						140.7444265486929,
						-0.014790529979699258,
						124.71295471597521,
						141.68075655986274,
						0.16291301417245319
					],
					"joint_state": {
						"position": [
							-1.5518,
							4.7847,
							1.0232,
							-5.7113,
							1.0152,
							-0.8301,
							0.0
						],
						"velocity": [
							-0.071,
							-0.0703,
							-0.0159,
							-0.2187,
							-0.033,
							-0.2179,
							0.0
						],
						"effort": [
							0.0,
							0.0,
							0.0,
							0.0,
							0.0,
							0.0,
							0.0
						]
					},
					"lift_state": "lift_down"
				}
			}
		},
		"objects": {
			"Rack": {
				"Rack_02": {
					"name": "Rack_02",
					"pose": {
						"translation": [
							133.05699157714844,
							143.09999084472656,
							0.19921104609966278
						],
						"rotation": [
							0.983835756778717,
							0.1790735274553299,
							-4.97384462505579e-08,
							9.080395102500916e-09
						]
					}
				}
			}
		},
		"relationships": {
			"L-Rack": [
				[
					"AMR_LIFT01",
					"none"
				]
			]
		}
	},
	"timestamp_4": {
		"robots": {
			"ARMLIFT": {
				"AMR_LIFT01": {
					"name": "AMR_LIFT01",
					"pose": {
						"translation": [
							139.621337890625,
							142.44979858398438,
							0.06200031191110611
						],
						"rotation": [
							-0.00940695684403181,
							-0.003580997698009014,
							-0.9345427751541138,
							0.3557088077068329
						]
					},