{
	"timestamp_0": {
		"robots": {
			"ARMLIFT": {
				"AMR_LIFT01": {
					"name": "AMR_LIFT01",
					"pose": {
						"translation": [
							139.61582946777344,
							142.4744415283203,
							0.06200309470295906
						],
						"rotation": [
							-0.009412621147930622,
							-0.0036279018968343735,
							-0.9331192970275879,
							0.35942554473876953
						]
					},
					"odometry": {
						"position": [
							0.5867988170575308,
							-7.82488665882603,
							-0.01326743874329655
						],
						"orientation": [
							-0.019791832189786772,
							0.0003844556780698022,
							-0.932947251387274,
							0.359468443262178
						],
						"linear": [
							0.0027744686231017113,
							0.0,
							0.0
						],
						"angular": [
							0.0,
							0.0,
							0.0051324693486094475
						]
					},
					"aabb": [
						123.74274181388,
						140.71740775543103,
						-0.01494564807169554,
						124.71833896970102,
						141.65675809014786,
						0.1629627286168578
					],
					"joint_state": {
						"position": [
							-1.7434,
							4.6325,
							1.059,
							-5.4891,
							1.0833,
							-0.655,
							0.0
						],
						"velocity": [
							-0.0433,
							-0.0121,
							-0.0632,
							0.0626,
							-0.1249,
							0.0483,
							0.0
						],
						"effort": [
							0.0,
							0.0,
							0.0,
							0.0,
							0.0,
							0.0,
							0.0
						]
					},
					"lift_state": "lift_down"
				}
			}
		},
		"objects": {
			"Rack": {
				"Rack_02": {
					"name": "Rack_02",
					"pose": {
						"translation": [
							133.05699157714844,
							143.09999084472656,
							0.19921104609966278
						],
						"rotation": [
							0.983835756778717,
							0.1790735274553299,
							-4.97384462505579e-08,
							9.080395102500916e-09
						]
					}
				}
			}
		},
		"relationships": {
			"L-Rack": [
				[
					"AMR_LIFT01",
					"none"
				]
			]
		}
	},
	"timestamp_1": {
		"robots": {
			"ARMLIFT": {
				"AMR_LIFT01": {
					"name": "AMR_LIFT01",
					"pose": {
						"translation": [
							139.61557006835938,
							142.47479248046875,
							0.06199962645769119
						],
						"rotation": [
							-0.009407996200025082,
							-0.0036223274655640125,
							-0.9331207871437073,
							0.35942208766937256
						]
					},
					"odometry": {
						"position": [
							0.5865351152607666,
							-7.8245351164444275,
							-0.01326500965485242
						],
						"orientation": [
							-0.01978721801572621,
							0.0003899906979601071,
							-0.9329487985536092,
							0.35946467585540437
						],
						"linear": [
							-0.00217537977732718,
							0.0,
							0.0
						],
						"angular": [
							0.0,
							0.0,
							-0.0003269691369496286
						]
					},
					"aabb": [
						123.74289194218142,
						140.71707183559988,
						-0.014940854933270065,
						124.71848501260207,
						141.65642655186224,
						0.16296175145707295
					],
					"joint_state": {
						"position": [
							-1.7423,
							4.6338,
							1.0542,
							-5.4867,
							1.0752,
							-0.6503,
							0.0
						],
						"velocity": [
							0.0124,
							0.0152,
							-0.0466,
							0.026,
							-0.0543,
							0.0343,
							0.0
						],
						"effort": [
							0.0,
							0.0,
							0.0,
							0.0,
							0.0,
							0.0,
							0.0
						]
					},
					"lift_state": "lift_down"
				}
			}
		},
		"objects": {
			"Rack": {
				"Rack_02": {
					"name": "Rack_02",
					"pose": {
						"translation": [
							133.05699157714844,
							143.09999084472656,
							0.19921104609966278
						],
						"rotation": [
							0.983835756778717,
							0.1790735274553299,
							-4.97384462505579e-08,
							9.080395102500916e-09
						]
					}
				}
			}
		},
		"relationships": {
			"L-Rack": [
				[
					"AMR_LIFT01",
					"none"
				]
			]
		}
	},
	"timestamp_2": {
		"robots": {
			"ARMLIFT": {
				"AMR_LIFT01": {
					"name": "AMR_LIFT01",
					"pose": {
						"translation": [
							139.61602783203125,
							142.47413635253906,
							0.06200527027249336
						],
						"rotation": [
							-0.00940618384629488,
							-0.003628551959991455,
							-0.9331985712051392,
							0.35921987891197205
						]
					},
					"odometry": {
						"position": [
							0.5869843817265077,
							-7.825189379700116,
							-0.013269426680164377
						],
						"orientation": [
							-0.01978627903727985,
							0.0003815180329919837,
							-0.9330265971402542,
							0.3592627543104456
						],
						"linear": [
							-0.005922926589846611,
							0.0,
							0.0
						],
						"angular": [
							0.0,
							0.0,
							-0.0008646347559988499
						]
					},
					"aabb": [
						123.74242627035093,
						140.7177610439102,
						-0.014937658600856319,
						124.71816035545403,
						141.65693160919747,
						0.16296209238456444
					],
					"joint_state": {
						"position": [
							-1.7409,
							4.6347,
							1.0347,
							-5.4818,
							1.0652,
							-0.6486,
							0.0
						],
						"velocity": [
							0.0229,
							0.0232,
							-0.072,
							-0.0184,
							-0.0599,
							-0.004,
							0.0
						],
						"effort": [
							0.0,
							0.0,
							0.0,
							0.0,
							0.0,
							0.0,
							0.0
						]
					},
					"lift_state": "lift_down"
				}
			}
		},
		"objects": {
			"Rack": {
				"Rack_02": {
					"name": "Rack_02",
					"pose": {
						"translation": [
							133.05699157714844,
							143.09999084472656,
							0.19921104609966278
						],
						"rotation": [
							0.983835756778717,
							0.1790735274553299,
							-4.97384462505579e-08,
							9.080395102500916e-09
						]
					}
				}
			}
		},
		"relationships": {
			"L-Rack": [
				[
					"AMR_LIFT01",
					"none"
				]
			]
		}
	},
	"timestamp_3": {
		"robots": {
			"ARMLIFT": {
				"AMR_LIFT01": {
					"name": "AMR_LIFT01",
					"pose": {
						"translation": [
							139.6161651611328,
							142.47386169433594,
							0.06200096011161804
						],
						"rotation": [
							-0.00940101407468319,
							-0.0036207374650985003,
							-0.9331933856010437,
							0.35923370718955994
						]
					},
					"odometry": {
						"position": [
							0.5871307497858902,
							-7.82547258402285,
							-0.01327695746638549
						],
						"orientation": [
							-0.019781048194402233,
							0.0003894850526037733,
							-0.9330214767816795,
							0.3592763313911152
						],
						"linear": [
							-1.6768184650572948e-05,
							0.0,
							0.0
						],
						"angular": [
							0.0,
							0.0,
							0.0008134859381243587
						]
					},
					"aabb": [
						123.74251331101173,
						140.71775221858627,
						-0.014934224787468085,
						124.71818625618769,
						141.65699915341744,
						0.16295719629222213
					],
					"joint_state": {
						"position": [
							-1.7406,
							4.6345,
							1.0291,
							-5.4843,
							1.0511,
							-0.6445,
							0.0
						],
						"velocity": [
							0.0051,
							-0.0002,
							0.0003,
							-0.0017,
							0.1497,
							-0.0704,
							0.0
						],
						"effort": [
							0.0,
							0.0,
							0.0,
							0.0,
							0.0,
							0.0,
							0.0
						]
					},
					"lift_state": "lift_down"
				}
			}
		},
		"objects": {
			"Rack": {
				"Rack_02": {
					"name": "Rack_02",
					"pose": {
						"translation": [
							133.05699157714844,
							143.09999084472656,
							0.19921104609966278
						],
						"rotation": [
							0.983835756778717,
							0.1790735274553299,
							-4.97384462505579e-08,
							9.080395102500916e-09
						]
					}
				}
			}
		},
		"relationships": {
			"L-Rack": [
				[
					"AMR_LIFT01",
					"none"
				]
			]
		}
	},
	"timestamp_4": {
		"robots": {
			"ARMLIFT": {
				"AMR_LIFT01": {
					"name": "AMR_LIFT01",
					"pose": {
						"translation": [
							139.6163787841797,
							142.4735565185547,
							0.06200118735432625
						],
						"rotation": [
							-0.00940600037574768,
							-0.003615809604525566,
							-0.9331737160682678,
							0.35928449034690857
						]
					},