{
	"timestamp_0": {
		"robots": {
			"ARMLIFT": {
				"AMR_LIFT01": {
					"name": "AMR_LIFT01",
					"pose": {
						"translation": [
							139.6182861328125,
							142.4301300048828,
							0.06200183555483818
						],
						"rotation": [
							-0.00940144993364811,
							-0.003547223750501871,
							-0.9356889128684998,
							0.35268330574035645
						]
					},
					"odometry": {
						"position": [
							0.5892615261538421,
							-7.86913465734453,
							-0.013320828795463693
						],
						"orientation": [
							-0.019805840164304558,
							0.0003765702375616535,
							-0.935525582293172,
							0.35270309293407687
						],
						"linear": [
							-0.0008308004471473396,
							0.0,
							0.0
						],
						"angular": [
							0.0,
							0.0,
							0.0005722344503737986
						]
					},
					"aabb": [
						123.73599171410213,
						140.76697234233268,
						-0.014033553015188195,
						124.71594634445097,
						141.70038152458403,
						0.16287130541040773
					],
					"joint_state": {
						"position": [
							-1.3758,
							4.8971,
							0.9564,
							-5.7832,
							0.9525,
							-0.9622,
							0.0
						],
						"velocity": [
							-0.02,
							-0.0153,
							0.1256,
							-0.0478,
							0.1292,
							-0.0642,
							0.0
						],
						"effort": [
							0.0,
							0.0,
							0.0,
							0.0,
							0.0,
							0.0,
							0.0
						]
					},
					"lift_state": "lift_down"
				}
			}
		},
		"objects": {
			"Rack": {
				"Rack_02": {
					"name": "Rack_02",
					"pose": {
						"translation": [
							133.05699157714844,
							143.09999084472656,
							0.19921104609966278
						],
						"rotation": [
							0.983835756778717,
							0.1790735274553299,
							-4.97384462505579e-08,
							9.080395102500916e-09
						]
					}
				}
			}
		},
		"relationships": {
			"L-Rack": [
				[
					"AMR_LIFT01",
					"none"
				]
			]
		}
	},
	"timestamp_1": {
		"robots": {
			"ARMLIFT": {
				"AMR_LIFT01": {
					"name": "AMR_LIFT01",
					"pose": {
						"translation": [
							139.61810302734375,
							142.42991638183594,
							0.062000006437301636
						],
						"rotation": [
							-0.009403836913406849,
							-0.0035441964864730835,
							-0.9357008337974548,
							0.3526514172554016
						]
					},
					"odometry": {
						"position": [
							0.5890661502876553,
							-7.869408116943323,
							-0.013322154110799577
						],
						"orientation": [
							-0.019811870295235373,
							0.00039280141157672406,
							-0.9355289292199074,
							0.3526938588848828
						],
						"linear": [
							0.0012935239356011152,
							0.0,
							0.0
						],
						"angular": [
							0.0,
							0.0,
							-0.008163363672792912
						]
					},
					"aabb": [
						123.73616416661876,
						140.7671920390868,
						-0.013973175343257465,
						124.71616286699641,
						141.7005396106664,
						0.16286903416988072
					],
					"joint_state": {
						"position": [
							-1.374,
							4.8986,
							0.9636,
							-5.7899,
							0.9606,
							-0.9647,
							0.0
						],
						"velocity": [
							-0.0092,
							-0.0076,
							0.399,
							-0.2067,
							0.4023,
							-0.1998,
							0.0
						],
						"effort": [
							0.0,
							0.0,
							0.0,
							0.0,
							0.0,
							0.0,
							0.0
						]
					},
					"lift_state": "lift_down"
				}
			}
		},
		"objects": {
			"Rack": {
				"Rack_02": {
					"name": "Rack_02",
					"pose": {
						"translation": [
							133.05699157714844,
							143.09999084472656,
							0.19921104609966278
						],
						"rotation": [
							0.983835756778717,
							0.1790735274553299,
							-4.97384462505579e-08,
							9.080395102500916e-09
						]
					}
				}
			}
		},
		"relationships": {
			"L-Rack": [
				[
					"AMR_LIFT01",
					"none"
				]
			]
		}
	},
	"timestamp_2": {
		"robots": {
			"ARMLIFT": {
				"AMR_LIFT01": {
					"name": "AMR_LIFT01",
					"pose": {
						"translation": [
							139.61825561523438,
							142.42945861816406,
							0.06200328841805458
						],
						"rotation": [
							-0.009409372694790363,
							-0.003544087987393141,
							-0.9356788992881775,
							0.3527096211910248
						]
					},
					"odometry": {
						"position": [
							0.5892126955485504,
							-7.86986708796464,
							-0.013322144501476826
						],
						"orientation": [
							-0.019817156358777167,
							0.0003935566397365513,
							-0.9355069330759663,
							0.35275190090745473
						],
						"linear": [
							0.0005102517898194492,
							0.0,
							0.0
						],
						"angular": [
							0.0,
							0.0,
							0.004128662869334221
						]
					},
					"aabb": [
						123.73633507017756,
						140.7672309912509,
						-0.013936182932688225,
						124.71627769622825,
						141.7006571837801,
						0.16286793222970897
					],
					"joint_state": {
						"position": [
							-1.3726,
							4.8995,
							0.965,
							-5.7906,
							0.9731,
							-0.9735,
							0.0
						],
						"velocity": [
							0.0162,
							0.0031,
							0.1224,
							-0.0459,
							0.0349,
							-0.0222,
							0.0
						],
						"effort": [
							0.0,
							0.0,
							0.0,
							0.0,
							0.0,
							0.0,
							0.0
						]
					},
					"lift_state": "lift_down"
				}
			}
		},
		"objects": {
			"Rack": {
				"Rack_02": {
					"name": "Rack_02",
					"pose": {
						"translation": [
							133.05699157714844,
							143.09999084472656,
							0.19921104609966278
						],
						"rotation": [
							0.983835756778717,
							0.1790735274553299,
							-4.97384462505579e-08,
							9.080395102500916e-09
						]
					}
				}
			}
		},
		"relationships": {
			"L-Rack": [
				[
					"AMR_LIFT01",
					"none"
				]
			]
		}
	},
	"timestamp_3": {
		"robots": {
			"ARMLIFT": {
				"AMR_LIFT01": {
					"name": "AMR_LIFT01",
					"pose": {
						"translation": [
							139.61831665039062,
							142.4295196533203,
							0.0620005801320076
						],
						"rotation": [
							-0.009404719807207584,
							-0.003543882630765438,
							-0.9356757402420044,
							0.35271817445755005
						]
					},
					"odometry": {
						"position": [
							0.5892809755255726,
							-7.869808495735954,
							-0.013326331959565752
						],
						"orientation": [
							-0.019812467287865388,
							0.00039385701063677033,
							-0.9355038259973925,
							0.3527604039016613
						],
						"linear": [
							0.000782046583481133,
							0.0,
							0.0
						],
						"angular": [
							0.0,
							0.0,
							-0.002688804641366005
						]
					},
					"aabb": [
						123.73598989614025,
						140.76754024688424,
						-0.013810856155863048,
						124.71594647800175,
						141.7009477616228,
						0.16286957270586305
					],
					"joint_state": {
						"position": [
							-1.3727,
							4.9008,
							0.9606,
							-5.7873,
							0.9851,
							-0.9788,
							0.0
						],
						"velocity": [
							-0.0006,
							0.0019,
							-0.0292,
							0.0144,
							0.2613,
							-0.1521,
							0.0
						],
						"effort": [
							0.0,
							0.0,
							0.0,
							0.0,
							0.0,
							0.0,
							0.0
						]
					},
					"lift_state": "lift_down"
				}
			}
		},
		"objects": {
			"Rack": {
				"Rack_02": {
					"name": "Rack_02",
					"pose": {
						"translation": [
							133.05699157714844,
							143.09999084472656,
							0.19921104609966278
						],
						"rotation": [
							0.983835756778717,
							0.1790735274553299,
							-4.97384462505579e-08,
							9.080395102500916e-09
						]
					}
				}
			}
		},
		"relationships": {
			"L-Rack": [
				[
					"AMR_LIFT01",
					"none"
				]
			]
		}
	},
	"timestamp_4": {
		"robots": {
			"ARMLIFT": {
				"AMR_LIFT01": {
					"name": "AMR_LIFT01",
					"pose": {
						"translation": [
							139.61805725097656,
							142.4293212890625,
							0.06200164556503296
						],
						"rotation": [
							-0.00940881110727787,
							-0.0035404444206506014,
							-0.9357579946517944,
							0.352499783039093
						]
					},