{
	"timestamp_0": {
		"robots": {
			"ARMLIFT": {
				"AMR_LIFT01": {
					"name": "AMR_LIFT01",
					"pose": {
						"translation": [
							139.58604431152344,
							142.56243896484375,
							0.06200569123029709
						],
						"rotation": [
							-0.009357914328575134,
							-0.00374477356672287,
							-0.9284794926643372,
							0.371247261762619
						]
					},
					"odometry": {
						"position": [
							0.5570164759457554,
							-7.736890014747319,
							-0.012599541041912752
						],
						"orientation": [
							-0.01968532699796581,
							0.000399093929684908,
							-0.9283080326455724,
							0.3712903515454255
						],
						"linear": [
							-0.0022090007551014423,
							0.0,
							0.0
						],
						"angular": [
							0.0,
							0.0,
							0.0020640140864998102
						]
					},
					"aabb": [
						123.78014500703098,
						140.62067803323234,
						-0.012699326745240819,
						124.74747877301272,
						141.5701120953642,
						0.16311945449052787
					],
					"joint_state": {
						"position": [
							-2.3464,
							4.2086,
							1.0264,
							-4.9457,
							1.0339,
							-0.0813,
							0.0
						],
						"velocity": [
							-0.0099,
							0.0114,
							-0.0255,
							0.0603,
							-0.0933,
							0.2021,
							0.0
						],
						"effort": [
							0.0,
							0.0,
							0.0,
							0.0,
							0.0,
							0.0,
							0.0
						]
					},
					"lift_state": "lift_down"
				}
			}
		},
		"objects": {
			"Rack": {
				"Rack_02": {
					"name": "Rack_02",
					"pose": {
						"translation": [
							133.05699157714844,
							143.09999084472656,
							0.19921104609966278
						],
						"rotation": [
							0.983835756778717,
							0.1790735274553299,
							-4.97384462505579e-08,
							9.080395102500916e-09
						]
					}
				}
			}
		},
		"relationships": {
			"L-Rack": [
				[
					"AMR_LIFT01",
					"none"
				]
			]
		}
	},
	"timestamp_1": {
		"robots": {
			"ARMLIFT": {
				"AMR_LIFT01": {
					"name": "AMR_LIFT01",
					"pose": {
						"translation": [
							139.586669921875,
							142.5616455078125,
							0.06200012192130089
						],
						"rotation": [
							-0.009357277303934097,
							-0.0037424953188747168,
							-0.928428053855896,
							0.37137582898139954
						]
					},
					"odometry": {
						"position": [
							0.5576412386767882,
							-7.73768100974007,
							-0.012619041913392295
						],
						"orientation": [
							-0.01968411816738842,
							0.0004028024876723652,
							-0.9282566029113256,
							0.37141897150476016
						],
						"linear": [
							0.0035610278137028217,
							0.0,
							0.0
						],
						"angular": [
							0.0,
							0.0,
							0.002517442451789975
						]
					},
					"aabb": [
						123.7795053685947,
						140.62119402467542,
						-0.01267887680946374,
						124.74682339232483,
						141.57065277645177,
						0.16313012970562776
					],
					"joint_state": {
						"position": [
							-2.3458,
							4.2086,
							1.0425,
							-4.9565,
							1.0453,
							-0.0878,
							0.0
						],
						"velocity": [
							0.0,
							0.0001,
							0.0288,
							-0.04,
							-0.01,
							0.0122,
							0.0
						],
						"effort": [
							0.0,
							0.0,
							0.0,
							0.0,
							0.0,
							0.0,
							0.0
						]
					},
					"lift_state": "lift_down"
				}
			}
		},
		"objects": {
			"Rack": {
				"Rack_02": {
					"name": "Rack_02",
					"pose": {
						"translation": [
							133.05699157714844,
							143.09999084472656,
							0.19921104609966278
						],
						"rotation": [
							0.983835756778717,
							0.1790735274553299,
							-4.97384462505579e-08,
							9.080395102500916e-09
						]
					}
				}
			}
		},
		"relationships": {
			"L-Rack": [
				[
					"AMR_LIFT01",
					"none"
				]
			]
		}
	},
	"timestamp_2": {
		"robots": {
			"ARMLIFT": {
				"AMR_LIFT01": {
					"name": "AMR_LIFT01",
					"pose": {
						"translation": [
							139.58680725097656,
							142.56138610839844,
							0.0619998537003994
						],
						"rotation": [
							-0.009357727132737637,
							-0.003744028974324465,
							-0.9283632636070251,
							0.37153762578964233
						]
					},
					"odometry": {
						"position": [
							0.5577779316307592,
							-7.737944675387451,
							-0.012622351305451762
						],
						"orientation": [
							-0.01968384732186111,
							0.0004030691504938283,
							-0.9281918058176165,
							0.37158088662214833
						],
						"linear": [
							-0.0019549618009477854,
							0.0,
							0.0
						],
						"angular": [
							0.0,
							0.0,
							-0.000981804565526545
						]
					},
					"aabb": [
						123.77973308648592,
						140.6212612361929,
						-0.01269405245386309,
						124.746942026059,
						141.5708412254053,
						0.1631210299342918
					],
					"joint_state": {
						"position": [
							-2.3451,
							4.2101,
							1.052,
							-4.9596,
							1.0455,
							-0.0917,
							0.0
						],
						"velocity": [
							-0.0006,
							-0.0005,
							0.0062,
							0.0098,
							0.1664,
							-0.0253,
							0.0
						],
						"effort": [
							0.0,
							0.0,
							0.0,
							0.0,
							0.0,
							0.0,
							0.0
						]
					},
					"lift_state": "lift_down"
				}
			}
		},
		"objects": {
			"Rack": {
				"Rack_02": {
					"name": "Rack_02",
					"pose": {
						"translation": [
							133.05699157714844,
							143.09999084472656,
							0.19921104609966278
						],
						"rotation": [
							0.983835756778717,
							0.1790735274553299,
							-4.97384462505579e-08,
							9.080395102500916e-09
						]
					}
				}
			}
		},
		"relationships": {
			"L-Rack": [
				[
					"AMR_LIFT01",
					"none"
				]
			]
		}
	},
	"timestamp_3": {
		"robots": {
			"ARMLIFT": {
				"AMR_LIFT01": {
					"name": "AMR_LIFT01",
					"pose": {
						"translation": [
							139.58702087402344,
							142.56114196777344,
							0.061999816447496414
						],
						"rotation": [
							-0.009355957619845867,
							-0.0037432254757732153,
							-0.9284315705299377,
							0.3713669180870056
						]
					},
					"odometry": {
						"position": [
							0.5579343271741941,
							-7.738198558680985,
							-0.012618158232581276
						],
						"orientation": [
							-0.019684097685483178,
							0.0003824713755942207,
							-0.9282784613973808,
							0.37136436032509473
						],
						"linear": [
							0.0006848147604614496,
							0.0,
							0.0
						],
						"angular": [
							0.0,
							0.0,
							0.00026043917750939727
						]
					},
					"aabb": [
						123.7791403912271,
						140.62187341960285,
						-0.012702418605642862,
						124.74645191990618,
						141.57133613353685,
						0.1631195465180816
					],
					"joint_state": {
						"position": [
							-2.3447,
							4.2104,
							1.041,
							-4.956,
							1.0409,
							-0.0903,
							0.0
						],
						"velocity": [
							0.0376,
							0.0132,
							-0.3108,
							0.1719,
							-0.3416,
							0.1713,
							0.0
						],
						"effort": [
							0.0,
							0.0,
							0.0,
							0.0,
							0.0,
							0.0,
							0.0
						]
					},
					"lift_state": "lift_down"
				}
			}
		},
		"objects": {
			"Rack": {
				"Rack_02": {
					"name": "Rack_02",
					"pose": {
						"translation": [
							133.05699157714844,
							143.09999084472656,
							0.19921104609966278
						],
						"rotation": [
							0.983835756778717,
							0.1790735274553299,
							-4.97384462505579e-08,
							9.080395102500916e-09
						]
					}
				}
			}
		},
		"relationships": {
			"L-Rack": [
				[
					"AMR_LIFT01",
					"none"
				]
			]
		}
	},
	"timestamp_4": {
		"robots": {
			"ARMLIFT": {
				"AMR_LIFT01": {
					"name": "AMR_LIFT01",
					"pose": {
						"translation": [
							139.5873565673828,
							142.56057739257812,
							0.06200164556503296
						],
						"rotation": [
							-0.009358304552733898,
							-0.003738728351891041,
							-0.9283813238143921,
							0.3714926242828369
						]
					},