{
	"timestamp_0": {
		"robots": {
			"ARMLIFT": {
				"AMR_LIFT01": {
					"name": "AMR_LIFT01",
					"pose": {
						"translation": [
							139.60374450683594,
							142.517822265625,
							0.06199970096349716
						],
						"rotation": [
							-0.009426943957805634,
							-0.003728089854121208,
							-0.9299051761627197,
							0.3676597774028778
						]
					},
					"odometry": {
						"position": [
							0.5747096145492421,
							-7.781498549939131,
							-0.013000559792981847
						],
						"orientation": [
							-0.019770272000504865,
							0.00037586922162691395,
							-0.9297329714733825,
							0.3677031368136924
						],
						"linear": [
							-0.006711161695420742,
							0.0,
							0.0
						],
						"angular": [
							0.0,
							0.0,
							-0.0010330877266824245
						]
					},
					"aabb": [
						123.76002323427093,
						140.6678015274065,
						-0.013851230857581514,
						124.72996387304772,
						141.61422373491777,
						0.1630559698907388
					],
					"joint_state": {
						"position": [
							-2.0615,
							4.4033,
							1.2017,
							-5.322,
							1.2072,
							-0.4731,
							0.0
						],
						"velocity": [
							-0.0026,
							-0.0026,
							-0.0052,
							0.0192,
							0.003,
							-0.0014,
							0.0
						],
						"effort": [
							0.0,
							0.0,
							0.0,
							0.0,
							0.0,
							0.0,
							0.0
						]
					},
					"lift_state": "lift_down"
				}
			}
		},
		"objects": {
			"Rack": {
				"Rack_02": {
					"name": "Rack_02",
					"pose": {
						"translation": [
							133.05699157714844,
							143.09999084472656,
							0.19921104609966278
						],
						"rotation": [
							0.983835756778717,
							0.1790735274553299,
							-4.97384462505579e-08,
							9.080395102500916e-09
						]
					}
				}
			}
		},
		"relationships": {
			"L-Rack": [
				[
					"AMR_LIFT01",
					"none"
				]
			]
		}
	},
	"timestamp_1": {
		"robots": {
			"ARMLIFT": {
				"AMR_LIFT01": {
					"name": "AMR_LIFT01",
					"pose": {
						"translation": [
							139.60397338867188,
							142.51756286621094,
							0.06201072409749031
						],
						"rotation": [
							-0.009434128180146217,
							-0.003750748001039028,
							-0.9299776554107666,
							0.36747613549232483
						]
					},
					"odometry": {
						"position": [
							0.5749344278677716,
							-7.781771954299733,
							-0.012994550749575458
						],
						"orientation": [
							-0.019778261753340007,
							0.0003511690921957751,
							-0.9298053488365142,
							0.3675196733744921
						],
						"linear": [
							-0.0009029186912812293,
							0.0,
							0.0
						],
						"angular": [
							0.0,
							0.0,
							-0.0015822186833247542
						]
					},
					"aabb": [
						123.76011431979767,
						140.6677497519968,
						-0.013865341181317397,
						124.73014628910192,
						141.61406509993435,
						0.16306384898927712
					],
					"joint_state": {
						"position": [
							-2.0626,
							4.4047,
							1.2133,
							-5.3268,
							1.218,
							-0.4801,
							0.0
						],
						"velocity": [
							0.0069,
							-0.0039,
							0.2761,
							-0.2228,
							0.021,
							-0.0204,
							0.0
						],
						"effort": [
							0.0,
							0.0,
							0.0,
							0.0,
							0.0,
							0.0,
							0.0
						]
					},
					"lift_state": "lift_down"
				}
			}
		},
		"objects": {
			"Rack": {
				"Rack_02": {
					"name": "Rack_02",
					"pose": {
						"translation": [
							133.05699157714844,
							143.09999084472656,
							0.19921104609966278
						],
						"rotation": [
							0.983835756778717,
							0.1790735274553299,
							-4.97384462505579e-08,
							9.080395102500916e-09
						]
					}
				}
			}
		},
		"relationships": {
			"L-Rack": [
				[
					"AMR_LIFT01",
					"none"
				]
			]
		}
	},
	"timestamp_2": {
		"robots": {
			"ARMLIFT": {
				"AMR_LIFT01": {
					"name": "AMR_LIFT01",
					"pose": {
						"translation": [
							139.60462951660156,
							142.51693725585938,
							0.06200633943080902
						],
						"rotation": [
							-0.009446607902646065,
							-0.0037181333173066378,
							-0.9299421906471252,
							0.3675656318664551
						]
					},
					"odometry": {
						"position": [
							0.5755884975372904,
							-7.782396929473845,
							-0.013013529463251293
						],
						"orientation": [
							-0.019790350098833003,
							0.00038477774239769436,
							-0.929769777132117,
							0.36760897094704925
						],
						"linear": [
							0.006220388691872358,
							0.0,
							0.0
						],
						"angular": [
							0.0,
							0.0,
							0.0012280713999643922
						]
					},
					"aabb": [
						123.75914691015389,
						140.6688083957482,
						-0.014024548202322316,
						124.72921084775713,
						141.61508646772316,
						0.1630571837270668
					],
					"joint_state": {
						"position": [
							-2.0617,
							4.4045,
							1.2245,
							-5.3368,
							1.2179,
							-0.4839,
							0.0
						],
						"velocity": [
							-0.0449,
							-0.0439,
							-0.179,
							0.0705,
							-0.2181,
							0.0664,
							0.0
						],
						"effort": [
							0.0,
							0.0,
							0.0,
							0.0,
							0.0,
							0.0,
							0.0
						]
					},
					"lift_state": "lift_down"
				}
			}
		},
		"objects": {
			"Rack": {
				"Rack_02": {
					"name": "Rack_02",
					"pose": {
						"translation": [
							133.05699157714844,
							143.09999084472656,
							0.19921104609966278
						],
						"rotation": [
							0.983835756778717,
							0.1790735274553299,
							-4.97384462505579e-08,
							9.080395102500916e-09
						]
					}
				}
			}
		},
		"relationships": {
			"L-Rack": [
				[
					"AMR_LIFT01",
					"none"
				]
			]
		}
	},
	"timestamp_3": {
		"robots": {
			"ARMLIFT": {
				"AMR_LIFT01": {
					"name": "AMR_LIFT01",
					"pose": {
						"translation": [
							139.6042022705078,
							142.51715087890625,
							0.0619991272687912
						],
						"rotation": [
							-0.009425793774425983,
							-0.003729687537997961,
							-0.9297892451286316,
							0.36795297265052795
						]
					},
					"odometry": {
						"position": [
							0.5753639998399646,
							-7.782396936432015,
							-0.013006013364288051
						],
						"orientation": [
							-0.019783241007828883,
							0.0003830054673796697,
							-0.9296094331651018,
							0.36801464434516207
						],
						"linear": [
							0.0008141273865476251,
							0.0,
							0.0
						],
						"angular": [
							0.0,
							0.0,
							0.0017050449969246984
						]
					},
					"aabb": [
						123.75960471994713,
						140.66841926125957,
						-0.013941597251033286,
						124.72934435246285,
						141.61508113619476,
						0.1630552113657914
					],
					"joint_state": {
						"position": [
							-2.0599,
							4.4051,
							1.212,
							-5.3303,
							1.2012,
							-0.4802,
							0.0
						],
						"velocity": [
							0.0069,
							0.0063,
							0.0427,
							-0.0193,
							0.0372,
							-0.0192,
							0.0
						],
						"effort": [
							0.0,
							0.0,
							0.0,
							0.0,
							0.0,
							0.0,
							0.0
						]
					},
					"lift_state": "lift_down"
				}
			}
		},
		"objects": {
			"Rack": {
				"Rack_02": {
					"name": "Rack_02",
					"pose": {
						"translation": [
							133.05699157714844,
							143.09999084472656,
							0.19921104609966278
						],
						"rotation": [
							0.983835756778717,
							0.1790735274553299,
							-4.97384462505579e-08,
							9.080395102500916e-09
						]
					}
				}
			}
		},
		"relationships": {
			"L-Rack": [
				[
					"AMR_LIFT01",
					"none"
				]
			]
		}
	},
	"timestamp_4": {
		"robots": {
			"ARMLIFT": {
				"AMR_LIFT01": {
					"name": "AMR_LIFT01",
					"pose": {
						"translation": [
							139.60458374023438,
							142.51666259765625,
							0.06200004369020462
						],
						"rotation": [
							-0.009423896670341492,
							-0.0037287124432623386,
							-0.9298538565635681,
							0.36778968572616577
						]
					},