{
	"timestamp_0": {
		"robots": {
			"ARMLIFT": {
				"AMR_LIFT01": {
					"name": "AMR_LIFT01",
					"pose": {
						"translation": [
							139.60487365722656,
							142.5159149169922,
							0.06200855225324631
						],
						"rotation": [
							-0.00943568255752325,
							-0.0037327297031879425,
							-0.9299383759498596,
							0.3675754964351654
						]
					},
					"odometry": {
						"position": [
							0.5758326802611171,
							-7.783412539147319,
							-0.013016778768365682
						],
						"orientation": [
							-0.01977938125157077,
							0.0003702920783896645,
							-0.9297660696071909,
							0.36761895322232496
						],
						"linear": [
							-0.002696074079722166,
							0.0,
							0.0
						],
						"angular": [
							0.0,
							0.0,
							0.0015269493451341987
						]
					},
					"aabb": [
						123.75884393455722,
						140.66977694519744,
						-0.013831545315721967,
						124.72884530321652,
						141.6161302443745,
						0.16306343205353802
					],
					"joint_state": {
						"position": [
							-2.0568,
							4.4085,
							1.1998,
							-5.3199,
							1.2081,
							-0.4731,
							0.0
						],
						"velocity": [
							0.0251,
							0.0164,
							-0.1231,
							0.0843,
							-0.0733,
							0.0277,
							0.0
						],
						"effort": [
							0.0,
							0.0,
							0.0,
							0.0,
							0.0,
							0.0,
							0.0
						]
					},
					"lift_state": "lift_down"
				}
			}
		},
		"objects": {
			"Rack": {
				"Rack_02": {
					"name": "Rack_02",
					"pose": {
						"translation": [
							133.05699157714844,
							143.09999084472656,
							0.19921104609966278
						],
						"rotation": [
							0.983835756778717,
							0.1790735274553299,
							-4.97384462505579e-08,
							9.080395102500916e-09
						]
					}
				}
			}
		},
		"relationships": {
			"L-Rack": [
				[
					"AMR_LIFT01",
					"none"
				]
			]
		}
	},
	"timestamp_1": {
		"robots": {
			"ARMLIFT": {
				"AMR_LIFT01": {
					"name": "AMR_LIFT01",
					"pose": {
						"translation": [
							139.60464477539062,
							142.515625,
							0.062000274658203125
						],
						"rotation": [
							-0.009422722272574902,
							-0.003726092865690589,
							-0.9298810362815857,
							0.36772096157073975
						]
					},
					"odometry": {
						"position": [
							0.5756079579847317,
							-7.783705536719042,
							-0.013020049763392126
						],
						"orientation": [
							-0.019765780527261457,
							0.00037854671350135777,
							-0.9297088804204875,
							0.3677642835972763
						],
						"linear": [
							0.0015550007810816169,
							0.0,
							0.0
						],
						"angular": [
							0.0,
							0.0,
							0.0019129860447719693
						]
					},
					"aabb": [
						123.758966561772,
						140.67008518259095,
						-0.013754177936014833,
						124.728962315775,
						141.61644272298173,
						0.16306508897078945
					],
					"joint_state": {
						"position": [
							-2.0565,
							4.4097,
							1.1896,
							-5.3105,
							1.1889,
							-0.4597,
							0.0
						],
						"velocity": [
							-0.0158,
							0.0149,
							-0.0207,
							0.0245,
							-0.0749,
							0.025,
							0.0
						],
						"effort": [
							0.0,
							0.0,
							0.0,
							0.0,
							0.0,
							0.0,
							0.0
						]
					},
					"lift_state": "lift_down"
				}
			}
		},
		"objects": {
			"Rack": {
				"Rack_02": {
					"name": "Rack_02",
					"pose": {
						"translation": [
							133.05699157714844,
							143.09999084472656,
							0.19921104609966278
						],
						"rotation": [
							0.983835756778717,
							0.1790735274553299,
							-4.97384462505579e-08,
							9.080395102500916e-09
						]
					}
				}
			}
		},
		"relationships": {
			"L-Rack": [
				[
					"AMR_LIFT01",
					"none"
				]
			]
		}
	},
	"timestamp_2": {
		"robots": {
			"ARMLIFT": {
				"AMR_LIFT01": {
					"name": "AMR_LIFT01",
					"pose": {
						"translation": [
							139.6051483154297,
							142.51522827148438,
							0.06200046464800835
						],
						"rotation": [
							-0.009420492686331272,
							-0.003727078903466463,
							-0.9298932552337646,
							0.3676901161670685
						]
					},
					"odometry": {
						"position": [
							0.5761059059026709,
							-7.784096135694138,
							-0.013030969507750447
						],
						"orientation": [
							-0.01976368712986064,
							0.0003772177997807009,
							-0.9297211232803906,
							0.3677334459958918
						],
						"linear": [
							0.00035624299198389053,
							0.0,
							0.0
						],
						"angular": [
							0.0,
							0.0,
							0.003240527119487524
						]
					},
					"aabb": [
						123.75869615294731,
						140.67032828854735,
						-0.013685009438650675,
						124.72862556988645,
						141.6167639667351,
						0.16306263477462693
					],
					"joint_state": {
						"position": [
							-2.0552,
							4.4093,
							1.1865,
							-5.3087,
							1.1852,
							-0.4563,
							0.0
						],
						"velocity": [
							0.0,
							-0.0008,
							-0.0644,
							0.0246,
							-0.1369,
							0.1463,
							0.0
						],
						"effort": [
							0.0,
							0.0,
							0.0,
							0.0,
							0.0,
							0.0,
							0.0
						]
					},
					"lift_state": "lift_down"
				}
			}
		},
		"objects": {
			"Rack": {
				"Rack_02": {
					"name": "Rack_02",
					"pose": {
						"translation": [
							133.05699157714844,
							143.09999084472656,
							0.19921104609966278
						],
						"rotation": [
							0.983835756778717,
							0.1790735274553299,
							-4.97384462505579e-08,
							9.080395102500916e-09
						]
					}
				}
			}
		},
		"relationships": {
			"L-Rack": [
				[
					"AMR_LIFT01",
					"none"
				]
			]
		}
	},
	"timestamp_3": {
		"robots": {
			"ARMLIFT": {
				"AMR_LIFT01": {
					"name": "AMR_LIFT01",
					"pose": {
						"translation": [
							139.6059112548828,
							142.51449584960938,
							0.06200042739510536
						],
						"rotation": [
							-0.009427064098417759,
							-0.003722253255546093,
							-0.9299383759498596,
							0.3675757348537445
						]
					},
					"odometry": {
						"position": [
							0.576799285078061,
							-7.784906634132199,
							-0.013039730245794398
						],
						"orientation": [
							-0.01977515093883471,
							0.00036862233472659343,
							-0.9297650419845824,
							0.3676217814906083
						],
						"linear": [
							0.00037256028736010194,
							0.0,
							0.0
						],
						"angular": [
							0.0,
							0.0,
							0.002353408606722951
						]
					},
					"aabb": [
						123.75785776134398,
						140.67124228368027,
						-0.013760832961100746,
						124.72785893500874,
						141.61759477971663,
						0.1630633404803808
					],
					"joint_state": {
						"position": [
							-2.0541,
							4.4098,
							1.1953,
							-5.3143,
							1.2038,
							-0.4632,
							0.0
						],
						"velocity": [
							0.0444,
							0.0273,
							-0.0107,
							0.0092,
							0.0095,
							0.0146,
							0.0
						],
						"effort": [
							0.0,
							0.0,
							0.0,
							0.0,
							0.0,
							0.0,
							0.0
						]
					},
					"lift_state": "lift_down"
				}
			}
		},
		"objects": {
			"Rack": {
				"Rack_02": {
					"name": "Rack_02",
					"pose": {
						"translation": [
							133.05699157714844,
							143.09999084472656,
							0.19921104609966278
						],
						"rotation": [
							0.983835756778717,
							0.1790735274553299,
							-4.97384462505579e-08,
							9.080395102500916e-09
						]
					}
				}
			}
		},
		"relationships": {
			"L-Rack": [
				[
					"AMR_LIFT01",
					"none"
				]
			]
		}
	},
	"timestamp_4": {
		"robots": {
			"ARMLIFT": {
				"AMR_LIFT01": {
					"name": "AMR_LIFT01",
					"pose": {
						"translation": [
							139.60560607910156,
							142.51405334472656,
							0.06200004369020462
						],
						"rotation": [
							-0.009426257573068142,
							-0.003726464230567217,
							-0.9299492239952087,
							0.3675483465194702
						]
					},