{
	"timestamp_0": {
		"robots": {
			"ARMLIFT": {
				"AMR_LIFT01": {
					"name": "AMR_LIFT01",
					"pose": {
						"translation": [
							139.6010284423828,
							142.52203369140625,
							0.06200023368000984
						],
						"rotation": [
							-0.009431996382772923,
							-0.0037261666730046272,
							-0.9300165772438049,
							0.36737772822380066
						]
					},
					"odometry": {
						"position": [
							0.5719855458298205,
							-7.77720180304311,
							-0.012935699776460488
						],
						"orientation": [
							-0.019776808848771626,
							0.00036212013583602874,
							-0.9298421576680832,
							0.36742660290720647
						],
						"linear": [
							0.002863425062969327,
							0.0,
							0.0
						],
						"angular": [
							0.0,
							0.0,
							-0.0025143020320683718
						]
					},
					"aabb": [
						123.76257223295177,
						140.6636313668954,
						-0.01397963791764739,
						124.73269132751747,
						141.60984478209235,
						0.1630763287073935
					],
					"joint_state": {
						"position": [
							-2.0844,
							4.3856,
							1.2114,
							-5.3351,
							1.2184,
							-0.4386,
							0.0
						],
						"velocity": [
							0.0023,
							-0.0027,
							0.0032,
							-0.0026,
							-0.0063,
							-0.0133,
							0.0
						],
						"effort": [
							0.0,
							0.0,
							0.0,
							0.0,
							0.0,
							0.0,
							0.0
						]
					},
					"lift_state": "lift_down"
				}
			}
		},
		"objects": {
			"Rack": {
				"Rack_02": {
					"name": "Rack_02",
					"pose": {
						"translation": [
							133.05699157714844,
							143.09999084472656,
							0.19921104609966278
						],
						"rotation": [
							0.983835756778717,
							0.1790735274553299,
							-4.97384462505579e-08,
							9.080395102500916e-09
						]
					}
				}
			}
		},
		"relationships": {
			"L-Rack": [
				[
					"AMR_LIFT01",
					"none"
				]
			]
		}
	},
	"timestamp_1": {
		"robots": {
			"ARMLIFT": {
				"AMR_LIFT01": {
					"name": "AMR_LIFT01",
					"pose": {
						"translation": [
							139.6004180908203,
							142.5228271484375,
							0.06200489029288292
						],
						"rotation": [
							-0.009431653656065464,
							-0.003726084716618061,
							-0.9298553466796875,
							0.36778566241264343
						]
					},
					"odometry": {
						"position": [
							0.5713802142464615,
							-7.776498706670994,
							-0.012921122546386863
						],
						"orientation": [
							-0.01977442501892455,
							0.0003792744440153658,
							-0.9296830912935674,
							0.3678290065083279
						],
						"linear": [
							-0.00048121478175744414,
							0.0,
							0.0
						],
						"angular": [
							0.0,
							0.0,
							-0.001832404057495296
						]
					},
					"aabb": [
						123.76326221504789,
						140.66297273572013,
						-0.013805564757514608,
						124.73323730451578,
						141.60935682288218,
						0.16306900256687226
					],
					"joint_state": {
						"position": [
							-2.0825,
							4.3858,
							1.1962,
							-5.3178,
							1.2027,
							-0.4243,
							0.0
						],
						"velocity": [
							0.0073,
							0.0071,
							0.1303,
							-0.1437,
							-0.0495,
							0.0089,
							0.0
						],
						"effort": [
							0.0,
							0.0,
							0.0,
							0.0,
							0.0,
							0.0,
							0.0
						]
					},
					"lift_state": "lift_down"
				}
			}
		},
		"objects": {
			"Rack": {
				"Rack_02": {
					"name": "Rack_02",
					"pose": {
						"translation": [
							133.05699157714844,
							143.09999084472656,
							0.19921104609966278
						],
						"rotation": [
							0.983835756778717,
							0.1790735274553299,
							-4.97384462505579e-08,
							9.080395102500916e-09
						]
					}
				}
			}
		},
		"relationships": {
			"L-Rack": [
				[
					"AMR_LIFT01",
					"none"
				]
			]
		}
	},
	"timestamp_2": {
		"robots": {
			"ARMLIFT": {
				"AMR_LIFT01": {
					"name": "AMR_LIFT01",
					"pose": {
						"translation": [
							139.6007537841797,
							142.52235412597656,
							0.06200389564037323
						],
						"rotation": [
							-0.00943436287343502,
							-0.0037197484634816647,
							-0.9299328327178955,
							0.3675895631313324
						]
					},
					"odometry": {
						"position": [
							0.5717121658501045,
							-7.776967441916146,
							-0.012929513769120706
						],
						"orientation": [
							-0.019778002619476875,
							0.00038342929957236834,
							-0.9297605538102695,
							0.3676329639365562
						],
						"linear": [
							-0.0007133622420951724,
							0.0,
							0.0
						],
						"angular": [
							0.0,
							0.0,
							0.0008320144261233509
						]
					},
					"aabb": [
						123.76297354180804,
						140.66332340212816,
						-0.01385489814569714,
						124.73296592621897,
						141.6096855357129,
						0.1630747251516889
					],
					"joint_state": {
						"position": [
							-2.0824,
							4.3864,
							1.2022,
							-5.3231,
							1.1965,
							-0.4264,
							0.0
						],
						"velocity": [
							-0.0016,
							-0.0003,
							-0.0148,
							-0.0003,
							-0.0218,
							0.0024,
							0.0
						],
						"effort": [
							0.0,
							0.0,
							0.0,
							0.0,
							0.0,
							0.0,
							0.0
						]
					},
					"lift_state": "lift_down"
				}
			}
		},
		"objects": {
			"Rack": {
				"Rack_02": {
					"name": "Rack_02",
					"pose": {
						"translation": [
							133.05699157714844,
							143.09999084472656,
							0.19921104609966278
						],
						"rotation": [
							0.983835756778717,
							0.1790735274553299,
							-4.97384462505579e-08,
							9.080395102500916e-09
						]
					}
				}
			}
		},
		"relationships": {
			"L-Rack": [
				[
					"AMR_LIFT01",
					"none"
				]
			]
		}
	},
	"timestamp_3": {
		"robots": {
			"ARMLIFT": {
				"AMR_LIFT01": {
					"name": "AMR_LIFT01",
					"pose": {
						"translation": [
							139.60012817382812,
							142.52207946777344,
							0.061999816447496414
						],
						"rotation": [
							-0.009422551840543747,
							-0.0037270067259669304,
							-0.9298794865608215,
							0.367725133895874
						]
					},
					"odometry": {
						"position": [
							0.5711946856995122,
							-7.777240911400173,
							-0.012920005371881121
						],
						"orientation": [
							-0.019769436245990306,
							0.0003780115173394764,
							-0.9297205831715613,
							0.36773450167878025
						],
						"linear": [
							0.00438854843378067,
							0.0,
							0.0
						],
						"angular": [
							0.0,
							0.0,
							0.010217627510428429
						]
					},
					"aabb": [
						123.76334283438389,
						140.66371671069626,
						-0.01396069772478811,
						124.73332611747948,
						141.61008688243828,
						0.16306330855724002
					],
					"joint_state": {
						"position": [
							-2.0812,
							4.3858,
							1.2074,
							-5.3342,
							1.1908,
							-0.4332,
							0.0
						],
						"velocity": [
							-0.0155,
							0.0173,
							-0.0379,
							0.0391,
							-0.0594,
							0.04,
							0.0
						],
						"effort": [
							0.0,
							0.0,
							0.0,
							0.0,
							0.0,
							0.0,
							0.0
						]
					},
					"lift_state": "lift_down"
				}
			}
		},
		"objects": {
			"Rack": {
				"Rack_02": {
					"name": "Rack_02",
					"pose": {
						"translation": [
							133.05699157714844,
							143.09999084472656,
							0.19921104609966278
						],
						"rotation": [
							0.983835756778717,
							0.1790735274553299,
							-4.97384462505579e-08,
							9.080395102500916e-09
						]
					}
				}
			}
		},
		"relationships": {
			"L-Rack": [
				[
					"AMR_LIFT01",
					"none"
				]
			]
		}
	},
	"timestamp_4": {
		"robots": {
			"ARMLIFT": {
				"AMR_LIFT01": {
					"name": "AMR_LIFT01",
					"pose": {
						"translation": [
							139.60025024414062,
							142.52166748046875,
							0.06200813129544258
						],
						"rotation": [
							-0.009425881318747997,
							-0.0037305045407265425,
							-0.929861843585968,
							0.367769330739975
						]
					},