{
	"timestamp_0": {
		"robots": {
			"ARMLIFT": {
				"AMR_LIFT01": {
					"name": "AMR_LIFT01",
					"pose": {
						"translation": [
							139.61703491210938,
							142.46762084960938,
							0.062001340091228485
						],
						"rotation": [
							-0.009419099427759647,
							-0.003607732243835926,
							-0.9339026808738708,
							0.35738512873649597
						]
					},
					"odometry": {
						"position": [
							0.5880000106083277,
							-7.831712783879765,
							-0.013296120700106164
						],
						"orientation": [
							-0.019807055755169216,
							0.00038192674214315275,
							-0.9337305888038886,
							0.3574279258902679
						],
						"linear": [
							0.003378232242539525,
							0.0,
							0.0
						],
						"angular": [
							0.0,
							0.0,
							-0.0012470140354707837
						]
					},
					"aabb": [
						123.7402346192476,
						140.726016708792,
						-0.01487617742839785,
						124.7171576026515,
						141.66361099269136,
						0.16294887607784184
					],
					"joint_state": {
						"position": [
							-1.6674,
							4.6751,
							1.0752,
							-5.5595,
							1.0629,
							-0.6734,
							0.0
						],
						"velocity": [
							-0.0246,
							-0.0267,
							0.006,
							-0.0157,
							0.0375,
							-0.0129,
							0.0
						],
						"effort": [
							0.0,
							0.0,
							0.0,
							0.0,
							0.0,
							0.0,
							0.0
						]
					},
					"lift_state": "lift_down"
				}
			}
		},
		"objects": {
			"Rack": {
				"Rack_02": {
					"name": "Rack_02",
					"pose": {
						"translation": [
							133.05699157714844,
							143.09999084472656,
							0.19921104609966278
						],
						"rotation": [
							0.983835756778717,
							0.1790735274553299,
							-4.97384462505579e-08,
							9.080395102500916e-09
						]
					}
				}
			}
		},
		"relationships": {
			"L-Rack": [
				[
					"AMR_LIFT01",
					"none"
				]
			]
		}
	},
	"timestamp_1": {
		"robots": {
			"ARMLIFT": {
				"AMR_LIFT01": {
					"name": "AMR_LIFT01",
					"pose": {
						"translation": [
							139.61697387695312,
							142.46795654296875,
							0.0619998537003994
						],
						"rotation": [
							-0.009422039613127708,
							-0.003603571094572544,
							-0.9339960813522339,
							0.3571408689022064
						]
					},
					"odometry": {
						"position": [
							0.5879316167493343,
							-7.831370992928383,
							-0.013296093388663827
						],
						"orientation": [
							-0.019811039682344735,
							0.0003833705484415942,
							-0.9338239613660203,
							0.3571836851150966
						],
						"linear": [
							-0.003490975359454751,
							0.0,
							0.0
						],
						"angular": [
							0.0,
							0.0,
							0.0019934489391744137
						]
					},
					"aabb": [
						123.74003566908112,
						140.725716413733,
						-0.014854632843008088,
						124.71713769592425,
						141.6630736916101,
						0.1629542010744195
					],
					"joint_state": {
						"position": [
							-1.6665,
							4.676,
							1.0841,
							-5.5658,
							1.0702,
							-0.6747,
							0.0
						],
						"velocity": [
							0.0048,
							-0.0033,
							0.0034,
							0.0002,
							0.0166,
							0.0008,
							0.0
						],
						"effort": [
							0.0,
							0.0,
							0.0,
							0.0,
							0.0,
							0.0,
							0.0
						]
					},
					"lift_state": "lift_down"
				}
			}
		},
		"objects": {
			"Rack": {
				"Rack_02": {
					"name": "Rack_02",
					"pose": {
						"translation": [
							133.05699157714844,
							143.09999084472656,
							0.19921104609966278
						],
						"rotation": [
							0.983835756778717,
							0.1790735274553299,
							-4.97384462505579e-08,
							9.080395102500916e-09
						]
					}
				}
			}
		},
		"relationships": {
			"L-Rack": [
				[
					"AMR_LIFT01",
					"none"
				]
			]
		}
	},
	"timestamp_2": {
		"robots": {
			"ARMLIFT": {
				"AMR_LIFT01": {
					"name": "AMR_LIFT01",
					"pose": {
						"translation": [
							139.61685180664062,
							142.4679412841797,
							0.062001533806324005
						],
						"rotation": [
							-0.009422412142157555,
							-0.003604750381782651,
							-0.9340515732765198,
							0.35699591040611267
						]
					},
					"odometry": {
						"position": [
							0.5878144974259628,
							-7.831390527059298,
							-0.013291773395550517
						],
						"orientation": [
							-0.019812026257965232,
							0.0003805779504449059,
							-0.9338794484671391,
							0.35703853364404464
						],
						"linear": [
							0.0012261368101462722,
							0.0,
							0.0
						],
						"angular": [
							0.0,
							0.0,
							-0.0010186383733525872
						]
					},
					"aabb": [
						123.74000173068076,
						140.72583594848442,
						-0.01482919121199604,
						124.71722124892682,
						141.6630343501767,
						0.1629523652481011
					],
					"joint_state": {
						"position": [
							-1.6658,
							4.6762,
							1.0898,
							-5.5733,
							1.0688,
							-0.6835,
							0.0
						],
						"velocity": [
							-0.0062,
							0.0016,
							-0.0497,
							0.036,
							0.0088,
							0.0094,
							0.0
						],
						"effort": [
							0.0,
							0.0,
							0.0,
							0.0,
							0.0,
							0.0,
							0.0
						]
					},
					"lift_state": "lift_down"
				}
			}
		},
		"objects": {
			"Rack": {
				"Rack_02": {
					"name": "Rack_02",
					"pose": {
						"translation": [
							133.05699157714844,
							143.09999084472656,
							0.19921104609966278
						],
						"rotation": [
							0.983835756778717,
							0.1790735274553299,
							-4.97384462505579e-08,
							9.080395102500916e-09
						]
					}
				}
			}
		},
		"relationships": {
			"L-Rack": [
				[
					"AMR_LIFT01",
					"none"
				]
			]
		}
	},
	"timestamp_3": {
		"robots": {
			"ARMLIFT": {
				"AMR_LIFT01": {
					"name": "AMR_LIFT01",
					"pose": {
						"translation": [
							139.617431640625,
							142.4673309326172,
							0.06200141832232475
						],
						"rotation": [
							-0.009426299482584,
							-0.0035999321844428778,
							-0.9340285062789917,
							0.35705605149269104
						]
					},
					"odometry": {
						"position": [
							0.5884003194415558,
							-7.831995966076773,
							-0.0133049262885613
						],
						"orientation": [
							-0.0198156594128838,
							0.0003860652428478043,
							-0.9338563427480837,
							0.3570987562353508
						],
						"linear": [
							0.005132199265062809,
							0.0,
							0.0
						],
						"angular": [
							0.0,
							0.0,
							-0.0011885687708854675
						]
					},
					"aabb": [
						123.73954013990598,
						140.72635158755884,
						-0.014806998738361242,
						124.71670111112637,
						141.66363021027027,
						0.16295510649179434
					],
					"joint_state": {
						"position": [
							-1.6648,
							4.6754,
							1.1002,
							-5.5767,
							1.0713,
							-0.6805,
							0.0
						],
						"velocity": [
							0.0194,
							-0.014,
							0.0415,
							-0.0417,
							0.0875,
							-0.0407,
							0.0
						],
						"effort": [
							0.0,
							0.0,
							0.0,
							0.0,
							0.0,
							0.0,
							0.0
						]
					},
					"lift_state": "lift_down"
				}
			}
		},
		"objects": {
			"Rack": {
				"Rack_02": {
					"name": "Rack_02",
					"pose": {
						"translation": [
							133.05699157714844,
							143.09999084472656,
							0.19921104609966278
						],
						"rotation": [
							0.983835756778717,
							0.1790735274553299,
							-4.97384462505579e-08,
							9.080395102500916e-09
						]
					}
				}
			}
		},
		"relationships": {
			"L-Rack": [
				[
					"AMR_LIFT01",
					"none"
				]
			]
		}
	},
	"timestamp_4": {
		"robots": {
			"ARMLIFT": {
				"AMR_LIFT01": {
					"name": "AMR_LIFT01",
					"pose": {
						"translation": [
							139.61749267578125,
							142.46722412109375,
							0.06200256198644638
						],
						"rotation": [
							-0.009419873356819153,
							-0.003602792974561453,
							-0.9339603185653687,
							0.3572346568107605
						]
					},