{
	"timestamp_0": {
		"robots": {
			"ARMLIFT": {
				"AMR_LIFT01": {
					"name": "AMR_LIFT01",
					"pose": {
						"translation": [
							139.57432556152344,
							142.59524536132812,
							0.0620020292699337
						],
						"rotation": [
							-0.009325849823653698,
							-0.0037135924212634563,
							-0.9287478923797607,
							0.37057623267173767
						]
					},
					"odometry": {
						"position": [
							0.5453575031855032,
							-7.70411713030114,
							-0.012338415932855422
						],
						"orientation": [
							-0.019666311296918877,
							0.00043360547646059086,
							-0.928550311025534,
							0.3706849984564356
						],
						"linear": [
							-0.004954536911100149,
							0.0,
							0.0
						],
						"angular": [
							0.0,
							0.0,
							-0.002667133929207921
						]
					},
					"aabb": [
						123.79145877383962,
						140.58827607656937,
						-0.011533698021780265,
						124.75917681007684,
						141.53725946011664,
						0.16318160880870522
					],
					"joint_state": {
						"position": [
							-2.5101,
							4.074,
							0.9275,
							-4.7656,
							0.9154,
							0.1568,
							0.0
						],
						"velocity": [
							-0.0626,
							-0.0206,
							0.0004,
							0.1306,
							0.0977,
							0.0337,
							0.0
						],
						"effort": [
							0.0,
							0.0,
							0.0,
							0.0,
							0.0,
							0.0,
							0.0
						]
					},
					"lift_state": "lift_down"
				}
			}
		},
		"objects": {
			"Rack": {
				"Rack_02": {
					"name": "Rack_02",
					"pose": {
						"translation": [
							133.05699157714844,
							143.09999084472656,
							0.19921104609966278
						],
						"rotation": [
							0.983835756778717,
							0.1790735274553299,
							-4.97384462505579e-08,
							9.080395102500916e-09
						]
					}
				}
			}
		},
		"relationships": {
			"L-Rack": [
				[
					"AMR_LIFT01",
					"none"
				]
			]
		}
	},
	"timestamp_1": {
		"robots": {
			"ARMLIFT": {
				"AMR_LIFT01": {
					"name": "AMR_LIFT01",
					"pose": {
						"translation": [
							139.5745086669922,
							142.59495544433594,
							0.06201457977294922
						],
						"rotation": [
							-0.009323391132056713,
							-0.0037366733886301517,
							-0.9288550019264221,
							0.3703075647354126
						]
					},
					"odometry": {
						"position": [
							0.545474857041676,
							-7.70438078037124,
							-0.012332876552353367
						],
						"orientation": [
							-0.019655001050643443,
							0.0003967418695009327,
							-0.9286839358146537,
							0.37035074036566007
						],
						"linear": [
							0.0007308645290322602,
							0.0,
							0.0
						],
						"angular": [
							0.0,
							0.0,
							0.000495514424983412
						]
					},
					"aabb": [
						123.79115593580697,
						140.5885817211808,
						-0.011547103751423435,
						124.75919013809589,
						141.53720014384237,
						0.16317341340096442
					],
					"joint_state": {
						"position": [
							-2.5089,
							4.0749,
							0.9261,
							-4.766,
							0.9048,
							0.1603,
							0.0
						],
						"velocity": [
							-0.006,
							-0.0058,
							-0.0985,
							0.0429,
							-0.098,
							0.0414,
							0.0
						],
						"effort": [
							0.0,
							0.0,
							0.0,
							0.0,
							0.0,
							0.0,
							0.0
						]
					},
					"lift_state": "lift_down"
				}
			}
		},
		"objects": {
			"Rack": {
				"Rack_02": {
					"name": "Rack_02",
					"pose": {
						"translation": [
							133.05699157714844,
							143.09999084472656,
							0.19921104609966278
						],
						"rotation": [
							0.983835756778717,
							0.1790735274553299,
							-4.97384462505579e-08,
							9.080395102500916e-09
						]
					}
				}
			}
		},
		"relationships": {
			"L-Rack": [
				[
					"AMR_LIFT01",
					"none"
				]
			]
		}
	},
	"timestamp_2": {
		"robots": {
			"ARMLIFT": {
				"AMR_LIFT01": {
					"name": "AMR_LIFT01",
					"pose": {
						"translation": [
							139.5740966796875,
							142.59478759765625,
							0.06200065463781357
						],
						"rotation": [
							-0.009314346127212048,
							-0.0037095239385962486,
							-0.9288618564605713,
							0.3702908456325531
						]
					},
					"odometry": {
						"position": [
							0.5450645018266698,
							-7.704546845540499,
							-0.012337645704704749
						],
						"orientation": [
							-0.019646032891344718,
							0.0004237036925801053,
							-0.9286909178343794,
							0.3703336779159452
						],
						"linear": [
							-0.0016193992923945189,
							0.0,
							0.0
						],
						"angular": [
							0.0,
							0.0,
							0.0005076571251265705
						]
					},
					"aabb": [
						123.79172477359603,
						140.58862838242973,
						-0.011554119525318542,
						124.7597453356635,
						141.53726030363637,
						0.16317040806473976
					],
					"joint_state": {
						"position": [
							-2.5076,
							4.076,
							0.9062,
							-4.7584,
							0.8839,
							0.1658,
							0.0
						],
						"velocity": [
							0.0143,
							-0.0168,
							0.0121,
							-0.0117,
							0.0832,
							-0.0326,
							0.0
						],
						"effort": [
							0.0,
							0.0,
							0.0,
							0.0,
							0.0,
							0.0,
							0.0
						]
					},
					"lift_state": "lift_down"
				}
			}
		},
		"objects": {
			"Rack": {
				"Rack_02": {
					"name": "Rack_02",
					"pose": {
						"translation": [
							133.05699157714844,
							143.09999084472656,
							0.19921104609966278
						],
						"rotation": [
							0.983835756778717,
							0.1790735274553299,
							-4.97384462505579e-08,
							9.080395102500916e-09
						]
					}
				}
			}
		},
		"relationships": {
			"L-Rack": [
				[
					"AMR_LIFT01",
					"none"
				]
			]
		}
	},
	"timestamp_3": {
		"robots": {
			"ARMLIFT": {
				"AMR_LIFT01": {
					"name": "AMR_LIFT01",
					"pose": {
						"translation": [
							139.57347106933594,
							142.59405517578125,
							0.06200508028268814
						],
						"rotation": [
							-0.009317039512097836,
							-0.0037110773846507072,
							-0.9288175702095032,
							0.3704017400741577
						]
					},
					"odometry": {
						"position": [
							0.5444300293716807,
							-7.7052695282396355,
							-0.012319136964584705
						],
						"orientation": [
							-0.019648234304474665,
							0.0004233842073425942,
							-0.92864659983591,
							0.3704446790652188
						],
						"linear": [
							-0.00037468227674253285,
							0.0,
							0.0
						],
						"angular": [
							0.0,
							0.0,
							-0.003033233806490898
						]
					},
					"aabb": [
						123.79202355855874,
						140.58918740910772,
						-0.011539773380769718,
						124.76003750160669,
						141.53782807604205,
						0.16316945508674668
					],
					"joint_state": {
						"position": [
							-2.507,
							4.0774,
							0.8976,
							-4.7619,
							0.8786,
							0.1609,
							0.0
						],
						"velocity": [
							0.0214,
							0.0102,
							-0.0579,
							0.0569,
							-0.0328,
							0.0602,
							0.0
						],
						"effort": [
							0.0,
							0.0,
							0.0,
							0.0,
							0.0,
							0.0,
							0.0
						]
					},
					"lift_state": "lift_down"
				}
			}
		},
		"objects": {
			"Rack": {
				"Rack_02": {
					"name": "Rack_02",
					"pose": {
						"translation": [
							133.05699157714844,
							143.09999084472656,
							0.19921104609966278
						],
						"rotation": [
							0.983835756778717,
							0.1790735274553299,
							-4.97384462505579e-08,
							9.080395102500916e-09
						]
					}
				}
			}
		},
		"relationships": {
			"L-Rack": [
				[
					"AMR_LIFT01",
					"none"
				]
			]
		}
	},
	"timestamp_4": {
		"robots": {
			"ARMLIFT": {
				"AMR_LIFT01": {
					"name": "AMR_LIFT01",
					"pose": {
						"translation": [
							139.57327270507812,
							142.5941925048828,
							0.06200393661856651
						],
						"rotation": [
							-0.00931075494736433,
							-0.0037184827961027622,
							-0.9288021326065063,
							0.37044069170951843
						]
					},