{
	"timestamp_0": {
		"robots": {
			"ARMLIFT": {
				"AMR_LIFT01": {
					"name": "AMR_LIFT01",
					"pose": {
						"translation": [
							139.62005615234375,
							142.4552764892578,
							0.06200031191110611
						],
						"rotation": [
							-0.009419788606464863,
							-0.0035838221665471792,
							-0.9345968961715698,
							0.3555663228034973
						]
					},
					"odometry": {
						"position": [
							0.590968652354907,
							-7.8441833564439,
							-0.013363778346933449
						],
						"orientation": [
							-0.01981419238313679,
							0.0003863660443831634,
							-0.9344180446598027,
							0.3556264420928718
						],
						"linear": [
							0.004484750330448151,
							0.0,
							0.0
						],
						"angular": [
							0.0,
							0.0,
							0.001907753525301814
						]
					},
					"aabb": [
						123.73598628278224,
						140.73965498428487,
						-0.014812289494340086,
						124.71410991123328,
						141.67562294786737,
						0.16292566617032356
					],
					"joint_state": {
						"position": [
							-1.5728,
							4.7634,
							1.0418,
							-5.6856,
							1.0422,
							-0.803,
							0.0
						],
						"velocity": [
							0.031,
							0.0612,
							0.0716,
							-0.0544,
							0.101,
							-0.0502,
							0.0
						],
						"effort": [
							0.0,
							0.0,
							0.0,
							0.0,
							0.0,
							0.0,
							0.0
						]
					},
					"lift_state": "lift_down"
				}
			}
		},
		"objects": {
			"Rack": {
				"Rack_02": {
					"name": "Rack_02",
					"pose": {
						"translation": [
							133.05699157714844,
							143.09999084472656,
							0.19921104609966278
						],
						"rotation": [
							0.983835756778717,
							0.1790735274553299,
							-4.97384462505579e-08,
							9.080395102500916e-09
						]
					}
				}
			}
		},
		"relationships": {
			"L-Rack": [
				[
					"AMR_LIFT01",
					"none"
				]
			]
		}
	},
	"timestamp_1": {
		"robots": {
			"ARMLIFT": {
				"AMR_LIFT01": {
					"name": "AMR_LIFT01",
					"pose": {
						"translation": [
							139.6200408935547,
							142.45545959472656,
							0.06200023368000984
						],
						"rotation": [
							-0.009414609521627426,
							-0.003583185374736786,
							-0.9345628619194031,
							0.35565581917762756
						]
					},
					"odometry": {
						"position": [
							0.5909979293730873,
							-7.84387085393235,
							-0.013364250664723354
						],
						"orientation": [
							-0.019809931596642193,
							0.00038723482070777835,
							-0.9343907896098416,
							0.3556982835938726
						],
						"linear": [
							-0.00048167744535021484,
							0.0,
							0.0
						],
						"angular": [
							0.0,
							0.0,
							0.0034087535459548235
						]
					},
					"aabb": [
						123.73619219572852,
						140.73921748651406,
						-0.014813534623897208,
						124.71428417739611,
						141.67522790614785,
						0.16292550182262072
					],
					"joint_state": {
						"position": [
							-1.5726,
							4.7637,
							1.0295,
							-5.6738,
							1.0294,
							-0.7922,
							0.0
						],
						"velocity": [
							-0.0165,
							0.0137,
							0.0061,
							0.0115,
							0.002,
							0.0117,
							0.0
						],
						"effort": [
							0.0,
							0.0,
							0.0,
							0.0,
							0.0,
							0.0,
							0.0
						]
					},
					"lift_state": "lift_down"
				}
			}
		},
		"objects": {
			"Rack": {
				"Rack_02": {
					"name": "Rack_02",
					"pose": {
						"translation": [
							133.05699157714844,
							143.09999084472656,
							0.19921104609966278
						],
						"rotation": [
							0.983835756778717,
							0.1790735274553299,
							-4.97384462505579e-08,
							9.080395102500916e-09
						]
					}
				}
			}
		},
		"relationships": {
			"L-Rack": [
				[
					"AMR_LIFT01",
					"none"
				]
			]
		}
	},
	"timestamp_2": {
		"robots": {
			"ARMLIFT": {
				"AMR_LIFT01": {
					"name": "AMR_LIFT01",
					"pose": {
						"translation": [
							139.62022399902344,
							142.45504760742188,
							0.06200122833251953
						],
						"rotation": [
							-0.009411388076841831,
							-0.0035827727988362312,
							-0.9344677329063416,
							0.355905681848526
						]
					},
					"odometry": {
						"position": [
							0.5911834736885772,
							-7.844280999199426,
							-0.013367409200038146
						],
						"orientation": [
							-0.019805650202609385,
							0.0003904271927655794,
							-0.9342956960767784,
							0.3559482210646197
						],
						"linear": [
							0.0006974459975026548,
							0.0,
							0.0
						],
						"angular": [
							0.0,
							0.0,
							0.0006129186949692667
						]
					},
					"aabb": [
						123.73618009054273,
						140.73935342979854,
						-0.014812049444978232,
						124.71409011371557,
						141.6756106362034,
						0.16292453439828233
					],
					"joint_state": {
						"position": [
							-1.5718,
							4.7637,
							1.0189,
							-5.6677,
							1.0181,
							-0.7901,
							0.0
						],
						"velocity": [
							0.0018,
							-0.0008,
							-0.0737,
							0.0587,
							-0.0772,
							0.046,
							0.0
						],
						"effort": [
							0.0,
							0.0,
							0.0,
							0.0,
							0.0,
							0.0,
							0.0
						]
					},
					"lift_state": "lift_down"
				}
			}
		},
		"objects": {
			"Rack": {
				"Rack_02": {
					"name": "Rack_02",
					"pose": {
						"translation": [
							133.05699157714844,
							143.09999084472656,
							0.19921104609966278
						],
						"rotation": [
							0.983835756778717,
							0.1790735274553299,
							-4.97384462505579e-08,
							9.080395102500916e-09
						]
					}
				}
			}
		},
		"relationships": {
			"L-Rack": [
				[
					"AMR_LIFT01",
					"none"
				]
			]
		}
	},
	"timestamp_3": {
		"robots": {
			"ARMLIFT": {
				"AMR_LIFT01": {
					"name": "AMR_LIFT01",
					"pose": {
						"translation": [
							139.62037658691406,
							142.45469665527344,
							0.06200046464800835
						],
						"rotation": [
							-0.009408028796315193,
							-0.0035858675837516785,
							-0.9343820810317993,
							0.3561307489871979
						]
					},
					"odometry": {
						"position": [
							0.5913396860952429,
							-7.844622789945091,
							-0.013371652296438805
						],
						"orientation": [
							-0.01980133021599398,
							0.0003898355994858153,
							-0.934210077909664,
							0.35617311195807905
						],
						"linear": [
							0.0035639568231999874,
							0.0,
							0.0
						],
						"angular": [
							0.0,
							0.0,
							-0.0030304747633635998
						]
					},
					"aabb": [
						123.73592142948206,
						140.73959669434691,
						-0.014811752876044191,
						124.71368254732128,
						141.676056131806,
						0.16292283313509487
					],
					"joint_state": {
						"position": [
							-1.5718,
							4.7655,
							1.0152,
							-5.6702,
							1.0148,
							-0.7933,
							0.0
						],
						"velocity": [
							-0.0727,
							-0.0142,
							0.0698,
							0.1395,
							0.0846,
							-0.0445,
							0.0
						],
						"effort": [
							0.0,
							0.0,
							0.0,
							0.0,
							0.0,
							0.0,
							0.0
						]
					},
					"lift_state": "lift_down"
				}
			}
		},
		"objects": {
			"Rack": {
				"Rack_02": {
					"name": "Rack_02",
					"pose": {
						"translation": [
							133.05699157714844,
							143.09999084472656,
							0.19921104609966278
						],
						"rotation": [
							0.983835756778717,
							0.1790735274553299,
							-4.97384462505579e-08,
							9.080395102500916e-09
						]
					}
				}
			}
		},
		"relationships": {
			"L-Rack": [
				[
					"AMR_LIFT01",
					"none"
				]
			]
		}
	},
	"timestamp_4": {
		"robots": {
			"ARMLIFT": {
				"AMR_LIFT01": {
					"name": "AMR_LIFT01",
					"pose": {
						"translation": [
							139.62046813964844,
							142.45477294921875,
							0.06200042739510536
						],
						"rotation": [
							-0.009417379274964333,
							-0.003581179305911064,
							-0.9346247315406799,
							0.3554930090904236
						]
					},