{
	"timestamp_0": {
		"robots": {
			"ARMLIFT": {
				"AMR_LIFT01": {
					"name": "AMR_LIFT01",
					"pose": {
						"translation": [
							139.62086486816406,
							142.43470764160156,
							0.06200118735432625
						],
						"rotation": [
							-0.00942958053201437,
							-0.0035447317641228437,
							-0.9358303546905518,
							0.35230696201324463
						]
					},
					"odometry": {
						"position": [
							0.5918289126351313,
							-7.86461303643302,
							-0.013382323951042654
						],
						"orientation": [
							-0.019839055928037485,
							0.000388433632366535,
							-0.9356581642547174,
							0.352349344603747
						],
						"linear": [
							0.0011749912519007921,
							0.0,
							0.0
						],
						"angular": [
							0.0,
							0.0,
							0.0023872798774391413
						]
					},
					"aabb": [
						123.73332377528394,
						140.762500375297,
						-0.014275534443859735,
						124.7135863355264,
						141.6954825917508,
						0.16288782932961354
					],
					"joint_state": {
						"position": [
							-1.4438,
							4.8571,
							1.0349,
							-5.8107,
							1.0257,
							-0.9285,
							0.0
						],
						"velocity": [
							0.0002,
							-0.0189,
							-0.0476,
							0.0326,
							-0.0661,
							0.0207,
							0.0
						],
						"effort": [
							0.0,
							0.0,
							0.0,
							0.0,
							0.0,
							0.0,
							0.0
						]
					},
					"lift_state": "lift_down"
				}
			}
		},
		"objects": {
			"Rack": {
				"Rack_02": {
					"name": "Rack_02",
					"pose": {
						"translation": [
							133.05699157714844,
							143.09999084472656,
							0.19921104609966278
						],
						"rotation": [
							0.983835756778717,
							0.1790735274553299,
							-4.97384462505579e-08,
							9.080395102500916e-09
						]
					}
				}
			}
		},
		"relationships": {
			"L-Rack": [
				[
					"AMR_LIFT01",
					"none"
				]
			]
		}
	},
	"timestamp_1": {
		"robots": {
			"ARMLIFT": {
				"AMR_LIFT01": {
					"name": "AMR_LIFT01",
					"pose": {
						"translation": [
							139.62124633789062,
							142.4339141845703,
							0.062002334743738174
						],
						"rotation": [
							-0.009435301646590233,
							-0.0035438628401607275,
							-0.9358763694763184,
							0.3521844446659088
						]
					},
					"odometry": {
						"position": [
							0.5922097451719353,
							-7.865413796780855,
							-0.013389678712751889
						],
						"orientation": [
							-0.019845293219161727,
							0.000387939716737598,
							-0.9357041166014863,
							0.35222694390812004
						],
						"linear": [
							0.002367857377976179,
							0.0,
							0.0
						],
						"angular": [
							0.0,
							0.0,
							0.007685950957238674
						]
					},
					"aabb": [
						123.73268335551334,
						140.7635930468472,
						-0.014220657696054944,
						124.71299255795228,
						141.696509266928,
						0.16288470513627712
					],
					"joint_state": {
						"position": [
							-1.4426,
							4.8582,
							1.0454,
							-5.8155,
							1.0344,
							-0.9372,
							0.0
						],
						"velocity": [
							-0.021,
							-0.019,
							-0.0095,
							0.0409,
							-0.1252,
							0.0478,
							0.0
						],
						"effort": [
							0.0,
							0.0,
							0.0,
							0.0,
							0.0,
							0.0,
							0.0
						]
					},
					"lift_state": "lift_down"
				}
			}
		},
		"objects": {
			"Rack": {
				"Rack_02": {
					"name": "Rack_02",
					"pose": {
						"translation": [
							133.05699157714844,
							143.09999084472656,
							0.19921104609966278
						],
						"rotation": [
							0.983835756778717,
							0.1790735274553299,
							-4.97384462505579e-08,
							9.080395102500916e-09
						]
					}
				}
			}
		},
		"relationships": {
			"L-Rack": [
				[
					"AMR_LIFT01",
					"none"
				]
			]
		}
	},
	"timestamp_2": {
		"robots": {
			"ARMLIFT": {
				"AMR_LIFT01": {
					"name": "AMR_LIFT01",
					"pose": {
						"translation": [
							139.620849609375,
							142.4342498779297,
							0.062000080943107605
						],
						"rotation": [
							-0.009427553974092007,
							-0.003549118060618639,
							-0.9358417987823486,
							0.35227635502815247
						]
					},
					"odometry": {
						"position": [
							0.5920632705008712,
							-7.865345447089787,
							-0.013387449542848154
						],
						"orientation": [
							-0.01983733246978926,
							0.00038000226475651445,
							-0.9356871476674941,
							0.35227247625755703
						],
						"linear": [
							0.001220248406752944,
							0.0,
							0.0
						],
						"angular": [
							0.0,
							0.0,
							-0.000352556467987597
						]
					},
					"aabb": [
						123.73293234956158,
						140.7633667212541,
						-0.014269327842528134,
						124.71321604503972,
						141.69631843263204,
						0.1628851163954778
					],
					"joint_state": {
						"position": [
							-1.4407,
							4.858,
							1.0387,
							-5.8102,
							1.0292,
							-0.933,
							0.0
						],
						"velocity": [
							-0.0061,
							-0.0431,
							-0.134,
							0.1372,
							-0.0866,
							0.0551,
							0.0
						],
						"effort": [
							0.0,
							0.0,
							0.0,
							0.0,
							0.0,
							0.0,
							0.0
						]
					},
					"lift_state": "lift_down"
				}
			}
		},
		"objects": {
			"Rack": {
				"Rack_02": {
					"name": "Rack_02",
					"pose": {
						"translation": [
							133.05699157714844,
							143.09999084472656,
							0.19921104609966278
						],
						"rotation": [
							0.983835756778717,
							0.1790735274553299,
							-4.97384462505579e-08,
							9.080395102500916e-09
						]
					}
				}
			}
		},
		"relationships": {
			"L-Rack": [
				[
					"AMR_LIFT01",
					"none"
				]
			]
		}
	},
	"timestamp_3": {
		"robots": {
			"ARMLIFT": {
				"AMR_LIFT01": {
					"name": "AMR_LIFT01",
					"pose": {
						"translation": [
							139.6209259033203,
							142.4342498779297,
							0.06200168654322624
						],
						"rotation": [
							-0.00942283682525158,
							-0.0035463368985801935,
							-0.9357394576072693,
							0.35254842042922974
						]
					},
					"odometry": {
						"position": [
							0.5918875264294995,
							-7.865072017675842,
							-0.013383170837384047
						],
						"orientation": [
							-0.019831299433363102,
							0.00038951468655462043,
							-0.935567339824615,
							0.35259086842200926
						],
						"linear": [
							0.0027127268258482218,
							0.0,
							0.0
						],
						"angular": [
							0.0,
							0.0,
							-0.0013590106973424554
						]
					},
					"aabb": [
						123.73322529872334,
						140.76292200829823,
						-0.01432660301972967,
						124.71327504334299,
						141.69620557454022,
						0.1628878760499028
					],
					"joint_state": {
						"position": [
							-1.4403,
							4.8592,
							1.0292,
							-5.7979,
							1.0083,
							-0.9221,
							0.0
						],
						"velocity": [
							-0.0253,
							-0.0164,
							-0.3531,
							0.1722,
							-0.3623,
							0.1895,
							0.0
						],
						"effort": [
							0.0,
							0.0,
							0.0,
							0.0,
							0.0,
							0.0,
							0.0
						]
					},
					"lift_state": "lift_down"
				}
			}
		},
		"objects": {
			"Rack": {
				"Rack_02": {
					"name": "Rack_02",
					"pose": {
						"translation": [
							133.05699157714844,
							143.09999084472656,
							0.19921104609966278
						],
						"rotation": [
							0.983835756778717,
							0.1790735274553299,
							-4.97384462505579e-08,
							9.080395102500916e-09
						]
					}
				}
			}
		},
		"relationships": {
			"L-Rack": [
				[
					"AMR_LIFT01",
					"none"
				]
			]
		}
	},
	"timestamp_4": {
		"robots": {
			"ARMLIFT": {
				"AMR_LIFT01": {
					"name": "AMR_LIFT01",
					"pose": {
						"translation": [
							139.6206817626953,
							142.4339599609375,
							0.06200103461742401
						],
						"rotation": [
							-0.009422200731933117,
							-0.0035519369412213564,
							-0.9358043670654297,
							0.35237598419189453
						]
					},