{
	"timestamp_0": {
		"robots": {
			"ARMLIFT": {
				"AMR_LIFT01": {
					"name": "AMR_LIFT01",
					"pose": {
						"translation": [
							139.60633850097656,
							142.50648498535156,
							0.062006834894418716
						],
						"rotation": [
							-0.009409809485077858,
							-0.0037259014789015055,
							-0.930368959903717,
							0.36648499965667725
						]
					},
					"odometry": {
						"position": [
							0.5772976179024142,
							-7.79284607717213,
							-0.013051372837739666
						],
						"orientation": [
							-0.01975831651815097,
							0.0003649900379014798,
							-0.9301969505852208,
							0.36652845569286613
						],
						"linear": [
							-0.0006576429004780948,
							0.0,
							0.0
						],
						"angular": [
							0.0,
							0.0,
							0.003869015956297517
						]
					},
					"aabb": [
						123.75670396979667,
						140.68004065593587,
						-0.01384846144054404,
						124.72746009512026,
						141.62547872967428,
						0.16302715577257984
					],
					"joint_state": {
						"position": [
							-1.9834,
							4.4514,
							1.1321,
							-5.3214,
							1.1619,
							-0.4668,
							0.0
						],
						"velocity": [
							0.0095,
							-0.0023,
							0.019,
							-0.0086,
							0.2048,
							-0.0406,
							0.0
						],
						"effort": [
							0.0,
							0.0,
							0.0,
							0.0,
							0.0,
							0.0,
							0.0
						]
					},
					"lift_state": "lift_down"
				}
			}
		},
		"objects": {
			"Rack": {
				"Rack_02": {
					"name": "Rack_02",
					"pose": {
						"translation": [
							133.05699157714844,
							143.09999084472656,
							0.19921104609966278
						],
						"rotation": [
							0.983835756778717,
							0.1790735274553299,
							-4.97384462505579e-08,
							9.080395102500916e-09
						]
					}
				}
			}
		},
		"relationships": {
			"L-Rack": [
				[
					"AMR_LIFT01",
					"none"
				]
			]
		}
	},
	"timestamp_1": {
		"robots": {
			"ARMLIFT": {
				"AMR_LIFT01": {
					"name": "AMR_LIFT01",
					"pose": {
						"translation": [
							139.60604858398438,
							142.50650024414062,
							0.06200321018695831
						],
						"rotation": [
							-0.009412267245352268,
							-0.003697139210999012,
							-0.9304552674293518,
							0.36626625061035156
						]
					},
					"odometry": {
						"position": [
							0.57700464161937,
							-7.792826568457072,
							-0.013048404304046045
						],
						"orientation": [
							-0.019761734241158124,
							0.00039131680523554275,
							-0.9302832000578727,
							0.36630927973643224
						],
						"linear": [
							0.001041107578203082,
							0.0,
							0.0
						],
						"angular": [
							0.0,
							0.0,
							-1.461034389649285e-05
						]
					},
					"aabb": [
						123.75707064917151,
						140.68001882693562,
						-0.013910405184773761,
						124.72798845705718,
						141.62526074976836,
						0.16302670731535165
					],
					"joint_state": {
						"position": [
							-1.983,
							4.4517,
							1.129,
							-5.323,
							1.155,
							-0.4666,
							0.0
						],
						"velocity": [
							-0.0148,
							-0.0149,
							-0.1466,
							0.0665,
							-0.1716,
							0.0631,
							0.0
						],
						"effort": [
							0.0,
							0.0,
							0.0,
							0.0,
							0.0,
							0.0,
							0.0
						]
					},
					"lift_state": "lift_down"
				}
			}
		},
		"objects": {
			"Rack": {
				"Rack_02": {
					"name": "Rack_02",
					"pose": {
						"translation": [
							133.05699157714844,
							143.09999084472656,
							0.19921104609966278
						],
						"rotation": [
							0.983835756778717,
							0.1790735274553299,
							-4.97384462505579e-08,
							9.080395102500916e-09
						]
					}
				}
			}
		},
		"relationships": {
			"L-Rack": [
				[
					"AMR_LIFT01",
					"none"
				]
			]
		}
	},
	"timestamp_2": {
		"robots": {
			"ARMLIFT": {
				"AMR_LIFT01": {
					"name": "AMR_LIFT01",
					"pose": {
						"translation": [
							139.60610961914062,
							142.50665283203125,
							0.06199989095330238
						],
						"rotation": [
							-0.00940675474703312,
							-0.0037047136574983597,
							-0.9304210543632507,
							0.3663531243801117
						]
					},
					"odometry": {
						"position": [
							0.5770729012957659,
							-7.792670321131157,
							-0.013053270636467499
						],
						"orientation": [
							-0.01975584042855559,
							0.00038470918200518274,
							-0.9302491002776369,
							0.3663961929393564
						],
						"linear": [
							-0.006099885795265436,
							0.0,
							0.0
						],
						"angular": [
							0.0,
							0.0,
							0.002898340579122305
						]
					},
					"aabb": [
						123.75682462386527,
						140.68003189878857,
						-0.013855792483762347,
						124.72768203077207,
						141.62534710565697,
						0.16303277746469658
					],
					"joint_state": {
						"position": [
							-1.9812,
							4.4523,
							1.1295,
							-5.3219,
							1.1483,
							-0.4636,
							0.0
						],
						"velocity": [
							-0.0007,
							-0.0037,
							0.0672,
							0.0011,
							0.0516,
							0.0019,
							0.0
						],
						"effort": [
							0.0,
							0.0,
							0.0,
							0.0,
							0.0,
							0.0,
							0.0
						]
					},
					"lift_state": "lift_down"
				}
			}
		},
		"objects": {
			"Rack": {
				"Rack_02": {
					"name": "Rack_02",
					"pose": {
						"translation": [
							133.05699157714844,
							143.09999084472656,
							0.19921104609966278
						],
						"rotation": [
							0.983835756778717,
							0.1790735274553299,
							-4.97384462505579e-08,
							9.080395102500916e-09
						]
					}
				}
			}
		},
		"relationships": {
			"L-Rack": [
				[
					"AMR_LIFT01",
					"none"
				]
			]
		}
	},
	"timestamp_3": {
		"robots": {
			"ARMLIFT": {
				"AMR_LIFT01": {
					"name": "AMR_LIFT01",
					"pose": {
						"translation": [
							139.6061248779297,
							142.50640869140625,
							0.06200248748064041
						],
						"rotation": [
							-0.009406238794326782,
							-0.0037016901187598705,
							-0.9302648901939392,
							0.36674970388412476
						]
					},
					"odometry": {
						"position": [
							0.5769949979199036,
							-7.792816792685829,
							-0.013042795466740338
						],
						"orientation": [
							-0.01975644568945048,
							0.00037400174925520817,
							-0.9300927749526907,
							0.36679282020946763
						],
						"linear": [
							0.0015795060899108648,
							0.0,
							0.0
						],
						"angular": [
							0.0,
							0.0,
							0.0005314699374139309
						]
					},
					"aabb": [
						123.75694511856256,
						140.6800310794965,
						-0.013865180687547395,
						124.72759963168595,
						141.6255901300964,
						0.16302518646383787
					],
					"joint_state": {
						"position": [
							-1.981,
							4.4523,
							1.1203,
							-5.3198,
							1.1354,
							-0.4547,
							0.0
						],
						"velocity": [
							-0.0021,
							0.0147,
							-0.0035,
							-0.0006,
							0.0001,
							-0.0011,
							0.0
						],
						"effort": [
							0.0,
							0.0,
							0.0,
							0.0,
							0.0,
							0.0,
							0.0
						]
					},
					"lift_state": "lift_down"
				}
			}
		},
		"objects": {
			"Rack": {
				"Rack_02": {
					"name": "Rack_02",
					"pose": {
						"translation": [
							133.05699157714844,
							143.09999084472656,
							0.19921104609966278
						],
						"rotation": [
							0.983835756778717,
							0.1790735274553299,
							-4.97384462505579e-08,
							9.080395102500916e-09
						]
					}
				}
			}
		},
		"relationships": {
			"L-Rack": [
				[
					"AMR_LIFT01",
					"none"
				]
			]
		}
	},
	"timestamp_4": {
		"robots": {
			"ARMLIFT": {
				"AMR_LIFT01": {
					"name": "AMR_LIFT01",
					"pose": {
						"translation": [
							139.60562133789062,
							142.50669860839844,
							0.06200019642710686
						],
						"rotation": [
							-0.009402054361999035,
							-0.003701956709846854,
							-0.9303412437438965,
							0.3665558993816376
						]
					},