{
	"timestamp_0": {
		"robots": {
			"ARMLIFT": {
				"AMR_LIFT01": {
					"name": "AMR_LIFT01",
					"pose": {
						"translation": [
							139.59945678710938,
							142.53053283691406,
							0.06200370565056801
						],
						"rotation": [
							-0.009426979348063469,
							-0.0037508963141590357,
							-0.9295200705528259,
							0.3686320185661316
						]
					},
					"odometry": {
						"position": [
							0.5702766046009592,
							-7.768676480343735,
							-0.012894400221049006
						],
						"orientation": [
							-0.019762777355620025,
							0.0003534643198344232,
							-0.9293289689761743,
							0.3687234398785188
						],
						"linear": [
							0.00495957862585783,
							0.0,
							0.0
						],
						"angular": [
							0.0,
							0.0,
							-0.0019442576449364424
						]
					},
					"aabb": [
						123.76519219269078,
						140.65400426531534,
						-0.012346759461477666,
						124.73436349678548,
						141.6013376130198,
						0.16308852512458608
					],
					"joint_state": {
						"position": [
							-2.1356,
							4.3438,
							1.2206,
							-5.2229,
							1.2176,
							-0.3649,
							0.0
						],
						"velocity": [
							0.0288,
							0.0311,
							0.0578,
							-0.1001,
							0.0946,
							-0.0989,
							0.0
						],
						"effort": [
							0.0,
							0.0,
							0.0,
							0.0,
							0.0,
							0.0,
							0.0
						]
					},
					"lift_state": "lift_down"
				}
			}
		},
		"objects": {
			"Rack": {
				"Rack_02": {
					"name": "Rack_02",
					"pose": {
						"translation": [
							133.05699157714844,
							143.09999084472656,
							0.19921104609966278
						],
						"rotation": [
							0.983835756778717,
							0.1790735274553299,
							-4.97384462505579e-08,
							9.080395102500916e-09
						]
					}
				}
			}
		},
		"relationships": {
			"L-Rack": [
				[
					"AMR_LIFT01",
					"none"
				]
			]
		}
	},
	"timestamp_1": {
		"robots": {
			"ARMLIFT": {
				"AMR_LIFT01": {
					"name": "AMR_LIFT01",
					"pose": {
						"translation": [
							139.59921264648438,
							142.53009033203125,
							0.06200103461742401
						],
						"rotation": [
							-0.009423629380762577,
							-0.0037386235781013966,
							-0.9294028282165527,
							0.36892789602279663
						]
					},
					"odometry": {
						"position": [
							0.5701788729819748,
							-7.769242904368668,
							-0.012898050539646454
						],
						"orientation": [
							-0.019761347427932806,
							0.000379442326141297,
							-0.929230647421309,
							0.36897120357058893
						],
						"linear": [
							0.008998592384159565,
							0.0,
							0.0
						],
						"angular": [
							0.0,
							0.0,
							0.0034003197215497494
						]
					},
					"aabb": [
						123.7648752388663,
						140.65457873579965,
						-0.012336607648109238,
						124.73408245918478,
						141.60187055423484,
						0.16308255386108894
					],
					"joint_state": {
						"position": [
							-2.1348,
							4.3433,
							1.2056,
							-5.2115,
							1.1998,
							-0.3605,
							0.0
						],
						"velocity": [
							-0.0137,
							0.0154,
							-0.0208,
							0.0427,
							-0.0525,
							0.0418,
							0.0
						],
						"effort": [
							0.0,
							0.0,
							0.0,
							0.0,
							0.0,
							0.0,
							0.0
						]
					},
					"lift_state": "lift_down"
				}
			}
		},
		"objects": {
			"Rack": {
				"Rack_02": {
					"name": "Rack_02",
					"pose": {
						"translation": [
							133.05699157714844,
							143.09999084472656,
							0.19921104609966278
						],
						"rotation": [
							0.983835756778717,
							0.1790735274553299,
							-4.97384462505579e-08,
							9.080395102500916e-09
						]
					}
				}
			}
		},
		"relationships": {
			"L-Rack": [
				[
					"AMR_LIFT01",
					"none"
				]
			]
		}
	},
	"timestamp_2": {
		"robots": {
			"ARMLIFT": {
				"AMR_LIFT01": {
					"name": "AMR_LIFT01",
					"pose": {
						"translation": [
							139.59945678710938,
							142.53018188476562,
							0.06201107054948807
						],
						"rotation": [
							-0.009429370984435081,
							-0.0037631469313055277,
							-0.929428219795227,
							0.3688633143901825
						]
					},
					"odometry": {
						"position": [
							0.5704134082983892,
							-7.769145215653817,
							-0.012893224400221167
						],
						"orientation": [
							-0.0197673748490181,
							0.000354202281406032,
							-0.929256010613644,
							0.3689070237481761
						],
						"linear": [
							-0.005646673962473869,
							0.0,
							0.0
						],
						"angular": [
							0.0,
							0.0,
							-0.008504712022840977
						]
					},
					"aabb": [
						123.76523344645439,
						140.6544695233305,
						-0.012379738837169505,
						124.73423415198955,
						141.60200501620702,
						0.16309169449677946
					],
					"joint_state": {
						"position": [
							-2.1348,
							4.3464,
							1.223,
							-5.2246,
							1.2154,
							-0.3678,
							0.0
						],
						"velocity": [
							0.0315,
							0.0665,
							0.1239,
							-0.2018,
							0.1515,
							-0.0952,
							0.0
						],
						"effort": [
							0.0,
							0.0,
							0.0,
							0.0,
							0.0,
							0.0,
							0.0
						]
					},
					"lift_state": "lift_down"
				}
			}
		},
		"objects": {
			"Rack": {
				"Rack_02": {
					"name": "Rack_02",
					"pose": {
						"translation": [
							133.05699157714844,
							143.09999084472656,
							0.19921104609966278
						],
						"rotation": [
							0.983835756778717,
							0.1790735274553299,
							-4.97384462505579e-08,
							9.080395102500916e-09
						]
					}
				}
			}
		},
		"relationships": {
			"L-Rack": [
				[
					"AMR_LIFT01",
					"none"
				]
			]
		}
	},
	"timestamp_3": {
		"robots": {
			"ARMLIFT": {
				"AMR_LIFT01": {
					"name": "AMR_LIFT01",
					"pose": {
						"translation": [
							139.5995330810547,
							142.530029296875,
							0.06199989095330238
						],
						"rotation": [
							-0.009431039914488792,
							-0.0037411770317703485,
							-0.9294530153274536,
							0.3688010275363922
						]
					},
					"odometry": {
						"position": [
							0.5705010362274245,
							-7.769301483392371,
							-0.012906375554221665
						],
						"orientation": [
							-0.01976932277850863,
							0.00037547811302369045,
							-0.9292807497440193,
							0.368844575733817
						],
						"linear": [
							-0.0010519282659515738,
							0.0,
							0.0
						],
						"angular": [
							0.0,
							0.0,
							0.0006128383101895452
						]
					},
					"aabb": [
						123.76504730704825,
						140.6547419692516,
						-0.012544306503937903,
						124.73420656149088,
						141.60209140851876,
						0.16309139800311423
					],
					"joint_state": {
						"position": [
							-2.1349,
							4.3465,
							1.2241,
							-5.2281,
							1.2257,
							-0.376,
							0.0
						],
						"velocity": [
							0.0012,
							0.0088,
							-0.0653,
							0.0863,
							0.0066,
							0.0263,
							0.0
						],
						"effort": [
							0.0,
							0.0,
							0.0,
							0.0,
							0.0,
							0.0,
							0.0
						]
					},
					"lift_state": "lift_down"
				}
			}
		},
		"objects": {
			"Rack": {
				"Rack_02": {
					"name": "Rack_02",
					"pose": {
						"translation": [
							133.05699157714844,
							143.09999084472656,
							0.19921104609966278
						],
						"rotation": [
							0.983835756778717,
							0.1790735274553299,
							-4.97384462505579e-08,
							9.080395102500916e-09
						]
					}
				}
			}
		},
		"relationships": {
			"L-Rack": [
				[
					"AMR_LIFT01",
					"none"
				]
			]
		}
	},
	"timestamp_4": {
		"robots": {
			"ARMLIFT": {
				"AMR_LIFT01": {
					"name": "AMR_LIFT01",
					"pose": {
						"translation": [
							139.59947204589844,
							142.53009033203125,
							0.06200237199664116
						],
						"rotation": [
							-0.009430545382201672,
							-0.003748936578631401,
							-0.9295282959938049,
							0.368611216545105
						]
					},