{
	"timestamp_0": {
		"robots": {
			"ARMLIFT": {
				"AMR_LIFT01": {
					"name": "AMR_LIFT01",
					"pose": {
						"translation": [
							139.60154724121094,
							142.52044677734375,
							0.062006644904613495
						],
						"rotation": [
							-0.009429100900888443,
							-0.003735944861546159,
							-0.9298102259635925,
							0.36789995431900024
						]
					},
					"odometry": {
						"position": [
							0.572512909611624,
							-7.778881460316316,
							-0.012944676520234233
						],
						"orientation": [
							-0.019771362717396206,
							0.00037068544824100697,
							-0.9296379890829399,
							0.36794315466172656
						],
						"linear": [
							-7.60452458052896e-05,
							0.0,
							0.0
						],
						"angular": [
							0.0,
							0.0,
							-2.892511247409857e-06
						]
					},
					"aabb": [
						123.76231255119237,
						140.6651301937164,
						-0.013877819314855384,
						124.73208106919897,
						141.61175623906948,
						0.1630663246099137
					],
					"joint_state": {
						"position": [
							-2.0781,
							4.3888,
							1.1926,
							-5.3268,
							1.1962,
							-0.4317,
							0.0
						],
						"velocity": [
							0.0001,
							0.0002,
							-0.0078,
							0.0,
							-0.1055,
							0.0581,
							0.0
						],
						"effort": [
							0.0,
							0.0,
							0.0,
							0.0,
							0.0,
							0.0,
							0.0
						]
					},
					"lift_state": "lift_down"
				}
			}
		},
		"objects": {
			"Rack": {
				"Rack_02": {
					"name": "Rack_02",
					"pose": {
						"translation": [
							133.05699157714844,
							143.09999084472656,
							0.19921104609966278
						],
						"rotation": [
							0.983835756778717,
							0.1790735274553299,
							-4.97384462505579e-08,
							9.080395102500916e-09
						]
					}
				}
			}
		},
		"relationships": {
			"L-Rack": [
				[
					"AMR_LIFT01",
					"none"
				]
			]
		}
	},
	"timestamp_1": {
		"robots": {
			"ARMLIFT": {
				"AMR_LIFT01": {
					"name": "AMR_LIFT01",
					"pose": {
						"translation": [
							139.60154724121094,
							142.5202178955078,
							0.062017135322093964
						],
						"rotation": [
							-0.009438525885343552,
							-0.0037516201846301556,
							-0.9297459721565247,
							0.3680618405342102
						]
					},
					"odometry": {
						"position": [
							0.572503392764169,
							-7.779106049848324,
							-0.012933928785851648
						],
						"orientation": [
							-0.01978007200584202,
							0.00035681191603679027,
							-0.9295736145570919,
							0.3681053063404052
						],
						"linear": [
							0.001147140865214169,
							0.0,
							0.0
						],
						"angular": [
							0.0,
							0.0,
							0.0001709974167170003
						]
					},
					"aabb": [
						123.76242948162917,
						140.6651259152643,
						-0.013906318464247091,
						124.73208285452543,
						141.61188890413678,
						0.16306581814511986
					],
					"joint_state": {
						"position": [
							-2.0777,
							4.3897,
							1.2011,
							-5.3313,
							1.2066,
							-0.4365,
							0.0
						],
						"velocity": [
							0.0018,
							0.0017,
							-0.0165,
							-0.0197,
							-0.0223,
							0.0015,
							0.0
						],
						"effort": [
							0.0,
							0.0,
							0.0,
							0.0,
							0.0,
							0.0,
							0.0
						]
					},
					"lift_state": "lift_down"
				}
			}
		},
		"objects": {
			"Rack": {
				"Rack_02": {
					"name": "Rack_02",
					"pose": {
						"translation": [
							133.05699157714844,
							143.09999084472656,
							0.19921104609966278
						],
						"rotation": [
							0.983835756778717,
							0.1790735274553299,
							-4.97384462505579e-08,
							9.080395102500916e-09
						]
					}
				}
			}
		},
		"relationships": {
			"L-Rack": [
				[
					"AMR_LIFT01",
					"none"
				]
			]
		}
	},
	"timestamp_2": {
		"robots": {
			"ARMLIFT": {
				"AMR_LIFT01": {
					"name": "AMR_LIFT01",
					"pose": {
						"translation": [
							139.60154724121094,
							142.5199432373047,
							0.06200588122010231
						],
						"rotation": [
							-0.0094215152785182,
							-0.0037503247149288654,
							-0.9297176599502563,
							0.36813363432884216
						]
					},
					"odometry": {
						"position": [
							0.572678781348941,
							-7.77946740200165,
							-0.012954385562589618
						],
						"orientation": [
							-0.01976561128837465,
							0.00038116109055099604,
							-0.9295441713497146,
							0.3681804025697083
						],
						"linear": [
							-0.002535195555537939,
							0.0,
							0.0
						],
						"angular": [
							0.0,
							0.0,
							0.002420649165287614
						]
					},
					"aabb": [
						123.76240708894676,
						140.66542903248512,
						-0.013865070540606402,
						124.73203174959352,
						141.61222467226628,
						0.1630584985946062
					],
					"joint_state": {
						"position": [
							-2.0772,
							4.3906,
							1.1952,
							-5.3232,
							1.1998,
							-0.4344,
							0.0
						],
						"velocity": [
							-0.0298,
							-0.0294,
							0.0522,
							0.0118,
							-0.0968,
							0.0035,
							0.0
						],
						"effort": [
							0.0,
							0.0,
							0.0,
							0.0,
							0.0,
							0.0,
							0.0
						]
					},
					"lift_state": "lift_down"
				}
			}
		},
		"objects": {
			"Rack": {
				"Rack_02": {
					"name": "Rack_02",
					"pose": {
						"translation": [
							133.05699157714844,
							143.09999084472656,
							0.19921104609966278
						],
						"rotation": [
							0.983835756778717,
							0.1790735274553299,
							-4.97384462505579e-08,
							9.080395102500916e-09
						]
					}
				}
			}
		},
		"relationships": {
			"L-Rack": [
				[
					"AMR_LIFT01",
					"none"
				]
			]
		}
	},
	"timestamp_3": {
		"robots": {
			"ARMLIFT": {
				"AMR_LIFT01": {
					"name": "AMR_LIFT01",
					"pose": {
						"translation": [
							139.6022186279297,
							142.51913452148438,
							0.061999816447496414
						],
						"rotation": [
							-0.009421847760677338,
							-0.0037297094240784645,
							-0.9297156929969788,
							0.36813884973526
						]
					},
					"odometry": {
						"position": [
							0.5731864880762786,
							-7.780190034300841,
							-0.012966512419074523
						],
						"orientation": [
							-0.019763058653973473,
							0.0003795787323110863,
							-0.929543542441327,
							0.36818212903161734
						],
						"linear": [
							-0.0001894970628200099,
							0.0,
							0.0
						],
						"angular": [
							0.0,
							0.0,
							-0.002215114887803793
						]
					},
					"aabb": [
						123.76186252366573,
						140.6661367886093,
						-0.013823049435207091,
						124.73146361108188,
						141.6129601736616,
						0.16305757045869584
					],
					"joint_state": {
						"position": [
							-2.0764,
							4.3916,
							1.1918,
							-5.32,
							1.2036,
							-0.4433,
							0.0
						],
						"velocity": [
							0.0108,
							0.0013,
							0.031,
							-0.0429,
							0.0413,
							-0.0356,
							0.0
						],
						"effort": [
							0.0,
							0.0,
							0.0,
							0.0,
							0.0,
							0.0,
							0.0
						]
					},
					"lift_state": "lift_down"
				}
			}
		},
		"objects": {
			"Rack": {
				"Rack_02": {
					"name": "Rack_02",
					"pose": {
						"translation": [
							133.05699157714844,
							143.09999084472656,
							0.19921104609966278
						],
						"rotation": [
							0.983835756778717,
							0.1790735274553299,
							-4.97384462505579e-08,
							9.080395102500916e-09
						]
					}
				}
			}
		},
		"relationships": {
			"L-Rack": [
				[
					"AMR_LIFT01",
					"none"
				]
			]
		}
	},
	"timestamp_4": {
		"robots": {
			"ARMLIFT": {
				"AMR_LIFT01": {
					"name": "AMR_LIFT01",
					"pose": {
						"translation": [
							139.6019744873047,
							142.51866149902344,
							0.06200775131583214
						],
						"rotation": [
							-0.009427453391253948,
							-0.0037357895635068417,
							-0.9297159910202026,
							0.368137925863266
						]
					},