{
	"timestamp_0": {
		"robots": {
			"ARMLIFT": {
				"AMR_LIFT01": {
					"name": "AMR_LIFT01",
					"pose": {
						"translation": [
							139.59725952148438,
							142.53871154785156,
							0.06200351566076279
						],
						"rotation": [
							-0.009393957443535328,
							-0.0037362987641245127,
							-0.929431140422821,
							0.36885738372802734
						]
					},
					"odometry": {
						"position": [
							0.5682258329082134,
							-7.760610173706067,
							-0.01285190098300045
						],
						"orientation": [
							-0.019731992549468086,
							0.00038098312407889846,
							-0.9292592922734066,
							0.36890062489160225
						],
						"linear": [
							0.005195921752601862,
							0.0,
							0.0
						],
						"angular": [
							0.0,
							0.0,
							-0.009523945860564709
						]
					},
					"aabb": [
						123.76738529803929,
						140.64600694743808,
						-0.01193697826567045,
						124.73653934132412,
						141.5933494404807,
						0.16310210045050721
					],
					"joint_state": {
						"position": [
							-2.1901,
							4.3094,
							1.1277,
							-5.1471,
							1.1229,
							-0.2992,
							0.0
						],
						"velocity": [
							-0.0759,
							-0.0749,
							-0.0987,
							0.034,
							0.1665,
							0.0513,
							0.0
						],
						"effort": [
							0.0,
							0.0,
							0.0,
							0.0,
							0.0,
							0.0,
							0.0
						]
					},
					"lift_state": "lift_down"
				}
			}
		},
		"objects": {
			"Rack": {
				"Rack_02": {
					"name": "Rack_02",
					"pose": {
						"translation": [
							133.05699157714844,
							143.09999084472656,
							0.19921104609966278
						],
						"rotation": [
							0.983835756778717,
							0.1790735274553299,
							-4.97384462505579e-08,
							9.080395102500916e-09
						]
					}
				}
			}
		},
		"relationships": {
			"L-Rack": [
				[
					"AMR_LIFT01",
					"none"
				]
			]
		}
	},
	"timestamp_1": {
		"robots": {
			"ARMLIFT": {
				"AMR_LIFT01": {
					"name": "AMR_LIFT01",
					"pose": {
						"translation": [
							139.5975799560547,
							142.53848266601562,
							0.06200786307454109
						],
						"rotation": [
							-0.009402431547641754,
							-0.0037446089554578066,
							-0.9293655157089233,
							0.36902230978012085
						]
					},
					"odometry": {
						"position": [
							0.5685383650455601,
							-7.760844523947645,
							-0.012854494304955806
						],
						"orientation": [
							-0.019739736399013254,
							0.0003745081063999822,
							-0.9291935646894027,
							0.3690657419625623
						],
						"linear": [
							-0.004795608576387167,
							0.0,
							0.0
						],
						"angular": [
							0.0,
							0.0,
							-0.0010321419686079025
						]
					},
					"aabb": [
						123.76699054548425,
						140.64628445976498,
						-0.011929513098679028,
						124.73597004380035,
						141.5938315019288,
						0.16309116034966334
					],
					"joint_state": {
						"position": [
							-2.188,
							4.3099,
							1.1335,
							-5.1447,
							1.1379,
							-0.2974,
							0.0
						],
						"velocity": [
							0.0141,
							0.0314,
							0.2113,
							-0.157,
							0.1693,
							-0.158,
							0.0
						],
						"effort": [
							0.0,
							0.0,
							0.0,
							0.0,
							0.0,
							0.0,
							0.0
						]
					},
					"lift_state": "lift_down"
				}
			}
		},
		"objects": {
			"Rack": {
				"Rack_02": {
					"name": "Rack_02",
					"pose": {
						"translation": [
							133.05699157714844,
							143.09999084472656,
							0.19921104609966278
						],
						"rotation": [
							0.983835756778717,
							0.1790735274553299,
							-4.97384462505579e-08,
							9.080395102500916e-09
						]
					}
				}
			}
		},
		"relationships": {
			"L-Rack": [
				[
					"AMR_LIFT01",
					"none"
				]
			]
		}
	},
	"timestamp_2": {
		"robots": {
			"ARMLIFT": {
				"AMR_LIFT01": {
					"name": "AMR_LIFT01",
					"pose": {
						"translation": [
							139.59793090820312,
							142.5381317138672,
							0.06200748309493065
						],
						"rotation": [
							-0.009403165429830551,
							-0.0037286761216819286,
							-0.9293612241744995,
							0.3690333068370819
						]
					},
					"odometry": {
						"position": [
							0.568899613998428,
							-7.7611960686736525,
							-0.012862910628392408
						],
						"orientation": [
							-0.019740420561105317,
							0.0003905620414220611,
							-0.929189280711212,
							0.36907647428242163
						],
						"linear": [
							0.0009109204984270036,
							0.0,
							0.0
						],
						"angular": [
							0.0,
							0.0,
							0.0010683928849175572
						]
					},
					"aabb": [
						123.76698103244775,
						140.64616406119887,
						-0.01189961125890662,
						124.73596043693475,
						141.59371508143948,
						0.16310407624241205
					],
					"joint_state": {
						"position": [
							-2.1873,
							4.3103,
							1.1236,
							-5.1393,
							1.1224,
							-0.2893,
							0.0
						],
						"velocity": [
							-0.004,
							-0.005,
							0.0049,
							-0.0193,
							0.0214,
							-0.0168,
							0.0
						],
						"effort": [
							0.0,
							0.0,
							0.0,
							0.0,
							0.0,
							0.0,
							0.0
						]
					},
					"lift_state": "lift_down"
				}
			}
		},
		"objects": {
			"Rack": {
				"Rack_02": {
					"name": "Rack_02",
					"pose": {
						"translation": [
							133.05699157714844,
							143.09999084472656,
							0.19921104609966278
						],
						"rotation": [
							0.983835756778717,
							0.1790735274553299,
							-4.97384462505579e-08,
							9.080395102500916e-09
						]
					}
				}
			}
		},
		"relationships": {
			"L-Rack": [
				[
					"AMR_LIFT01",
					"none"
				]
			]
		}
	},
	"timestamp_3": {
		"robots": {
			"ARMLIFT": {
				"AMR_LIFT01": {
					"name": "AMR_LIFT01",
					"pose": {
						"translation": [
							139.59771728515625,
							142.53811645507812,
							0.062001798301935196
						],
						"rotation": [
							-0.009391674771904945,
							-0.0037250223103910685,
							-0.9293358325958252,
							0.36909767985343933
						]
					},
					"odometry": {
						"position": [
							0.5686749350214836,
							-7.7612156230907114,
							-0.012863584159524204
						],
						"orientation": [
							-0.019728644254909795,
							0.0003949316913516849,
							-0.9291640205147121,
							0.36914068809297934
						],
						"linear": [
							-0.002791254548355937,
							0.0,
							0.0
						],
						"angular": [
							0.0,
							0.0,
							9.683782263891771e-05
						]
					},
					"aabb": [
						123.7668846389797,
						140.64656053685732,
						-0.011907009509108028,
						124.73579909625211,
						141.59418133718668,
						0.16308881797327082
					],
					"joint_state": {
						"position": [
							-2.186,
							4.3115,
							1.1075,
							-5.1273,
							1.1127,
							-0.2848,
							0.0
						],
						"velocity": [
							0.0317,
							0.0295,
							0.0394,
							0.018,
							-0.0527,
							-0.0227,
							0.0
						],
						"effort": [
							0.0,
							0.0,
							0.0,
							0.0,
							0.0,
							0.0,
							0.0
						]
					},
					"lift_state": "lift_down"
				}
			}
		},
		"objects": {
			"Rack": {
				"Rack_02": {
					"name": "Rack_02",
					"pose": {
						"translation": [
							133.05699157714844,
							143.09999084472656,
							0.19921104609966278
						],
						"rotation": [
							0.983835756778717,
							0.1790735274553299,
							-4.97384462505579e-08,
							9.080395102500916e-09
						]
					}
				}
			}
		},
		"relationships": {
			"L-Rack": [
				[
					"AMR_LIFT01",
					"none"
				]
			]
		}
	},
	"timestamp_4": {
		"robots": {
			"ARMLIFT": {
				"AMR_LIFT01": {
					"name": "AMR_LIFT01",
					"pose": {
						"translation": [
							139.59793090820312,
							142.53768920898438,
							0.06200141832232475
						],
						"rotation": [
							-0.009398694150149822,
							-0.0037248414009809494,
							-0.9293993711471558,
							0.3689374029636383
						]
					},