{
	"timestamp_0": {
		"robots": {
			"ARMLIFT": {
				"AMR_LIFT01": {
					"name": "AMR_LIFT01",
					"pose": {
						"translation": [
							139.62081909179688,
							142.45086669921875,
							0.06199977919459343
						],
						"rotation": [
							-0.009395791217684746,
							-0.003581601893529296,
							-0.9343779683113098,
							0.3561417758464813
						]
					},
					"odometry": {
						"position": [
							0.5917792162842506,
							-7.848460666201508,
							-0.013382238899888606
						],
						"orientation": [
							-0.019789051057542785,
							0.0003942244670653613,
							-0.9342061055090718,
							0.3561842086264978
						],
						"linear": [
							0.0018018247792497277,
							0.0,
							0.0
						],
						"angular": [
							0.0,
							0.0,
							0.0023149382323026657
						]
					},
					"aabb": [
						123.73559449351681,
						140.7435760589183,
						-0.014795866731397099,
						124.71333958893506,
						141.6800521365578,
						0.16290885551834347
					],
					"joint_state": {
						"position": [
							-1.5556,
							4.7813,
							0.9779,
							-5.6941,
							0.9934,
							-0.8189,
							0.0
						],
						"velocity": [
							-0.0097,
							-0.0204,
							-0.0742,
							0.0134,
							-0.0832,
							0.0123,
							0.0
						],
						"effort": [
							0.0,
							0.0,
							0.0,
							0.0,
							0.0,
							0.0,
							0.0
						]
					},
					"lift_state": "lift_down"
				}
			}
		},
		"objects": {
			"Rack": {
				"Rack_02": {
					"name": "Rack_02",
					"pose": {
						"translation": [
							133.05699157714844,
							143.09999084472656,
							0.19921104609966278
						],
						"rotation": [
							0.983835756778717,
							0.1790735274553299,
							-4.97384462505579e-08,
							9.080395102500916e-09
						]
					}
				}
			}
		},
		"relationships": {
			"L-Rack": [
				[
					"AMR_LIFT01",
					"none"
				]
			]
		}
	},
	"timestamp_1": {
		"robots": {
			"ARMLIFT": {
				"AMR_LIFT01": {
					"name": "AMR_LIFT01",
					"pose": {
						"translation": [
							139.62156677246094,
							142.45004272460938,
							0.062000080943107605
						],
						"rotation": [
							-0.009401518851518631,
							-0.0035832002758979797,
							-0.9343869090080261,
							0.3561181426048279
						]
					},
					"odometry": {
						"position": [
							0.5925212705445044,
							-7.849280940237801,
							-0.013398440841872984
						],
						"orientation": [
							-0.019794877455491442,
							0.0003923632705094903,
							-0.9342149809676706,
							0.356160607329279
						],
						"linear": [
							-0.0011601075530052185,
							0.0,
							0.0
						],
						"angular": [
							0.0,
							0.0,
							-0.0004235084925312549
						]
					},
					"aabb": [
						123.73517025207215,
						140.74404200837822,
						-0.014785423383411999,
						124.7129712581998,
						141.68044308391583,
						0.1629092290167041
					],
					"joint_state": {
						"position": [
							-1.5547,
							4.7821,
							0.9952,
							-5.7049,
							1.0003,
							-0.8283,
							0.0
						],
						"velocity": [
							-0.0161,
							-0.0169,
							0.0266,
							-0.0832,
							0.0078,
							-0.0993,
							0.0
						],
						"effort": [
							0.0,
							0.0,
							0.0,
							0.0,
							0.0,
							0.0,
							0.0
						]
					},
					"lift_state": "lift_down"
				}
			}
		},
		"objects": {
			"Rack": {
				"Rack_02": {
					"name": "Rack_02",
					"pose": {
						"translation": [
							133.05699157714844,
							143.09999084472656,
							0.19921104609966278
						],
						"rotation": [
							0.983835756778717,
							0.1790735274553299,
							-4.97384462505579e-08,
							9.080395102500916e-09
						]
					}
				}
			}
		},
		"relationships": {
			"L-Rack": [
				[
					"AMR_LIFT01",
					"none"
				]
			]
		}
	},
	"timestamp_2": {
		"robots": {
			"ARMLIFT": {
				"AMR_LIFT01": {
					"name": "AMR_LIFT01",
					"pose": {
						"translation": [
							139.62171936035156,
							142.44955444335938,
							0.06200004369020462
						],
						"rotation": [
							-0.009396770037710667,
							-0.003582848235964775,
							-0.9343331456184387,
							0.3562593460083008
						]
					},
					"odometry": {
						"position": [
							0.5926872703388109,
							-7.849778979356528,
							-0.01340218788191499
						],
						"orientation": [
							-0.01978952884203148,
							0.0003942857859147733,
							-0.9341612703487402,
							0.35630175422997523
						],
						"linear": [
							-0.0002725878730416298,
							0.0,
							0.0
						],
						"angular": [
							0.0,
							0.0,
							0.008247211575508118
						]
					},
					"aabb": [
						123.73452097056577,
						140.7448385111489,
						-0.014796524700963338,
						124.71224496987399,
						141.68134513881063,
						0.1629087814459381
					],
					"joint_state": {
						"position": [
							-1.5537,
							4.7819,
							0.9916,
							-5.7024,
							0.9814,
							-0.8177,
							0.0
						],
						"velocity": [
							0.0724,
							0.0169,
							-0.1418,
							-0.092,
							-0.1784,
							0.0837,
							0.0
						],
						"effort": [
							0.0,
							0.0,
							0.0,
							0.0,
							0.0,
							0.0,
							0.0
						]
					},
					"lift_state": "lift_down"
				}
			}
		},
		"objects": {
			"Rack": {
				"Rack_02": {
					"name": "Rack_02",
					"pose": {
						"translation": [
							133.05699157714844,
							143.09999084472656,
							0.19921104609966278
						],
						"rotation": [
							0.983835756778717,
							0.1790735274553299,
							-4.97384462505579e-08,
							9.080395102500916e-09
						]
					}
				}
			}
		},
		"relationships": {
			"L-Rack": [
				[
					"AMR_LIFT01",
					"none"
				]
			]
		}
	},
	"timestamp_3": {
		"robots": {
			"ARMLIFT": {
				"AMR_LIFT01": {
					"name": "AMR_LIFT01",
					"pose": {
						"translation": [
							139.62139892578125,
							142.44985961914062,
							0.06200031191110611
						],
						"rotation": [
							-0.00939907692372799,
							-0.0035839779302477837,
							-0.9343031644821167,
							0.3563377559185028
						]
					},
					"odometry": {
						"position": [
							0.5923553107606554,
							-7.849466495855305,
							-0.01339452770966009
						],
						"orientation": [
							-0.019791504774856427,
							0.0003940290045133074,
							-0.9341312621472593,
							0.3563803111271144
						],
						"linear": [
							-0.0013229517498984933,
							0.0,
							0.0
						],
						"angular": [
							0.0,
							0.0,
							-9.305192361352965e-05
						]
					},
					"aabb": [
						123.73481936850669,
						140.74461146708842,
						-0.014802950388616098,
						124.71242467541231,
						141.68127721781104,
						0.16290626372671355
					],
					"joint_state": {
						"position": [
							-1.553,
							4.7824,
							0.9881,
							-5.6998,
							0.9933,
							-0.8186,
							0.0
						],
						"velocity": [
							-0.0006,
							0.002,
							-0.0149,
							0.0146,
							-0.0372,
							0.0017,
							0.0
						],
						"effort": [
							0.0,
							0.0,
							0.0,
							0.0,
							0.0,
							0.0,
							0.0
						]
					},
					"lift_state": "lift_down"
				}
			}
		},
		"objects": {
			"Rack": {
				"Rack_02": {
					"name": "Rack_02",
					"pose": {
						"translation": [
							133.05699157714844,
							143.09999084472656,
							0.19921104609966278
						],
						"rotation": [
							0.983835756778717,
							0.1790735274553299,
							-4.97384462505579e-08,
							9.080395102500916e-09
						]
					}
				}
			}
		},
		"relationships": {
			"L-Rack": [
				[
					"AMR_LIFT01",
					"none"
				]
			]
		}
	},
	"timestamp_4": {
		"robots": {
			"ARMLIFT": {
				"AMR_LIFT01": {
					"name": "AMR_LIFT01",
					"pose": {
						"translation": [
							139.62158203125,
							142.44976806640625,
							0.061999816447496414
						],
						"rotation": [
							-0.009399503469467163,
							-0.0035835413727909327,
							-0.9343774914741516,
							0.3561428189277649
						]
					},