{
	"timestamp_0": {
		"robots": {
			"ARMLIFT": {
				"AMR_LIFT01": {
					"name": "AMR_LIFT01",
					"pose": {
						"translation": [
							139.60853576660156,
							142.49717712402344,
							0.0619991272687912
						],
						"rotation": [
							-0.009396004490554333,
							-0.003658861154690385,
							-0.9317814111709595,
							0.3628798723220825
						]
					},
					"odometry": {
						"position": [
							0.5797096034514402,
							-7.802318626145867,
							-0.01310638158250481
						],
						"orientation": [
							-0.01976590807217081,
							0.00038611155893956983,
							-0.9316055079717148,
							0.36293296531551117
						],
						"linear": [
							-0.0015123513294383883,
							0.0,
							0.0
						],
						"angular": [
							0.0,
							0.0,
							0.0004992834874428809
						]
					},
					"aabb": [
						123.75192809144166,
						140.69222162734465,
						-0.014230535214255307,
						124.72518746787935,
						141.6345715145275,
						0.16300973840797245
					],
					"joint_state": {
						"position": [
							-1.9045,
							4.5079,
							1.0593,
							-5.358,
							1.0899,
							-0.503,
							0.0
						],
						"velocity": [
							-0.0081,
							-0.0084,
							0.0206,
							-0.0063,
							0.0311,
							0.0048,
							0.0
						],
						"effort": [
							0.0,
							0.0,
							0.0,
							0.0,
							0.0,
							0.0,
							0.0
						]
					},
					"lift_state": "lift_down"
				}
			}
		},
		"objects": {
			"Rack": {
				"Rack_02": {
					"name": "Rack_02",
					"pose": {
						"translation": [
							133.05699157714844,
							143.09999084472656,
							0.19921104609966278
						],
						"rotation": [
							0.983835756778717,
							0.1790735274553299,
							-4.97384462505579e-08,
							9.080395102500916e-09
						]
					}
				}
			}
		},
		"relationships": {
			"L-Rack": [
				[
					"AMR_LIFT01",
					"none"
				]
			]
		}
	},
	"timestamp_1": {
		"robots": {
			"ARMLIFT": {
				"AMR_LIFT01": {
					"name": "AMR_LIFT01",
					"pose": {
						"translation": [
							139.6080780029297,
							142.4970703125,
							0.06200191378593445
						],
						"rotation": [
							-0.009395006112754345,
							-0.003651669714599848,
							-0.9317495226860046,
							0.3629617393016815
						]
					},
					"odometry": {
						"position": [
							0.5790066452691471,
							-7.8022405386222395,
							-0.013090877016458688
						],
						"orientation": [
							-0.01975646164262425,
							0.00037462311964652216,
							-0.9315740658961872,
							0.36301418929640744
						],
						"linear": [
							0.0034689076710492373,
							0.0,
							0.0
						],
						"angular": [
							0.0,
							0.0,
							-0.00025585442199371755
						]
					},
					"aabb": [
						123.75248297850437,
						140.6920252593086,
						-0.014228719326098609,
						124.72572331939236,
						141.6343985869058,
						0.16300984151000525
					],
					"joint_state": {
						"position": [
							-1.9031,
							4.5082,
							1.0436,
							-5.3597,
							1.0783,
							-0.5031,
							0.0
						],
						"velocity": [
							0.0248,
							0.0263,
							-0.0164,
							-0.0354,
							0.0008,
							-0.0234,
							0.0
						],
						"effort": [
							0.0,
							0.0,
							0.0,
							0.0,
							0.0,
							0.0,
							0.0
						]
					},
					"lift_state": "lift_down"
				}
			}
		},
		"objects": {
			"Rack": {
				"Rack_02": {
					"name": "Rack_02",
					"pose": {
						"translation": [
							133.05699157714844,
							143.09999084472656,
							0.19921104609966278
						],
						"rotation": [
							0.983835756778717,
							0.1790735274553299,
							-4.97384462505579e-08,
							9.080395102500916e-09
						]
					}
				}
			}
		},
		"relationships": {
			"L-Rack": [
				[
					"AMR_LIFT01",
					"none"
				]
			]
		}
	},
	"timestamp_2": {
		"robots": {
			"ARMLIFT": {
				"AMR_LIFT01": {
					"name": "AMR_LIFT01",
					"pose": {
						"translation": [
							139.6075897216797,
							142.4974822998047,
							0.06200351566076279
						],
						"rotation": [
							-0.009397564455866814,
							-0.0036575065460056067,
							-0.9317445158958435,
							0.36297470331192017
						]
					},
					"odometry": {
						"position": [
							0.57855747092926,
							-7.801849940819343,
							-0.013082950889596604
						],
						"orientation": [
							-0.01976142501575654,
							0.0003943329126248329,
							-0.9315726589876426,
							0.3630175086818732
						],
						"linear": [
							-0.0008510714396834373,
							0.0,
							0.0
						],
						"angular": [
							0.0,
							0.0,
							0.000135588736156933
						]
					},
					"aabb": [
						123.75313371742583,
						140.69168022515044,
						-0.014262023985549382,
						124.72632596158675,
						141.63411224590206,
						0.1630087142980551
					],
					"joint_state": {
						"position": [
							-1.9022,
							4.5086,
							1.05,
							-5.362,
							1.0874,
							-0.5061,
							0.0
						],
						"velocity": [
							0.0163,
							0.0161,
							0.0058,
							0.0664,
							0.0129,
							0.067,
							0.0
						],
						"effort": [
							0.0,
							0.0,
							0.0,
							0.0,
							0.0,
							0.0,
							0.0
						]
					},
					"lift_state": "lift_down"
				}
			}
		},
		"objects": {
			"Rack": {
				"Rack_02": {
					"name": "Rack_02",
					"pose": {
						"translation": [
							133.05699157714844,
							143.09999084472656,
							0.19921104609966278
						],
						"rotation": [
							0.983835756778717,
							0.1790735274553299,
							-4.97384462505579e-08,
							9.080395102500916e-09
						]
					}
				}
			}
		},
		"relationships": {
			"L-Rack": [
				[
					"AMR_LIFT01",
					"none"
				]
			]
		}
	},
	"timestamp_3": {
		"robots": {
			"ARMLIFT": {
				"AMR_LIFT01": {
					"name": "AMR_LIFT01",
					"pose": {
						"translation": [
							139.6071014404297,
							142.49794006347656,
							0.06200801581144333
						],
						"rotation": [
							-0.009395569562911987,
							-0.0036710803396999836,
							-0.9316856861114502,
							0.3631255030632019
						]
					},
					"odometry": {
						"position": [
							0.578059622929582,
							-7.801390973153088,
							-0.013067379730784768
						],
						"orientation": [
							-0.019758776206137228,
							0.0003824378868411327,
							-0.931513837602782,
							0.36316857636452626
						],
						"linear": [
							-0.0012590117985382676,
							0.0,
							0.0
						],
						"angular": [
							0.0,
							0.0,
							0.0024065643083304167
						]
					},
					"aabb": [
						123.75350156007705,
						140.69125127090246,
						-0.014204480313655041,
						124.72655141747644,
						141.6338596317353,
						0.16300207951449416
					],
					"joint_state": {
						"position": [
							-1.9011,
							4.5097,
							1.0387,
							-5.3532,
							1.0845,
							-0.5075,
							0.0
						],
						"velocity": [
							0.0509,
							0.0076,
							-0.0444,
							0.0349,
							-0.0674,
							0.0304,
							0.0
						],
						"effort": [
							0.0,
							0.0,
							0.0,
							0.0,
							0.0,
							0.0,
							0.0
						]
					},
					"lift_state": "lift_down"
				}
			}
		},
		"objects": {
			"Rack": {
				"Rack_02": {
					"name": "Rack_02",
					"pose": {
						"translation": [
							133.05699157714844,
							143.09999084472656,
							0.19921104609966278
						],
						"rotation": [
							0.983835756778717,
							0.1790735274553299,
							-4.97384462505579e-08,
							9.080395102500916e-09
						]
					}
				}
			}
		},
		"relationships": {
			"L-Rack": [
				[
					"AMR_LIFT01",
					"none"
				]
			]
		}
	},
	"timestamp_4": {
		"robots": {
			"ARMLIFT": {
				"AMR_LIFT01": {
					"name": "AMR_LIFT01",
					"pose": {
						"translation": [
							139.607421875,
							142.4977569580078,
							0.062001150101423264
						],
						"rotation": [
							-0.009386635385453701,
							-0.0036557940766215324,
							-0.9316331148147583,
							0.3632606863975525
						]
					},