{
	"timestamp_0": {
		"robots": {
			"ARMLIFT": {
				"AMR_LIFT01": {
					"name": "AMR_LIFT01",
					"pose": {
						"translation": [
							139.5803680419922,
							142.57449340820312,
							0.06201061233878136
						],
						"rotation": [
							-0.009314475581049919,
							-0.0037623813841491938,
							-0.9281256198883057,
							0.372131884098053
						]
					},
					"odometry": {
						"position": [
							0.5513337673161465,
							-7.724839501769542,
							-0.012467776553070882
						],
						"orientation": [
							-0.019637941056806413,
							0.00039132837137054296,
							-0.9279546839013245,
							0.3721750969083611
						],
						"linear": [
							-0.0021712761372327805,
							0.0,
							0.0
						],
						"angular": [
							0.0,
							0.0,
							0.0033485449384897947
						]
					},
					"aabb": [
						123.78646393086882,
						140.60786772642487,
						-0.01253154619722787,
						124.75321439396257,
						141.55795625951984,
						0.1631358357405305
					],
					"joint_state": {
						"position": [
							-2.3947,
							4.1611,
							0.9242,
							-4.8448,
							0.9253,
							0.0314,
							0.0
						],
						"velocity": [
							0.0129,
							-0.0078,
							-0.0628,
							0.0638,
							0.0163,
							0.0329,
							0.0
						],
						"effort": [
							0.0,
							0.0,
							0.0,
							0.0,
							0.0,
							0.0,
							0.0
						]
					},
					"lift_state": "lift_down"
				}
			}
		},
		"objects": {
			"Rack": {
				"Rack_02": {
					"name": "Rack_02",
					"pose": {
						"translation": [
							133.05699157714844,
							143.09999084472656,
							0.19921104609966278
						],
						"rotation": [
							0.983835756778717,
							0.1790735274553299,
							-4.97384462505579e-08,
							9.080395102500916e-09
						]
					}
				}
			}
		},
		"relationships": {
			"L-Rack": [
				[
					"AMR_LIFT01",
					"none"
				]
			]
		}
	},
	"timestamp_1": {
		"robots": {
			"ARMLIFT": {
				"AMR_LIFT01": {
					"name": "AMR_LIFT01",
					"pose": {
						"translation": [
							139.5806121826172,
							142.57431030273438,
							0.06199958547949791
						],
						"rotation": [
							-0.009317697025835514,
							-0.003736642887815833,
							-0.9281084537506104,
							0.37217482924461365
						]
					},
					"odometry": {
						"position": [
							0.5515776107671072,
							-7.725015292214457,
							-0.012484261888976887
						],
						"orientation": [
							-0.019640974397889924,
							0.00041754329971626736,
							-0.9279374475856911,
							0.3722178812878919
						],
						"linear": [
							-0.003351406892761588,
							0.0,
							0.0
						],
						"angular": [
							0.0,
							0.0,
							-0.00020518754899967462
						]
					},
					"aabb": [
						123.78645599319283,
						140.6078748882618,
						-0.012556970653570547,
						124.75305700771054,
						141.55812935055283,
						0.16313489849919408
					],
					"joint_state": {
						"position": [
							-2.3943,
							4.1614,
							0.9305,
							-4.8495,
							0.9317,
							0.0257,
							0.0
						],
						"velocity": [
							-0.0044,
							-0.0146,
							0.0464,
							0.0025,
							0.0327,
							0.0031,
							0.0
						],
						"effort": [
							0.0,
							0.0,
							0.0,
							0.0,
							0.0,
							0.0,
							0.0
						]
					},
					"lift_state": "lift_down"
				}
			}
		},
		"objects": {
			"Rack": {
				"Rack_02": {
					"name": "Rack_02",
					"pose": {
						"translation": [
							133.05699157714844,
							143.09999084472656,
							0.19921104609966278
						],
						"rotation": [
							0.983835756778717,
							0.1790735274553299,
							-4.97384462505579e-08,
							9.080395102500916e-09
						]
					}
				}
			}
		},
		"relationships": {
			"L-Rack": [
				[
					"AMR_LIFT01",
					"none"
				]
			]
		}
	},
	"timestamp_2": {
		"robots": {
			"ARMLIFT": {
				"AMR_LIFT01": {
					"name": "AMR_LIFT01",
					"pose": {
						"translation": [
							139.58056640625,
							142.5743865966797,
							0.06199977919459343
						],
						"rotation": [
							-0.009312323294579983,
							-0.0037363790906965733,
							-0.9280328750610352,
							0.3723633587360382
						]
					},
					"odometry": {
						"position": [
							0.5515287951173049,
							-7.724937169255678,
							-0.012482971702810874
						],
						"orientation": [
							-0.019634757379992224,
							0.0004199046330973891,
							-0.9278619286240454,
							0.37240641964498244
						],
						"linear": [
							-0.0015708303544670343,
							0.0,
							0.0
						],
						"angular": [
							0.0,
							0.0,
							0.0025487744715064764
						]
					},
					"aabb": [
						123.78634953215905,
						140.60777285857887,
						-0.012561291219457964,
						124.75289635372228,
						141.55808686178088,
						0.16313023335526922
					],
					"joint_state": {
						"position": [
							-2.3935,
							4.1626,
							0.9151,
							-4.8397,
							0.9186,
							0.0282,
							0.0
						],
						"velocity": [
							-0.0046,
							0.0178,
							-0.3103,
							0.136,
							-0.0247,
							0.0122,
							0.0
						],
						"effort": [
							0.0,
							0.0,
							0.0,
							0.0,
							0.0,
							0.0,
							0.0
						]
					},
					"lift_state": "lift_down"
				}
			}
		},
		"objects": {
			"Rack": {
				"Rack_02": {
					"name": "Rack_02",
					"pose": {
						"translation": [
							133.05699157714844,
							143.09999084472656,
							0.19921104609966278
						],
						"rotation": [
							0.983835756778717,
							0.1790735274553299,
							-4.97384462505579e-08,
							9.080395102500916e-09
						]
					}
				}
			}
		},
		"relationships": {
			"L-Rack": [
				[
					"AMR_LIFT01",
					"none"
				]
			]
		}
	},
	"timestamp_3": {
		"robots": {
			"ARMLIFT": {
				"AMR_LIFT01": {
					"name": "AMR_LIFT01",
					"pose": {
						"translation": [
							139.58038330078125,
							142.5744171142578,
							0.06200527027249336
						],
						"rotation": [
							-0.009319746866822243,
							-0.0037433626130223274,
							-0.9280917048454285,
							0.37221652269363403
						]
					},
					"odometry": {
						"position": [
							0.5513531779965005,
							-7.7249078708260335,
							-0.012473572975531496
						],
						"orientation": [
							-0.019642835974452807,
							0.00041128758486217896,
							-0.9279206691767966,
							0.372259615795065
						],
						"linear": [
							-0.005097200628370047,
							0.0,
							0.0
						],
						"angular": [
							0.0,
							0.0,
							-0.0002978176635224372
						]
					},
					"aabb": [
						123.78650302194785,
						140.60773791161546,
						-0.01255851137430922,
						124.75319056827601,
						141.55789429751826,
						0.16313155882257885
					],
					"joint_state": {
						"position": [
							-2.3929,
							4.1636,
							0.9235,
							-4.8475,
							0.927,
							0.0214,
							0.0
						],
						"velocity": [
							0.0458,
							0.0457,
							0.0616,
							0.0031,
							0.056,
							-0.0097,
							0.0
						],
						"effort": [
							0.0,
							0.0,
							0.0,
							0.0,
							0.0,
							0.0,
							0.0
						]
					},
					"lift_state": "lift_down"
				}
			}
		},
		"objects": {
			"Rack": {
				"Rack_02": {
					"name": "Rack_02",
					"pose": {
						"translation": [
							133.05699157714844,
							143.09999084472656,
							0.19921104609966278
						],
						"rotation": [
							0.983835756778717,
							0.1790735274553299,
							-4.97384462505579e-08,
							9.080395102500916e-09
						]
					}
				}
			}
		},
		"relationships": {
			"L-Rack": [
				[
					"AMR_LIFT01",
					"none"
				]
			]
		}
	},
	"timestamp_4": {
		"robots": {
			"ARMLIFT": {
				"AMR_LIFT01": {
					"name": "AMR_LIFT01",
					"pose": {
						"translation": [
							139.5803680419922,
							142.57420349121094,
							0.0619993582367897
						],
						"rotation": [
							-0.00932246819138527,
							-0.003734393510967493,
							-0.928239107131958,
							0.3718487620353699
						]
					},