{
	"timestamp_0": {
		"robots": {
			"ARMLIFT": {
				"AMR_LIFT01": {
					"name": "AMR_LIFT01",
					"pose": {
						"translation": [
							139.58425903320312,
							142.5646209716797,
							0.06200424209237099
						],
						"rotation": [
							-0.00936155952513218,
							-0.0037187361158430576,
							-0.9288450479507446,
							0.37033167481422424
						]
					},
					"odometry": {
						"position": [
							0.5552198991000865,
							-7.734702608699886,
							-0.012560931736383441
						],
						"orientation": [
							-0.01969305678576235,
							0.0004149454077417244,
							-0.9286735747356671,
							0.3703746791053872
						],
						"linear": [
							-0.0002500115369912237,
							0.0,
							0.0
						],
						"angular": [
							0.0,
							0.0,
							-0.0006330024916678667
						]
					},
					"aabb": [
						123.78120788071192,
						140.61912576728545,
						-0.012685777762005784,
						124.74925057670906,
						141.56774816399866,
						0.16313127965401356
					],
					"joint_state": {
						"position": [
							-2.3569,
							4.2022,
							1.0192,
							-4.9591,
							1.0129,
							-0.0693,
							0.0
						],
						"velocity": [
							-0.0017,
							0.0118,
							0.0245,
							-0.0013,
							0.1132,
							-0.0788,
							0.0
						],
						"effort": [
							0.0,
							0.0,
							0.0,
							0.0,
							0.0,
							0.0,
							0.0
						]
					},
					"lift_state": "lift_down"
				}
			}
		},
		"objects": {
			"Rack": {
				"Rack_02": {
					"name": "Rack_02",
					"pose": {
						"translation": [
							133.05699157714844,
							143.09999084472656,
							0.19921104609966278
						],
						"rotation": [
							0.983835756778717,
							0.1790735274553299,
							-4.97384462505579e-08,
							9.080395102500916e-09
						]
					}
				}
			}
		},
		"relationships": {
			"L-Rack": [
				[
					"AMR_LIFT01",
					"none"
				]
			]
		}
	},
	"timestamp_1": {
		"robots": {
			"ARMLIFT": {
				"AMR_LIFT01": {
					"name": "AMR_LIFT01",
					"pose": {
						"translation": [
							139.5840301513672,
							142.5651397705078,
							0.06200248748064041
						],
						"rotation": [
							-0.009357750415802002,
							-0.0037215263582766056,
							-0.9288312196731567,
							0.37036648392677307
						]
					},
					"odometry": {
						"position": [
							0.5549952790153734,
							-7.734185044954959,
							-0.012557678216419019
						],
						"orientation": [
							-0.01968909145536731,
							0.0004125425791460916,
							-0.9286597860507092,
							0.3704094643209509
						],
						"linear": [
							-0.001142597757279873,
							0.0,
							0.0
						],
						"angular": [
							0.0,
							0.0,
							-0.0016982188681140542
						]
					},
					"aabb": [
						123.78151992301608,
						140.6185273981009,
						-0.012686133803104032,
						124.74953172642279,
						141.56718551597982,
						0.16313695969637598
					],
					"joint_state": {
						"position": [
							-2.3558,
							4.2016,
							1.0163,
							-4.9545,
							1.0125,
							-0.0741,
							0.0
						],
						"velocity": [
							0.0098,
							0.0048,
							0.007,
							0.0316,
							-0.0083,
							0.0177,
							0.0
						],
						"effort": [
							0.0,
							0.0,
							0.0,
							0.0,
							0.0,
							0.0,
							0.0
						]
					},
					"lift_state": "lift_down"
				}
			}
		},
		"objects": {
			"Rack": {
				"Rack_02": {
					"name": "Rack_02",
					"pose": {
						"translation": [
							133.05699157714844,
							143.09999084472656,
							0.19921104609966278
						],
						"rotation": [
							0.983835756778717,
							0.1790735274553299,
							-4.97384462505579e-08,
							9.080395102500916e-09
						]
					}
				}
			}
		},
		"relationships": {
			"L-Rack": [
				[
					"AMR_LIFT01",
					"none"
				]
			]
		}
	},
	"timestamp_2": {
		"robots": {
			"ARMLIFT": {
				"AMR_LIFT01": {
					"name": "AMR_LIFT01",
					"pose": {
						"translation": [
							139.58436584472656,
							142.56468200683594,
							0.062005575746297836
						],
						"rotation": [
							-0.009361994452774525,
							-0.0037189284339547157,
							-0.9288209676742554,
							0.3703921139240265
						]
					},
					"odometry": {
						"position": [
							0.5553273213649523,
							-7.734644006461254,
							-0.012561969856924307
						],
						"orientation": [
							-0.019693221279089755,
							0.0004154250415376051,
							-0.9286494893321356,
							0.37043505560469275
						],
						"linear": [
							0.0026739814784377813,
							0.0,
							0.0
						],
						"angular": [
							0.0,
							0.0,
							0.00019477959722280502
						]
					},
					"aabb": [
						123.78127454974077,
						140.61884884938277,
						-0.012686740094799576,
						124.74924473904348,
						141.5675519534223,
						0.1631226143109323
					],
					"joint_state": {
						"position": [
							-2.355,
							4.2015,
							1.0195,
							-4.9571,
							1.0057,
							-0.0728,
							0.0
						],
						"velocity": [
							-0.0134,
							-0.0194,
							-0.1121,
							0.0563,
							0.0672,
							-0.0173,
							0.0
						],
						"effort": [
							0.0,
							0.0,
							0.0,
							0.0,
							0.0,
							0.0,
							0.0
						]
					},
					"lift_state": "lift_down"
				}
			}
		},
		"objects": {
			"Rack": {
				"Rack_02": {
					"name": "Rack_02",
					"pose": {
						"translation": [
							133.05699157714844,
							143.09999084472656,
							0.19921104609966278
						],
						"rotation": [
							0.983835756778717,
							0.1790735274553299,
							-4.97384462505579e-08,
							9.080395102500916e-09
						]
					}
				}
			}
		},
		"relationships": {
			"L-Rack": [
				[
					"AMR_LIFT01",
					"none"
				]
			]
		}
	},
	"timestamp_3": {
		"robots": {
			"ARMLIFT": {
				"AMR_LIFT01": {
					"name": "AMR_LIFT01",
					"pose": {
						"translation": [
							139.58396911621094,
							142.56483459472656,
							0.062007367610931396
						],
						"rotation": [
							-0.009344718419015408,
							-0.003752064425498247,
							-0.9287753701210022,
							0.37050652503967285
						]
					},
					"odometry": {
						"position": [
							0.5549368250865445,
							-7.734497539025432,
							-0.012551491105319655
						],
						"orientation": [
							-0.019675438713520104,
							0.00038356470331493106,
							-0.9286040510951757,
							0.3705499241386745
						],
						"linear": [
							-0.001236636657267809,
							0.0,
							0.0
						],
						"angular": [
							0.0,
							0.0,
							-0.0014368279371410608
						]
					},
					"aabb": [
						123.78169549526592,
						140.61869279980698,
						-0.012671334100159509,
						124.74959049621788,
						141.5674840930086,
						0.1631229422964253
					],
					"joint_state": {
						"position": [
							-2.3537,
							4.2024,
							1.0209,
							-4.9606,
							1.0072,
							-0.0736,
							0.0
						],
						"velocity": [
							-0.0036,
							0.0144,
							-0.0068,
							0.0142,
							-0.0095,
							0.0159,
							0.0
						],
						"effort": [
							0.0,
							0.0,
							0.0,
							0.0,
							0.0,
							0.0,
							0.0
						]
					},
					"lift_state": "lift_down"
				}
			}
		},
		"objects": {
			"Rack": {
				"Rack_02": {
					"name": "Rack_02",
					"pose": {
						"translation": [
							133.05699157714844,
							143.09999084472656,
							0.19921104609966278
						],
						"rotation": [
							0.983835756778717,
							0.1790735274553299,
							-4.97384462505579e-08,
							9.080395102500916e-09
						]
					}
				}
			}
		},
		"relationships": {
			"L-Rack": [
				[
					"AMR_LIFT01",
					"none"
				]
			]
		}
	},
	"timestamp_4": {
		"robots": {
			"ARMLIFT": {
				"AMR_LIFT01": {
					"name": "AMR_LIFT01",
					"pose": {
						"translation": [
							139.583984375,
							142.5645294189453,
							0.06199970096349716
						],
						"rotation": [
							-0.009345121681690216,
							-0.003730909898877144,
							-0.9286834001541138,
							0.3707371652126312
						]
					},