{
	"timestamp_0": {
		"robots": {
			"ARMLIFT": {
				"AMR_LIFT01": {
					"name": "AMR_LIFT01",
					"pose": {
						"translation": [
							139.60009765625,
							142.5254669189453,
							0.06199992820620537
						],
						"rotation": [
							-0.009433665312826633,
							-0.0037407800555229187,
							-0.929533839225769,
							0.36859750747680664
						]
					},
					"odometry": {
						"position": [
							0.5709504828320201,
							-7.7738717722746635,
							-0.012912045044564559
						],
						"orientation": [
							-0.019778075142514874,
							0.0003786643688133976,
							-0.9293630420417452,
							0.36863670523140557
						],
						"linear": [
							0.007592723239213228,
							0.0,
							0.0
						],
						"angular": [
							0.0,
							0.0,
							-0.001364382915198803
						]
					},
					"aabb": [
						123.76420926972604,
						140.65956010010515,
						-0.013135374328751963,
						124.73349239936675,
						141.6067627126742,
						0.16307289670302288
					],
					"joint_state": {
						"position": [
							-2.1046,
							4.367,
							1.2288,
							-5.2685,
							1.237,
							-0.4023,
							0.0
						],
						"velocity": [
							0.0619,
							0.062,
							0.2026,
							-0.1187,
							0.4534,
							-0.1915,
							0.0
						],
						"effort": [
							0.0,
							0.0,
							0.0,
							0.0,
							0.0,
							0.0,
							0.0
						]
					},
					"lift_state": "lift_down"
				}
			}
		},
		"objects": {
			"Rack": {
				"Rack_02": {
					"name": "Rack_02",
					"pose": {
						"translation": [
							133.05699157714844,
							143.09999084472656,
							0.19921104609966278
						],
						"rotation": [
							0.983835756778717,
							0.1790735274553299,
							-4.97384462505579e-08,
							9.080395102500916e-09
						]
					}
				}
			}
		},
		"relationships": {
			"L-Rack": [
				[
					"AMR_LIFT01",
					"none"
				]
			]
		}
	},
	"timestamp_1": {
		"robots": {
			"ARMLIFT": {
				"AMR_LIFT01": {
					"name": "AMR_LIFT01",
					"pose": {
						"translation": [
							139.60008239746094,
							142.525146484375,
							0.062003400176763535
						],
						"rotation": [
							-0.00943742971867323,
							-0.00372744956985116,
							-0.9296372532844543,
							0.36833643913269043
						]
					},
					"odometry": {
						"position": [
							0.5710481106144355,
							-7.77418426954079,
							-0.012915156245772011
						],
						"orientation": [
							-0.019777766306582775,
							0.00038403603920944605,
							-0.9294649311220513,
							0.3683797419654391
						],
						"linear": [
							0.006032241974025965,
							0.0,
							0.0
						],
						"angular": [
							0.0,
							0.0,
							-0.0022689267061650753
						]
					},
					"aabb": [
						123.76401032724911,
						140.6599999641261,
						-0.013358940333427532,
						124.73345471670332,
						141.60701585126722,
						0.1630747980372499
					],
					"joint_state": {
						"position": [
							-2.1052,
							4.3671,
							1.2181,
							-5.2781,
							1.2401,
							-0.4131,
							0.0
						],
						"velocity": [
							-0.0377,
							-0.0223,
							0.0864,
							-0.1195,
							0.0933,
							-0.1265,
							0.0
						],
						"effort": [
							0.0,
							0.0,
							0.0,
							0.0,
							0.0,
							0.0,
							0.0
						]
					},
					"lift_state": "lift_down"
				}
			}
		},
		"objects": {
			"Rack": {
				"Rack_02": {
					"name": "Rack_02",
					"pose": {
						"translation": [
							133.05699157714844,
							143.09999084472656,
							0.19921104609966278
						],
						"rotation": [
							0.983835756778717,
							0.1790735274553299,
							-4.97384462505579e-08,
							9.080395102500916e-09
						]
					}
				}
			}
		},
		"relationships": {
			"L-Rack": [
				[
					"AMR_LIFT01",
					"none"
				]
			]
		}
	},
	"timestamp_2": {
		"robots": {
			"ARMLIFT": {
				"AMR_LIFT01": {
					"name": "AMR_LIFT01",
					"pose": {
						"translation": [
							139.60047912597656,
							142.5248260498047,
							0.06200164556503296
						],
						"rotation": [
							-0.009428774937987328,
							-0.0037459414452314377,
							-0.929458737373352,
							0.3687867224216461
						]
					},
					"odometry": {
						"position": [
							0.5714581613599274,
							-7.774555344315968,
							-0.012925345401434514
						],
						"orientation": [
							-0.01977098162266114,
							0.00038218137234853633,
							-0.9292861627730534,
							0.3688308418524802
						],
						"linear": [
							-0.0012194139417260885,
							0.0,
							0.0
						],
						"angular": [
							0.0,
							0.0,
							-0.003042611526325345
						]
					},
					"aabb": [
						123.7640411013341,
						140.6599864232033,
						-0.013133790613283675,
						124.73318965163894,
						141.6073469195971,
						0.16307094090086027
					],
					"joint_state": {
						"position": [
							-2.104,
							4.3687,
							1.2162,
							-5.2678,
							1.2385,
							-0.4071,
							0.0
						],
						"velocity": [
							0.0146,
							0.004,
							-0.0029,
							0.0075,
							-0.0018,
							0.0142,
							0.0
						],
						"effort": [
							0.0,
							0.0,
							0.0,
							0.0,
							0.0,
							0.0,
							0.0
						]
					},
					"lift_state": "lift_down"
				}
			}
		},
		"objects": {
			"Rack": {
				"Rack_02": {
					"name": "Rack_02",
					"pose": {
						"translation": [
							133.05699157714844,
							143.09999084472656,
							0.19921104609966278
						],
						"rotation": [
							0.983835756778717,
							0.1790735274553299,
							-4.97384462505579e-08,
							9.080395102500916e-09
						]
					}
				}
			}
		},
		"relationships": {
			"L-Rack": [
				[
					"AMR_LIFT01",
					"none"
				]
			]
		}
	},
	"timestamp_3": {
		"robots": {
			"ARMLIFT": {
				"AMR_LIFT01": {
					"name": "AMR_LIFT01",
					"pose": {
						"translation": [
							139.60012817382812,
							142.52517700195312,
							0.062005385756492615
						],
						"rotation": [
							-0.009429666213691235,
							-0.0037590577267110348,
							-0.9294261336326599,
							0.3688690662384033
						]
					},
					"odometry": {
						"position": [
							0.5710872049632746,
							-7.774145201023835,
							-0.012914067104281725
						],
						"orientation": [
							-0.019767638224375727,
							0.0003583539116859925,
							-0.9292538656757664,
							0.368912408558114
						],
						"linear": [
							9.972955012926832e-05,
							0.0,
							0.0
						],
						"angular": [
							0.0,
							0.0,
							0.0003598007024265826
						]
					},
					"aabb": [
						123.76462085062423,
						140.65917802371152,
						-0.013107904246974183,
						124.73363964268864,
						141.6066896334755,
						0.1630720488099051
					],
					"joint_state": {
						"position": [
							-2.1031,
							4.3676,
							1.2178,
							-5.2673,
							1.234,
							-0.3982,
							0.0
						],
						"velocity": [
							-0.0236,
							-0.0234,
							-0.1422,
							0.0334,
							-0.1658,
							0.0347,
							0.0
						],
						"effort": [
							0.0,
							0.0,
							0.0,
							0.0,
							0.0,
							0.0,
							0.0
						]
					},
					"lift_state": "lift_down"
				}
			}
		},
		"objects": {
			"Rack": {
				"Rack_02": {
					"name": "Rack_02",
					"pose": {
						"translation": [
							133.05699157714844,
							143.09999084472656,
							0.19921104609966278
						],
						"rotation": [
							0.983835756778717,
							0.1790735274553299,
							-4.97384462505579e-08,
							9.080395102500916e-09
						]
					}
				}
			}
		},
		"relationships": {
			"L-Rack": [
				[
					"AMR_LIFT01",
					"none"
				]
			]
		}
	},
	"timestamp_4": {
		"robots": {
			"ARMLIFT": {
				"AMR_LIFT01": {
					"name": "AMR_LIFT01",
					"pose": {
						"translation": [
							139.6002197265625,
							142.52464294433594,
							0.06200500205159187
						],
						"rotation": [
							-0.009433995001018047,
							-0.0037451491225510836,
							-0.929427444934845,
							0.3688655495643616
						]
					},