{
	"timestamp_0": {
		"robots": {
			"ARMLIFT": {
				"AMR_LIFT01": {
					"name": "AMR_LIFT01",
					"pose": {
						"translation": [
							139.61985778808594,
							142.46229553222656,
							0.062000349164009094
						],
						"rotation": [
							-0.009409810416400433,
							-0.003600416239351034,
							-0.9338781833648682,
							0.3574496805667877
						]
					},
					"odometry": {
						"position": [
							0.5908218353953598,
							-7.837034912017626,
							-0.013360030458369929
						],
						"orientation": [
							-0.01979748776158452,
							0.00038995983357738024,
							-0.933706201769811,
							0.3574921484260197
						],
						"linear": [
							0.003919114358723164,
							0.0,
							0.0
						],
						"angular": [
							0.0,
							0.0,
							-0.0008754142327234149
						]
					},
					"aabb": [
						123.73736634834151,
						140.7310883987624,
						-0.014764392863150672,
						124.71426579883948,
						141.66871223610326,
						0.1629376209195816
					],
					"joint_state": {
						"position": [
							-1.6407,
							4.6863,
							1.0341,
							-5.5894,
							1.0687,
							-0.7018,
							0.0
						],
						"velocity": [
							-0.0133,
							0.017,
							0.0337,
							-0.1467,
							-0.025,
							0.0246,
							0.0
						],
						"effort": [
							0.0,
							0.0,
							0.0,
							0.0,
							0.0,
							0.0,
							0.0
						]
					},
					"lift_state": "lift_down"
				}
			}
		},
		"objects": {
			"Rack": {
				"Rack_02": {
					"name": "Rack_02",
					"pose": {
						"translation": [
							133.05699157714844,
							143.09999084472656,
							0.19921104609966278
						],
						"rotation": [
							0.983835756778717,
							0.1790735274553299,
							-4.97384462505579e-08,
							9.080395102500916e-09
						]
					}
				}
			}
		},
		"relationships": {
			"L-Rack": [
				[
					"AMR_LIFT01",
					"none"
				]
			]
		}
	},
	"timestamp_1": {
		"robots": {
			"ARMLIFT": {
				"AMR_LIFT01": {
					"name": "AMR_LIFT01",
					"pose": {
						"translation": [
							139.61981201171875,
							142.46197509765625,
							0.062000080943107605
						],
						"rotation": [
							-0.009413804858922958,
							-0.0036027859896421432,
							-0.9339198470115662,
							0.3573405146598816
						]
					},
					"odometry": {
						"position": [
							0.5907730304799055,
							-7.8373474156982175,
							-0.013359190183081827
						],
						"orientation": [
							-0.019801951431358326,
							0.0003863761585042441,
							-0.9337478188921879,
							0.3573831895137995
						],
						"linear": [
							-0.004173039924353361,
							0.0,
							0.0
						],
						"angular": [
							0.0,
							0.0,
							0.0018853190122172236
						]
					},
					"aabb": [
						123.73750617180225,
						140.73118236313746,
						-0.014737430931935629,
						124.71445383741988,
						141.6687436648611,
						0.1629382356116745
					],
					"joint_state": {
						"position": [
							-1.6394,
							4.6873,
							1.0477,
							-5.5964,
							1.0711,
							-0.7065,
							0.0
						],
						"velocity": [
							0.038,
							0.0381,
							0.0509,
							0.012,
							0.0434,
							-0.0021,
							0.0
						],
						"effort": [
							0.0,
							0.0,
							0.0,
							0.0,
							0.0,
							0.0,
							0.0
						]
					},
					"lift_state": "lift_down"
				}
			}
		},
		"objects": {
			"Rack": {
				"Rack_02": {
					"name": "Rack_02",
					"pose": {
						"translation": [
							133.05699157714844,
							143.09999084472656,
							0.19921104609966278
						],
						"rotation": [
							0.983835756778717,
							0.1790735274553299,
							-4.97384462505579e-08,
							9.080395102500916e-09
						]
					}
				}
			}
		},
		"relationships": {
			"L-Rack": [
				[
					"AMR_LIFT01",
					"none"
				]
			]
		}
	},
	"timestamp_2": {
		"robots": {
			"ARMLIFT": {
				"AMR_LIFT01": {
					"name": "AMR_LIFT01",
					"pose": {
						"translation": [
							139.62017822265625,
							142.46168518066406,
							0.06200038641691208
						],
						"rotation": [
							-0.00941137969493866,
							-0.00359971821308136,
							-0.9339466094970703,
							0.35727062821388245
						]
					},
					"odometry": {
						"position": [
							0.5911440535088761,
							-7.837640364802683,
							-0.013367195748413243
						],
						"orientation": [
							-0.019799825745050074,
							0.0003886665049437195,
							-0.9337746115901236,
							0.3573132947268092
						],
						"linear": [
							0.0010054247686639428,
							0.0,
							0.0
						],
						"angular": [
							0.0,
							0.0,
							0.002348603680729866
						]
					},
					"aabb": [
						123.73693193701477,
						140.73183183764556,
						-0.014722623689784704,
						124.71394932868613,
						141.66929806131785,
						0.1629367291478176
					],
					"joint_state": {
						"position": [
							-1.6389,
							4.6867,
							1.037,
							-5.5974,
							1.0707,
							-0.7081,
							0.0
						],
						"velocity": [
							-0.04,
							-0.0389,
							0.0158,
							-0.1635,
							0.0422,
							0.0344,
							0.0
						],
						"effort": [
							0.0,
							0.0,
							0.0,
							0.0,
							0.0,
							0.0,
							0.0
						]
					},
					"lift_state": "lift_down"
				}
			}
		},
		"objects": {
			"Rack": {
				"Rack_02": {
					"name": "Rack_02",
					"pose": {
						"translation": [
							133.05699157714844,
							143.09999084472656,
							0.19921104609966278
						],
						"rotation": [
							0.983835756778717,
							0.1790735274553299,
							-4.97384462505579e-08,
							9.080395102500916e-09
						]
					}
				}
			}
		},
		"relationships": {
			"L-Rack": [
				[
					"AMR_LIFT01",
					"none"
				]
			]
		}
	},
	"timestamp_3": {
		"robots": {
			"ARMLIFT": {
				"AMR_LIFT01": {
					"name": "AMR_LIFT01",
					"pose": {
						"translation": [
							139.61962890625,
							142.4621124267578,
							0.06199992820620537
						],
						"rotation": [
							-0.009409990161657333,
							-0.003598162904381752,
							-0.9339037537574768,
							0.35738271474838257
						]
					},
					"odometry": {
						"position": [
							0.5906558908483368,
							-7.837279060422363,
							-0.013355572706743682
						],
						"orientation": [
							-0.01979794365601058,
							0.0003874080418534101,
							-0.9337277149080407,
							0.3574359323775537
						],
						"linear": [
							4.301368608139455e-05,
							0.0,
							0.0
						],
						"angular": [
							0.0,
							0.0,
							0.0008310814737342298
						]
					},
					"aabb": [
						123.73755283167421,
						140.7313819088993,
						-0.014732111804590999,
						124.7145025203012,
						141.6689382675989,
						0.16293580863654708
					],
					"joint_state": {
						"position": [
							-1.6379,
							4.6879,
							1.0334,
							-5.5965,
							1.0579,
							-0.7045,
							0.0
						],
						"velocity": [
							0.0074,
							0.0067,
							0.0208,
							-0.0462,
							0.0283,
							-0.0414,
							0.0
						],
						"effort": [
							0.0,
							0.0,
							0.0,
							0.0,
							0.0,
							0.0,
							0.0
						]
					},
					"lift_state": "lift_down"
				}
			}
		},
		"objects": {
			"Rack": {
				"Rack_02": {
					"name": "Rack_02",
					"pose": {
						"translation": [
							133.05699157714844,
							143.09999084472656,
							0.19921104609966278
						],
						"rotation": [
							0.983835756778717,
							0.1790735274553299,
							-4.97384462505579e-08,
							9.080395102500916e-09
						]
					}
				}
			}
		},
		"relationships": {
			"L-Rack": [
				[
					"AMR_LIFT01",
					"none"
				]
			]
		}
	},
	"timestamp_4": {
		"robots": {
			"ARMLIFT": {
				"AMR_LIFT01": {
					"name": "AMR_LIFT01",
					"pose": {
						"translation": [
							139.61952209472656,
							142.46168518066406,
							0.06200099736452103
						],
						"rotation": [
							-0.009407182224094868,
							-0.003597095375880599,
							-0.9339678883552551,
							0.35721534490585327
						]
					},