{
	"timestamp_0": {
		"robots": {
			"ARMLIFT": {
				"AMR_LIFT01": {
					"name": "AMR_LIFT01",
					"pose": {
						"translation": [
							139.59974670410156,
							142.5283660888672,
							0.06201213598251343
						],
						"rotation": [
							-0.009444099850952625,
							-0.0037533510476350784,
							-0.9297031164169312,
							0.36816975474357605
						]
					},
					"odometry": {
						"position": [
							0.5707064239410695,
							-7.77096160779859,
							-0.012898712545842985
						],
						"orientation": [
							-0.01978517076586931,
							0.000356282199846798,
							-0.9295306948147334,
							0.3682133993732421
						],
						"linear": [
							-0.0009287541033700109,
							0.0,
							0.0
						],
						"angular": [
							0.0,
							0.0,
							0.0013310512294992805
						]
					},
					"aabb": [
						123.764227581323,
						140.65703397143162,
						-0.012884644395544004,
						124.73378533009372,
						141.60391415638574,
						0.16308030629601988
					],
					"joint_state": {
						"position": [
							-2.1243,
							4.3538,
							1.2551,
							-5.2508,
							1.2343,
							-0.4003,
							0.0
						],
						"velocity": [
							0.0151,
							-0.021,
							-0.0051,
							-0.035,
							0.0163,
							-0.0233,
							0.0
						],
						"effort": [
							0.0,
							0.0,
							0.0,
							0.0,
							0.0,
							0.0,
							0.0
						]
					},
					"lift_state": "lift_down"
				}
			}
		},
		"objects": {
			"Rack": {
				"Rack_02": {
					"name": "Rack_02",
					"pose": {
						"translation": [
							133.05699157714844,
							143.09999084472656,
							0.19921104609966278
						],
						"rotation": [
							0.983835756778717,
							0.1790735274553299,
							-4.97384462505579e-08,
							9.080395102500916e-09
						]
					}
				}
			}
		},
		"relationships": {
			"L-Rack": [
				[
					"AMR_LIFT01",
					"none"
				]
			]
		}
	},
	"timestamp_1": {
		"robots": {
			"ARMLIFT": {
				"AMR_LIFT01": {
					"name": "AMR_LIFT01",
					"pose": {
						"translation": [
							139.59971618652344,
							142.52835083007812,
							0.06200706213712692
						],
						"rotation": [
							-0.009440302848815918,
							-0.003750007366761565,
							-0.9296900629997253,
							0.3682030141353607
						]
					},
					"odometry": {
						"position": [
							0.5705987961692692,
							-7.770942102747175,
							-0.01290671931542802
						],
						"orientation": [
							-0.019784949146665884,
							0.00037752980287818753,
							-0.9295111648535691,
							0.3682626884047213
						],
						"linear": [
							0.0013597049983218312,
							0.0,
							0.0
						],
						"angular": [
							0.0,
							0.0,
							-0.0028708719182759523
						]
					},
					"aabb": [
						123.76431561801965,
						140.65697121955307,
						-0.012869607833732312,
						124.7338517351092,
						141.60387879458696,
						0.1630813295783689
					],
					"joint_state": {
						"position": [
							-2.1231,
							4.3545,
							1.2582,
							-5.2558,
							1.2373,
							-0.4052,
							0.0
						],
						"velocity": [
							0.0044,
							0.0203,
							0.0333,
							-0.022,
							0.0483,
							-0.0178,
							0.0
						],
						"effort": [
							0.0,
							0.0,
							0.0,
							0.0,
							0.0,
							0.0,
							0.0
						]
					},
					"lift_state": "lift_down"
				}
			}
		},
		"objects": {
			"Rack": {
				"Rack_02": {
					"name": "Rack_02",
					"pose": {
						"translation": [
							133.05699157714844,
							143.09999084472656,
							0.19921104609966278
						],
						"rotation": [
							0.983835756778717,
							0.1790735274553299,
							-4.97384462505579e-08,
							9.080395102500916e-09
						]
					}
				}
			}
		},
		"relationships": {
			"L-Rack": [
				[
					"AMR_LIFT01",
					"none"
				]
			]
		}
	},
	"timestamp_2": {
		"robots": {
			"ARMLIFT": {
				"AMR_LIFT01": {
					"name": "AMR_LIFT01",
					"pose": {
						"translation": [
							139.5997314453125,
							142.52781677246094,
							0.06199996918439865
						],
						"rotation": [
							-0.009437228552997112,
							-0.0037353418301790953,
							-0.9297648072242737,
							0.36801451444625854
						]
					},
					"odometry": {
						"position": [
							0.5706964178041745,
							-7.771518274182838,
							-0.012910735824724826
						],
						"orientation": [
							-0.019778983228412067,
							0.00037256253087836617,
							-0.9295924802473067,
							0.3680577042900631
						],
						"linear": [
							-0.0007216016529127955,
							0.0,
							0.0
						],
						"angular": [
							0.0,
							0.0,
							-0.0032967885490506887
						]
					},
					"aabb": [
						123.76420351133532,
						140.65762607426842,
						-0.012940093815109991,
						124.73386069056446,
						141.60438922325451,
						0.16308385766691194
					],
					"joint_state": {
						"position": [
							-2.1227,
							4.3555,
							1.2562,
							-5.2547,
							1.232,
							-0.4062,
							0.0
						],
						"velocity": [
							0.016,
							0.0111,
							0.0293,
							-0.0541,
							0.0936,
							-0.0553,
							0.0
						],
						"effort": [
							0.0,
							0.0,
							0.0,
							0.0,
							0.0,
							0.0,
							0.0
						]
					},
					"lift_state": "lift_down"
				}
			}
		},
		"objects": {
			"Rack": {
				"Rack_02": {
					"name": "Rack_02",
					"pose": {
						"translation": [
							133.05699157714844,
							143.09999084472656,
							0.19921104609966278
						],
						"rotation": [
							0.983835756778717,
							0.1790735274553299,
							-4.97384462505579e-08,
							9.080395102500916e-09
						]
					}
				}
			}
		},
		"relationships": {
			"L-Rack": [
				[
					"AMR_LIFT01",
					"none"
				]
			]
		}
	},
	"timestamp_3": {
		"robots": {
			"ARMLIFT": {
				"AMR_LIFT01": {
					"name": "AMR_LIFT01",
					"pose": {
						"translation": [
							139.5995635986328,
							142.52774047851562,
							0.062003057450056076
						],
						"rotation": [
							-0.009438332170248032,
							-0.0037446082569658756,
							-0.9297292232513428,
							0.368103951215744
						]
					},
					"odometry": {
						"position": [
							0.5705207533812612,
							-7.771586636846714,
							-0.012903694917432958
						],
						"orientation": [
							-0.019779698308987275,
							0.00036429270469729634,
							-0.929556874560043,
							0.3681475896753848
						],
						"linear": [
							0.006191181018948555,
							0.0,
							0.0
						],
						"angular": [
							0.0,
							0.0,
							0.0030086408369243145
						]
					},
					"aabb": [
						123.76449101477523,
						140.6574237692737,
						-0.013064642613213415,
						124.7341327000866,
						141.60420636971222,
						0.16308043225912175
					],
					"joint_state": {
						"position": [
							-2.1224,
							4.3561,
							1.264,
							-5.2618,
							1.2383,
							-0.4149,
							0.0
						],
						"velocity": [
							0.0021,
							0.0017,
							0.0319,
							-0.0129,
							0.0432,
							0.001,
							0.0
						],
						"effort": [
							0.0,
							0.0,
							0.0,
							0.0,
							0.0,
							0.0,
							0.0
						]
					},
					"lift_state": "lift_down"
				}
			}
		},
		"objects": {
			"Rack": {
				"Rack_02": {
					"name": "Rack_02",
					"pose": {
						"translation": [
							133.05699157714844,
							143.09999084472656,
							0.19921104609966278
						],
						"rotation": [
							0.983835756778717,
							0.1790735274553299,
							-4.97384462505579e-08,
							9.080395102500916e-09
						]
					}
				}
			}
		},
		"relationships": {
			"L-Rack": [
				[
					"AMR_LIFT01",
					"none"
				]
			]
		}
	},
	"timestamp_4": {
		"robots": {
			"ARMLIFT": {
				"AMR_LIFT01": {
					"name": "AMR_LIFT01",
					"pose": {
						"translation": [
							139.6000213623047,
							142.52818298339844,
							0.0620095431804657
						],
						"rotation": [
							-0.009441304951906204,
							-0.0037523265928030014,
							-0.9296246767044067,
							0.3683677911758423
						]
					},