{
	"timestamp_0": {
		"robots": {
			"ARMLIFT": {
				"AMR_LIFT01": {
					"name": "AMR_LIFT01",
					"pose": {
						"translation": [
							139.6208953857422,
							142.45603942871094,
							0.06199996918439865
						],
						"rotation": [
							-0.009432383812963963,
							-0.0035824482329189777,
							-0.9348099231719971,
							0.3550054430961609
						]
					},
					"odometry": {
						"position": [
							0.5918570558426587,
							-7.843294635756675,
							-0.013383603315598973
						],
						"orientation": [
							-0.019830462933619182,
							0.00038073685182166004,
							-0.9346376557783421,
							0.3550479688442863
						],
						"linear": [
							0.0027055346872657537,
							0.0,
							0.0
						],
						"angular": [
							0.0,
							0.0,
							0.0016446261433884501
						]
					},
					"aabb": [
						123.73481090011182,
						140.73923814745785,
						-0.01481379556511709,
						124.71330705131791,
						141.6746993167657,
						0.16293167120307753
					],
					"joint_state": {
						"position": [
							-1.6103,
							4.7171,
							1.0755,
							-5.6973,
							1.0862,
							-0.7956,
							0.0
						],
						"velocity": [
							0.001,
							-0.0236,
							0.4661,
							-0.3126,
							-0.0148,
							-0.0183,
							0.0
						],
						"effort": [
							0.0,
							0.0,
							0.0,
							0.0,
							0.0,
							0.0,
							0.0
						]
					},
					"lift_state": "lift_down"
				}
			}
		},
		"objects": {
			"Rack": {
				"Rack_02": {
					"name": "Rack_02",
					"pose": {
						"translation": [
							133.05699157714844,
							143.09999084472656,
							0.19921104609966278
						],
						"rotation": [
							0.983835756778717,
							0.1790735274553299,
							-4.97384462505579e-08,
							9.080395102500916e-09
						]
					}
				}
			}
		},
		"relationships": {
			"L-Rack": [
				[
					"AMR_LIFT01",
					"none"
				]
			]
		}
	},
	"timestamp_1": {
		"robots": {
			"ARMLIFT": {
				"AMR_LIFT01": {
					"name": "AMR_LIFT01",
					"pose": {
						"translation": [
							139.62139892578125,
							142.45591735839844,
							0.062000881880521774
						],
						"rotation": [
							-0.009440585039556026,
							-0.0035871181171387434,
							-0.9347978234291077,
							0.35503679513931274
						]
					},
					"odometry": {
						"position": [
							0.5923647677165353,
							-7.84340202914277,
							-0.013394030942231853
						],
						"orientation": [
							-0.01983853506983623,
							0.0003764166633937298,
							-0.9346254599889868,
							0.3550796254041526
						],
						"linear": [
							0.0011654015397652984,
							0.0,
							0.0
						],
						"angular": [
							0.0,
							0.0,
							0.0011211758246645331
						]
					},
					"aabb": [
						123.7342373770804,
						140.73931079619322,
						-0.014808468605167824,
						124.71273103482679,
						141.67477842810624,
						0.162934118782251
					],
					"joint_state": {
						"position": [
							-1.6095,
							4.7186,
							1.0978,
							-5.7003,
							1.1138,
							-0.8022,
							0.0
						],
						"velocity": [
							0.0003,
							0.0007,
							-0.0274,
							-0.0006,
							-0.2128,
							0.1305,
							0.0
						],
						"effort": [
							0.0,
							0.0,
							0.0,
							0.0,
							0.0,
							0.0,
							0.0
						]
					},
					"lift_state": "lift_down"
				}
			}
		},
		"objects": {
			"Rack": {
				"Rack_02": {
					"name": "Rack_02",
					"pose": {
						"translation": [
							133.05699157714844,
							143.09999084472656,
							0.19921104609966278
						],
						"rotation": [
							0.983835756778717,
							0.1790735274553299,
							-4.97384462505579e-08,
							9.080395102500916e-09
						]
					}
				}
			}
		},
		"relationships": {
			"L-Rack": [
				[
					"AMR_LIFT01",
					"none"
				]
			]
		}
	},
	"timestamp_2": {
		"robots": {
			"ARMLIFT": {
				"AMR_LIFT01": {
					"name": "AMR_LIFT01",
					"pose": {
						"translation": [
							139.62107849121094,
							142.45632934570312,
							0.062000274658203125
						],
						"rotation": [
							-0.009436119347810745,
							-0.0035847786348313093,
							-0.934755265712738,
							0.3551490008831024
						]
					},
					"odometry": {
						"position": [
							0.5920327843280004,
							-7.843001656545417,
							-0.013387230603726314
						],
						"orientation": [
							-0.019833593978935037,
							0.00038000413600387155,
							-0.9345829539391827,
							0.3551917599734644
						],
						"linear": [
							-0.0010707111796364188,
							0.0,
							0.0
						],
						"angular": [
							0.0,
							0.0,
							0.004236571025103331
						]
					},
					"aabb": [
						123.73457352846057,
						140.73922164458972,
						-0.014812365234025111,
						124.71311402324531,
						141.6746234597274,
						0.1629339696318742
					],
					"joint_state": {
						"position": [
							-1.6087,
							4.7198,
							1.0866,
							-5.6907,
							1.0982,
							-0.7944,
							0.0
						],
						"velocity": [
							0.0165,
							0.0218,
							-0.0088,
							0.0715,
							-0.0498,
							0.0551,
							0.0
						],
						"effort": [
							0.0,
							0.0,
							0.0,
							0.0,
							0.0,
							0.0,
							0.0
						]
					},
					"lift_state": "lift_down"
				}
			}
		},
		"objects": {
			"Rack": {
				"Rack_02": {
					"name": "Rack_02",
					"pose": {
						"translation": [
							133.05699157714844,
							143.09999084472656,
							0.19921104609966278
						],
						"rotation": [
							0.983835756778717,
							0.1790735274553299,
							-4.97384462505579e-08,
							9.080395102500916e-09
						]
					}
				}
			}
		},
		"relationships": {
			"L-Rack": [
				[
					"AMR_LIFT01",
					"none"
				]
			]
		}
	},
	"timestamp_3": {
		"robots": {
			"ARMLIFT": {
				"AMR_LIFT01": {
					"name": "AMR_LIFT01",
					"pose": {
						"translation": [
							139.62075805664062,
							142.45689392089844,
							0.062001265585422516
						],
						"rotation": [
							-0.009437589906156063,
							-0.003587690182030201,
							-0.9347886443138123,
							0.35506102442741394
						]
					},
					"odometry": {
						"position": [
							0.5917203343249117,
							-7.842503625394356,
							-0.013380318672059717
						],
						"orientation": [
							-0.01983453719410989,
							0.0003796400804303016,
							-0.9346110810112422,
							0.3551176907149263
						],
						"linear": [
							-0.004123679827898741,
							0.0,
							0.0
						],
						"angular": [
							0.0,
							0.0,
							-0.007382997777312994
						]
					},
					"aabb": [
						123.73491199559463,
						140.73842155014827,
						-0.014812343842758731,
						124.71328198442359,
						141.6740575759776,
						0.16293441171219544
					],
					"joint_state": {
						"position": [
							-1.6082,
							4.7216,
							1.0884,
							-5.6854,
							1.0966,
							-0.7886,
							0.0
						],
						"velocity": [
							0.0142,
							-0.0165,
							0.0334,
							-0.0237,
							0.0398,
							-0.0106,
							0.0
						],
						"effort": [
							0.0,
							0.0,
							0.0,
							0.0,
							0.0,
							0.0,
							0.0
						]
					},
					"lift_state": "lift_down"
				}
			}
		},
		"objects": {
			"Rack": {
				"Rack_02": {
					"name": "Rack_02",
					"pose": {
						"translation": [
							133.05699157714844,
							143.09999084472656,
							0.19921104609966278
						],
						"rotation": [
							0.983835756778717,
							0.1790735274553299,
							-4.97384462505579e-08,
							9.080395102500916e-09
						]
					}
				}
			}
		},
		"relationships": {
			"L-Rack": [
				[
					"AMR_LIFT01",
					"none"
				]
			]
		}
	},
	"timestamp_4": {
		"robots": {
			"ARMLIFT": {
				"AMR_LIFT01": {
					"name": "AMR_LIFT01",
					"pose": {
						"translation": [
							139.62078857421875,
							142.45664978027344,
							0.06200077012181282
						],
						"rotation": [
							-0.009435845538973808,
							-0.0035857169423252344,
							-0.9347845911979675,
							0.35507211089134216
						]
					},