{
	"timestamp_0": {
		"robots": {
			"ARMLIFT": {
				"AMR_LIFT01": {
					"name": "AMR_LIFT01",
					"pose": {
						"translation": [
							139.60671997070312,
							142.50830078125,
							0.06199951097369194
						],
						"rotation": [
							-0.009416322223842144,
							-0.0037186001427471638,
							-0.9300562739372253,
							0.367277592420578
						]
					},
					"odometry": {
						"position": [
							0.5776781252794528,
							-7.7910296614982855,
							-0.013067088643955378
						],
						"orientation": [
							-0.01976134074667423,
							0.000381107863788859,
							-0.9298841975950152,
							0.367321008426914
						],
						"linear": [
							0.0030588703230023384,
							0.0,
							0.0
						],
						"angular": [
							0.0,
							0.0,
							0.004490596242249012
						]
					},
					"aabb": [
						123.75666080008425,
						140.67773802210033,
						-0.013513251177138441,
						124.72690875475674,
						141.62379107368363,
						0.16303667309231526
					],
					"joint_state": {
						"position": [
							-2.0007,
							4.4355,
							1.1685,
							-5.2896,
							1.1765,
							-0.4578,
							0.0
						],
						"velocity": [
							-0.01,
							0.014,
							-0.0254,
							0.0127,
							-0.0256,
							-0.0055,
							0.0
						],
						"effort": [
							0.0,
							0.0,
							0.0,
							0.0,
							0.0,
							0.0,
							0.0
						]
					},
					"lift_state": "lift_down"
				}
			}
		},
		"objects": {
			"Rack": {
				"Rack_02": {
					"name": "Rack_02",
					"pose": {
						"translation": [
							133.05699157714844,
							143.09999084472656,
							0.19921104609966278
						],
						"rotation": [
							0.983835756778717,
							0.1790735274553299,
							-4.97384462505579e-08,
							9.080395102500916e-09
						]
					}
				}
			}
		},
		"relationships": {
			"L-Rack": [
				[
					"AMR_LIFT01",
					"none"
				]
			]
		}
	},
	"timestamp_1": {
		"robots": {
			"ARMLIFT": {
				"AMR_LIFT01": {
					"name": "AMR_LIFT01",
					"pose": {
						"translation": [
							139.607177734375,
							142.5078887939453,
							0.06200530752539635
						],
						"rotation": [
							-0.009433025494217873,
							-0.0037097109016031027,
							-0.9299885034561157,
							0.3674488663673401
						]
					},
					"odometry": {
						"position": [
							0.5780686850142172,
							-7.791322608652405,
							-0.013075066490758997
						],
						"orientation": [
							-0.019767562389245593,
							0.00037785919961186277,
							-0.9298099652984805,
							0.36750854293642077
						],
						"linear": [
							-0.0021183332428336143,
							0.0,
							0.0
						],
						"angular": [
							0.0,
							0.0,
							0.000675403920467943
						]
					},
					"aabb": [
						123.75650587267279,
						140.6777941364328,
						-0.013624003271804248,
						124.7265950806567,
						141.62403723264012,
						0.16303586126767214
					],
					"joint_state": {
						"position": [
							-2.0007,
							4.4378,
							1.1876,
							-5.3036,
							1.1889,
							-0.4689,
							0.0
						],
						"velocity": [
							-0.0297,
							0.0001,
							-0.0354,
							-0.0201,
							0.0115,
							-0.0271,
							0.0
						],
						"effort": [
							0.0,
							0.0,
							0.0,
							0.0,
							0.0,
							0.0,
							0.0
						]
					},
					"lift_state": "lift_down"
				}
			}
		},
		"objects": {
			"Rack": {
				"Rack_02": {
					"name": "Rack_02",
					"pose": {
						"translation": [
							133.05699157714844,
							143.09999084472656,
							0.19921104609966278
						],
						"rotation": [
							0.983835756778717,
							0.1790735274553299,
							-4.97384462505579e-08,
							9.080395102500916e-09
						]
					}
				}
			}
		},
		"relationships": {
			"L-Rack": [
				[
					"AMR_LIFT01",
					"none"
				]
			]
		}
	},
	"timestamp_2": {
		"robots": {
			"ARMLIFT": {
				"AMR_LIFT01": {
					"name": "AMR_LIFT01",
					"pose": {
						"translation": [
							139.60667419433594,
							142.5076141357422,
							0.06200755760073662
						],
						"rotation": [
							-0.009431643411517143,
							-0.003718422260135412,
							-0.9300038814544678,
							0.3674100339412689
						]
					},
					"odometry": {
						"position": [
							0.5776392880005439,
							-7.791713242739369,
							-0.013058168238285267
						],
						"orientation": [
							-0.019776071939801902,
							0.0003827578006846825,
							-0.929831634553108,
							0.3674532512570727
						],
						"linear": [
							0.008254772052168846,
							0.0,
							0.0
						],
						"angular": [
							0.0,
							0.0,
							-0.004311998840421438
						]
					},
					"aabb": [
						123.7568666735212,
						140.67800623649356,
						-0.013653957196571033,
						124.72692477414523,
						141.62428546467316,
						0.1630336535195975
					],
					"joint_state": {
						"position": [
							-1.9993,
							4.4382,
							1.183,
							-5.3141,
							1.1824,
							-0.4722,
							0.0
						],
						"velocity": [
							0.0181,
							-0.0068,
							-0.0786,
							-0.2231,
							0.0351,
							-0.0221,
							0.0
						],
						"effort": [
							0.0,
							0.0,
							0.0,
							0.0,
							0.0,
							0.0,
							0.0
						]
					},
					"lift_state": "lift_down"
				}
			}
		},
		"objects": {
			"Rack": {
				"Rack_02": {
					"name": "Rack_02",
					"pose": {
						"translation": [
							133.05699157714844,
							143.09999084472656,
							0.19921104609966278
						],
						"rotation": [
							0.983835756778717,
							0.1790735274553299,
							-4.97384462505579e-08,
							9.080395102500916e-09
						]
					}
				}
			}
		},
		"relationships": {
			"L-Rack": [
				[
					"AMR_LIFT01",
					"none"
				]
			]
		}
	},
	"timestamp_3": {
		"robots": {
			"ARMLIFT": {
				"AMR_LIFT01": {
					"name": "AMR_LIFT01",
					"pose": {
						"translation": [
							139.60653686523438,
							142.50784301757812,
							0.06199962645769119
						],
						"rotation": [
							-0.00942834559828043,
							-0.003716015722602606,
							-0.930256724357605,
							0.36676961183547974
						]
					},
					"odometry": {
						"position": [
							0.5774926502049699,
							-7.791517953550041,
							-0.013062963641060802
						],
						"orientation": [
							-0.019775353801267066,
							0.0003779117628791397,
							-0.9300839243537867,
							0.36681423939562907
						],
						"linear": [
							-0.0024519232101738453,
							0.0,
							0.0
						],
						"angular": [
							0.0,
							0.0,
							-0.0007286089239642024
						]
					},
					"aabb": [
						123.7565955013955,
						140.67856476280514,
						-0.01393221283225506,
						124.72715450644236,
						141.62424713375052,
						0.1630363320207005
					],
					"joint_state": {
						"position": [
							-1.9977,
							4.4399,
							1.1946,
							-5.328,
							1.1973,
							-0.4796,
							0.0
						],
						"velocity": [
							-0.0007,
							-0.0009,
							0.0342,
							0.0042,
							0.0066,
							0.0012,
							0.0
						],
						"effort": [
							0.0,
							0.0,
							0.0,
							0.0,
							0.0,
							0.0,
							0.0
						]
					},
					"lift_state": "lift_down"
				}
			}
		},
		"objects": {
			"Rack": {
				"Rack_02": {
					"name": "Rack_02",
					"pose": {
						"translation": [
							133.05699157714844,
							143.09999084472656,
							0.19921104609966278
						],
						"rotation": [
							0.983835756778717,
							0.1790735274553299,
							-4.97384462505579e-08,
							9.080395102500916e-09
						]
					}
				}
			}
		},
		"relationships": {
			"L-Rack": [
				[
					"AMR_LIFT01",
					"none"
				]
			]
		}
	},
	"timestamp_4": {
		"robots": {
			"ARMLIFT": {
				"AMR_LIFT01": {
					"name": "AMR_LIFT01",
					"pose": {
						"translation": [
							139.60679626464844,
							142.50750732421875,
							0.06200065463781357
						],
						"rotation": [
							-0.009428094141185284,
							-0.0037111258134245872,
							-0.930418074131012,
							0.3663599193096161
						]
					},