{
	"timestamp_0": {
		"robots": {
			"ARMLIFT": {
				"AMR_LIFT01": {
					"name": "AMR_LIFT01",
					"pose": {
						"translation": [
							139.58413696289062,
							142.56578063964844,
							0.06200446933507919
						],
						"rotation": [
							-0.009350758045911789,
							-0.003728850744664669,
							-0.9290853142738342,
							0.369728684425354
						]
					},
					"odometry": {
						"position": [
							0.5551026850725903,
							-7.7335405027666875,
							-0.012558046237824055
						],
						"orientation": [
							-0.0196849374078401,
							0.0003981240753078132,
							-0.928913952453219,
							0.36977184002328956
						],
						"linear": [
							-0.0007911764550954103,
							0.0,
							0.0
						],
						"angular": [
							0.0,
							0.0,
							-0.0015133016277104616
						]
					},
					"aabb": [
						123.78109029396911,
						140.61823550998713,
						-0.012671363136436282,
						124.74956522011715,
						141.56635473464476,
						0.1631321155187778
					],
					"joint_state": {
						"position": [
							-2.3639,
							4.1958,
							0.9946,
							-4.9462,
							1.0107,
							-0.0556,
							0.0
						],
						"velocity": [
							-0.0036,
							0.0115,
							-0.0159,
							0.0079,
							-0.0283,
							0.0093,
							0.0
						],
						"effort": [
							0.0,
							0.0,
							0.0,
							0.0,
							0.0,
							0.0,
							0.0
						]
					},
					"lift_state": "lift_down"
				}
			}
		},
		"objects": {
			"Rack": {
				"Rack_02": {
					"name": "Rack_02",
					"pose": {
						"translation": [
							133.05699157714844,
							143.09999084472656,
							0.19921104609966278
						],
						"rotation": [
							0.983835756778717,
							0.1790735274553299,
							-4.97384462505579e-08,
							9.080395102500916e-09
						]
					}
				}
			}
		},
		"relationships": {
			"L-Rack": [
				[
					"AMR_LIFT01",
					"none"
				]
			]
		}
	},
	"timestamp_1": {
		"robots": {
			"ARMLIFT": {
				"AMR_LIFT01": {
					"name": "AMR_LIFT01",
					"pose": {
						"translation": [
							139.58413696289062,
							142.5654296875,
							0.062005043029785156
						],
						"rotation": [
							-0.00935488659888506,
							-0.0037078361492604017,
							-0.9290460348129272,
							0.3698273003101349
						]
					},
					"odometry": {
						"position": [
							0.5551027166304925,
							-7.733901830489667,
							-0.012557490853890954
						],
						"orientation": [
							-0.019688631272707615,
							0.00042023457913075834,
							-0.928874647549323,
							0.3698703426089024
						],
						"linear": [
							0.004703821148723364,
							0.0,
							0.0
						],
						"angular": [
							0.0,
							0.0,
							-0.0008432022295892239
						]
					},
					"aabb": [
						123.78089756054597,
						140.61842970493387,
						-0.012655528582684948,
						124.74931686876846,
						141.56661669211888,
						0.1631367931743778
					],
					"joint_state": {
						"position": [
							-2.3639,
							4.196,
							0.988,
							-4.9412,
							0.9959,
							-0.049,
							0.0
						],
						"velocity": [
							-0.0086,
							0.0104,
							-0.0114,
							0.01,
							-0.2802,
							-0.0645,
							0.0
						],
						"effort": [
							0.0,
							0.0,
							0.0,
							0.0,
							0.0,
							0.0,
							0.0
						]
					},
					"lift_state": "lift_down"
				}
			}
		},
		"objects": {
			"Rack": {
				"Rack_02": {
					"name": "Rack_02",
					"pose": {
						"translation": [
							133.05699157714844,
							143.09999084472656,
							0.19921104609966278
						],
						"rotation": [
							0.983835756778717,
							0.1790735274553299,
							-4.97384462505579e-08,
							9.080395102500916e-09
						]
					}
				}
			}
		},
		"relationships": {
			"L-Rack": [
				[
					"AMR_LIFT01",
					"none"
				]
			]
		}
	},
	"timestamp_2": {
		"robots": {
			"ARMLIFT": {
				"AMR_LIFT01": {
					"name": "AMR_LIFT01",
					"pose": {
						"translation": [
							139.58433532714844,
							142.5648956298828,
							0.061999816447496414
						],
						"rotation": [
							-0.009342106059193611,
							-0.0037207240238785744,
							-0.9289777278900146,
							0.36999911069869995
						]
					},
					"odometry": {
						"position": [
							0.5552978918193896,
							-7.734438940943096,
							-0.01256711399754749
						],
						"orientation": [
							-0.019675087796198015,
							0.00040925906700950654,
							-0.9288064698130301,
							0.3700422476700258
						],
						"linear": [
							0.006226778030395508,
							0.0,
							0.0
						],
						"angular": [
							0.0,
							0.0,
							0.001402520458213985
						]
					},
					"aabb": [
						123.78086372739251,
						140.6188493306623,
						-0.012661165161022664,
						124.74914057572155,
						141.56720107093827,
						0.16314057527384904
					],
					"joint_state": {
						"position": [
							-2.3631,
							4.1964,
							0.9807,
							-4.9409,
							0.9967,
							-0.0492,
							0.0
						],
						"velocity": [
							-0.0128,
							0.0127,
							-0.0096,
							0.0092,
							-0.0185,
							-0.0045,
							0.0
						],
						"effort": [
							0.0,
							0.0,
							0.0,
							0.0,
							0.0,
							0.0,
							0.0
						]
					},
					"lift_state": "lift_down"
				}
			}
		},
		"objects": {
			"Rack": {
				"Rack_02": {
					"name": "Rack_02",
					"pose": {
						"translation": [
							133.05699157714844,
							143.09999084472656,
							0.19921104609966278
						],
						"rotation": [
							0.983835756778717,
							0.1790735274553299,
							-4.97384462505579e-08,
							9.080395102500916e-09
						]
					}
				}
			}
		},
		"relationships": {
			"L-Rack": [
				[
					"AMR_LIFT01",
					"none"
				]
			]
		}
	},
	"timestamp_3": {
		"robots": {
			"ARMLIFT": {
				"AMR_LIFT01": {
					"name": "AMR_LIFT01",
					"pose": {
						"translation": [
							139.58428955078125,
							142.56503295898438,
							0.06200626119971275
						],
						"rotation": [
							-0.009351096116006374,
							-0.00370804313570261,
							-0.928916871547699,
							0.3701518177986145
						]
					},
					"odometry": {
						"position": [
							0.5552492115341805,
							-7.734292446149105,
							-0.012559580158461887
						],
						"orientation": [
							-0.019683396663571117,
							0.0004236370913091973,
							-0.9287455256614242,
							0.37019472307325596
						],
						"linear": [
							-0.001282476936466992,
							0.0,
							0.0
						],
						"angular": [
							0.0,
							0.0,
							0.0005319800111465156
						]
					},
					"aabb": [
						123.78096798080703,
						140.61874146056755,
						-0.012670338634022425,
						124.74926866615559,
						141.56706073416055,
						0.16312115516083925
					],
					"joint_state": {
						"position": [
							-2.3599,
							4.1981,
							0.9729,
							-4.9368,
							0.9973,
							-0.0472,
							0.0
						],
						"velocity": [
							0.0331,
							0.0242,
							0.3589,
							-0.1969,
							0.3316,
							-0.1981,
							0.0
						],
						"effort": [
							0.0,
							0.0,
							0.0,
							0.0,
							0.0,
							0.0,
							0.0
						]
					},
					"lift_state": "lift_down"
				}
			}
		},
		"objects": {
			"Rack": {
				"Rack_02": {
					"name": "Rack_02",
					"pose": {
						"translation": [
							133.05699157714844,
							143.09999084472656,
							0.19921104609966278
						],
						"rotation": [
							0.983835756778717,
							0.1790735274553299,
							-4.97384462505579e-08,
							9.080395102500916e-09
						]
					}
				}
			}
		},
		"relationships": {
			"L-Rack": [
				[
					"AMR_LIFT01",
					"none"
				]
			]
		}
	},
	"timestamp_4": {
		"robots": {
			"ARMLIFT": {
				"AMR_LIFT01": {
					"name": "AMR_LIFT01",
					"pose": {
						"translation": [
							139.58370971679688,
							142.56556701660156,
							0.06199977919459343
						],
						"rotation": [
							-0.009336326271295547,
							-0.0037186741828918457,
							-0.9289433360099792,
							0.37008559703826904
						]
					},