{
	"timestamp_0": {
		"robots": {
			"ARMLIFT": {
				"AMR_LIFT01": {
					"name": "AMR_LIFT01",
					"pose": {
						"translation": [
							139.6112823486328,
							142.48483276367188,
							0.062002141028642654
						],
						"rotation": [
							-0.009389407932758331,
							-0.0036387662403285503,
							-0.9326126575469971,
							0.36073869466781616
						]
					},
					"odometry": {
						"position": [
							0.5822388340943007,
							-7.814496257283657,
							-0.013166562108731746
						],
						"orientation": [
							-0.019762962498358037,
							0.0003881996071517657,
							-0.9324408559924405,
							0.36078154704812526
						],
						"linear": [
							-0.008241375908255577,
							0.0,
							0.0
						],
						"angular": [
							0.0,
							0.0,
							4.2421695980010554e-05
						]
					},
					"aabb": [
						123.74797335672346,
						140.70611109783204,
						-0.01487340365184872,
						124.72269435833864,
						141.6465930697082,
						0.16297554375886197
					],
					"joint_state": {
						"position": [
							-1.8103,
							4.5822,
							1.0322,
							-5.4672,
							1.0154,
							-0.6347,
							0.0
						],
						"velocity": [
							0.0692,
							0.0692,
							-0.1541,
							-0.0549,
							-0.1441,
							-0.0427,
							0.0
						],
						"effort": [
							0.0,
							0.0,
							0.0,
							0.0,
							0.0,
							0.0,
							0.0
						]
					},
					"lift_state": "lift_down"
				}
			}
		},
		"objects": {
			"Rack": {
				"Rack_02": {
					"name": "Rack_02",
					"pose": {
						"translation": [
							133.05699157714844,
							143.09999084472656,
							0.19921104609966278
						],
						"rotation": [
							0.983835756778717,
							0.1790735274553299,
							-4.97384462505579e-08,
							9.080395102500916e-09
						]
					}
				}
			}
		},
		"relationships": {
			"L-Rack": [
				[
					"AMR_LIFT01",
					"none"
				]
			]
		}
	},
	"timestamp_1": {
		"robots": {
			"ARMLIFT": {
				"AMR_LIFT01": {
					"name": "AMR_LIFT01",
					"pose": {
						"translation": [
							139.611572265625,
							142.48455810546875,
							0.062004201114177704
						],
						"rotation": [
							-0.009401547722518444,
							-0.003624600823968649,
							-0.9326287508010864,
							0.360696941614151
						]
					},
					"odometry": {
						"position": [
							0.5824634694837072,
							-7.814711083287664,
							-0.01316840577326714
						],
						"orientation": [
							-0.019770710128440613,
							0.00039300102319377847,
							-0.9324358861501233,
							0.3607939616881739
						],
						"linear": [
							0.0011563088046386838,
							0.0,
							0.0
						],
						"angular": [
							0.0,
							0.0,
							0.0019493006402626634
						]
					},
					"aabb": [
						123.74785338580021,
						140.7061375283103,
						-0.01485676575570868,
						124.7225462350407,
						141.64665613669575,
						0.1629754012052306
					],
					"joint_state": {
						"position": [
							-1.8093,
							4.5816,
							1.0273,
							-5.4613,
							1.0205,
							-0.6338,
							0.0
						],
						"velocity": [
							-0.0027,
							0.0389,
							0.1384,
							-0.1071,
							0.1356,
							-0.0403,
							0.0
						],
						"effort": [
							0.0,
							0.0,
							0.0,
							0.0,
							0.0,
							0.0,
							0.0
						]
					},
					"lift_state": "lift_down"
				}
			}
		},
		"objects": {
			"Rack": {
				"Rack_02": {
					"name": "Rack_02",
					"pose": {
						"translation": [
							133.05699157714844,
							143.09999084472656,
							0.19921104609966278
						],
						"rotation": [
							0.983835756778717,
							0.1790735274553299,
							-4.97384462505579e-08,
							9.080395102500916e-09
						]
					}
				}
			}
		},
		"relationships": {
			"L-Rack": [
				[
					"AMR_LIFT01",
					"none"
				]
			]
		}
	},
	"timestamp_2": {
		"robots": {
			"ARMLIFT": {
				"AMR_LIFT01": {
					"name": "AMR_LIFT01",
					"pose": {
						"translation": [
							139.61135864257812,
							142.4846954345703,
							0.062005575746297836
						],
						"rotation": [
							-0.00939386710524559,
							-0.003636000445112586,
							-0.9324862957000732,
							0.36106500029563904
						]
					},
					"odometry": {
						"position": [
							0.5823267859372971,
							-7.814632964911803,
							-0.013165116541324613
						],
						"orientation": [
							-0.019766014237451668,
							0.000394595187062756,
							-0.9323144463528475,
							0.36110790921494174
						],
						"linear": [
							0.004359845537692308,
							0.0,
							0.0
						],
						"angular": [
							0.0,
							0.0,
							0.0023202395532280207
						]
					},
					"aabb": [
						123.74789688032217,
						140.70615508039734,
						-0.014836228197303767,
						124.72245033383057,
						141.64685396412196,
						0.16297533637447006
					],
					"joint_state": {
						"position": [
							-1.8083,
							4.5808,
							1.0134,
							-5.4509,
							1.0105,
							-0.6233,
							0.0
						],
						"velocity": [
							-0.0149,
							-0.0409,
							-0.1079,
							0.05,
							-0.5228,
							0.213,
							0.0
						],
						"effort": [
							0.0,
							0.0,
							0.0,
							0.0,
							0.0,
							0.0,
							0.0
						]
					},
					"lift_state": "lift_down"
				}
			}
		},
		"objects": {
			"Rack": {
				"Rack_02": {
					"name": "Rack_02",
					"pose": {
						"translation": [
							133.05699157714844,
							143.09999084472656,
							0.19921104609966278
						],
						"rotation": [
							0.983835756778717,
							0.1790735274553299,
							-4.97384462505579e-08,
							9.080395102500916e-09
						]
					}
				}
			}
		},
		"relationships": {
			"L-Rack": [
				[
					"AMR_LIFT01",
					"none"
				]
			]
		}
	},
	"timestamp_3": {
		"robots": {
			"ARMLIFT": {
				"AMR_LIFT01": {
					"name": "AMR_LIFT01",
					"pose": {
						"translation": [
							139.61117553710938,
							142.48486328125,
							0.06200271472334862
						],
						"rotation": [
							-0.009388519451022148,
							-0.003642680589109659,
							-0.9324865937232971,
							0.36106452345848083
						]
					},
					"odometry": {
						"position": [
							0.5821412126721891,
							-7.814466964457211,
							-0.013163840973136663
						],
						"orientation": [
							-0.019760664079966257,
							0.0003879095345504125,
							-0.9323147973654942,
							0.36110730302037586
						],
						"linear": [
							0.009153206832706928,
							0.0,
							0.0
						],
						"angular": [
							0.0,
							0.0,
							0.009162076748907566
						]
					},
					"aabb": [
						123.74840732936904,
						140.7057704731711,
						-0.014832901351864835,
						124.7229477947728,
						141.64648438093235,
						0.16297520999998633
					],
					"joint_state": {
						"position": [
							-1.808,
							4.58,
							1.0145,
							-5.4493,
							1.0165,
							-0.62,
							0.0
						],
						"velocity": [
							-0.1313,
							-0.0981,
							0.0558,
							0.0566,
							0.3062,
							0.1231,
							0.0
						],
						"effort": [
							0.0,
							0.0,
							0.0,
							0.0,
							0.0,
							0.0,
							0.0
						]
					},
					"lift_state": "lift_down"
				}
			}
		},
		"objects": {
			"Rack": {
				"Rack_02": {
					"name": "Rack_02",
					"pose": {
						"translation": [
							133.05699157714844,
							143.09999084472656,
							0.19921104609966278
						],
						"rotation": [
							0.983835756778717,
							0.1790735274553299,
							-4.97384462505579e-08,
							9.080395102500916e-09
						]
					}
				}
			}
		},
		"relationships": {
			"L-Rack": [
				[
					"AMR_LIFT01",
					"none"
				]
			]
		}
	},
	"timestamp_4": {
		"robots": {
			"ARMLIFT": {
				"AMR_LIFT01": {
					"name": "AMR_LIFT01",
					"pose": {
						"translation": [
							139.61148071289062,
							142.48435974121094,
							0.06200019642710686
						],
						"rotation": [
							-0.009390654042363167,
							-0.003635284723713994,
							-0.9325329661369324,
							0.3609447181224823
						]
					},