{
	"timestamp_0": {
		"robots": {
			"ARMLIFT": {
				"AMR_LIFT01": {
					"name": "AMR_LIFT01",
					"pose": {
						"translation": [
							139.60292053222656,
							142.5207977294922,
							0.06199992820620537
						],
						"rotation": [
							-0.009439432993531227,
							-0.0037299145478755236,
							-0.9299328327178955,
							0.36758965253829956
						]
					},
					"odometry": {
						"position": [
							0.5738113502834922,
							-7.778471238194807,
							-0.012975556143422906
						],
						"orientation": [
							-0.01978488641907212,
							0.0003589862276911401,
							-0.9297587242733079,
							0.3676372451696696
						],
						"linear": [
							-0.00011223391629755497,
							0.0,
							0.0
						],
						"angular": [
							0.0,
							0.0,
							-0.001343878568150103
						]
					},
					"aabb": [
						123.76084988597262,
						140.6648533144556,
						-0.013980223311979562,
						124.73080541346532,
						141.61126365478262,
						0.1630731154820937
					],
					"joint_state": {
						"position": [
							-2.091,
							4.38,
							1.2334,
							-5.3349,
							1.2428,
							-0.4553,
							0.0
						],
						"velocity": [
							0.0088,
							-0.0017,
							0.009,
							-0.0021,
							0.008,
							0.0019,
							0.0
						],
						"effort": [
							0.0,
							0.0,
							0.0,
							0.0,
							0.0,
							0.0,
							0.0
						]
					},
					"lift_state": "lift_down"
				}
			}
		},
		"objects": {
			"Rack": {
				"Rack_02": {
					"name": "Rack_02",
					"pose": {
						"translation": [
							133.05699157714844,
							143.09999084472656,
							0.19921104609966278
						],
						"rotation": [
							0.983835756778717,
							0.1790735274553299,
							-4.97384462505579e-08,
							9.080395102500916e-09
						]
					}
				}
			}
		},
		"relationships": {
			"L-Rack": [
				[
					"AMR_LIFT01",
					"none"
				]
			]
		}
	},
	"timestamp_1": {
		"robots": {
			"ARMLIFT": {
				"AMR_LIFT01": {
					"name": "AMR_LIFT01",
					"pose": {
						"translation": [
							139.60255432128906,
							142.52137756347656,
							0.06200012192130089
						],
						"rotation": [
							-0.009441967122256756,
							-0.003732177894562483,
							-0.929946780204773,
							0.3675541281700134
						]
					},
					"odometry": {
						"position": [
							0.5735183257880829,
							-7.777943917887195,
							-0.012973541571626479
						],
						"orientation": [
							-0.019785758143853135,
							0.00037060573960939666,
							-0.9297744045280668,
							0.3675975287056999
						],
						"linear": [
							0.0029368384275585413,
							0.0,
							0.0
						],
						"angular": [
							0.0,
							0.0,
							0.006138082593679428
						]
					},
					"aabb": [
						123.76101876609705,
						140.6644486141647,
						-0.014076143335332834,
						124.73104482965377,
						141.6107756740275,
						0.16307439380208413
					],
					"joint_state": {
						"position": [
							-2.0914,
							4.3806,
							1.2412,
							-5.338,
							1.2415,
							-0.4495,
							0.0
						],
						"velocity": [
							-0.0032,
							0.0032,
							-0.0007,
							-0.0162,
							-0.2559,
							0.2499,
							0.0
						],
						"effort": [
							0.0,
							0.0,
							0.0,
							0.0,
							0.0,
							0.0,
							0.0
						]
					},
					"lift_state": "lift_down"
				}
			}
		},
		"objects": {
			"Rack": {
				"Rack_02": {
					"name": "Rack_02",
					"pose": {
						"translation": [
							133.05699157714844,
							143.09999084472656,
							0.19921104609966278
						],
						"rotation": [
							0.983835756778717,
							0.1790735274553299,
							-4.97384462505579e-08,
							9.080395102500916e-09
						]
					}
				}
			}
		},
		"relationships": {
			"L-Rack": [
				[
					"AMR_LIFT01",
					"none"
				]
			]
		}
	},
	"timestamp_2": {
		"robots": {
			"ARMLIFT": {
				"AMR_LIFT01": {
					"name": "AMR_LIFT01",
					"pose": {
						"translation": [
							139.60231018066406,
							142.52108764648438,
							0.06200599670410156
						],
						"rotation": [
							-0.009441892616450787,
							-0.0037484089843928814,
							-0.9300163984298706,
							0.3673778474330902
						]
					},
					"odometry": {
						"position": [
							0.5732743927135606,
							-7.778246654191379,
							-0.012962223914661324
						],
						"orientation": [
							-0.019786459085116916,
							0.00035241465718612876,
							-0.929844007958557,
							0.3674214102421761
						],
						"linear": [
							0.0036666446831077337,
							0.0,
							0.0
						],
						"angular": [
							0.0,
							0.0,
							0.006389338057488203
						]
					},
					"aabb": [
						123.76114258274018,
						140.6647742758237,
						-0.014064294606304414,
						124.73126694776775,
						141.61098721743633,
						0.16309486718570684
					],
					"joint_state": {
						"position": [
							-2.0905,
							4.3815,
							1.2341,
							-5.3433,
							1.2454,
							-0.4487,
							0.0
						],
						"velocity": [
							0.0166,
							-0.0056,
							0.031,
							-0.0285,
							0.0453,
							-0.0121,
							0.0
						],
						"effort": [
							0.0,
							0.0,
							0.0,
							0.0,
							0.0,
							0.0,
							0.0
						]
					},
					"lift_state": "lift_down"
				}
			}
		},
		"objects": {
			"Rack": {
				"Rack_02": {
					"name": "Rack_02",
					"pose": {
						"translation": [
							133.05699157714844,
							143.09999084472656,
							0.19921104609966278
						],
						"rotation": [
							0.983835756778717,
							0.1790735274553299,
							-4.97384462505579e-08,
							9.080395102500916e-09
						]
					}
				}
			}
		},
		"relationships": {
			"L-Rack": [
				[
					"AMR_LIFT01",
					"none"
				]
			]
		}
	},
	"timestamp_3": {
		"robots": {
			"ARMLIFT": {
				"AMR_LIFT01": {
					"name": "AMR_LIFT01",
					"pose": {
						"translation": [
							139.60191345214844,
							142.52113342285156,
							0.062004849314689636
						],
						"rotation": [
							-0.009442543610930443,
							-0.003714557969942689,
							-0.9300167560577393,
							0.3673771023750305
						]
					},
					"odometry": {
						"position": [
							0.5728838356549476,
							-7.778197849044571,
							-0.012954708415035775
						],
						"orientation": [
							-0.019787116848984425,
							0.0003862556323704047,
							-0.9298443917202369,
							0.36742036960382846
						],
						"linear": [
							0.0029792969580739737,
							0.0,
							0.0
						],
						"angular": [
							0.0,
							0.0,
							-0.003196597332134843
						]
					},
					"aabb": [
						123.76152564653987,
						140.66484820062368,
						-0.014018596913376445,
						124.73166734884309,
						141.6110328665166,
						0.1630644498984095
					],
					"joint_state": {
						"position": [
							-2.0899,
							4.3835,
							1.2147,
							-5.3362,
							1.2238,
							-0.4392,
							0.0
						],
						"velocity": [
							0.0214,
							-0.0035,
							-0.0636,
							0.0994,
							-0.0726,
							0.086,
							0.0
						],
						"effort": [
							0.0,
							0.0,
							0.0,
							0.0,
							0.0,
							0.0,
							0.0
						]
					},
					"lift_state": "lift_down"
				}
			}
		},
		"objects": {
			"Rack": {
				"Rack_02": {
					"name": "Rack_02",
					"pose": {
						"translation": [
							133.05699157714844,
							143.09999084472656,
							0.19921104609966278
						],
						"rotation": [
							0.983835756778717,
							0.1790735274553299,
							-4.97384462505579e-08,
							9.080395102500916e-09
						]
					}
				}
			}
		},
		"relationships": {
			"L-Rack": [
				[
					"AMR_LIFT01",
					"none"
				]
			]
		}
	},
	"timestamp_4": {
		"robots": {
			"ARMLIFT": {
				"AMR_LIFT01": {
					"name": "AMR_LIFT01",
					"pose": {
						"translation": [
							139.6018524169922,
							142.52088928222656,
							0.062007978558540344
						],
						"rotation": [
							-0.00944881234318018,
							-0.0037064962089061737,
							-0.9300559163093567,
							0.3672778904438019
						]
					},