{
	"timestamp_0": {
		"robots": {
			"ARMLIFT": {
				"AMR_LIFT01": {
					"name": "AMR_LIFT01",
					"pose": {
						"translation": [
							139.61871337890625,
							142.43423461914062,
							0.0620027519762516
						],
						"rotation": [
							-0.009411551058292389,
							-0.00354503164999187,
							-0.9357472658157349,
							0.3525281548500061
						]
					},
					"odometry": {
						"position": [
							0.5896810667485545,
							-7.865091664063633,
							-0.013332981724210774
						],
						"orientation": [
							-0.019820097545179258,
							0.00039059435807303907,
							-0.9355752750254605,
							0.3525704410899773
						],
						"linear": [
							-0.0016974402824416757,
							0.0,
							0.0
						],
						"angular": [
							0.0,
							0.0,
							0.006574795115739107
						]
					},
					"aabb": [
						123.73546021861549,
						140.76303569124167,
						-0.01407586319456749,
						124.71558210284348,
						141.69621053081082,
						0.16287999212340193
					],
					"joint_state": {
						"position": [
							-1.423,
							4.8747,
							0.9739,
							-5.7804,
							1.0024,
							-0.9512,
							0.0
						],
						"velocity": [
							0.0482,
							0.0129,
							-0.0806,
							0.1037,
							-0.1166,
							0.0751,
							0.0
						],
						"effort": [
							0.0,
							0.0,
							0.0,
							0.0,
							0.0,
							0.0,
							0.0
						]
					},
					"lift_state": "lift_down"
				}
			}
		},
		"objects": {
			"Rack": {
				"Rack_02": {
					"name": "Rack_02",
					"pose": {
						"translation": [
							133.05699157714844,
							143.09999084472656,
							0.19921104609966278
						],
						"rotation": [
							0.983835756778717,
							0.1790735274553299,
							-4.97384462505579e-08,
							9.080395102500916e-09
						]
					}
				}
			}
		},
		"relationships": {
			"L-Rack": [
				[
					"AMR_LIFT01",
					"none"
				]
			]
		}
	},
	"timestamp_1": {
		"robots": {
			"ARMLIFT": {
				"AMR_LIFT01": {
					"name": "AMR_LIFT01",
					"pose": {
						"translation": [
							139.6189727783203,
							142.43382263183594,
							0.0620013028383255
						],
						"rotation": [
							-0.009411093778908253,
							-0.003549104556441307,
							-0.9357814788818359,
							0.3524373471736908
						]
					},
					"odometry": {
						"position": [
							0.5899348990537031,
							-7.8655115762198236,
							-0.013340130908954233
						],
						"orientation": [
							-0.019820021520525973,
							0.0003855114510051761,
							-0.935609489465986,
							0.35247964671601134
						],
						"linear": [
							0.0019807026255875826,
							0.0,
							0.0
						],
						"angular": [
							0.0,
							0.0,
							-0.00022668663586955518
						]
					},
					"aabb": [
						123.73520293754538,
						140.76338228507336,
						-0.014067263834490857,
						124.71536893920275,
						141.69649568298593,
						0.16288019925874384
					],
					"joint_state": {
						"position": [
							-1.4222,
							4.8758,
							0.9806,
							-5.7876,
							1.008,
							-0.9523,
							0.0
						],
						"velocity": [
							0.0011,
							0.001,
							0.0176,
							-0.063,
							0.0164,
							-0.0007,
							0.0
						],
						"effort": [
							0.0,
							0.0,
							0.0,
							0.0,
							0.0,
							0.0,
							0.0
						]
					},
					"lift_state": "lift_down"
				}
			}
		},
		"objects": {
			"Rack": {
				"Rack_02": {
					"name": "Rack_02",
					"pose": {
						"translation": [
							133.05699157714844,
							143.09999084472656,
							0.19921104609966278
						],
						"rotation": [
							0.983835756778717,
							0.1790735274553299,
							-4.97384462505579e-08,
							9.080395102500916e-09
						]
					}
				}
			}
		},
		"relationships": {
			"L-Rack": [
				[
					"AMR_LIFT01",
					"none"
				]
			]
		}
	},
	"timestamp_2": {
		"robots": {
			"ARMLIFT": {
				"AMR_LIFT01": {
					"name": "AMR_LIFT01",
					"pose": {
						"translation": [
							139.61907958984375,
							142.43392944335938,
							0.06200141832232475
						],
						"rotation": [
							-0.009410720318555832,
							-0.003548691514879465,
							-0.9357869625091553,
							0.3524227440357208
						]
					},
					"odometry": {
						"position": [
							0.5900422918607595,
							-7.865394382455344,
							-0.013342352451167301
						],
						"orientation": [
							-0.01981971016596245,
							0.0003857621128698138,
							-0.9356149776944251,
							0.35246509584693625
						],
						"linear": [
							-0.0015984098426997662,
							0.0,
							0.0
						],
						"angular": [
							0.0,
							0.0,
							0.002387554384768009
						]
					},
					"aabb": [
						123.73504775790254,
						140.76335595188993,
						-0.014111281968013334,
						124.71519227303799,
						141.69649964389322,
						0.16287957264368916
					],
					"joint_state": {
						"position": [
							-1.4206,
							4.8765,
							0.9783,
							-5.7886,
							1.0007,
							-0.9492,
							0.0
						],
						"velocity": [
							-0.0002,
							0.0132,
							-0.0182,
							0.0296,
							-0.0369,
							0.0242,
							0.0
						],
						"effort": [
							0.0,
							0.0,
							0.0,
							0.0,
							0.0,
							0.0,
							0.0
						]
					},
					"lift_state": "lift_down"
				}
			}
		},
		"objects": {
			"Rack": {
				"Rack_02": {
					"name": "Rack_02",
					"pose": {
						"translation": [
							133.05699157714844,
							143.09999084472656,
							0.19921104609966278
						],
						"rotation": [
							0.983835756778717,
							0.1790735274553299,
							-4.97384462505579e-08,
							9.080395102500916e-09
						]
					}
				}
			}
		},
		"relationships": {
			"L-Rack": [
				[
					"AMR_LIFT01",
					"none"
				]
			]
		}
	},
	"timestamp_3": {
		"robots": {
			"ARMLIFT": {
				"AMR_LIFT01": {
					"name": "AMR_LIFT01",
					"pose": {
						"translation": [
							139.61903381347656,
							142.4337921142578,
							0.06200450658798218
						],
						"rotation": [
							-0.009410887956619263,
							-0.0035547050647437572,
							-0.9357470870018005,
							0.35252833366394043
						]
					},
					"odometry": {
						"position": [
							0.5897493838550651,
							-7.865326039235221,
							-0.013336200407854227
						],
						"orientation": [
							-0.019817915250446284,
							0.000387715643572908,
							-0.9355922269327445,
							0.35252558036933135
						],
						"linear": [
							0.0018500795122236013,
							0.0,
							0.0
						],
						"angular": [
							0.0,
							0.0,
							0.005920984782278538
						]
					},
					"aabb": [
						123.73501671749644,
						140.7634712486908,
						-0.014119022874967642,
						124.71511212903629,
						141.69668445087464,
						0.1628780850635346
					],
					"joint_state": {
						"position": [
							-1.4189,
							4.8776,
							0.9745,
							-5.7856,
							0.9907,
							-0.9455,
							0.0
						],
						"velocity": [
							0.0068,
							0.0272,
							-0.0034,
							0.0461,
							-0.0418,
							0.0287,
							0.0
						],
						"effort": [
							0.0,
							0.0,
							0.0,
							0.0,
							0.0,
							0.0,
							0.0
						]
					},
					"lift_state": "lift_down"
				}
			}
		},
		"objects": {
			"Rack": {
				"Rack_02": {
					"name": "Rack_02",
					"pose": {
						"translation": [
							133.05699157714844,
							143.09999084472656,
							0.19921104609966278
						],
						"rotation": [
							0.983835756778717,
							0.1790735274553299,
							-4.97384462505579e-08,
							9.080395102500916e-09
						]
					}
				}
			}
		},
		"relationships": {
			"L-Rack": [
				[
					"AMR_LIFT01",
					"none"
				]
			]
		}
	},
	"timestamp_4": {
		"robots": {
			"ARMLIFT": {
				"AMR_LIFT01": {
					"name": "AMR_LIFT01",
					"pose": {
						"translation": [
							139.61952209472656,
							142.43325805664062,
							0.06199970096349716
						],
						"rotation": [
							-0.009412501007318497,
							-0.0035435189493000507,
							-0.9357779026031494,
							0.35244670510292053
						]
					},