{
	"timestamp_0": {
		"robots": {
			"ARMLIFT": {
				"AMR_LIFT01": {
					"name": "AMR_LIFT01",
					"pose": {
						"translation": [
							139.60906982421875,
							142.49346923828125,
							0.06200050190091133
						],
						"rotation": [
							-0.009371607564389706,
							-0.0036711934953927994,
							-0.9311314821243286,
							0.3645448088645935
						]
					},
					"odometry": {
						"position": [
							0.5800318582422215,
							-7.805853782613899,
							-0.01311889004990038
						],
						"orientation": [
							-0.01972863080995199,
							0.00039811367715686553,
							-0.9309598967193207,
							0.3645878403515628
						],
						"linear": [
							0.000646712607704103,
							0.0,
							0.0
						],
						"angular": [
							0.0,
							0.0,
							-0.0045305113308131695
						]
					},
					"aabb": [
						123.75255595259358,
						140.6946579067361,
						-0.014147662212184043,
						124.7246665194168,
						141.6384297642004,
						0.16299294431852387
					],
					"joint_state": {
						"position": [
							-1.8658,
							4.5345,
							1.0085,
							-5.351,
							1.0041,
							-0.4814,
							0.0
						],
						"velocity": [
							-0.0082,
							-0.0084,
							-0.0029,
							-0.0227,
							0.0024,
							-0.011,
							0.0
						],
						"effort": [
							0.0,
							0.0,
							0.0,
							0.0,
							0.0,
							0.0,
							0.0
						]
					},
					"lift_state": "lift_down"
				}
			}
		},
		"objects": {
			"Rack": {
				"Rack_02": {
					"name": "Rack_02",
					"pose": {
						"translation": [
							133.05699157714844,
							143.09999084472656,
							0.19921104609966278
						],
						"rotation": [
							0.983835756778717,
							0.1790735274553299,
							-4.97384462505579e-08,
							9.080395102500916e-09
						]
					}
				}
			}
		},
		"relationships": {
			"L-Rack": [
				[
					"AMR_LIFT01",
					"none"
				]
			]
		}
	},
	"timestamp_1": {
		"robots": {
			"ARMLIFT": {
				"AMR_LIFT01": {
					"name": "AMR_LIFT01",
					"pose": {
						"translation": [
							139.60992431640625,
							142.49276733398438,
							0.062000807374715805
						],
						"rotation": [
							-0.009374313056468964,
							-0.0036685410887002945,
							-0.9311197996139526,
							0.36457470059394836
						]
					},
					"odometry": {
						"position": [
							0.5808910648994013,
							-7.806566628377599,
							-0.013137716609712047
						],
						"orientation": [
							-0.01973120333830316,
							0.000401098004840401,
							-0.9309481866762197,
							0.36461759757240386
						],
						"linear": [
							0.0003698395739775151,
							0.0,
							0.0
						],
						"angular": [
							0.0,
							0.0,
							0.005582097917795181
						]
					},
					"aabb": [
						123.75184289032379,
						140.69519012815417,
						-0.014212259393174156,
						124.72392255264467,
						141.63900040752313,
						0.1629947758824169
					],
					"joint_state": {
						"position": [
							-1.8649,
							4.5347,
							1.0121,
							-5.3571,
							1.0067,
							-0.4814,
							0.0
						],
						"velocity": [
							0.0047,
							-0.0041,
							0.0071,
							-0.0149,
							0.0396,
							-0.0095,
							0.0
						],
						"effort": [
							0.0,
							0.0,
							0.0,
							0.0,
							0.0,
							0.0,
							0.0
						]
					},
					"lift_state": "lift_down"
				}
			}
		},
		"objects": {
			"Rack": {
				"Rack_02": {
					"name": "Rack_02",
					"pose": {
						"translation": [
							133.05699157714844,
							143.09999084472656,
							0.19921104609966278
						],
						"rotation": [
							0.983835756778717,
							0.1790735274553299,
							-4.97384462505579e-08,
							9.080395102500916e-09
						]
					}
				}
			}
		},
		"relationships": {
			"L-Rack": [
				[
					"AMR_LIFT01",
					"none"
				]
			]
		}
	},
	"timestamp_2": {
		"robots": {
			"ARMLIFT": {
				"AMR_LIFT01": {
					"name": "AMR_LIFT01",
					"pose": {
						"translation": [
							139.61024475097656,
							142.4924774169922,
							0.06200283020734787
						],
						"rotation": [
							-0.009380588307976723,
							-0.0036651939153671265,
							-0.9311032891273499,
							0.36461666226387024
						]
					},
					"odometry": {
						"position": [
							0.581203546588691,
							-7.806849811542806,
							-0.013142692554872788
						],
						"orientation": [
							-0.01973729521767748,
							0.00040491197295653206,
							-0.930931609545997,
							0.36465958587686115
						],
						"linear": [
							-0.0107740992680192,
							0.0,
							0.0
						],
						"angular": [
							0.0,
							0.0,
							-0.0026778036262840033
						]
					},
					"aabb": [
						123.75155737746064,
						140.6955553305278,
						-0.014224251182911096,
						124.72357660857121,
						141.63943878706692,
						0.16298607183884506
					],
					"joint_state": {
						"position": [
							-1.864,
							4.5354,
							1.0153,
							-5.3584,
							1.0157,
							-0.4866,
							0.0
						],
						"velocity": [
							0.0759,
							0.0588,
							0.0422,
							-0.0182,
							0.0921,
							-0.0199,
							0.0
						],
						"effort": [
							0.0,
							0.0,
							0.0,
							0.0,
							0.0,
							0.0,
							0.0
						]
					},
					"lift_state": "lift_down"
				}
			}
		},
		"objects": {
			"Rack": {
				"Rack_02": {
					"name": "Rack_02",
					"pose": {
						"translation": [
							133.05699157714844,
							143.09999084472656,
							0.19921104609966278
						],
						"rotation": [
							0.983835756778717,
							0.1790735274553299,
							-4.97384462505579e-08,
							9.080395102500916e-09
						]
					}
				}
			}
		},
		"relationships": {
			"L-Rack": [
				[
					"AMR_LIFT01",
					"none"
				]
			]
		}
	},
	"timestamp_3": {
		"robots": {
			"ARMLIFT": {
				"AMR_LIFT01": {
					"name": "AMR_LIFT01",
					"pose": {
						"translation": [
							139.61026000976562,
							142.49244689941406,
							0.06200416386127472
						],
						"rotation": [
							-0.009382656775414944,
							-0.0036750012077391148,
							-0.9311069846153259,
							0.3646072447299957
						]
					},
					"odometry": {
						"position": [
							0.5812231044971208,
							-7.806879104781169,
							-0.013141782327465684
						],
						"orientation": [
							-0.01973940062364277,
							0.00039499996665347026,
							-0.9309352724063514,
							0.3646501318082281
						],
						"linear": [
							-0.0006192437722347677,
							0.0,
							0.0
						],
						"angular": [
							0.0,
							0.0,
							0.0004196206573396921
						]
					},
					"aabb": [
						123.75137962231689,
						140.6956534695798,
						-0.014223793260770052,
						124.72346370719984,
						141.63945924520968,
						0.16298912718137148
					],
					"joint_state": {
						"position": [
							-1.8644,
							4.535,
							1.0246,
							-5.3619,
							1.0347,
							-0.4876,
							0.0
						],
						"velocity": [
							-0.0092,
							0.007,
							0.3874,
							-0.1996,
							0.3607,
							-0.2101,
							0.0
						],
						"effort": [
							0.0,
							0.0,
							0.0,
							0.0,
							0.0,
							0.0,
							0.0
						]
					},
					"lift_state": "lift_down"
				}
			}
		},
		"objects": {
			"Rack": {
				"Rack_02": {
					"name": "Rack_02",
					"pose": {
						"translation": [
							133.05699157714844,
							143.09999084472656,
							0.19921104609966278
						],
						"rotation": [
							0.983835756778717,
							0.1790735274553299,
							-4.97384462505579e-08,
							9.080395102500916e-09
						]
					}
				}
			}
		},
		"relationships": {
			"L-Rack": [
				[
					"AMR_LIFT01",
					"none"
				]
			]
		}
	},
	"timestamp_4": {
		"robots": {
			"ARMLIFT": {
				"AMR_LIFT01": {
					"name": "AMR_LIFT01",
					"pose": {
						"translation": [
							139.60983276367188,
							142.4928741455078,
							0.06200077012181282
						],
						"rotation": [
							-0.009375684894621372,
							-0.003666945267468691,
							-0.9310913681983948,
							0.36464735865592957
						]
					},