{
	"timestamp_0": {
		"robots": {
			"ARMLIFT": {
				"AMR_LIFT01": {
					"name": "AMR_LIFT01",
					"pose": {
						"translation": [
							139.62033081054688,
							142.4454345703125,
							0.06200023368000984
						],
						"rotation": [
							-0.009393079206347466,
							-0.003570757107809186,
							-0.9346853494644165,
							0.35533425211906433
						]
					},
					"odometry": {
						"position": [
							0.5912913512770448,
							-7.8538903894635546,
							-0.013371063662295665
						],
						"orientation": [
							-0.01978977571260143,
							0.00039608644755594215,
							-0.9345135299306156,
							0.35537680040963743
						],
						"linear": [
							-0.0020927460864186287,
							0.0,
							0.0
						],
						"angular": [
							0.0,
							0.0,
							0.0003435957187321037
						]
					},
					"aabb": [
						123.73570062068687,
						140.7494825243819,
						-0.0147933521843436,
						124.71391804230865,
						141.68531189110047,
						0.16289855348622684
					],
					"joint_state": {
						"position": [
							-1.4882,
							4.8351,
							0.9674,
							-5.7072,
							0.9586,
							-0.8291,
							0.0
						],
						"velocity": [
							0.0118,
							0.0361,
							0.0219,
							0.0462,
							-0.0447,
							-0.0057,
							0.0
						],
						"effort": [
							0.0,
							0.0,
							0.0,
							0.0,
							0.0,
							0.0,
							0.0
						]
					},
					"lift_state": "lift_down"
				}
			}
		},
		"objects": {
			"Rack": {
				"Rack_02": {
					"name": "Rack_02",
					"pose": {
						"translation": [
							133.05699157714844,
							143.09999084472656,
							0.19921104609966278
						],
						"rotation": [
							0.983835756778717,
							0.1790735274553299,
							-4.97384462505579e-08,
							9.080395102500916e-09
						]
					}
				}
			}
		},
		"relationships": {
			"L-Rack": [
				[
					"AMR_LIFT01",
					"none"
				]
			]
		}
	},
	"timestamp_1": {
		"robots": {
			"ARMLIFT": {
				"AMR_LIFT01": {
					"name": "AMR_LIFT01",
					"pose": {
						"translation": [
							139.62022399902344,
							142.4454803466797,
							0.062003325670957565
						],
						"rotation": [
							-0.0093992305919528,
							-0.0035707273054867983,
							-0.9347251057624817,
							0.3552294075489044
						]
					},
					"odometry": {
						"position": [
							0.5910960839629692,
							-7.853773211842393,
							-0.013366580755268998
						],
						"orientation": [
							-0.019794410627821477,
							0.0003984690488742479,
							-0.9345639143584129,
							0.3552440182598369
						],
						"linear": [
							-0.002056265017017722,
							0.0,
							0.0
						],
						"angular": [
							0.0,
							0.0,
							0.0032174764201045036
						]
					},
					"aabb": [
						123.73578611146714,
						140.7494908149817,
						-0.01476636892907047,
						124.71414949221611,
						141.68512044657223,
						0.16289968972086055
					],
					"joint_state": {
						"position": [
							-1.4874,
							4.836,
							0.9661,
							-5.7101,
							0.9665,
							-0.8387,
							0.0
						],
						"velocity": [
							-0.009,
							0.0087,
							-0.0326,
							0.0493,
							-0.0646,
							0.0405,
							0.0
						],
						"effort": [
							0.0,
							0.0,
							0.0,
							0.0,
							0.0,
							0.0,
							0.0
						]
					},
					"lift_state": "lift_down"
				}
			}
		},
		"objects": {
			"Rack": {
				"Rack_02": {
					"name": "Rack_02",
					"pose": {
						"translation": [
							133.05699157714844,
							143.09999084472656,
							0.19921104609966278
						],
						"rotation": [
							0.983835756778717,
							0.1790735274553299,
							-4.97384462505579e-08,
							9.080395102500916e-09
						]
					}
				}
			}
		},
		"relationships": {
			"L-Rack": [
				[
					"AMR_LIFT01",
					"none"
				]
			]
		}
	},
	"timestamp_2": {
		"robots": {
			"ARMLIFT": {
				"AMR_LIFT01": {
					"name": "AMR_LIFT01",
					"pose": {
						"translation": [
							139.6203155517578,
							142.44541931152344,
							0.06200176104903221
						],
						"rotation": [
							-0.009395346976816654,
							-0.0035673186648637056,
							-0.9346940517425537,
							0.35531142354011536
						]
					},
					"odometry": {
						"position": [
							0.5912328105589828,
							-7.853900154848734,
							-0.013368052723924058
						],
						"orientation": [
							-0.019792140405483546,
							0.00039649313660611985,
							-0.9345294210210706,
							0.3553348775695751
						],
						"linear": [
							-0.0018696048064157367,
							0.0,
							0.0
						],
						"angular": [
							0.0,
							0.0,
							0.001181000960059464
						]
					},
					"aabb": [
						123.73564625433627,
						140.74960981093346,
						-0.014775525556171912,
						124.71404370841509,
						141.68519246037584,
						0.16290216807825456
					],
					"joint_state": {
						"position": [
							-1.4865,
							4.8366,
							0.957,
							-5.7031,
							0.9562,
							-0.8317,
							0.0
						],
						"velocity": [
							0.003,
							-0.003,
							-0.0341,
							0.028,
							-0.0228,
							0.0249,
							0.0
						],
						"effort": [
							0.0,
							0.0,
							0.0,
							0.0,
							0.0,
							0.0,
							0.0
						]
					},
					"lift_state": "lift_down"
				}
			}
		},
		"objects": {
			"Rack": {
				"Rack_02": {
					"name": "Rack_02",
					"pose": {
						"translation": [
							133.05699157714844,
							143.09999084472656,
							0.19921104609966278
						],
						"rotation": [
							0.983835756778717,
							0.1790735274553299,
							-4.97384462505579e-08,
							9.080395102500916e-09
						]
					}
				}
			}
		},
		"relationships": {
			"L-Rack": [
				[
					"AMR_LIFT01",
					"none"
				]
			]
		}
	},
	"timestamp_3": {
		"robots": {
			"ARMLIFT": {
				"AMR_LIFT01": {
					"name": "AMR_LIFT01",
					"pose": {
						"translation": [
							139.6201629638672,
							142.44532775878906,
							0.0620027519762516
						],
						"rotation": [
							-0.009393049404025078,
							-0.0035667824558913708,
							-0.9346150159835815,
							0.35551926493644714
						]
					},
					"odometry": {
						"position": [
							0.5911254385679098,
							-7.853997815387283,
							-0.01336484952934262
						],
						"orientation": [
							-0.01978895976902781,
							0.00040211883105971337,
							-0.9344432001512798,
							0.3555617260937133
						],
						"linear": [
							0.004308794159442186,
							0.0,
							0.0
						],
						"angular": [
							0.0,
							0.0,
							0.005763215012848377
						]
					},
					"aabb": [
						123.73586546857955,
						140.74954802381328,
						-0.014794566653986398,
						124.71402290293443,
						141.68545879881742,
						0.16290118047863456
					],
					"joint_state": {
						"position": [
							-1.4862,
							4.8363,
							0.9523,
							-5.7024,
							0.9426,
							-0.8272,
							0.0
						],
						"velocity": [
							-0.0022,
							-0.0471,
							-0.1336,
							0.0795,
							-0.1915,
							0.0585,
							0.0
						],
						"effort": [
							0.0,
							0.0,
							0.0,
							0.0,
							0.0,
							0.0,
							0.0
						]
					},
					"lift_state": "lift_down"
				}
			}
		},
		"objects": {
			"Rack": {
				"Rack_02": {
					"name": "Rack_02",
					"pose": {
						"translation": [
							133.05699157714844,
							143.09999084472656,
							0.19921104609966278
						],
						"rotation": [
							0.983835756778717,
							0.1790735274553299,
							-4.97384462505579e-08,
							9.080395102500916e-09
						]
					}
				}
			}
		},
		"relationships": {
			"L-Rack": [
				[
					"AMR_LIFT01",
					"none"
				]
			]
		}
	},
	"timestamp_4": {
		"robots": {
			"ARMLIFT": {
				"AMR_LIFT01": {
					"name": "AMR_LIFT01",
					"pose": {
						"translation": [
							139.61973571777344,
							142.4454803466797,
							0.06200149282813072
						],
						"rotation": [
							-0.009388783946633339,
							-0.0035746609792113304,
							-0.934505820274353,
							0.3558062016963959
						]
					},