{
	"timestamp_0": {
		"robots": {
			"ARMLIFT": {
				"AMR_LIFT01": {
					"name": "AMR_LIFT01",
					"pose": {
						"translation": [
							139.57650756835938,
							142.5814208984375,
							0.062002599239349365
						],
						"rotation": [
							-0.009250141680240631,
							-0.0036994165275245905,
							-0.9281368255615234,
							0.37210601568222046
						]
					},
					"odometry": {
						"position": [
							0.5475354070609977,
							-7.717857277291279,
							-0.012387823425693228
						],
						"orientation": [
							-0.019568887485426657,
							0.00042627079884347875,
							-0.9279636539719895,
							0.372156329843713
						],
						"linear": [
							-0.003804657142609358,
							0.0,
							0.0
						],
						"angular": [
							0.0,
							0.0,
							-0.004958495497703552
						]
					},
					"aabb": [
						123.79016615512812,
						140.60101050173012,
						-0.012381723012602657,
						124.75688192505574,
						141.55110905771033,
						0.16311975804790924
					],
					"joint_state": {
						"position": [
							-2.4252,
							4.1284,
							0.6571,
							-4.7245,
							0.7144,
							0.1549,
							0.0
						],
						"velocity": [
							-0.0317,
							-0.0549,
							0.2625,
							-0.1211,
							0.2497,
							-0.108,
							0.0
						],
						"effort": [
							0.0,
							0.0,
							0.0,
							0.0,
							0.0,
							0.0,
							0.0
						]
					},
					"lift_state": "lift_down"
				}
			}
		},
		"objects": {
			"Rack": {
				"Rack_02": {
					"name": "Rack_02",
					"pose": {
						"translation": [
							133.05699157714844,
							143.09999084472656,
							0.19921104609966278
						],
						"rotation": [
							0.983835756778717,
							0.1790735274553299,
							-4.97384462505579e-08,
							9.080395102500916e-09
						]
					}
				}
			}
		},
		"relationships": {
			"L-Rack": [
				[
					"AMR_LIFT01",
					"none"
				]
			]
		}
	},
	"timestamp_1": {
		"robots": {
			"ARMLIFT": {
				"AMR_LIFT01": {
					"name": "AMR_LIFT01",
					"pose": {
						"translation": [
							139.57664489746094,
							142.58152770996094,
							0.06200283020734787
						],
						"rotation": [
							-0.009251690469682217,
							-0.003700227476656437,
							-0.9281229376792908,
							0.3721405565738678
						]
					},
					"odometry": {
						"position": [
							0.5476036790709433,
							-7.717808451459051,
							-0.012392392064802507
						],
						"orientation": [
							-0.01957513673032164,
							0.0004535772046307839,
							-0.9279527020228617,
							0.37218327622043773
						],
						"linear": [
							-0.0006294533959589899,
							0.0,
							0.0
						],
						"angular": [
							0.0,
							0.0,
							0.0008602244197390974
						]
					},
					"aabb": [
						123.79021911147291,
						140.6007318210941,
						-0.012375598333235292,
						124.75693048072145,
						141.5508363925857,
						0.1631214620842722
					],
					"joint_state": {
						"position": [
							-2.4245,
							4.1285,
							0.6642,
							-4.7248,
							0.7201,
							0.152,
							0.0
						],
						"velocity": [
							-0.0008,
							-0.0006,
							-0.0361,
							0.0158,
							-0.0471,
							0.0168,
							0.0
						],
						"effort": [
							0.0,
							0.0,
							0.0,
							0.0,
							0.0,
							0.0,
							0.0
						]
					},
					"lift_state": "lift_down"
				}
			}
		},
		"objects": {
			"Rack": {
				"Rack_02": {
					"name": "Rack_02",
					"pose": {
						"translation": [
							133.05699157714844,
							143.09999084472656,
							0.19921104609966278
						],
						"rotation": [
							0.983835756778717,
							0.1790735274553299,
							-4.97384462505579e-08,
							9.080395102500916e-09
						]
					}
				}
			}
		},
		"relationships": {
			"L-Rack": [
				[
					"AMR_LIFT01",
					"none"
				]
			]
		}
	},
	"timestamp_2": {
		"robots": {
			"ARMLIFT": {
				"AMR_LIFT01": {
					"name": "AMR_LIFT01",
					"pose": {
						"translation": [
							139.5768280029297,
							142.5812225341797,
							0.062003325670957565
						],
						"rotation": [
							-0.009241926483809948,
							-0.0037212898023426533,
							-0.9280150532722473,
							0.37240952253341675
						]
					},
					"odometry": {
						"position": [
							0.5477892074445742,
							-7.718111175552495,
							-0.012396010377584699
						],
						"orientation": [
							-0.01956416970220918,
							0.0004355087540154615,
							-0.9278449050037161,
							0.37245252832358844
						],
						"linear": [
							-0.0048960414715111256,
							0.0,
							0.0
						],
						"angular": [
							0.0,
							0.0,
							0.004235174972563982
						]
					},
					"aabb": [
						123.79003710014234,
						140.6011150687967,
						-0.012384225819098987,
						124.75659660662093,
						141.55139198315362,
						0.1631272465720427
					],
					"joint_state": {
						"position": [
							-2.4222,
							4.1295,
							0.6458,
							-4.72,
							0.7055,
							0.1538,
							0.0
						],
						"velocity": [
							0.0683,
							0.0293,
							-0.1856,
							0.0676,
							0.0143,
							-0.0962,
							0.0
						],
						"effort": [
							0.0,
							0.0,
							0.0,
							0.0,
							0.0,
							0.0,
							0.0
						]
					},
					"lift_state": "lift_down"
				}
			}
		},
		"objects": {
			"Rack": {
				"Rack_02": {
					"name": "Rack_02",
					"pose": {
						"translation": [
							133.05699157714844,
							143.09999084472656,
							0.19921104609966278
						],
						"rotation": [
							0.983835756778717,
							0.1790735274553299,
							-4.97384462505579e-08,
							9.080395102500916e-09
						]
					}
				}
			}
		},
		"relationships": {
			"L-Rack": [
				[
					"AMR_LIFT01",
					"none"
				]
			]
		}
	},
	"timestamp_3": {
		"robots": {
			"ARMLIFT": {
				"AMR_LIFT01": {
					"name": "AMR_LIFT01",
					"pose": {
						"translation": [
							139.5772705078125,
							142.5806121826172,
							0.06199958547949791
						],
						"rotation": [
							-0.009240236133337021,
							-0.003709420096129179,
							-0.9279353022575378,
							0.372608482837677
						]
					},
					"odometry": {
						"position": [
							0.5482382636049649,
							-7.718716629013112,
							-0.012409757743497112
						],
						"orientation": [
							-0.01956158542738409,
							0.000449590488947924,
							-0.9277651842109125,
							0.372651184366897
						],
						"linear": [
							-0.003094287822023034,
							0.0,
							0.0
						],
						"angular": [
							0.0,
							0.0,
							-0.0043422868475317955
						]
					},
					"aabb": [
						123.78970408235342,
						140.60157149837275,
						-0.012402312530976662,
						124.7560741027487,
						141.55205878007465,
						0.16311669118292074
					],
					"joint_state": {
						"position": [
							-2.4216,
							4.1297,
							0.6444,
							-4.7191,
							0.7227,
							0.1489,
							0.0
						],
						"velocity": [
							0.0221,
							0.022,
							-0.0364,
							-0.006,
							0.5086,
							-0.1675,
							0.0
						],
						"effort": [
							0.0,
							0.0,
							0.0,
							0.0,
							0.0,
							0.0,
							0.0
						]
					},
					"lift_state": "lift_down"
				}
			}
		},
		"objects": {
			"Rack": {
				"Rack_02": {
					"name": "Rack_02",
					"pose": {
						"translation": [
							133.05699157714844,
							143.09999084472656,
							0.19921104609966278
						],
						"rotation": [
							0.983835756778717,
							0.1790735274553299,
							-4.97384462505579e-08,
							9.080395102500916e-09
						]
					}
				}
			}
		},
		"relationships": {
			"L-Rack": [
				[
					"AMR_LIFT01",
					"none"
				]
			]
		}
	},
	"timestamp_4": {
		"robots": {
			"ARMLIFT": {
				"AMR_LIFT01": {
					"name": "AMR_LIFT01",
					"pose": {
						"translation": [
							139.5774688720703,
							142.5807342529297,
							0.06199970096349716
						],
						"rotation": [
							-0.00924564991146326,
							-0.0037144962698221207,
							-0.9279069900512695,
							0.3726787269115448
						]
					},