{
	"timestamp_0": {
		"robots": {
			"ARMLIFT": {
				"AMR_LIFT01": {
					"name": "AMR_LIFT01",
					"pose": {
						"translation": [
							139.59632873535156,
							142.5453338623047,
							0.06200714036822319
						],
						"rotation": [
							-0.009398688562214375,
							-0.0037322065327316523,
							-0.9301033020019531,
							0.3671590983867645
						]
					},
					"odometry": {
						"position": [
							0.5672980626519852,
							-7.753998874557742,
							-0.012827412738782585
						],
						"orientation": [
							-0.019744225799646176,
							0.0003661836622986091,
							-0.9299314088037268,
							0.36720240519012654
						],
						"linear": [
							0.00432104105129838,
							0.0,
							0.0
						],
						"angular": [
							0.0,
							0.0,
							0.0024433291982859373
						]
					},
					"aabb": [
						123.76744999407241,
						140.64010943616984,
						-0.012604423800514061,
						124.7377096279093,
						141.5861418712342,
						0.16310441622151411
					],
					"joint_state": {
						"position": [
							-2.2773,
							4.2613,
							1.1267,
							-5.1449,
							1.1255,
							-0.2559,
							0.0
						],
						"velocity": [
							-0.006,
							-0.058,
							0.0,
							-0.0304,
							-0.0653,
							0.0195,
							0.0
						],
						"effort": [
							0.0,
							0.0,
							0.0,
							0.0,
							0.0,
							0.0,
							0.0
						]
					},
					"lift_state": "lift_down"
				}
			}
		},
		"objects": {
			"Rack": {
				"Rack_02": {
					"name": "Rack_02",
					"pose": {
						"translation": [
							133.05699157714844,
							143.09999084472656,
							0.19921104609966278
						],
						"rotation": [
							0.983835756778717,
							0.1790735274553299,
							-4.97384462505579e-08,
							9.080395102500916e-09
						]
					}
				}
			}
		},
		"relationships": {
			"L-Rack": [
				[
					"AMR_LIFT01",
					"none"
				]
			]
		}
	},
	"timestamp_1": {
		"robots": {
			"ARMLIFT": {
				"AMR_LIFT01": {
					"name": "AMR_LIFT01",
					"pose": {
						"translation": [
							139.59642028808594,
							142.54530334472656,
							0.06200004369020462
						],
						"rotation": [
							-0.00939856842160225,
							-0.003709111362695694,
							-0.9301003813743591,
							0.36716657876968384
						]
					},
					"odometry": {
						"position": [
							0.5673760112152626,
							-7.754018415721378,
							-0.012836254243732213
						],
						"orientation": [
							-0.019744076432358863,
							0.00038936106538320077,
							-0.9299285122521063,
							0.36720972474102337
						],
						"linear": [
							-0.0013708171900361776,
							0.0,
							0.0
						],
						"angular": [
							0.0,
							0.0,
							-0.0025333070661872625
						]
					},
					"aabb": [
						123.76706129435571,
						140.6406484695112,
						-0.012600808936638777,
						124.73733975903241,
						141.5866565670037,
						0.16310169582951053
					],
					"joint_state": {
						"position": [
							-2.2761,
							4.2625,
							1.1228,
							-5.1431,
							1.1139,
							-0.2457,
							0.0
						],
						"velocity": [
							0.016,
							0.0159,
							-0.0278,
							-0.0263,
							-0.0194,
							0.0278,
							0.0
						],
						"effort": [
							0.0,
							0.0,
							0.0,
							0.0,
							0.0,
							0.0,
							0.0
						]
					},
					"lift_state": "lift_down"
				}
			}
		},
		"objects": {
			"Rack": {
				"Rack_02": {
					"name": "Rack_02",
					"pose": {
						"translation": [
							133.05699157714844,
							143.09999084472656,
							0.19921104609966278
						],
						"rotation": [
							0.983835756778717,
							0.1790735274553299,
							-4.97384462505579e-08,
							9.080395102500916e-09
						]
					}
				}
			}
		},
		"relationships": {
			"L-Rack": [
				[
					"AMR_LIFT01",
					"none"
				]
			]
		}
	},
	"timestamp_2": {
		"robots": {
			"ARMLIFT": {
				"AMR_LIFT01": {
					"name": "AMR_LIFT01",
					"pose": {
						"translation": [
							139.59657287597656,
							142.544921875,
							0.06200725585222244
						],
						"rotation": [
							-0.00939827412366867,
							-0.0037272993940860033,
							-0.9301422238349915,
							0.36706051230430603
						]
					},
					"odometry": {
						"position": [
							0.567532402839714,
							-7.75439925332976,
							-0.012832540141133374
						],
						"orientation": [
							-0.019744246677175052,
							0.0003699938928937846,
							-0.9299703402955799,
							0.3671037918602767
						],
						"linear": [
							0.004401660058647394,
							0.0,
							0.0
						],
						"angular": [
							0.0,
							0.0,
							-8.013315527932718e-05
						]
					},
					"aabb": [
						123.76662896047,
						140.64113557256582,
						-0.012601511561374481,
						124.73703597135012,
						141.58699086962338,
						0.16310212956132367
					],
					"joint_state": {
						"position": [
							-2.2762,
							4.2628,
							1.124,
							-5.1486,
							1.1169,
							-0.2506,
							0.0
						],
						"velocity": [
							0.0022,
							0.0017,
							-0.0737,
							-0.096,
							-0.0684,
							-0.0977,
							0.0
						],
						"effort": [
							0.0,
							0.0,
							0.0,
							0.0,
							0.0,
							0.0,
							0.0
						]
					},
					"lift_state": "lift_down"
				}
			}
		},
		"objects": {
			"Rack": {
				"Rack_02": {
					"name": "Rack_02",
					"pose": {
						"translation": [
							133.05699157714844,
							143.09999084472656,
							0.19921104609966278
						],
						"rotation": [
							0.983835756778717,
							0.1790735274553299,
							-4.97384462505579e-08,
							9.080395102500916e-09
						]
					}
				}
			}
		},
		"relationships": {
			"L-Rack": [
				[
					"AMR_LIFT01",
					"none"
				]
			]
		}
	},
	"timestamp_3": {
		"robots": {
			"ARMLIFT": {
				"AMR_LIFT01": {
					"name": "AMR_LIFT01",
					"pose": {
						"translation": [
							139.59649658203125,
							142.54476928710938,
							0.062007177621126175
						],
						"rotation": [
							-0.009387834928929806,
							-0.0037311878986656666,
							-0.9300364851951599,
							0.36732831597328186
						]
					},
					"odometry": {
						"position": [
							0.5674543042892005,
							-7.754555507886008,
							-0.012830855459774351
						],
						"orientation": [
							-0.01973263471704156,
							0.0003690859288002042,
							-0.9298647133323114,
							0.367371884882498
						],
						"linear": [
							-0.0010975279146805406,
							0.0,
							0.0
						],
						"angular": [
							0.0,
							0.0,
							0.004055500961840153
						]
					},
					"aabb": [
						123.76701326382624,
						140.64119361898074,
						-0.012593858694732491,
						124.73719615421317,
						141.58731373926128,
						0.16309774933656057
					],
					"joint_state": {
						"position": [
							-2.2741,
							4.2635,
							1.0978,
							-5.1329,
							1.0964,
							-0.2391,
							0.0
						],
						"velocity": [
							0.0508,
							0.0087,
							-0.1455,
							-0.0821,
							-0.0525,
							0.0237,
							0.0
						],
						"effort": [
							0.0,
							0.0,
							0.0,
							0.0,
							0.0,
							0.0,
							0.0
						]
					},
					"lift_state": "lift_down"
				}
			}
		},
		"objects": {
			"Rack": {
				"Rack_02": {
					"name": "Rack_02",
					"pose": {
						"translation": [
							133.05699157714844,
							143.09999084472656,
							0.19921104609966278
						],
						"rotation": [
							0.983835756778717,
							0.1790735274553299,
							-4.97384462505579e-08,
							9.080395102500916e-09
						]
					}
				}
			}
		},
		"relationships": {
			"L-Rack": [
				[
					"AMR_LIFT01",
					"none"
				]
			]
		}
	},
	"timestamp_4": {
		"robots": {
			"ARMLIFT": {
				"AMR_LIFT01": {
					"name": "AMR_LIFT01",
					"pose": {
						"translation": [
							139.59634399414062,
							142.544921875,
							0.06200695037841797
						],
						"rotation": [
							-0.009385851211845875,
							-0.0037285166326910257,
							-0.929901659488678,
							0.36766961216926575
						]
					},