{
	"timestamp_0": {
		"robots": {
			"ARMLIFT": {
				"AMR_LIFT01": {
					"name": "AMR_LIFT01",
					"pose": {
						"translation": [
							139.59828186035156,
							142.53660583496094,
							0.06200901046395302
						],
						"rotation": [
							-0.009427327662706375,
							-0.0037240569945424795,
							-0.9292075634002686,
							0.3694194555282593
						]
					},
					"odometry": {
						"position": [
							0.569143675700319,
							-7.762670676501655,
							-0.012872691413149066
						],
						"orientation": [
							-0.019746143364260563,
							0.0003741551267370303,
							-0.9290417754197948,
							0.369447329608721
						],
						"linear": [
							-0.002096138196066022,
							0.0,
							0.0
						],
						"angular": [
							0.0,
							0.0,
							0.0003262764075770974
						]
					},
					"aabb": [
						123.76668637443878,
						140.64785789502335,
						-0.011817152229404444,
						124.73543624307557,
						141.59567879573186,
						0.1630886164997857
					],
					"joint_state": {
						"position": [
							-2.1781,
							4.3153,
							1.1776,
							-5.1897,
							1.1763,
							-0.3386,
							0.0
						],
						"velocity": [
							-0.015,
							0.0125,
							0.0366,
							0.0689,
							0.0328,
							0.0843,
							0.0
						],
						"effort": [
							0.0,
							0.0,
							0.0,
							0.0,
							0.0,
							0.0,
							0.0
						]
					},
					"lift_state": "lift_down"
				}
			}
		},
		"objects": {
			"Rack": {
				"Rack_02": {
					"name": "Rack_02",
					"pose": {
						"translation": [
							133.05699157714844,
							143.09999084472656,
							0.19921104609966278
						],
						"rotation": [
							0.983835756778717,
							0.1790735274553299,
							-4.97384462505579e-08,
							9.080395102500916e-09
						]
					}
				}
			}
		},
		"relationships": {
			"L-Rack": [
				[
					"AMR_LIFT01",
					"none"
				]
			]
		}
	},
	"timestamp_1": {
		"robots": {
			"ARMLIFT": {
				"AMR_LIFT01": {
					"name": "AMR_LIFT01",
					"pose": {
						"translation": [
							139.5987548828125,
							142.53599548339844,
							0.062002524733543396
						],
						"rotation": [
							-0.009414833970367908,
							-0.003735165111720562,
							-0.9292303323745728,
							0.369362473487854
						]
					},
					"odometry": {
						"position": [
							0.5697197243902675,
							-7.763324945384316,
							-0.012886198051555142
						],
						"orientation": [
							-0.01975062486252617,
							0.0003877347049071954,
							-0.9290582520244498,
							0.36940563994694586
						],
						"linear": [
							0.0024494132958352566,
							0.0,
							0.0
						],
						"angular": [
							0.0,
							0.0,
							0.0007987021235749125
						]
					},
					"aabb": [
						123.76628786208066,
						140.64806285741253,
						-0.011788489844444767,
						124.7349618663018,
						141.595971935035,
						0.16308649996866584
					],
					"joint_state": {
						"position": [
							-2.1771,
							4.3144,
							1.1737,
							-5.1836,
							1.1731,
							-0.3372,
							0.0
						],
						"velocity": [
							0.0055,
							-0.0015,
							0.0316,
							-0.0301,
							0.027,
							-0.029,
							0.0
						],
						"effort": [
							0.0,
							0.0,
							0.0,
							0.0,
							0.0,
							0.0,
							0.0
						]
					},
					"lift_state": "lift_down"
				}
			}
		},
		"objects": {
			"Rack": {
				"Rack_02": {
					"name": "Rack_02",
					"pose": {
						"translation": [
							133.05699157714844,
							143.09999084472656,
							0.19921104609966278
						],
						"rotation": [
							0.983835756778717,
							0.1790735274553299,
							-4.97384462505579e-08,
							9.080395102500916e-09
						]
					}
				}
			}
		},
		"relationships": {
			"L-Rack": [
				[
					"AMR_LIFT01",
					"none"
				]
			]
		}
	},
	"timestamp_2": {
		"robots": {
			"ARMLIFT": {
				"AMR_LIFT01": {
					"name": "AMR_LIFT01",
					"pose": {
						"translation": [
							139.59864807128906,
							142.53616333007812,
							0.06200725585222244
						],
						"rotation": [
							-0.009420751594007015,
							-0.0037348875775933266,
							-0.9294167757034302,
							0.3688928186893463
						]
					},
					"odometry": {
						"position": [
							0.5696124258234888,
							-7.763168691475733,
							-0.012879090798550073
						],
						"orientation": [
							-0.019758626927511177,
							0.00038278793363308316,
							-0.9292446306749714,
							0.36893612793690106
						],
						"linear": [
							0.0039390744641423225,
							0.0,
							0.0
						],
						"angular": [
							0.0,
							0.0,
							0.006119949743151665
						]
					},
					"aabb": [
						123.7657918790063,
						140.6486398211365,
						-0.011810628024256855,
						124.73485353699232,
						141.59609715459726,
						0.1630977420559756
					],
					"joint_state": {
						"position": [
							-2.1764,
							4.3135,
							1.1715,
							-5.1887,
							1.1804,
							-0.3339,
							0.0
						],
						"velocity": [
							-0.0071,
							-0.0562,
							-0.017,
							0.0474,
							-0.0742,
							0.0412,
							0.0
						],
						"effort": [
							0.0,
							0.0,
							0.0,
							0.0,
							0.0,
							0.0,
							0.0
						]
					},
					"lift_state": "lift_down"
				}
			}
		},
		"objects": {
			"Rack": {
				"Rack_02": {
					"name": "Rack_02",
					"pose": {
						"translation": [
							133.05699157714844,
							143.09999084472656,
							0.19921104609966278
						],
						"rotation": [
							0.983835756778717,
							0.1790735274553299,
							-4.97384462505579e-08,
							9.080395102500916e-09
						]
					}
				}
			}
		},
		"relationships": {
			"L-Rack": [
				[
					"AMR_LIFT01",
					"none"
				]
			]
		}
	},
	"timestamp_3": {
		"robots": {
			"ARMLIFT": {
				"AMR_LIFT01": {
					"name": "AMR_LIFT01",
					"pose": {
						"translation": [
							139.59835815429688,
							142.5360870361328,
							0.06200939044356346
						],
						"rotation": [
							-0.00942573044449091,
							-0.0037217088975012302,
							-0.9292569756507874,
							0.3692953288555145
						]
					},
					"odometry": {
						"position": [
							0.5693195811680244,
							-7.763246827983321,
							-0.012870442617617
						],
						"orientation": [
							-0.01976181704348738,
							0.00040044246602122116,
							-0.9290847874670626,
							0.36933828386758755
						],
						"linear": [
							0.004932822659611702,
							0.0,
							0.0
						],
						"angular": [
							0.0,
							0.0,
							0.0020124767906963825
						]
					},
					"aabb": [
						123.76620065483812,
						140.6484326071964,
						-0.011789994023993935,
						124.73505342366329,
						141.59613404314763,
						0.16309770479893435
					],
					"joint_state": {
						"position": [
							-2.1759,
							4.3139,
							1.1702,
							-5.1862,
							1.1726,
							-0.3277,
							0.0
						],
						"velocity": [
							-0.005,
							0.0093,
							-0.003,
							0.0281,
							-0.057,
							0.0293,
							0.0
						],
						"effort": [
							0.0,
							0.0,
							0.0,
							0.0,
							0.0,
							0.0,
							0.0
						]
					},
					"lift_state": "lift_down"
				}
			}
		},
		"objects": {
			"Rack": {
				"Rack_02": {
					"name": "Rack_02",
					"pose": {
						"translation": [
							133.05699157714844,
							143.09999084472656,
							0.19921104609966278
						],
						"rotation": [
							0.983835756778717,
							0.1790735274553299,
							-4.97384462505579e-08,
							9.080395102500916e-09
						]
					}
				}
			}
		},
		"relationships": {
			"L-Rack": [
				[
					"AMR_LIFT01",
					"none"
				]
			]
		}
	},
	"timestamp_4": {
		"robots": {
			"ARMLIFT": {
				"AMR_LIFT01": {
					"name": "AMR_LIFT01",
					"pose": {
						"translation": [
							139.5980682373047,
							142.53622436523438,
							0.06200813129544258
						],
						"rotation": [
							-0.009417043998837471,
							-0.003744157962501049,
							-0.9291989803314209,
							0.36944103240966797
						]
					},