{
	"timestamp_0": {
		"robots": {
			"ARMLIFT": {
				"AMR_LIFT01": {
					"name": "AMR_LIFT01",
					"pose": {
						"translation": [
							139.60525512695312,
							142.5065155029297,
							0.062010955065488815
						],
						"rotation": [
							-0.009405236691236496,
							-0.0037172550801187754,
							-0.9304627776145935,
							0.3662469685077667
						]
					},
					"odometry": {
						"position": [
							0.5762139920899446,
							-7.7928070639953315,
							-0.013023109957635098
						],
						"orientation": [
							-0.019754790740824833,
							0.000370988115155276,
							-0.9302908282515653,
							0.3662903021943404
						],
						"linear": [
							0.0004808941448573023,
							0.0,
							0.0
						],
						"angular": [
							0.0,
							0.0,
							0.00022449441894423217
						]
					},
					"aabb": [
						123.75730155292248,
						140.6805111193714,
						-0.013841852008575222,
						124.72828596568986,
						141.62567095893345,
						0.16303583712115896
					],
					"joint_state": {
						"position": [
							-1.9779,
							4.454,
							1.1001,
							-5.3223,
							1.1185,
							-0.463,
							0.0
						],
						"velocity": [
							-0.0078,
							0.0075,
							-0.0173,
							0.0156,
							-0.2684,
							0.2415,
							0.0
						],
						"effort": [
							0.0,
							0.0,
							0.0,
							0.0,
							0.0,
							0.0,
							0.0
						]
					},
					"lift_state": "lift_down"
				}
			}
		},
		"objects": {
			"Rack": {
				"Rack_02": {
					"name": "Rack_02",
					"pose": {
						"translation": [
							133.05699157714844,
							143.09999084472656,
							0.19921104609966278
						],
						"rotation": [
							0.983835756778717,
							0.1790735274553299,
							-4.97384462505579e-08,
							9.080395102500916e-09
						]
					}
				}
			}
		},
		"relationships": {
			"L-Rack": [
				[
					"AMR_LIFT01",
					"none"
				]
			]
		}
	},
	"timestamp_1": {
		"robots": {
			"ARMLIFT": {
				"AMR_LIFT01": {
					"name": "AMR_LIFT01",
					"pose": {
						"translation": [
							139.6061553955078,
							142.50527954101562,
							0.06200218200683594
						],
						"rotation": [
							-0.009401134215295315,
							-0.003691562684252858,
							-0.9305119514465332,
							0.36612263321876526
						]
					},
					"odometry": {
						"position": [
							0.5770827937879521,
							-7.794008208645827,
							-0.013050872901813372
						],
						"orientation": [
							-0.019752062953479844,
							0.0003968932817116835,
							-0.9303400657652546,
							0.3661653458708326
						],
						"linear": [
							-0.0009410929633304477,
							0.0,
							0.0
						],
						"angular": [
							0.0,
							0.0,
							0.0035852747969329357
						]
					},
					"aabb": [
						123.7568132528079,
						140.68134030712986,
						-0.013822127185777027,
						124.7278494681827,
						141.6264351851919,
						0.16302054115979028
					],
					"joint_state": {
						"position": [
							-1.9773,
							4.4556,
							1.0985,
							-5.3183,
							1.1173,
							-0.4573,
							0.0
						],
						"velocity": [
							-0.0031,
							0.0035,
							0.0133,
							0.0049,
							0.0043,
							-0.0006,
							0.0
						],
						"effort": [
							0.0,
							0.0,
							0.0,
							0.0,
							0.0,
							0.0,
							0.0
						]
					},
					"lift_state": "lift_down"
				}
			}
		},
		"objects": {
			"Rack": {
				"Rack_02": {
					"name": "Rack_02",
					"pose": {
						"translation": [
							133.05699157714844,
							143.09999084472656,
							0.19921104609966278
						],
						"rotation": [
							0.983835756778717,
							0.1790735274553299,
							-4.97384462505579e-08,
							9.080395102500916e-09
						]
					}
				}
			}
		},
		"relationships": {
			"L-Rack": [
				[
					"AMR_LIFT01",
					"none"
				]
			]
		}
	},
	"timestamp_2": {
		"robots": {
			"ARMLIFT": {
				"AMR_LIFT01": {
					"name": "AMR_LIFT01",
					"pose": {
						"translation": [
							139.60633850097656,
							142.50515747070312,
							0.06200698763132095
						],
						"rotation": [
							-0.009417572058737278,
							-0.003694320796057582,
							-0.9305967092514038,
							0.3659067153930664
						]
					},
					"odometry": {
						"position": [
							0.5773074553223916,
							-7.79417420388186,
							-0.013051425627600663
						],
						"orientation": [
							-0.019768615210972514,
							0.0003901352438562056,
							-0.9304245864608378,
							0.3659496393717461
						],
						"linear": [
							-0.0008002224494703114,
							0.0,
							0.0
						],
						"angular": [
							0.0,
							0.0,
							-0.00207801372744143
						]
					},
					"aabb": [
						123.75635079847389,
						140.68171811438043,
						-0.013996576331531625,
						124.72750601200336,
						141.62667345466735,
						0.16302553059346236
					],
					"joint_state": {
						"position": [
							-1.976,
							4.457,
							1.1276,
							-5.3358,
							1.1307,
							-0.4689,
							0.0
						],
						"velocity": [
							0.0003,
							0.0001,
							0.1109,
							-0.0564,
							0.0079,
							-0.0134,
							0.0
						],
						"effort": [
							0.0,
							0.0,
							0.0,
							0.0,
							0.0,
							0.0,
							0.0
						]
					},
					"lift_state": "lift_down"
				}
			}
		},
		"objects": {
			"Rack": {
				"Rack_02": {
					"name": "Rack_02",
					"pose": {
						"translation": [
							133.05699157714844,
							143.09999084472656,
							0.19921104609966278
						],
						"rotation": [
							0.983835756778717,
							0.1790735274553299,
							-4.97384462505579e-08,
							9.080395102500916e-09
						]
					}
				}
			}
		},
		"relationships": {
			"L-Rack": [
				[
					"AMR_LIFT01",
					"none"
				]
			]
		}
	},
	"timestamp_3": {
		"robots": {
			"ARMLIFT": {
				"AMR_LIFT01": {
					"name": "AMR_LIFT01",
					"pose": {
						"translation": [
							139.60638427734375,
							142.5054168701172,
							0.061999205499887466
						],
						"rotation": [
							-0.009407191537320614,
							-0.0036950684152543545,
							-0.9306718111038208,
							0.36571571230888367
						]
					},
					"odometry": {
						"position": [
							0.5775416014114729,
							-7.794154675209369,
							-0.013064269880576095
						],
						"orientation": [
							-0.019759618485930757,
							0.0003847482388263155,
							-0.9305107639642164,
							0.3657309497332896
						],
						"linear": [
							-0.0018190977862104774,
							0.0,
							0.0
						],
						"angular": [
							0.0,
							0.0,
							0.00018105651543010026
						]
					},
					"aabb": [
						123.75581226225799,
						140.6820357429771,
						-0.014031564208468334,
						124.72712587494145,
						141.62679734622813,
						0.163023674064405
					],
					"joint_state": {
						"position": [
							-1.9756,
							4.4565,
							1.1287,
							-5.3343,
							1.1235,
							-0.4639,
							0.0
						],
						"velocity": [
							-0.0021,
							0.005,
							-0.0279,
							0.0345,
							-0.0115,
							0.0188,
							0.0
						],
						"effort": [
							0.0,
							0.0,
							0.0,
							0.0,
							0.0,
							0.0,
							0.0
						]
					},
					"lift_state": "lift_down"
				}
			}
		},
		"objects": {
			"Rack": {
				"Rack_02": {
					"name": "Rack_02",
					"pose": {
						"translation": [
							133.05699157714844,
							143.09999084472656,
							0.19921104609966278
						],
						"rotation": [
							0.983835756778717,
							0.1790735274553299,
							-4.97384462505579e-08,
							9.080395102500916e-09
						]
					}
				}
			}
		},
		"relationships": {
			"L-Rack": [
				[
					"AMR_LIFT01",
					"none"
				]
			]
		}
	},
	"timestamp_4": {
		"robots": {
			"ARMLIFT": {
				"AMR_LIFT01": {
					"name": "AMR_LIFT01",
					"pose": {
						"translation": [
							139.60621643066406,
							142.50575256347656,
							0.06199924275279045
						],
						"rotation": [
							-0.00940339919179678,
							-0.0036959555000066757,
							-0.9306458234786987,
							0.3657820522785187
						]
					},