{
	"timestamp_0": {
		"robots": {
			"ARMLIFT": {
				"AMR_LIFT01": {
					"name": "AMR_LIFT01",
					"pose": {
						"translation": [
							139.60025024414062,
							142.52166748046875,
							0.06200813129544258
						],
						"rotation": [
							-0.009425881318747997,
							-0.0037305045407265425,
							-0.929861843585968,
							0.367769330739975
						]
					},
					"odometry": {
						"position": [
							0.571214372355228,
							-7.777660820810279,
							-0.012914243950039723
						],
						"orientation": [
							-0.019768726186637237,
							0.0003746735155236216,
							-0.9296896481016493,
							0.36781274488161203
						],
						"linear": [
							0.008589005097746849,
							0.0,
							0.0
						],
						"angular": [
							0.0,
							0.0,
							0.005460192449390888
						]
					},
					"aabb": [
						123.763394010718,
						140.66387105443602,
						-0.013883818710843628,
						124.73323831534753,
						141.61040891699847,
						0.16307226008587727
					],
					"joint_state": {
						"position": [
							-2.0811,
							4.3855,
							1.1888,
							-5.3226,
							1.1786,
							-0.4239,
							0.0
						],
						"velocity": [
							-0.0607,
							-0.0712,
							-0.3217,
							0.2271,
							-0.3416,
							0.2527,
							0.0
						],
						"effort": [
							0.0,
							0.0,
							0.0,
							0.0,
							0.0,
							0.0,
							0.0
						]
					},
					"lift_state": "lift_down"
				}
			}
		},
		"objects": {
			"Rack": {
				"Rack_02": {
					"name": "Rack_02",
					"pose": {
						"translation": [
							133.05699157714844,
							143.09999084472656,
							0.19921104609966278
						],
						"rotation": [
							0.983835756778717,
							0.1790735274553299,
							-4.97384462505579e-08,
							9.080395102500916e-09
						]
					}
				}
			}
		},
		"relationships": {
			"L-Rack": [
				[
					"AMR_LIFT01",
					"none"
				]
			]
		}
	},
	"timestamp_1": {
		"robots": {
			"ARMLIFT": {
				"AMR_LIFT01": {
					"name": "AMR_LIFT01",
					"pose": {
						"translation": [
							139.6007843017578,
							142.52117919921875,
							0.062000881880521774
						],
						"rotation": [
							-0.009422875940799713,
							-0.0037234663031995296,
							-0.9298213124275208,
							0.3678719401359558
						]
					},
					"odometry": {
						"position": [
							0.5717414503062136,
							-7.7781490892823255,
							-0.012933217238970868
						],
						"orientation": [
							-0.019765268482447893,
							0.0003828527740778249,
							-0.9296491571191732,
							0.36791525145498016
						],
						"linear": [
							0.0017659966833889484,
							0.0,
							0.0
						],
						"angular": [
							0.0,
							0.0,
							-0.0006922857719473541
						]
					},
					"aabb": [
						123.76339540753892,
						140.6639365259846,
						-0.013807055557094283,
						124.73313280943499,
						141.6105987870259,
						0.16306087923796952
					],
					"joint_state": {
						"position": [
							-2.0793,
							4.3862,
							1.1862,
							-5.3192,
							1.1838,
							-0.4289,
							0.0
						],
						"velocity": [
							0.0087,
							-0.0132,
							-0.001,
							-0.0146,
							0.0348,
							-0.0163,
							0.0
						],
						"effort": [
							0.0,
							0.0,
							0.0,
							0.0,
							0.0,
							0.0,
							0.0
						]
					},
					"lift_state": "lift_down"
				}
			}
		},
		"objects": {
			"Rack": {
				"Rack_02": {
					"name": "Rack_02",
					"pose": {
						"translation": [
							133.05699157714844,
							143.09999084472656,
							0.19921104609966278
						],
						"rotation": [
							0.983835756778717,
							0.1790735274553299,
							-4.97384462505579e-08,
							9.080395102500916e-09
						]
					}
				}
			}
		},
		"relationships": {
			"L-Rack": [
				[
					"AMR_LIFT01",
					"none"
				]
			]
		}
	},
	"timestamp_2": {
		"robots": {
			"ARMLIFT": {
				"AMR_LIFT01": {
					"name": "AMR_LIFT01",
					"pose": {
						"translation": [
							139.60137939453125,
							142.5206298828125,
							0.062005918473005295
						],
						"rotation": [
							-0.009432151913642883,
							-0.003713450860232115,
							-0.9298459887504578,
							0.367809534072876
						]
					},
					"odometry": {
						"position": [
							0.572337146050921,
							-7.778695923839141,
							-0.012941482990883518
						],
						"orientation": [
							-0.019774816524314818,
							0.00039217261842140034,
							-0.9296737402644797,
							0.36785260566525807
						],
						"linear": [
							-0.0019384260522201657,
							0.0,
							0.0
						],
						"angular": [
							0.0,
							0.0,
							0.00018884780001826584
						]
					},
					"aabb": [
						123.76269970822011,
						140.6646976860137,
						-0.013913712010606998,
						124.73249268662708,
						141.6112940325513,
						0.16306076521879956
					],
					"joint_state": {
						"position": [
							-2.079,
							4.3882,
							1.1871,
							-5.3238,
							1.1894,
							-0.4327,
							0.0
						],
						"velocity": [
							0.0166,
							0.0175,
							-0.0753,
							-0.0045,
							-0.1277,
							0.1062,
							0.0
						],
						"effort": [
							0.0,
							0.0,
							0.0,
							0.0,
							0.0,
							0.0,
							0.0
						]
					},
					"lift_state": "lift_down"
				}
			}
		},
		"objects": {
			"Rack": {
				"Rack_02": {
					"name": "Rack_02",
					"pose": {
						"translation": [
							133.05699157714844,
							143.09999084472656,
							0.19921104609966278
						],
						"rotation": [
							0.983835756778717,
							0.1790735274553299,
							-4.97384462505579e-08,
							9.080395102500916e-09
						]
					}
				}
			}
		},
		"relationships": {
			"L-Rack": [
				[
					"AMR_LIFT01",
					"none"
				]
			]
		}
	},
	"timestamp_3": {
		"robots": {
			"ARMLIFT": {
				"AMR_LIFT01": {
					"name": "AMR_LIFT01",
					"pose": {
						"translation": [
							139.60154724121094,
							142.52044677734375,
							0.062006644904613495
						],
						"rotation": [
							-0.009429100900888443,
							-0.003735944861546159,
							-0.9298102259635925,
							0.36789995431900024
						]
					},
					"odometry": {
						"position": [
							0.572512909611624,
							-7.778881460316316,
							-0.012944676520234233
						],
						"orientation": [
							-0.019771362717396206,
							0.00037068544824100697,
							-0.9296379890829399,
							0.36794315466172656
						],
						"linear": [
							-7.60452458052896e-05,
							0.0,
							0.0
						],
						"angular": [
							0.0,
							0.0,
							-2.892511247409857e-06
						]
					},
					"aabb": [
						123.76231255119237,
						140.6651301937164,
						-0.013877819314855384,
						124.73208106919897,
						141.61175623906948,
						0.1630663246099137
					],
					"joint_state": {
						"position": [
							-2.0781,
							4.3888,
							1.1926,
							-5.3268,
							1.1962,
							-0.4317,
							0.0
						],
						"velocity": [
							0.0001,
							0.0002,
							-0.0078,
							0.0,
							-0.1055,
							0.0581,
							0.0
						],
						"effort": [
							0.0,
							0.0,
							0.0,
							0.0,
							0.0,
							0.0,
							0.0
						]
					},
					"lift_state": "lift_down"
				}
			}
		},
		"objects": {
			"Rack": {
				"Rack_02": {
					"name": "Rack_02",
					"pose": {
						"translation": [
							133.05699157714844,
							143.09999084472656,
							0.19921104609966278
						],
						"rotation": [
							0.983835756778717,
							0.1790735274553299,
							-4.97384462505579e-08,
							9.080395102500916e-09
						]
					}
				}
			}
		},
		"relationships": {
			"L-Rack": [
				[
					"AMR_LIFT01",
					"none"
				]
			]
		}
	},
	"timestamp_4": {
		"robots": {
			"ARMLIFT": {
				"AMR_LIFT01": {
					"name": "AMR_LIFT01",
					"pose": {
						"translation": [
							139.60154724121094,
							142.5202178955078,
							0.062017135322093964
						],
						"rotation": [
							-0.009438525885343552,
							-0.0037516201846301556,
							-0.9297459721565247,
							0.3680618405342102
						]
					},