{
	"timestamp_0": {
		"robots": {
			"ARMLIFT": {
				"AMR_LIFT01": {
					"name": "AMR_LIFT01",
					"pose": {
						"translation": [
							139.6176300048828,
							142.4678497314453,
							0.062002941966056824
						],
						"rotation": [
							-0.009442703798413277,
							-0.003605461912229657,
							-0.9343970417976379,
							0.3560900390148163
						]
					},
					"odometry": {
						"position": [
							0.5885955895825239,
							-7.831478373611013,
							-0.013307767558833464
						],
						"orientation": [
							-0.019836175685697913,
							0.00036978965983253153,
							-0.9342246931313037,
							0.35613285741910283
						],
						"linear": [
							0.0020406399853527546,
							0.0,
							0.0
						],
						"angular": [
							0.0,
							0.0,
							0.0021862711291760206
						]
					},
					"aabb": [
						123.73874318444378,
						140.7266122112158,
						-0.014733665450725866,
						124.71651641321134,
						141.6630679493274,
						0.1629605162855559
					],
					"joint_state": {
						"position": [
							-1.6854,
							4.6672,
							1.1136,
							-5.5917,
							1.1179,
							-0.6946,
							0.0
						],
						"velocity": [
							-0.0355,
							-0.0222,
							-0.0695,
							0.0326,
							-0.0586,
							0.0308,
							0.0
						],
						"effort": [
							0.0,
							0.0,
							0.0,
							0.0,
							0.0,
							0.0,
							0.0
						]
					},
					"lift_state": "lift_down"
				}
			}
		},
		"objects": {
			"Rack": {
				"Rack_02": {
					"name": "Rack_02",
					"pose": {
						"translation": [
							133.05699157714844,
							143.09999084472656,
							0.19921104609966278
						],
						"rotation": [
							0.983835756778717,
							0.1790735274553299,
							-4.97384462505579e-08,
							9.080395102500916e-09
						]
					}
				}
			}
		},
		"relationships": {
			"L-Rack": [
				[
					"AMR_LIFT01",
					"none"
				]
			]
		}
	},
	"timestamp_1": {
		"robots": {
			"ARMLIFT": {
				"AMR_LIFT01": {
					"name": "AMR_LIFT01",
					"pose": {
						"translation": [
							139.617919921875,
							142.4677276611328,
							0.06200172379612923
						],
						"rotation": [
							-0.009444326162338257,
							-0.0036026511806994677,
							-0.9344142079353333,
							0.3560449182987213
						]
					},
					"odometry": {
						"position": [
							0.5888787020745134,
							-7.83160531435417,
							-0.013315293330821024
						],
						"orientation": [
							-0.019837991592662273,
							0.00037209848835727277,
							-0.9342418441013699,
							0.35608775935484815
						],
						"linear": [
							-0.004484916105866432,
							0.0,
							0.0
						],
						"angular": [
							0.0,
							0.0,
							0.005042460281401873
						]
					},
					"aabb": [
						123.73846247675685,
						140.7267757069154,
						-0.014723755909737245,
						124.71628413135163,
						141.66316776802938,
						0.16295993203345316
					],
					"joint_state": {
						"position": [
							-1.684,
							4.6686,
							1.1196,
							-5.5952,
							1.1255,
							-0.7007,
							0.0
						],
						"velocity": [
							0.0384,
							0.0216,
							-0.0833,
							-0.0153,
							-0.0815,
							-0.006,
							0.0
						],
						"effort": [
							0.0,
							0.0,
							0.0,
							0.0,
							0.0,
							0.0,
							0.0
						]
					},
					"lift_state": "lift_down"
				}
			}
		},
		"objects": {
			"Rack": {
				"Rack_02": {
					"name": "Rack_02",
					"pose": {
						"translation": [
							133.05699157714844,
							143.09999084472656,
							0.19921104609966278
						],
						"rotation": [
							0.983835756778717,
							0.1790735274553299,
							-4.97384462505579e-08,
							9.080395102500916e-09
						]
					}
				}
			}
		},
		"relationships": {
			"L-Rack": [
				[
					"AMR_LIFT01",
					"none"
				]
			]
		}
	},
	"timestamp_2": {
		"robots": {
			"ARMLIFT": {
				"AMR_LIFT01": {
					"name": "AMR_LIFT01",
					"pose": {
						"translation": [
							139.61810302734375,
							142.46768188476562,
							0.062002066522836685
						],
						"rotation": [
							-0.009446071460843086,
							-0.0035996544174849987,
							-0.9344247579574585,
							0.356017142534256
						]
					},
					"odometry": {
						"position": [
							0.5890642127171373,
							-7.831644366396075,
							-0.013319078951247
						],
						"orientation": [
							-0.019839856549910165,
							0.00037478618571798136,
							-0.9342523777193823,
							0.35606001510008795
						],
						"linear": [
							-0.0015990841202437878,
							0.0,
							0.0
						],
						"angular": [
							0.0,
							0.0,
							-0.003735095029696822
						]
					},
					"aabb": [
						123.73819965860392,
						140.72659433009528,
						-0.014668132087023882,
						124.71604115353266,
						141.66295899194597,
						0.1629617267834521
					],
					"joint_state": {
						"position": [
							-1.683,
							4.6687,
							1.1268,
							-5.6035,
							1.1209,
							-0.6977,
							0.0
						],
						"velocity": [
							0.0159,
							0.0236,
							-0.0634,
							-0.0149,
							0.1401,
							-0.0904,
							0.0
						],
						"effort": [
							0.0,
							0.0,
							0.0,
							0.0,
							0.0,
							0.0,
							0.0
						]
					},
					"lift_state": "lift_down"
				}
			}
		},
		"objects": {
			"Rack": {
				"Rack_02": {
					"name": "Rack_02",
					"pose": {
						"translation": [
							133.05699157714844,
							143.09999084472656,
							0.19921104609966278
						],
						"rotation": [
							0.983835756778717,
							0.1790735274553299,
							-4.97384462505579e-08,
							9.080395102500916e-09
						]
					}
				}
			}
		},
		"relationships": {
			"L-Rack": [
				[
					"AMR_LIFT01",
					"none"
				]
			]
		}
	},
	"timestamp_3": {
		"robots": {
			"ARMLIFT": {
				"AMR_LIFT01": {
					"name": "AMR_LIFT01",
					"pose": {
						"translation": [
							139.61814880371094,
							142.46792602539062,
							0.06200198829174042
						],
						"rotation": [
							-0.009442166425287724,
							-0.003598765702918172,
							-0.9344307780265808,
							0.3560016453266144
						]
					},
					"odometry": {
						"position": [
							0.589103251402297,
							-7.831400223330896,
							-0.013320000855686255
						],
						"orientation": [
							-0.019836013166281165,
							0.00037550191764945456,
							-0.9342584422352904,
							0.35604431562948113
						],
						"linear": [
							-0.004101159516721964,
							0.0,
							0.0
						],
						"angular": [
							0.0,
							0.0,
							-0.001396592822857201
						]
					},
					"aabb": [
						123.73814242934104,
						140.72669158608744,
						-0.014740167970638913,
						124.71598241018356,
						141.6630565420393,
						0.1629587527373964
					],
					"joint_state": {
						"position": [
							-1.6818,
							4.6696,
							1.1105,
							-5.5877,
							1.1104,
							-0.6833,
							0.0
						],
						"velocity": [
							0.0073,
							0.0362,
							0.0377,
							0.0112,
							0.0346,
							0.0138,
							0.0
						],
						"effort": [
							0.0,
							0.0,
							0.0,
							0.0,
							0.0,
							0.0,
							0.0
						]
					},
					"lift_state": "lift_down"
				}
			}
		},
		"objects": {
			"Rack": {
				"Rack_02": {
					"name": "Rack_02",
					"pose": {
						"translation": [
							133.05699157714844,
							143.09999084472656,
							0.19921104609966278
						],
						"rotation": [
							0.983835756778717,
							0.1790735274553299,
							-4.97384462505579e-08,
							9.080395102500916e-09
						]
					}
				}
			}
		},
		"relationships": {
			"L-Rack": [
				[
					"AMR_LIFT01",
					"none"
				]
			]
		}
	},
	"timestamp_4": {
		"robots": {
			"ARMLIFT": {
				"AMR_LIFT01": {
					"name": "AMR_LIFT01",
					"pose": {
						"translation": [
							139.61753845214844,
							142.46852111816406,
							0.062001150101423264
						],
						"rotation": [
							-0.009441385045647621,
							-0.0036026770249009132,
							-0.9343985915184021,
							0.3560861051082611
						]
					},