{
	"timestamp_0": {
		"robots": {
			"ARMLIFT": {
				"AMR_LIFT01": {
					"name": "AMR_LIFT01",
					"pose": {
						"translation": [
							139.61700439453125,
							142.4696807861328,
							0.06200351566076279
						],
						"rotation": [
							-0.009444041177630424,
							-0.0036182934418320656,
							-0.93367600440979,
							0.35797616839408875
						]
					},
					"odometry": {
						"position": [
							0.5879315610993107,
							-7.829642470772119,
							-0.013294468652532653
						],
						"orientation": [
							-0.019827916816613746,
							0.00037955557052597115,
							-0.9335169354504423,
							0.3579844142969039
						],
						"linear": [
							-0.0007521198713220656,
							0.0,
							0.0
						],
						"angular": [
							0.0,
							0.0,
							0.0055117434822022915
						]
					},
					"aabb": [
						123.74055423194044,
						140.7234601704576,
						-0.01479689829224504,
						124.71720339846134,
						141.66143228984245,
						0.16296341999189662
					],
					"joint_state": {
						"position": [
							-1.7048,
							4.6593,
							1.1293,
							-5.5756,
							1.1299,
							-0.7233,
							0.0
						],
						"velocity": [
							-0.0171,
							0.0146,
							-0.0098,
							0.0943,
							-0.0586,
							0.0545,
							0.0
						],
						"effort": [
							0.0,
							0.0,
							0.0,
							0.0,
							0.0,
							0.0,
							0.0
						]
					},
					"lift_state": "lift_down"
				}
			}
		},
		"objects": {
			"Rack": {
				"Rack_02": {
					"name": "Rack_02",
					"pose": {
						"translation": [
							133.05699157714844,
							143.09999084472656,
							0.19921104609966278
						],
						"rotation": [
							0.983835756778717,
							0.1790735274553299,
							-4.97384462505579e-08,
							9.080395102500916e-09
						]
					}
				}
			}
		},
		"relationships": {
			"L-Rack": [
				[
					"AMR_LIFT01",
					"none"
				]
			]
		}
	},
	"timestamp_1": {
		"robots": {
			"ARMLIFT": {
				"AMR_LIFT01": {
					"name": "AMR_LIFT01",
					"pose": {
						"translation": [
							139.6171112060547,
							142.46934509277344,
							0.06199977919459343
						],
						"rotation": [
							-0.009436849504709244,
							-0.0036160587333142757,
							-0.9336970448493958,
							0.3579215407371521
						]
					},
					"odometry": {
						"position": [
							0.588077991098857,
							-7.829974498049763,
							-0.013299333617241864
						],
						"orientation": [
							-0.019822507279560347,
							0.0003795672641673933,
							-0.9335247455088882,
							0.3579643469067968
						],
						"linear": [
							-0.0014142146101221442,
							0.0,
							0.0
						],
						"angular": [
							0.0,
							0.0,
							-0.0017257846193388104
						]
					},
					"aabb": [
						123.74060567974232,
						140.72334453292945,
						-0.014781469606812519,
						124.71717987352585,
						141.66141520840966,
						0.1629619078240299
					],
					"joint_state": {
						"position": [
							-1.7038,
							4.66,
							1.1288,
							-5.5824,
							1.1197,
							-0.724,
							0.0
						],
						"velocity": [
							0.0036,
							0.0466,
							0.0463,
							-0.0404,
							0.0967,
							-0.0292,
							0.0
						],
						"effort": [
							0.0,
							0.0,
							0.0,
							0.0,
							0.0,
							0.0,
							0.0
						]
					},
					"lift_state": "lift_down"
				}
			}
		},
		"objects": {
			"Rack": {
				"Rack_02": {
					"name": "Rack_02",
					"pose": {
						"translation": [
							133.05699157714844,
							143.09999084472656,
							0.19921104609966278
						],
						"rotation": [
							0.983835756778717,
							0.1790735274553299,
							-4.97384462505579e-08,
							9.080395102500916e-09
						]
					}
				}
			}
		},
		"relationships": {
			"L-Rack": [
				[
					"AMR_LIFT01",
					"none"
				]
			]
		}
	},
	"timestamp_2": {
		"robots": {
			"ARMLIFT": {
				"AMR_LIFT01": {
					"name": "AMR_LIFT01",
					"pose": {
						"translation": [
							139.61697387695312,
							142.4696502685547,
							0.06200157105922699
						],
						"rotation": [
							-0.00943493191152811,
							-0.00361982942558825,
							-0.9337183237075806,
							0.3578660786151886
						]
					},
					"odometry": {
						"position": [
							0.58799009131069,
							-7.829495986661849,
							-0.013297625314810895
						],
						"orientation": [
							-0.01982078001272461,
							0.0003802006781226171,
							-0.9335493860215416,
							0.35790017600712937
						],
						"linear": [
							-0.003643956035375595,
							0.0,
							0.0
						],
						"angular": [
							0.0,
							0.0,
							-0.0015062032034620643
						]
					},
					"aabb": [
						123.74055468834096,
						140.72328711749756,
						-0.014796210520850268,
						124.717162098101,
						141.66131147834133,
						0.1629621187990059
					],
					"joint_state": {
						"position": [
							-1.703,
							4.6583,
							1.1295,
							-5.5785,
							1.1157,
							-0.7142,
							0.0
						],
						"velocity": [
							-0.0619,
							-0.059,
							0.0083,
							0.0088,
							0.1274,
							0.0328,
							0.0
						],
						"effort": [
							0.0,
							0.0,
							0.0,
							0.0,
							0.0,
							0.0,
							0.0
						]
					},
					"lift_state": "lift_down"
				}
			}
		},
		"objects": {
			"Rack": {
				"Rack_02": {
					"name": "Rack_02",
					"pose": {
						"translation": [
							133.05699157714844,
							143.09999084472656,
							0.19921104609966278
						],
						"rotation": [
							0.983835756778717,
							0.1790735274553299,
							-4.97384462505579e-08,
							9.080395102500916e-09
						]
					}
				}
			}
		},
		"relationships": {
			"L-Rack": [
				[
					"AMR_LIFT01",
					"none"
				]
			]
		}
	},
	"timestamp_3": {
		"robots": {
			"ARMLIFT": {
				"AMR_LIFT01": {
					"name": "AMR_LIFT01",
					"pose": {
						"translation": [
							139.61709594726562,
							142.4696807861328,
							0.06200328841805458
						],
						"rotation": [
							-0.009443539194762707,
							-0.0036178850568830967,
							-0.9336903691291809,
							0.3579387962818146
						]
					},
					"odometry": {
						"position": [
							0.5880585256492625,
							-7.829642460226986,
							-0.013295368248606654
						],
						"orientation": [
							-0.01982912086875828,
							0.00037793258570623475,
							-0.9335179935048816,
							0.3579815902182021
						],
						"linear": [
							-0.00010698210098780692,
							0.0,
							0.0
						],
						"angular": [
							0.0,
							0.0,
							-0.0007023344514891505
						]
					},
					"aabb": [
						123.74049457745345,
						140.72310717249854,
						-0.014798958178388909,
						124.71704224605892,
						141.66121454717003,
						0.1629670981395155
					],
					"joint_state": {
						"position": [
							-1.701,
							4.6594,
							1.1279,
							-5.581,
							1.1322,
							-0.7156,
							0.0
						],
						"velocity": [
							0.0006,
							0.0001,
							-0.0198,
							-0.0023,
							-0.0198,
							0.0032,
							0.0
						],
						"effort": [
							0.0,
							0.0,
							0.0,
							0.0,
							0.0,
							0.0,
							0.0
						]
					},
					"lift_state": "lift_down"
				}
			}
		},
		"objects": {
			"Rack": {
				"Rack_02": {
					"name": "Rack_02",
					"pose": {
						"translation": [
							133.05699157714844,
							143.09999084472656,
							0.19921104609966278
						],
						"rotation": [
							0.983835756778717,
							0.1790735274553299,
							-4.97384462505579e-08,
							9.080395102500916e-09
						]
					}
				}
			}
		},
		"relationships": {
			"L-Rack": [
				[
					"AMR_LIFT01",
					"none"
				]
			]
		}
	},
	"timestamp_4": {
		"robots": {
			"ARMLIFT": {
				"AMR_LIFT01": {
					"name": "AMR_LIFT01",
					"pose": {
						"translation": [
							139.6168670654297,
							142.47007751464844,
							0.06200122833251953
						],
						"rotation": [
							-0.00944003090262413,
							-0.0036210007965564728,
							-0.9337185621261597,
							0.35786527395248413
						]
					},