{
	"timestamp_0": {
		"robots": {
			"ARMLIFT": {
				"AMR_LIFT01": {
					"name": "AMR_LIFT01",
					"pose": {
						"translation": [
							139.61978149414062,
							142.4611053466797,
							0.062000349164009094
						],
						"rotation": [
							-0.009426251985132694,
							-0.0035988343879580498,
							-0.9342037439346313,
							0.3565973937511444
						]
					},
					"odometry": {
						"position": [
							0.5907437914404979,
							-7.838226324848757,
							-0.013358363407430057
						],
						"orientation": [
							-0.019817566680476312,
							0.00038206070655610164,
							-0.9340315833831587,
							0.356640041671194
						],
						"linear": [
							-0.0008843339164741337,
							0.0,
							0.0
						],
						"angular": [
							0.0,
							0.0,
							0.0012387679889798164
						]
					},
					"aabb": [
						123.73705175251077,
						140.7327845520492,
						-0.014586580851227304,
						124.71450862601891,
						141.66966412815862,
						0.16294179019502053
					],
					"joint_state": {
						"position": [
							-1.6267,
							4.6967,
							1.1075,
							-5.6448,
							1.0756,
							-0.7095,
							0.0
						],
						"velocity": [
							0.0059,
							-0.002,
							0.0406,
							-0.0202,
							0.0189,
							-0.0179,
							0.0
						],
						"effort": [
							0.0,
							0.0,
							0.0,
							0.0,
							0.0,
							0.0,
							0.0
						]
					},
					"lift_state": "lift_down"
				}
			}
		},
		"objects": {
			"Rack": {
				"Rack_02": {
					"name": "Rack_02",
					"pose": {
						"translation": [
							133.05699157714844,
							143.09999084472656,
							0.19921104609966278
						],
						"rotation": [
							0.983835756778717,
							0.1790735274553299,
							-4.97384462505579e-08,
							9.080395102500916e-09
						]
					}
				}
			}
		},
		"relationships": {
			"L-Rack": [
				[
					"AMR_LIFT01",
					"none"
				]
			]
		}
	},
	"timestamp_1": {
		"robots": {
			"ARMLIFT": {
				"AMR_LIFT01": {
					"name": "AMR_LIFT01",
					"pose": {
						"translation": [
							139.61947631835938,
							142.46141052246094,
							0.06199932098388672
						],
						"rotation": [
							-0.009428324177861214,
							-0.0035966881550848484,
							-0.9341939091682434,
							0.35662299394607544
						]
					},
					"odometry": {
						"position": [
							0.5904410938790682,
							-7.83792360792958,
							-0.013352618391736265
						],
						"orientation": [
							-0.01981953190874925,
							0.0003844917881464913,
							-0.9340217275648112,
							0.3566657409365646
						],
						"linear": [
							-2.5852226826827973e-05,
							0.0,
							0.0
						],
						"angular": [
							0.0,
							0.0,
							-0.00127130514010787
						]
					},
					"aabb": [
						123.73689352729994,
						140.732909095423,
						-0.014593127517426531,
						124.71429077136644,
						141.6698697097607,
						0.16294052362040606
					],
					"joint_state": {
						"position": [
							-1.6244,
							4.6952,
							1.1135,
							-5.6488,
							1.0787,
							-0.7134,
							0.0
						],
						"velocity": [
							0.0238,
							-0.0086,
							0.0126,
							-0.0202,
							-0.0009,
							0.0055,
							0.0
						],
						"effort": [
							0.0,
							0.0,
							0.0,
							0.0,
							0.0,
							0.0,
							0.0
						]
					},
					"lift_state": "lift_down"
				}
			}
		},
		"objects": {
			"Rack": {
				"Rack_02": {
					"name": "Rack_02",
					"pose": {
						"translation": [
							133.05699157714844,
							143.09999084472656,
							0.19921104609966278
						],
						"rotation": [
							0.983835756778717,
							0.1790735274553299,
							-4.97384462505579e-08,
							9.080395102500916e-09
						]
					}
				}
			}
		},
		"relationships": {
			"L-Rack": [
				[
					"AMR_LIFT01",
					"none"
				]
			]
		}
	},
	"timestamp_2": {
		"robots": {
			"ARMLIFT": {
				"AMR_LIFT01": {
					"name": "AMR_LIFT01",
					"pose": {
						"translation": [
							139.6195068359375,
							142.46104431152344,
							0.06199989095330238
						],
						"rotation": [
							-0.009426623582839966,
							-0.0035974725615233183,
							-0.9342412352561951,
							0.3564990758895874
						]
					},
					"odometry": {
						"position": [
							0.5904801902598623,
							-7.838275166823888,
							-0.01335237006996885
						],
						"orientation": [
							-0.01981928618284811,
							0.0003836584680784389,
							-0.9340632805930603,
							0.356556919087419
						],
						"linear": [
							-0.0006810984341427684,
							0.0,
							0.0
						],
						"angular": [
							0.0,
							0.0,
							-0.006440812721848488
						]
					},
					"aabb": [
						123.73721159857517,
						140.73296773379806,
						-0.014649175416309088,
						124.71471573007553,
						141.66978314034208,
						0.16293961412587216
					],
					"joint_state": {
						"position": [
							-1.6232,
							4.6951,
							1.1129,
							-5.6616,
							1.0759,
							-0.7226,
							0.0
						],
						"velocity": [
							0.018,
							-0.0053,
							0.0275,
							-0.0132,
							0.0357,
							-0.0119,
							0.0
						],
						"effort": [
							0.0,
							0.0,
							0.0,
							0.0,
							0.0,
							0.0,
							0.0
						]
					},
					"lift_state": "lift_down"
				}
			}
		},
		"objects": {
			"Rack": {
				"Rack_02": {
					"name": "Rack_02",
					"pose": {
						"translation": [
							133.05699157714844,
							143.09999084472656,
							0.19921104609966278
						],
						"rotation": [
							0.983835756778717,
							0.1790735274553299,
							-4.97384462505579e-08,
							9.080395102500916e-09
						]
					}
				}
			}
		},
		"relationships": {
			"L-Rack": [
				[
					"AMR_LIFT01",
					"none"
				]
			]
		}
	},
	"timestamp_3": {
		"robots": {
			"ARMLIFT": {
				"AMR_LIFT01": {
					"name": "AMR_LIFT01",
					"pose": {
						"translation": [
							139.619873046875,
							142.46067810058594,
							0.06200164556503296
						],
						"rotation": [
							-0.00942476000636816,
							-0.0036033792421221733,
							-0.9341148734092712,
							0.35683009028434753
						]
					},
					"odometry": {
						"position": [
							0.5908317116428536,
							-7.8386560059770165,
							-0.013359038198888876
						],
						"orientation": [
							-0.019815083455955743,
							0.00038010476686715813,
							-0.933942724279678,
							0.3568728145334883
						],
						"linear": [
							-0.0010818660957738757,
							0.0,
							0.0
						],
						"angular": [
							0.0,
							0.0,
							0.0014391501899808645
						]
					},
					"aabb": [
						123.737149574553,
						140.73303496493472,
						-0.014643892227495705,
						124.71446232586574,
						141.67010846790066,
						0.1629388079294991
					],
					"joint_state": {
						"position": [
							-1.6225,
							4.6955,
							1.1093,
							-5.6624,
							1.0736,
							-0.7234,
							0.0
						],
						"velocity": [
							-0.0044,
							-0.0017,
							-0.0734,
							0.0473,
							-0.0801,
							0.0466,
							0.0
						],
						"effort": [
							0.0,
							0.0,
							0.0,
							0.0,
							0.0,
							0.0,
							0.0
						]
					},
					"lift_state": "lift_down"
				}
			}
		},
		"objects": {
			"Rack": {
				"Rack_02": {
					"name": "Rack_02",
					"pose": {
						"translation": [
							133.05699157714844,
							143.09999084472656,
							0.19921104609966278
						],
						"rotation": [
							0.983835756778717,
							0.1790735274553299,
							-4.97384462505579e-08,
							9.080395102500916e-09
						]
					}
				}
			}
		},
		"relationships": {
			"L-Rack": [
				[
					"AMR_LIFT01",
					"none"
				]
			]
		}
	},
	"timestamp_4": {
		"robots": {
			"ARMLIFT": {
				"AMR_LIFT01": {
					"name": "AMR_LIFT01",
					"pose": {
						"translation": [
							139.62014770507812,
							142.4600372314453,
							0.06199977919459343
						],
						"rotation": [
							-0.00942365825176239,
							-0.0036013885401189327,
							-0.9340932965278625,
							0.35688671469688416
						]
					},