{
	"timestamp_0": {
		"robots": {
			"ARMLIFT": {
				"AMR_LIFT01": {
					"name": "AMR_LIFT01",
					"pose": {
						"translation": [
							139.57371520996094,
							142.59291076660156,
							0.06200599670410156
						],
						"rotation": [
							-0.009285913780331612,
							-0.0037248595617711544,
							-0.9287115931510925,
							0.3706682324409485
						]
					},
					"odometry": {
						"position": [
							0.5446546848956956,
							-7.70634373315901,
							-0.012322126796589486
						],
						"orientation": [
							-0.019637152197720963,
							0.00044448740282796817,
							-0.9285412868737488,
							0.37070913565132824
						],
						"linear": [
							-0.0008721696212887764,
							0.0,
							0.0
						],
						"angular": [
							0.0,
							0.0,
							0.0015955321723595262
						]
					},
					"aabb": [
						123.79213416892021,
						140.59039659985248,
						-0.011806806049470153,
						124.7599131177773,
						141.53930097494566,
						0.16316933501805342
					],
					"joint_state": {
						"position": [
							-2.4873,
							4.084,
							0.8259,
							-4.7382,
							0.809,
							0.1966,
							0.0
						],
						"velocity": [
							-0.0088,
							-0.0074,
							-0.269,
							0.1065,
							-0.0078,
							0.0078,
							0.0
						],
						"effort": [
							0.0,
							0.0,
							0.0,
							0.0,
							0.0,
							0.0,
							0.0
						]
					},
					"lift_state": "lift_down"
				}
			}
		},
		"objects": {
			"Rack": {
				"Rack_02": {
					"name": "Rack_02",
					"pose": {
						"translation": [
							133.05699157714844,
							143.09999084472656,
							0.19921104609966278
						],
						"rotation": [
							0.983835756778717,
							0.1790735274553299,
							-4.97384462505579e-08,
							9.080395102500916e-09
						]
					}
				}
			}
		},
		"relationships": {
			"L-Rack": [
				[
					"AMR_LIFT01",
					"none"
				]
			]
		}
	},
	"timestamp_1": {
		"robots": {
			"ARMLIFT": {
				"AMR_LIFT01": {
					"name": "AMR_LIFT01",
					"pose": {
						"translation": [
							139.57289123535156,
							142.59288024902344,
							0.062000274658203125
						],
						"rotation": [
							-0.009290115907788277,
							-0.003708605421707034,
							-0.9286895394325256,
							0.37072351574897766
						]
					},
					"odometry": {
						"position": [
							0.5438539545384554,
							-7.706441445666093,
							-0.012311162216134063
						],
						"orientation": [
							-0.019619878116800268,
							0.00042943531359617397,
							-0.9285188705618673,
							0.3707662106752821
						],
						"linear": [
							0.00237124040722847,
							0.0,
							0.0
						],
						"angular": [
							0.0,
							0.0,
							-0.010078264400362968
						]
					},
					"aabb": [
						123.79282927225366,
						140.59052109841977,
						-0.011813481163672061,
						124.7605846755929,
						141.539450284788,
						0.16315919847708854
					],
					"joint_state": {
						"position": [
							-2.4863,
							4.0857,
							0.8237,
							-4.7364,
							0.8134,
							0.1931,
							0.0
						],
						"velocity": [
							0.0002,
							0.0045,
							0.0093,
							0.0027,
							-0.001,
							-0.0005,
							0.0
						],
						"effort": [
							0.0,
							0.0,
							0.0,
							0.0,
							0.0,
							0.0,
							0.0
						]
					},
					"lift_state": "lift_down"
				}
			}
		},
		"objects": {
			"Rack": {
				"Rack_02": {
					"name": "Rack_02",
					"pose": {
						"translation": [
							133.05699157714844,
							143.09999084472656,
							0.19921104609966278
						],
						"rotation": [
							0.983835756778717,
							0.1790735274553299,
							-4.97384462505579e-08,
							9.080395102500916e-09
						]
					}
				}
			}
		},
		"relationships": {
			"L-Rack": [
				[
					"AMR_LIFT01",
					"none"
				]
			]
		}
	},
	"timestamp_2": {
		"robots": {
			"ARMLIFT": {
				"AMR_LIFT01": {
					"name": "AMR_LIFT01",
					"pose": {
						"translation": [
							139.57313537597656,
							142.5928192138672,
							0.062007635831832886
						],
						"rotation": [
							-0.009304049424827099,
							-0.003691529855132103,
							-0.9287905693054199,
							0.3704700469970703
						]
					},
					"odometry": {
						"position": [
							0.544098202309459,
							-7.706509777660576,
							-0.012309229292604288
						],
						"orientation": [
							-0.01963494315552085,
							0.0004436906566492667,
							-0.9286197030448082,
							0.3705127788118151
						],
						"linear": [
							-0.001073415856808424,
							0.0,
							0.0
						],
						"angular": [
							0.0,
							0.0,
							0.004255318082869053
						]
					},
					"aabb": [
						123.7924705215401,
						140.5908998522701,
						-0.011819144675258509,
						124.76046627810643,
						141.53955747624673,
						0.16317776522183391
					],
					"joint_state": {
						"position": [
							-2.485,
							4.0862,
							0.8139,
							-4.7361,
							0.8187,
							0.1905,
							0.0
						],
						"velocity": [
							-0.0187,
							-0.0126,
							-0.2748,
							0.162,
							-0.0987,
							0.0278,
							0.0
						],
						"effort": [
							0.0,
							0.0,
							0.0,
							0.0,
							0.0,
							0.0,
							0.0
						]
					},
					"lift_state": "lift_down"
				}
			}
		},
		"objects": {
			"Rack": {
				"Rack_02": {
					"name": "Rack_02",
					"pose": {
						"translation": [
							133.05699157714844,
							143.09999084472656,
							0.19921104609966278
						],
						"rotation": [
							0.983835756778717,
							0.1790735274553299,
							-4.97384462505579e-08,
							9.080395102500916e-09
						]
					}
				}
			}
		},
		"relationships": {
			"L-Rack": [
				[
					"AMR_LIFT01",
					"none"
				]
			]
		}
	},
	"timestamp_3": {
		"robots": {
			"ARMLIFT": {
				"AMR_LIFT01": {
					"name": "AMR_LIFT01",
					"pose": {
						"translation": [
							139.57278442382812,
							142.5924530029297,
							0.06200641393661499
						],
						"rotation": [
							-0.009302983060479164,
							-0.0037086131051182747,
							-0.9288620948791504,
							0.3702903985977173
						]
					},
					"odometry": {
						"position": [
							0.5437564816563351,
							-7.706871127084311,
							-0.012302863920349414
						],
						"orientation": [
							-0.019634676049861455,
							0.0004246103888036917,
							-0.9286912835717498,
							0.3703333620135925
						],
						"linear": [
							0.002681864658370614,
							0.0,
							0.0
						],
						"angular": [
							0.0,
							0.0,
							0.000827759737148881
						]
					},
					"aabb": [
						123.79280640051655,
						140.591150396807,
						-0.011829823957563728,
						124.76088189614653,
						141.53971305354818,
						0.1631605490055801
					],
					"joint_state": {
						"position": [
							-2.485,
							4.0868,
							0.8299,
							-4.7488,
							0.8348,
							0.1787,
							0.0
						],
						"velocity": [
							0.0038,
							0.0028,
							-0.0102,
							-0.0169,
							0.0058,
							-0.0168,
							0.0
						],
						"effort": [
							0.0,
							0.0,
							0.0,
							0.0,
							0.0,
							0.0,
							0.0
						]
					},
					"lift_state": "lift_down"
				}
			}
		},
		"objects": {
			"Rack": {
				"Rack_02": {
					"name": "Rack_02",
					"pose": {
						"translation": [
							133.05699157714844,
							143.09999084472656,
							0.19921104609966278
						],
						"rotation": [
							0.983835756778717,
							0.1790735274553299,
							-4.97384462505579e-08,
							9.080395102500916e-09
						]
					}
				}
			}
		},
		"relationships": {
			"L-Rack": [
				[
					"AMR_LIFT01",
					"none"
				]
			]
		}
	},
	"timestamp_4": {
		"robots": {
			"ARMLIFT": {
				"AMR_LIFT01": {
					"name": "AMR_LIFT01",
					"pose": {
						"translation": [
							139.57318115234375,
							142.59165954589844,
							0.062002409249544144
						],
						"rotation": [
							-0.009296951815485954,
							-0.003695921041071415,
							-0.9289723038673401,
							0.37001433968544006
						]
					},