{
	"timestamp_0": {
		"robots": {
			"ARMLIFT": {
				"AMR_LIFT01": {
					"name": "AMR_LIFT01",
					"pose": {
						"translation": [
							139.6207275390625,
							142.44741821289062,
							0.06200023368000984
						],
						"rotation": [
							-0.009408841840922832,
							-0.0035801625344902277,
							-0.9345746040344238,
							0.35562512278556824
						]
					},
					"odometry": {
						"position": [
							0.5916915393964447,
							-7.851907942337086,
							-0.013379885530973643
						],
						"orientation": [
							-0.019804295757952776,
							0.00038991615715446406,
							-0.9344025989813478,
							0.35566757070588323
						],
						"linear": [
							0.0010880415793508291,
							0.0,
							0.0
						],
						"angular": [
							0.0,
							0.0,
							0.0001520509977126494
						]
					},
					"aabb": [
						123.73535377925548,
						140.74735741531688,
						-0.014792210178181364,
						124.71346448130436,
						141.68333939592338,
						0.1629068580680012
					],
					"joint_state": {
						"position": [
							-1.5406,
							4.7952,
							1.0226,
							-5.7309,
							1.011,
							-0.8275,
							0.0
						],
						"velocity": [
							-0.0155,
							0.0148,
							-0.0533,
							0.0353,
							-0.0728,
							0.0373,
							0.0
						],
						"effort": [
							0.0,
							0.0,
							0.0,
							0.0,
							0.0,
							0.0,
							0.0
						]
					},
					"lift_state": "lift_down"
				}
			}
		},
		"objects": {
			"Rack": {
				"Rack_02": {
					"name": "Rack_02",
					"pose": {
						"translation": [
							133.05699157714844,
							143.09999084472656,
							0.19921104609966278
						],
						"rotation": [
							0.983835756778717,
							0.1790735274553299,
							-4.97384462505579e-08,
							9.080395102500916e-09
						]
					}
				}
			}
		},
		"relationships": {
			"L-Rack": [
				[
					"AMR_LIFT01",
					"none"
				]
			]
		}
	},
	"timestamp_1": {
		"robots": {
			"ARMLIFT": {
				"AMR_LIFT01": {
					"name": "AMR_LIFT01",
					"pose": {
						"translation": [
							139.62034606933594,
							142.44725036621094,
							0.062000807374715805
						],
						"rotation": [
							-0.009414373897016048,
							-0.003578251227736473,
							-0.9346679449081421,
							0.35537973046302795
						]
					},
					"odometry": {
						"position": [
							0.5913010321493984,
							-7.852083743637153,
							-0.013370668465260823
						],
						"orientation": [
							-0.019810865699406845,
							0.0003890969578256716,
							-0.9344958809691138,
							0.3554220401938484
						],
						"linear": [
							-0.0015996904112398624,
							0.0,
							0.0
						],
						"angular": [
							0.0,
							0.0,
							-0.0027885548770427704
						]
					},
					"aabb": [
						123.73566668130042,
						140.7474784493459,
						-0.014773535410320109,
						124.71383861303192,
						141.6833777364777,
						0.1629091151330211
					],
					"joint_state": {
						"position": [
							-1.5402,
							4.7966,
							1.0217,
							-5.7368,
							1.0287,
							-0.8373,
							0.0
						],
						"velocity": [
							0.0237,
							0.0143,
							0.0629,
							-0.0522,
							0.1062,
							-0.0342,
							0.0
						],
						"effort": [
							0.0,
							0.0,
							0.0,
							0.0,
							0.0,
							0.0,
							0.0
						]
					},
					"lift_state": "lift_down"
				}
			}
		},
		"objects": {
			"Rack": {
				"Rack_02": {
					"name": "Rack_02",
					"pose": {
						"translation": [
							133.05699157714844,
							143.09999084472656,
							0.19921104609966278
						],
						"rotation": [
							0.983835756778717,
							0.1790735274553299,
							-4.97384462505579e-08,
							9.080395102500916e-09
						]
					}
				}
			}
		},
		"relationships": {
			"L-Rack": [
				[
					"AMR_LIFT01",
					"none"
				]
			]
		}
	},
	"timestamp_2": {
		"robots": {
			"ARMLIFT": {
				"AMR_LIFT01": {
					"name": "AMR_LIFT01",
					"pose": {
						"translation": [
							139.62005615234375,
							142.4473876953125,
							0.06200084462761879
						],
						"rotation": [
							-0.009411120787262917,
							-0.003577705007046461,
							-0.9346136450767517,
							0.3555225133895874
						]
					},
					"odometry": {
						"position": [
							0.5910666869284229,
							-7.851878679107326,
							-0.013366233202090532
						],
						"orientation": [
							-0.01980572978179284,
							0.0003890398197207592,
							-0.9344442525154649,
							0.35555804119249423
						],
						"linear": [
							0.004298795014619827,
							0.0,
							0.0
						],
						"angular": [
							0.0,
							0.0,
							0.0007030712440609932
						]
					},
					"aabb": [
						123.73586756759211,
						140.7473766812137,
						-0.014787851231044773,
						124.71404379152096,
						141.68326947656888,
						0.16290892999113382
					],
					"joint_state": {
						"position": [
							-1.5407,
							4.797,
							1.0137,
							-5.7305,
							1.0116,
							-0.8308,
							0.0
						],
						"velocity": [
							0.0016,
							0.0017,
							-0.0296,
							0.0113,
							-0.2111,
							-0.0833,
							0.0
						],
						"effort": [
							0.0,
							0.0,
							0.0,
							0.0,
							0.0,
							0.0,
							0.0
						]
					},
					"lift_state": "lift_down"
				}
			}
		},
		"objects": {
			"Rack": {
				"Rack_02": {
					"name": "Rack_02",
					"pose": {
						"translation": [
							133.05699157714844,
							143.09999084472656,
							0.19921104609966278
						],
						"rotation": [
							0.983835756778717,
							0.1790735274553299,
							-4.97384462505579e-08,
							9.080395102500916e-09
						]
					}
				}
			}
		},
		"relationships": {
			"L-Rack": [
				[
					"AMR_LIFT01",
					"none"
				]
			]
		}
	},
	"timestamp_3": {
		"robots": {
			"ARMLIFT": {
				"AMR_LIFT01": {
					"name": "AMR_LIFT01",
					"pose": {
						"translation": [
							139.6200714111328,
							142.4474639892578,
							0.06200069189071655
						],
						"rotation": [
							-0.009408721700310707,
							-0.0035773939453065395,
							-0.934593141078949,
							0.3555765748023987
						]
					},
					"odometry": {
						"position": [
							0.5910471560747417,
							-7.851859149159021,
							-0.013365951440776059
						],
						"orientation": [
							-0.019803524583852393,
							0.0003900903841460667,
							-0.9344212073798619,
							0.3556187220075879
						],
						"linear": [
							0.0010132667375728488,
							0.0,
							0.0
						],
						"angular": [
							0.0,
							0.0,
							-0.0026309601962566376
						]
					},
					"aabb": [
						123.73600959725525,
						140.74736323491896,
						-0.014787838714561085,
						124.7141084491515,
						141.68336089839494,
						0.16290634278284394
					],
					"joint_state": {
						"position": [
							-1.5403,
							4.7973,
							1.0068,
							-5.7333,
							1.0058,
							-0.8299,
							0.0
						],
						"velocity": [
							0.0027,
							0.0002,
							-0.1695,
							0.0443,
							-0.1736,
							0.0492,
							0.0
						],
						"effort": [
							0.0,
							0.0,
							0.0,
							0.0,
							0.0,
							0.0,
							0.0
						]
					},
					"lift_state": "lift_down"
				}
			}
		},
		"objects": {
			"Rack": {
				"Rack_02": {
					"name": "Rack_02",
					"pose": {
						"translation": [
							133.05699157714844,
							143.09999084472656,
							0.19921104609966278
						],
						"rotation": [
							0.983835756778717,
							0.1790735274553299,
							-4.97384462505579e-08,
							9.080395102500916e-09
						]
					}
				}
			}
		},
		"relationships": {
			"L-Rack": [
				[
					"AMR_LIFT01",
					"none"
				]
			]
		}
	},
	"timestamp_4": {
		"robots": {
			"ARMLIFT": {
				"AMR_LIFT01": {
					"name": "AMR_LIFT01",
					"pose": {
						"translation": [
							139.6201171875,
							142.44725036621094,
							0.062000274658203125
						],
						"rotation": [
							-0.009405135177075863,
							-0.0035784824285656214,
							-0.934587299823761,
							0.35559165477752686
						]
					},