{
	"timestamp_0": {
		"robots": {
			"ARMLIFT": {
				"AMR_LIFT01": {
					"name": "AMR_LIFT01",
					"pose": {
						"translation": [
							139.615966796875,
							142.47352600097656,
							0.06200111284852028
						],
						"rotation": [
							-0.009411660023033619,
							-0.0036290388088673353,
							-0.9329147934913635,
							0.3599559962749481
						]
					},
					"odometry": {
						"position": [
							0.5869257419700222,
							-7.825775329567352,
							-0.013272239357091221
						],
						"orientation": [
							-0.01978537953978882,
							0.00038363636093079374,
							-0.9327432630892898,
							0.35999777324471494
						],
						"linear": [
							0.00036389505839906633,
							0.0,
							0.0
						],
						"angular": [
							0.0,
							0.0,
							-0.00028277491219341755
						]
					},
					"aabb": [
						123.74282331045633,
						140.7179169311771,
						-0.014949520178967944,
						124.71805530564674,
						141.6577443829234,
						0.16295998730687686
					],
					"joint_state": {
						"position": [
							-1.7214,
							4.6478,
							1.08,
							-5.5028,
							1.0637,
							-0.667,
							0.0
						],
						"velocity": [
							0.0002,
							0.0004,
							0.0048,
							-0.0004,
							-0.0097,
							-0.0004,
							0.0
						],
						"effort": [
							0.0,
							0.0,
							0.0,
							0.0,
							0.0,
							0.0,
							0.0
						]
					},
					"lift_state": "lift_down"
				}
			}
		},
		"objects": {
			"Rack": {
				"Rack_02": {
					"name": "Rack_02",
					"pose": {
						"translation": [
							133.05699157714844,
							143.09999084472656,
							0.19921104609966278
						],
						"rotation": [
							0.983835756778717,
							0.1790735274553299,
							-4.97384462505579e-08,
							9.080395102500916e-09
						]
					}
				}
			}
		},
		"relationships": {
			"L-Rack": [
				[
					"AMR_LIFT01",
					"none"
				]
			]
		}
	},
	"timestamp_1": {
		"robots": {
			"ARMLIFT": {
				"AMR_LIFT01": {
					"name": "AMR_LIFT01",
					"pose": {
						"translation": [
							139.6161346435547,
							142.47337341308594,
							0.062000617384910583
						],
						"rotation": [
							-0.009411877952516079,
							-0.0036283214576542377,
							-0.9328873157501221,
							0.3600271940231323
						]
					},
					"odometry": {
						"position": [
							0.5871014776193919,
							-7.8259608685202355,
							-0.013276686655054444
						],
						"orientation": [
							-0.019788500508286674,
							0.0003907290764229336,
							-0.9327152763145676,
							0.3600700986028448
						],
						"linear": [
							0.0022690061014145613,
							0.0,
							0.0
						],
						"angular": [
							0.0,
							0.0,
							0.0015783838462084532
						]
					},
					"aabb": [
						123.74270737733404,
						140.71803414323279,
						-0.014950540783650965,
						124.71789689560072,
						141.65791703265987,
						0.16296207753531405
					],
					"joint_state": {
						"position": [
							-1.7204,
							4.6477,
							1.0804,
							-5.4982,
							1.0644,
							-0.672,
							0.0
						],
						"velocity": [
							0.0009,
							0.0007,
							-0.031,
							-0.0011,
							-0.0465,
							-0.028,
							0.0
						],
						"effort": [
							0.0,
							0.0,
							0.0,
							0.0,
							0.0,
							0.0,
							0.0
						]
					},
					"lift_state": "lift_down"
				}
			}
		},
		"objects": {
			"Rack": {
				"Rack_02": {
					"name": "Rack_02",
					"pose": {
						"translation": [
							133.05699157714844,
							143.09999084472656,
							0.19921104609966278
						],
						"rotation": [
							0.983835756778717,
							0.1790735274553299,
							-4.97384462505579e-08,
							9.080395102500916e-09
						]
					}
				}
			}
		},
		"relationships": {
			"L-Rack": [
				[
					"AMR_LIFT01",
					"none"
				]
			]
		}
	},
	"timestamp_2": {
		"robots": {
			"ARMLIFT": {
				"AMR_LIFT01": {
					"name": "AMR_LIFT01",
					"pose": {
						"translation": [
							139.6162109375,
							142.4728546142578,
							0.06200309470295906
						],
						"rotation": [
							-0.009411941282451153,
							-0.003637985559180379,
							-0.9329221248626709,
							0.35993698239326477
						]
					},
					"odometry": {
						"position": [
							0.5870722523836266,
							-7.826419851785549,
							-0.013274237822377485
						],
						"orientation": [
							-0.019788900764989827,
							0.0003798941231967884,
							-0.932766231276966,
							0.35993806811218826
						],
						"linear": [
							0.0026964214630424976,
							0.0,
							0.0
						],
						"angular": [
							0.0,
							0.0,
							-0.0018628323450684547
						]
					},
					"aabb": [
						123.74253890017137,
						140.71859897320599,
						-0.01495322018626528,
						124.71781372677451,
						141.65837259637078,
						0.16296374835681074
					],
					"joint_state": {
						"position": [
							-1.7201,
							4.6487,
							1.0809,
							-5.5005,
							1.0712,
							-0.6747,
							0.0
						],
						"velocity": [
							0.0406,
							0.0121,
							-0.1852,
							0.0303,
							-0.076,
							0.0312,
							0.0
						],
						"effort": [
							0.0,
							0.0,
							0.0,
							0.0,
							0.0,
							0.0,
							0.0
						]
					},
					"lift_state": "lift_down"
				}
			}
		},
		"objects": {
			"Rack": {
				"Rack_02": {
					"name": "Rack_02",
					"pose": {
						"translation": [
							133.05699157714844,
							143.09999084472656,
							0.19921104609966278
						],
						"rotation": [
							0.983835756778717,
							0.1790735274553299,
							-4.97384462505579e-08,
							9.080395102500916e-09
						]
					}
				}
			}
		},
		"relationships": {
			"L-Rack": [
				[
					"AMR_LIFT01",
					"none"
				]
			]
		}
	},
	"timestamp_3": {
		"robots": {
			"ARMLIFT": {
				"AMR_LIFT01": {
					"name": "AMR_LIFT01",
					"pose": {
						"translation": [
							139.61607360839844,
							142.47280883789062,
							0.06199951097369194
						],
						"rotation": [
							-0.009404434822499752,
							-0.0036271903663873672,
							-0.9329403638839722,
							0.3598901331424713
						]
					},
					"odometry": {
						"position": [
							0.5868671710367971,
							-7.8264296331585514,
							-0.013272123630624091
						],
						"orientation": [
							-0.019779367805542656,
							0.00039029832743397324,
							-0.932772666735243,
							0.35992190329021684
						],
						"linear": [
							0.009058819152414799,
							0.0,
							0.0
						],
						"angular": [
							0.0,
							0.0,
							0.0009800781263038516
						]
					},
					"aabb": [
						123.74262997839611,
						140.71865154005215,
						-0.014944486588316036,
						124.71792166275769,
						141.6583982881402,
						0.16295658578510747
					],
					"joint_state": {
						"position": [
							-1.7188,
							4.6491,
							1.0796,
							-5.4976,
							1.0489,
							-0.6663,
							0.0
						],
						"velocity": [
							0.0336,
							0.0647,
							0.4709,
							-0.1343,
							0.4534,
							-0.1333,
							0.0
						],
						"effort": [
							0.0,
							0.0,
							0.0,
							0.0,
							0.0,
							0.0,
							0.0
						]
					},
					"lift_state": "lift_down"
				}
			}
		},
		"objects": {
			"Rack": {
				"Rack_02": {
					"name": "Rack_02",
					"pose": {
						"translation": [
							133.05699157714844,
							143.09999084472656,
							0.19921104609966278
						],
						"rotation": [
							0.983835756778717,
							0.1790735274553299,
							-4.97384462505579e-08,
							9.080395102500916e-09
						]
					}
				}
			}
		},
		"relationships": {
			"L-Rack": [
				[
					"AMR_LIFT01",
					"none"
				]
			]
		}
	},
	"timestamp_4": {
		"robots": {
			"ARMLIFT": {
				"AMR_LIFT01": {
					"name": "AMR_LIFT01",
					"pose": {
						"translation": [
							139.6158905029297,
							142.47264099121094,
							0.06200077012181282
						],
						"rotation": [
							-0.009399237111210823,
							-0.003631920088082552,
							-0.9328802824020386,
							0.36004582047462463
						]
					},