{
	"timestamp_0": {
		"robots": {
			"ARMLIFT": {
				"AMR_LIFT01": {
					"name": "AMR_LIFT01",
					"pose": {
						"translation": [
							139.6186065673828,
							142.4574432373047,
							0.06200065463781357
						],
						"rotation": [
							-0.00943254865705967,
							-0.003586157690733671,
							-0.9347413778305054,
							0.3551856577396393
						]
					},
					"odometry": {
						"position": [
							0.5895626430969761,
							-7.841878737882967,
							-0.013331815435763237
						],
						"orientation": [
							-0.01982986808765415,
							0.00037903289560967324,
							-0.9345691043237017,
							0.3552284080831436
						],
						"linear": [
							0.0004595728823915124,
							0.0,
							0.0
						],
						"angular": [
							0.0,
							0.0,
							-0.0007452625432051718
						]
					},
					"aabb": [
						123.73704034761722,
						140.73785809118792,
						-0.014801215683858025,
						124.71538010101696,
						141.67353555083673,
						0.1629350320993667
					],
					"joint_state": {
						"position": [
							-1.5902,
							4.7435,
							1.077,
							-5.6992,
							1.0953,
							-0.8125,
							0.0
						],
						"velocity": [
							0.0006,
							0.0003,
							-0.0851,
							0.078,
							0.0028,
							-0.0005,
							0.0
						],
						"effort": [
							0.0,
							0.0,
							0.0,
							0.0,
							0.0,
							0.0,
							0.0
						]
					},
					"lift_state": "lift_down"
				}
			}
		},
		"objects": {
			"Rack": {
				"Rack_02": {
					"name": "Rack_02",
					"pose": {
						"translation": [
							133.05699157714844,
							143.09999084472656,
							0.19921104609966278
						],
						"rotation": [
							0.983835756778717,
							0.1790735274553299,
							-4.97384462505579e-08,
							9.080395102500916e-09
						]
					}
				}
			}
		},
		"relationships": {
			"L-Rack": [
				[
					"AMR_LIFT01",
					"none"
				]
			]
		}
	},
	"timestamp_1": {
		"robots": {
			"ARMLIFT": {
				"AMR_LIFT01": {
					"name": "AMR_LIFT01",
					"pose": {
						"translation": [
							139.61851501464844,
							142.45729064941406,
							0.06199992820620537
						],
						"rotation": [
							-0.009435934014618397,
							-0.003580882679671049,
							-0.9348820447921753,
							0.35481515526771545
						]
					},
					"odometry": {
						"position": [
							0.589484529158085,
							-7.842034993804147,
							-0.013330821995654454
						],
						"orientation": [
							-0.019834824144019207,
							0.0003801863502819803,
							-0.9347097399531299,
							0.354857911348003
						],
						"linear": [
							0.002811469603329897,
							0.0,
							0.0
						],
						"angular": [
							0.0,
							0.0,
							0.0008032708428800106
						]
					},
					"aabb": [
						123.73706606842863,
						140.73812616153864,
						-0.014803261099427692,
						124.71568579241544,
						141.67341798116288,
						0.1629355298311101
					],
					"joint_state": {
						"position": [
							-1.5903,
							4.7446,
							1.0829,
							-5.7059,
							1.0937,
							-0.8098,
							0.0
						],
						"velocity": [
							0.0063,
							-0.0233,
							0.0312,
							-0.0439,
							-0.3769,
							0.2652,
							0.0
						],
						"effort": [
							0.0,
							0.0,
							0.0,
							0.0,
							0.0,
							0.0,
							0.0
						]
					},
					"lift_state": "lift_down"
				}
			}
		},
		"objects": {
			"Rack": {
				"Rack_02": {
					"name": "Rack_02",
					"pose": {
						"translation": [
							133.05699157714844,
							143.09999084472656,
							0.19921104609966278
						],
						"rotation": [
							0.983835756778717,
							0.1790735274553299,
							-4.97384462505579e-08,
							9.080395102500916e-09
						]
					}
				}
			}
		},
		"relationships": {
			"L-Rack": [
				[
					"AMR_LIFT01",
					"none"
				]
			]
		}
	},
	"timestamp_2": {
		"robots": {
			"ARMLIFT": {
				"AMR_LIFT01": {
					"name": "AMR_LIFT01",
					"pose": {
						"translation": [
							139.6184539794922,
							142.45751953125,
							0.06199958547949791
						],
						"rotation": [
							-0.009434254840016365,
							-0.0035809434484690428,
							-0.9348933696746826,
							0.35478565096855164
						]
					},
					"odometry": {
						"position": [
							0.5894161670538353,
							-7.841800622623814,
							-0.013329624596770331
						],
						"orientation": [
							-0.019833263989794556,
							0.0003797962188761392,
							-0.9347210836399226,
							0.35482811781671475
						],
						"linear": [
							-0.0021909966599196196,
							0.0,
							0.0
						],
						"angular": [
							0.0,
							0.0,
							-0.0007472370634786785
						]
					},
					"aabb": [
						123.73705558046066,
						140.7379664497149,
						-0.014807718589129593,
						124.715696344844,
						141.67322863292836,
						0.16293504595110833
					],
					"joint_state": {
						"position": [
							-1.5891,
							4.7467,
							1.0791,
							-5.7013,
							1.0856,
							-0.8065,
							0.0
						],
						"velocity": [
							0.0459,
							0.0457,
							0.0261,
							-0.0671,
							-0.1317,
							-0.0385,
							0.0
						],
						"effort": [
							0.0,
							0.0,
							0.0,
							0.0,
							0.0,
							0.0,
							0.0
						]
					},
					"lift_state": "lift_down"
				}
			}
		},
		"objects": {
			"Rack": {
				"Rack_02": {
					"name": "Rack_02",
					"pose": {
						"translation": [
							133.05699157714844,
							143.09999084472656,
							0.19921104609966278
						],
						"rotation": [
							0.983835756778717,
							0.1790735274553299,
							-4.97384462505579e-08,
							9.080395102500916e-09
						]
					}
				}
			}
		},
		"relationships": {
			"L-Rack": [
				[
					"AMR_LIFT01",
					"none"
				]
			]
		}
	},
	"timestamp_3": {
		"robots": {
			"ARMLIFT": {
				"AMR_LIFT01": {
					"name": "AMR_LIFT01",
					"pose": {
						"translation": [
							139.6183319091797,
							142.45761108398438,
							0.062000349164009094
						],
						"rotation": [
							-0.009432705119252205,
							-0.0035806740634143353,
							-0.9348977208137512,
							0.35477414727211
						]
					},
					"odometry": {
						"position": [
							0.5892990212744864,
							-7.841722502203474,
							-0.013326259974489642
						],
						"orientation": [
							-0.019831764735618432,
							0.0003799380427736643,
							-0.9347254523055512,
							0.35481669290880014
						],
						"linear": [
							-0.0020028904546052217,
							0.0,
							0.0
						],
						"angular": [
							0.0,
							0.0,
							0.0005217849975451827
						]
					},
					"aabb": [
						123.73716559170822,
						140.73794847641847,
						-0.014804073324920765,
						124.71582433929994,
						141.6731864704513,
						0.16293618734426524
					],
					"joint_state": {
						"position": [
							-1.5884,
							4.7468,
							1.0725,
							-5.6976,
							1.0923,
							-0.8082,
							0.0
						],
						"velocity": [
							0.0139,
							0.0231,
							-0.0414,
							0.0021,
							-0.0335,
							0.0008,
							0.0
						],
						"effort": [
							0.0,
							0.0,
							0.0,
							0.0,
							0.0,
							0.0,
							0.0
						]
					},
					"lift_state": "lift_down"
				}
			}
		},
		"objects": {
			"Rack": {
				"Rack_02": {
					"name": "Rack_02",
					"pose": {
						"translation": [
							133.05699157714844,
							143.09999084472656,
							0.19921104609966278
						],
						"rotation": [
							0.983835756778717,
							0.1790735274553299,
							-4.97384462505579e-08,
							9.080395102500916e-09
						]
					}
				}
			}
		},
		"relationships": {
			"L-Rack": [
				[
					"AMR_LIFT01",
					"none"
				]
			]
		}
	},
	"timestamp_4": {
		"robots": {
			"ARMLIFT": {
				"AMR_LIFT01": {
					"name": "AMR_LIFT01",
					"pose": {
						"translation": [
							139.61849975585938,
							142.45765686035156,
							0.06200015917420387
						],
						"rotation": [
							-0.009432571940124035,
							-0.003582341130822897,
							-0.9347969889640808,
							0.3550395667552948
						]
					},