{
	"timestamp_0": {
		"robots": {
			"ARMLIFT": {
				"AMR_LIFT01": {
					"name": "AMR_LIFT01",
					"pose": {
						"translation": [
							139.61148071289062,
							142.48435974121094,
							0.06200019642710686
						],
						"rotation": [
							-0.009390654042363167,
							-0.003635284723713994,
							-0.9325329661369324,
							0.3609447181224823
						]
					},
					"odometry": {
						"position": [
							0.5824438424794671,
							-7.814965001181861,
							-0.013173095532003319
						],
						"orientation": [
							-0.01976331740718029,
							0.00039397243692942583,
							-0.9323611536252152,
							0.3609874447698148
						],
						"linear": [
							0.006080400198698044,
							0.0,
							0.0
						],
						"angular": [
							0.0,
							0.0,
							0.002605097135528922
						]
					},
					"aabb": [
						123.74822470045376,
						140.7060544880298,
						-0.014839359045131218,
						124.72279308619103,
						141.6467343461109,
						0.16297880198952355
					],
					"joint_state": {
						"position": [
							-1.8062,
							4.5817,
							1.0228,
							-5.4561,
							1.02,
							-0.6292,
							0.0
						],
						"velocity": [
							-0.0625,
							-0.0256,
							-0.0494,
							0.0314,
							-0.1117,
							0.0204,
							0.0
						],
						"effort": [
							0.0,
							0.0,
							0.0,
							0.0,
							0.0,
							0.0,
							0.0
						]
					},
					"lift_state": "lift_down"
				}
			}
		},
		"objects": {
			"Rack": {
				"Rack_02": {
					"name": "Rack_02",
					"pose": {
						"translation": [
							133.05699157714844,
							143.09999084472656,
							0.19921104609966278
						],
						"rotation": [
							0.983835756778717,
							0.1790735274553299,
							-4.97384462505579e-08,
							9.080395102500916e-09
						]
					}
				}
			}
		},
		"relationships": {
			"L-Rack": [
				[
					"AMR_LIFT01",
					"none"
				]
			]
		}
	},
	"timestamp_1": {
		"robots": {
			"ARMLIFT": {
				"AMR_LIFT01": {
					"name": "AMR_LIFT01",
					"pose": {
						"translation": [
							139.6112518310547,
							142.48423767089844,
							0.06200404837727547
						],
						"rotation": [
							-0.009384138509631157,
							-0.003648146754130721,
							-0.9324941635131836,
							0.36104482412338257
						]
					},
					"odometry": {
						"position": [
							0.5822876376993255,
							-7.815189619767399,
							-0.013169861391517134
						],
						"orientation": [
							-0.019757394574449395,
							0.00039684097660720925,
							-0.9322961237243304,
							0.3611556805111298
						],
						"linear": [
							0.0026567208115011454,
							0.0,
							0.0
						],
						"angular": [
							0.0,
							0.0,
							-0.0023640573490411043
						]
					},
					"aabb": [
						123.74840206540337,
						140.70624906708855,
						-0.014844643683114419,
						124.72286494281322,
						141.64706303869852,
						0.16297461102240338
					],
					"joint_state": {
						"position": [
							-1.8048,
							4.5832,
							1.0101,
							-5.4562,
							1.0084,
							-0.634,
							0.0
						],
						"velocity": [
							0.0231,
							0.0393,
							0.1243,
							-0.0698,
							0.1501,
							-0.0577,
							0.0
						],
						"effort": [
							0.0,
							0.0,
							0.0,
							0.0,
							0.0,
							0.0,
							0.0
						]
					},
					"lift_state": "lift_down"
				}
			}
		},
		"objects": {
			"Rack": {
				"Rack_02": {
					"name": "Rack_02",
					"pose": {
						"translation": [
							133.05699157714844,
							143.09999084472656,
							0.19921104609966278
						],
						"rotation": [
							0.983835756778717,
							0.1790735274553299,
							-4.97384462505579e-08,
							9.080395102500916e-09
						]
					}
				}
			}
		},
		"relationships": {
			"L-Rack": [
				[
					"AMR_LIFT01",
					"none"
				]
			]
		}
	},
	"timestamp_2": {
		"robots": {
			"ARMLIFT": {
				"AMR_LIFT01": {
					"name": "AMR_LIFT01",
					"pose": {
						"translation": [
							139.61065673828125,
							142.48475646972656,
							0.06200473755598068
						],
						"rotation": [
							-0.009383836761116982,
							-0.0036444575525820255,
							-0.932524561882019,
							0.36096665263175964
						]
					},
					"odometry": {
						"position": [
							0.5816140493655593,
							-7.814564644943366,
							-0.013150099975592949
						],
						"orientation": [
							-0.019756402845027384,
							0.00038504402406897497,
							-0.9323528161690143,
							0.3610093661796501
						],
						"linear": [
							0.002315457910299301,
							0.0,
							0.0
						],
						"angular": [
							0.0,
							0.0,
							-0.004895614460110664
						]
					},
					"aabb": [
						123.74819140657796,
						140.70640020159587,
						-0.014840648919792943,
						124.72270172491703,
						141.64715331948906,
						0.16297690383257993
					],
					"joint_state": {
						"position": [
							-1.8032,
							4.5818,
							1.0003,
							-5.4492,
							1.0006,
							-0.6247,
							0.0
						],
						"velocity": [
							-0.0066,
							0.0193,
							-0.0339,
							0.0139,
							-0.0433,
							0.0145,
							0.0
						],
						"effort": [
							0.0,
							0.0,
							0.0,
							0.0,
							0.0,
							0.0,
							0.0
						]
					},
					"lift_state": "lift_down"
				}
			}
		},
		"objects": {
			"Rack": {
				"Rack_02": {
					"name": "Rack_02",
					"pose": {
						"translation": [
							133.05699157714844,
							143.09999084472656,
							0.19921104609966278
						],
						"rotation": [
							0.983835756778717,
							0.1790735274553299,
							-4.97384462505579e-08,
							9.080395102500916e-09
						]
					}
				}
			}
		},
		"relationships": {
			"L-Rack": [
				[
					"AMR_LIFT01",
					"none"
				]
			]
		}
	},
	"timestamp_3": {
		"robots": {
			"ARMLIFT": {
				"AMR_LIFT01": {
					"name": "AMR_LIFT01",
					"pose": {
						"translation": [
							139.61097717285156,
							142.4845428466797,
							0.062000617384910583
						],
						"rotation": [
							-0.009387497790157795,
							-0.003624057862907648,
							-0.9327019453048706,
							0.36050787568092346
						]
					},
					"odometry": {
						"position": [
							0.5819361551738638,
							-7.814789245788072,
							-0.013161401189452592
						],
						"orientation": [
							-0.019762051407484896,
							0.0004003396385485715,
							-0.9325301801111768,
							0.36055064031860734
						],
						"linear": [
							-0.005083261523395777,
							0.0,
							0.0
						],
						"angular": [
							0.0,
							0.0,
							0.0006595237646251917
						]
					},
					"aabb": [
						123.74817941777299,
						140.70661844346478,
						-0.014850227922586237,
						124.7229612358366,
						141.64702346151947,
						0.16297897215485183
					],
					"joint_state": {
						"position": [
							-1.8036,
							4.5846,
							0.9985,
							-5.4553,
							1.0262,
							-0.6402,
							0.0
						],
						"velocity": [
							0.0139,
							-0.017,
							0.0489,
							-0.0371,
							0.0447,
							-0.0374,
							0.0
						],
						"effort": [
							0.0,
							0.0,
							0.0,
							0.0,
							0.0,
							0.0,
							0.0
						]
					},
					"lift_state": "lift_down"
				}
			}
		},
		"objects": {
			"Rack": {
				"Rack_02": {
					"name": "Rack_02",
					"pose": {
						"translation": [
							133.05699157714844,
							143.09999084472656,
							0.19921104609966278
						],
						"rotation": [
							0.983835756778717,
							0.1790735274553299,
							-4.97384462505579e-08,
							9.080395102500916e-09
						]
					}
				}
			}
		},
		"relationships": {
			"L-Rack": [
				[
					"AMR_LIFT01",
					"none"
				]
			]
		}
	},
	"timestamp_4": {
		"robots": {
			"ARMLIFT": {
				"AMR_LIFT01": {
					"name": "AMR_LIFT01",
					"pose": {
						"translation": [
							139.6106719970703,
							142.485107421875,
							0.062000080943107605
						],
						"rotation": [
							-0.009383480995893478,
							-0.0036277477629482746,
							-0.9326709508895874,
							0.3605883717536926
						]
					},