{
	"timestamp_0": {
		"robots": {
			"ARMLIFT": {
				"AMR_LIFT01": {
					"name": "AMR_LIFT01",
					"pose": {
						"translation": [
							139.6251678466797,
							142.4157257080078,
							0.06200473755598068
						],
						"rotation": [
							-0.009443387389183044,
							-0.003517397679388523,
							-0.9370564818382263,
							0.34903281927108765
						]
					},
					"odometry": {
						"position": [
							0.5961257989981972,
							-7.883606979448492,
							-0.013474954516849266
						],
						"orientation": [
							-0.019866546360918152,
							0.00037934310194943444,
							-0.9368841163184373,
							0.34907496189890463
						],
						"linear": [
							-0.0014371032593771815,
							0.0,
							0.0
						],
						"angular": [
							0.0,
							0.0,
							0.0004346912319306284
						]
					},
					"aabb": [
						123.72699038854996,
						140.78419105025654,
						-0.012194787121306616,
						124.70926373010136,
						141.71425774380205,
						0.16285337887429077
					],
					"joint_state": {
						"position": [
							-1.2841,
							4.9788,
							1.0245,
							-5.9716,
							1.0331,
							-1.0941,
							0.0
						],
						"velocity": [
							0.0157,
							0.0304,
							0.3251,
							-0.2192,
							0.3328,
							-0.2015,
							0.0
						],
						"effort": [
							0.0,
							0.0,
							0.0,
							0.0,
							0.0,
							0.0,
							0.0
						]
					},
					"lift_state": "lift_down"
				}
			}
		},
		"objects": {
			"Rack": {
				"Rack_02": {
					"name": "Rack_02",
					"pose": {
						"translation": [
							133.05699157714844,
							143.09999084472656,
							0.19921104609966278
						],
						"rotation": [
							0.983835756778717,
							0.1790735274553299,
							-4.97384462505579e-08,
							9.080395102500916e-09
						]
					}
				}
			}
		},
		"relationships": {
			"L-Rack": [
				[
					"AMR_LIFT01",
					"none"
				]
			]
		}
	},
	"timestamp_1": {
		"robots": {
			"ARMLIFT": {
				"AMR_LIFT01": {
					"name": "AMR_LIFT01",
					"pose": {
						"translation": [
							139.62449645996094,
							142.41610717773438,
							0.062000349164009094
						],
						"rotation": [
							-0.009431770071387291,
							-0.0035138174425810575,
							-0.9370307326316833,
							0.3491021394729614
						]
					},
					"odometry": {
						"position": [
							0.5954520194545937,
							-7.8832163981394725,
							-0.013464341445413563
						],
						"orientation": [
							-0.01985464635426931,
							0.0003836952958778291,
							-0.9368584996359282,
							0.3491443790983677
						],
						"linear": [
							-0.0021935487166047096,
							0.0,
							0.0
						],
						"angular": [
							0.0,
							0.0,
							8.82054700923618e-06
						]
					},
					"aabb": [
						123.72758769377796,
						140.78370391830975,
						-0.012286023828353516,
						124.70979892163614,
						141.7138589630204,
						0.16285083084922292
					],
					"joint_state": {
						"position": [
							-1.2848,
							4.9803,
							1.0056,
							-5.9655,
							1.0117,
							-1.0857,
							0.0
						],
						"velocity": [
							0.0027,
							0.0058,
							-0.2574,
							0.2036,
							-0.2597,
							0.2039,
							0.0
						],
						"effort": [
							0.0,
							0.0,
							0.0,
							0.0,
							0.0,
							0.0,
							0.0
						]
					},
					"lift_state": "lift_down"
				}
			}
		},
		"objects": {
			"Rack": {
				"Rack_02": {
					"name": "Rack_02",
					"pose": {
						"translation": [
							133.05699157714844,
							143.09999084472656,
							0.19921104609966278
						],
						"rotation": [
							0.983835756778717,
							0.1790735274553299,
							-4.97384462505579e-08,
							9.080395102500916e-09
						]
					}
				}
			}
		},
		"relationships": {
			"L-Rack": [
				[
					"AMR_LIFT01",
					"none"
				]
			]
		}
	},
	"timestamp_2": {
		"robots": {
			"ARMLIFT": {
				"AMR_LIFT01": {
					"name": "AMR_LIFT01",
					"pose": {
						"translation": [
							139.6249542236328,
							142.41590881347656,
							0.06200244650244713
						],
						"rotation": [
							-0.009434904903173447,
							-0.0035239900462329388,
							-0.9370180368423462,
							0.34913602471351624
						]
					},
					"odometry": {
						"position": [
							0.5959109476002405,
							-7.883411682461764,
							-0.013472441118732423
						],
						"orientation": [
							-0.01985763918712582,
							0.0003739001657708951,
							-0.93684575880222,
							0.34917840508667325
						],
						"linear": [
							-0.003762246575206518,
							0.0,
							0.0
						],
						"angular": [
							0.0,
							0.0,
							0.001368534518405795
						]
					},
					"aabb": [
						123.72714461088836,
						140.78410967508825,
						-0.012193516998315185,
						124.70933941808437,
						141.71429273060735,
						0.16285806338915534
					],
					"joint_state": {
						"position": [
							-1.2841,
							4.9803,
							1.0164,
							-5.9679,
							1.0202,
							-1.0904,
							0.0
						],
						"velocity": [
							0.0017,
							-0.0043,
							-0.0296,
							0.0125,
							0.0293,
							0.0015,
							0.0
						],
						"effort": [
							0.0,
							0.0,
							0.0,
							0.0,
							0.0,
							0.0,
							0.0
						]
					},
					"lift_state": "lift_down"
				}
			}
		},
		"objects": {
			"Rack": {
				"Rack_02": {
					"name": "Rack_02",
					"pose": {
						"translation": [
							133.05699157714844,
							143.09999084472656,
							0.19921104609966278
						],
						"rotation": [
							0.983835756778717,
							0.1790735274553299,
							-4.97384462505579e-08,
							9.080395102500916e-09
						]
					}
				}
			}
		},
		"relationships": {
			"L-Rack": [
				[
					"AMR_LIFT01",
					"none"
				]
			]
		}
	},
	"timestamp_3": {
		"robots": {
			"ARMLIFT": {
				"AMR_LIFT01": {
					"name": "AMR_LIFT01",
					"pose": {
						"translation": [
							139.6247100830078,
							142.4160614013672,
							0.062007904052734375
						],
						"rotation": [
							-0.009451337158679962,
							-0.003499977057799697,
							-0.9370648860931396,
							0.34900984168052673
						]
					},
					"odometry": {
						"position": [
							0.5956767443314219,
							-7.88326519947965,
							-0.013461769221991604
						],
						"orientation": [
							-0.019874599475254336,
							0.0003965081961268817,
							-0.9368924492652527,
							0.34905211872541964
						],
						"linear": [
							0.001657164772041142,
							0.0,
							0.0
						],
						"angular": [
							0.0,
							0.0,
							0.0008366185938939452
						]
					},
					"aabb": [
						123.72734846077512,
						140.7838028662059,
						-0.012131520031820761,
						124.70955471015942,
						141.71396795885929,
						0.1628522545813291
					],
					"joint_state": {
						"position": [
							-1.2843,
							4.981,
							1.0241,
							-5.9688,
							1.0296,
							-1.0977,
							0.0
						],
						"velocity": [
							-0.0147,
							-0.0144,
							-0.0497,
							0.0232,
							-0.0374,
							0.0119,
							0.0
						],
						"effort": [
							0.0,
							0.0,
							0.0,
							0.0,
							0.0,
							0.0,
							0.0
						]
					},
					"lift_state": "lift_down"
				}
			}
		},
		"objects": {
			"Rack": {
				"Rack_02": {
					"name": "Rack_02",
					"pose": {
						"translation": [
							133.05699157714844,
							143.09999084472656,
							0.19921104609966278
						],
						"rotation": [
							0.983835756778717,
							0.1790735274553299,
							-4.97384462505579e-08,
							9.080395102500916e-09
						]
					}
				}
			}
		},
		"relationships": {
			"L-Rack": [
				[
					"AMR_LIFT01",
					"none"
				]
			]
		}
	},
	"timestamp_4": {
		"robots": {
			"ARMLIFT": {
				"AMR_LIFT01": {
					"name": "AMR_LIFT01",
					"pose": {
						"translation": [
							139.6249542236328,
							142.4159393310547,
							0.06200248748064041
						],
						"rotation": [
							-0.009433017112314701,
							-0.0035239416174590588,
							-0.9369666576385498,
							0.3492737412452698
						]
					},