{
	"timestamp_0": {
		"robots": {
			"ARMLIFT": {
				"AMR_LIFT01": {
					"name": "AMR_LIFT01",
					"pose": {
						"translation": [
							139.59902954101562,
							142.52691650390625,
							0.061999473720788956
						],
						"rotation": [
							-0.009441390633583069,
							-0.003729139221832156,
							-0.9300197958946228,
							0.36736929416656494
						]
					},
					"odometry": {
						"position": [
							0.5699935047115513,
							-7.7724167516385405,
							-0.01289553608073526
						],
						"orientation": [
							-0.0197859994196042,
							0.00037158834385122544,
							-0.929847429996087,
							0.36741275573766113
						],
						"linear": [
							0.002126934938132763,
							0.0,
							0.0
						],
						"angular": [
							0.0,
							0.0,
							-0.002799463924020529
						]
					},
					"aabb": [
						123.76449722014317,
						140.65891947061405,
						-0.013338557527044461,
						124.73475127036814,
						141.60497377273586,
						0.1630794898017718
					],
					"joint_state": {
						"position": [
							-2.1128,
							4.3626,
							1.24,
							-5.279,
							1.2375,
							-0.3962,
							0.0
						],
						"velocity": [
							-0.0105,
							-0.0154,
							0.0174,
							-0.0806,
							0.039,
							-0.0427,
							0.0
						],
						"effort": [
							0.0,
							0.0,
							0.0,
							0.0,
							0.0,
							0.0,
							0.0
						]
					},
					"lift_state": "lift_down"
				}
			}
		},
		"objects": {
			"Rack": {
				"Rack_02": {
					"name": "Rack_02",
					"pose": {
						"translation": [
							133.05699157714844,
							143.09999084472656,
							0.19921104609966278
						],
						"rotation": [
							0.983835756778717,
							0.1790735274553299,
							-4.97384462505579e-08,
							9.080395102500916e-09
						]
					}
				}
			}
		},
		"relationships": {
			"L-Rack": [
				[
					"AMR_LIFT01",
					"none"
				]
			]
		}
	},
	"timestamp_1": {
		"robots": {
			"ARMLIFT": {
				"AMR_LIFT01": {
					"name": "AMR_LIFT01",
					"pose": {
						"translation": [
							139.5994873046875,
							142.5264434814453,
							0.06200633943080902
						],
						"rotation": [
							-0.009457102976739407,
							-0.003724551759660244,
							-0.9300659894943237,
							0.3672519624233246
						]
					},
					"odometry": {
						"position": [
							0.570452551825547,
							-7.772885464722508,
							-0.012898944198144488
						],
						"orientation": [
							-0.01980222531487664,
							0.0003748701782746596,
							-0.9298934535356936,
							0.3672953803363025
						],
						"linear": [
							-0.0002925992594100535,
							0.0,
							0.0
						],
						"angular": [
							0.0,
							0.0,
							-0.0015339449746534228
						]
					},
					"aabb": [
						123.76406655046416,
						140.65943255275874,
						-0.01342895497980554,
						124.73427997378138,
						141.60553562029924,
						0.16307975316524725
					],
					"joint_state": {
						"position": [
							-2.1115,
							4.3638,
							1.2532,
							-5.2885,
							1.2465,
							-0.3997,
							0.0
						],
						"velocity": [
							0.0015,
							0.0011,
							0.0321,
							-0.0133,
							0.0351,
							-0.0149,
							0.0
						],
						"effort": [
							0.0,
							0.0,
							0.0,
							0.0,
							0.0,
							0.0,
							0.0
						]
					},
					"lift_state": "lift_down"
				}
			}
		},
		"objects": {
			"Rack": {
				"Rack_02": {
					"name": "Rack_02",
					"pose": {
						"translation": [
							133.05699157714844,
							143.09999084472656,
							0.19921104609966278
						],
						"rotation": [
							0.983835756778717,
							0.1790735274553299,
							-4.97384462505579e-08,
							9.080395102500916e-09
						]
					}
				}
			}
		},
		"relationships": {
			"L-Rack": [
				[
					"AMR_LIFT01",
					"none"
				]
			]
		}
	},
	"timestamp_2": {
		"robots": {
			"ARMLIFT": {
				"AMR_LIFT01": {
					"name": "AMR_LIFT01",
					"pose": {
						"translation": [
							139.5997772216797,
							142.5255889892578,
							0.06200607120990753
						],
						"rotation": [
							-0.009448903612792492,
							-0.0037473838310688734,
							-0.9301590323448181,
							0.36701640486717224
						]
					},
					"odometry": {
						"position": [
							0.5707357230821443,
							-7.77373506129757,
							-0.012905554656688325
						],
						"orientation": [
							-0.01979506085289534,
							0.00034941895659909534,
							-0.9299865656544546,
							0.3670599694524805
						],
						"linear": [
							-0.0019281927961856127,
							0.0,
							0.0
						],
						"angular": [
							0.0,
							0.0,
							2.9517266739276238e-05
						]
					},
					"aabb": [
						123.76323165895099,
						140.66076448313385,
						-0.013554468056240726,
						124.73360822549517,
						141.60667572995965,
						0.1630942298643436
					],
					"joint_state": {
						"position": [
							-2.109,
							4.3644,
							1.257,
							-5.2969,
							1.2606,
							-0.4185,
							0.0
						],
						"velocity": [
							0.0463,
							0.0144,
							0.0843,
							-0.0105,
							0.1194,
							-0.0059,
							0.0
						],
						"effort": [
							0.0,
							0.0,
							0.0,
							0.0,
							0.0,
							0.0,
							0.0
						]
					},
					"lift_state": "lift_down"
				}
			}
		},
		"objects": {
			"Rack": {
				"Rack_02": {
					"name": "Rack_02",
					"pose": {
						"translation": [
							133.05699157714844,
							143.09999084472656,
							0.19921104609966278
						],
						"rotation": [
							0.983835756778717,
							0.1790735274553299,
							-4.97384462505579e-08,
							9.080395102500916e-09
						]
					}
				}
			}
		},
		"relationships": {
			"L-Rack": [
				[
					"AMR_LIFT01",
					"none"
				]
			]
		}
	},
	"timestamp_3": {
		"robots": {
			"ARMLIFT": {
				"AMR_LIFT01": {
					"name": "AMR_LIFT01",
					"pose": {
						"translation": [
							139.59947204589844,
							142.525634765625,
							0.062004849314689636
						],
						"rotation": [
							-0.00944550335407257,
							-0.003747927490621805,
							-0.9300322532653809,
							0.3673376441001892
						]
					},
					"odometry": {
						"position": [
							0.5702571895138404,
							-7.7737448645062734,
							-0.0129010587921421
						],
						"orientation": [
							-0.019792917814533448,
							0.0003694040296829071,
							-0.9298438336202479,
							0.36742148688318543
						],
						"linear": [
							0.0058866036124527454,
							0.0,
							0.0
						],
						"angular": [
							0.0,
							0.0,
							-0.005516726523637772
						]
					},
					"aabb": [
						123.7641699493542,
						140.66019844184294,
						-0.013619198104372218,
						124.73439816050313,
						141.60628611282107,
						0.1630799409957627
					],
					"joint_state": {
						"position": [
							-2.1072,
							4.3667,
							1.2623,
							-5.3034,
							1.2562,
							-0.4144,
							0.0
						],
						"velocity": [
							0.1008,
							0.0653,
							0.0543,
							-0.0432,
							0.0579,
							-0.0316,
							0.0
						],
						"effort": [
							0.0,
							0.0,
							0.0,
							0.0,
							0.0,
							0.0,
							0.0
						]
					},
					"lift_state": "lift_down"
				}
			}
		},
		"objects": {
			"Rack": {
				"Rack_02": {
					"name": "Rack_02",
					"pose": {
						"translation": [
							133.05699157714844,
							143.09999084472656,
							0.19921104609966278
						],
						"rotation": [
							0.983835756778717,
							0.1790735274553299,
							-4.97384462505579e-08,
							9.080395102500916e-09
						]
					}
				}
			}
		},
		"relationships": {
			"L-Rack": [
				[
					"AMR_LIFT01",
					"none"
				]
			]
		}
	},
	"timestamp_4": {
		"robots": {
			"ARMLIFT": {
				"AMR_LIFT01": {
					"name": "AMR_LIFT01",
					"pose": {
						"translation": [
							139.5997772216797,
							142.52545166015625,
							0.061999816447496414
						],
						"rotation": [
							-0.00945028755813837,
							-0.003730583470314741,
							-0.9300580024719238,
							0.36727261543273926
						]
					},