{
	"timestamp_0": {
		"robots": {
			"ARMLIFT": {
				"AMR_LIFT01": {
					"name": "AMR_LIFT01",
					"pose": {
						"translation": [
							139.6188201904297,
							142.43333435058594,
							0.06200138106942177
						],
						"rotation": [
							-0.00938961748033762,
							-0.0035425021778792143,
							-0.9356905817985535,
							0.3526791036128998
						]
					},
					"odometry": {
						"position": [
							0.5898177458157393,
							-7.866019397848296,
							-0.013338499467180439
						],
						"orientation": [
							-0.019798107077576524,
							0.0003979134523161789,
							-0.9355280143732349,
							0.3526970526441945
						],
						"linear": [
							-0.0022819647565484047,
							0.0,
							0.0
						],
						"angular": [
							0.0,
							0.0,
							-0.0024539066944271326
						]
					},
					"aabb": [
						123.73539493166969,
						140.7636375897206,
						-0.014322951063524462,
						124.71539077362637,
						141.69698488198546,
						0.16287187884674828
					],
					"joint_state": {
						"position": [
							-1.4028,
							4.8816,
							0.9145,
							-5.7638,
							0.9156,
							-0.9244,
							0.0
						],
						"velocity": [
							-0.0036,
							-0.0269,
							-0.0801,
							0.0388,
							-0.0927,
							0.0382,
							0.0
						],
						"effort": [
							0.0,
							0.0,
							0.0,
							0.0,
							0.0,
							0.0,
							0.0
						]
					},
					"lift_state": "lift_down"
				}
			}
		},
		"objects": {
			"Rack": {
				"Rack_02": {
					"name": "Rack_02",
					"pose": {
						"translation": [
							133.05699157714844,
							143.09999084472656,
							0.19921104609966278
						],
						"rotation": [
							0.983835756778717,
							0.1790735274553299,
							-4.97384462505579e-08,
							9.080395102500916e-09
						]
					}
				}
			}
		},
		"relationships": {
			"L-Rack": [
				[
					"AMR_LIFT01",
					"none"
				]
			]
		}
	},
	"timestamp_1": {
		"robots": {
			"ARMLIFT": {
				"AMR_LIFT01": {
					"name": "AMR_LIFT01",
					"pose": {
						"translation": [
							139.6193084716797,
							142.4327850341797,
							0.06199996918439865
						],
						"rotation": [
							-0.009385083802044392,
							-0.0035369156394153833,
							-0.9356527328491211,
							0.3527798652648926
						]
					},
					"odometry": {
						"position": [
							0.5902668731491851,
							-7.866536953787851,
							-0.01334884003981485
						],
						"orientation": [
							-0.019792574006434874,
							0.00040151011110076004,
							-0.9354810438155163,
							0.35282192316473576
						],
						"linear": [
							0.0012987013906240463,
							0.0,
							0.0
						],
						"angular": [
							0.0,
							0.0,
							0.0012716727796941996
						]
					},
					"aabb": [
						123.73537816263627,
						140.7636843005223,
						-0.014388424387536314,
						124.7153712803675,
						141.69703356703124,
						0.16287427970027427
					],
					"joint_state": {
						"position": [
							-1.4017,
							4.8818,
							0.9019,
							-5.7601,
							0.9081,
							-0.9226,
							0.0
						],
						"velocity": [
							-0.0124,
							0.0043,
							-0.004,
							0.0082,
							0.0062,
							0.0072,
							0.0
						],
						"effort": [
							0.0,
							0.0,
							0.0,
							0.0,
							0.0,
							0.0,
							0.0
						]
					},
					"lift_state": "lift_down"
				}
			}
		},
		"objects": {
			"Rack": {
				"Rack_02": {
					"name": "Rack_02",
					"pose": {
						"translation": [
							133.05699157714844,
							143.09999084472656,
							0.19921104609966278
						],
						"rotation": [
							0.983835756778717,
							0.1790735274553299,
							-4.97384462505579e-08,
							9.080395102500916e-09
						]
					}
				}
			}
		},
		"relationships": {
			"L-Rack": [
				[
					"AMR_LIFT01",
					"none"
				]
			]
		}
	},
	"timestamp_2": {
		"robots": {
			"ARMLIFT": {
				"AMR_LIFT01": {
					"name": "AMR_LIFT01",
					"pose": {
						"translation": [
							139.61949157714844,
							142.43234252929688,
							0.06200168654322624
						],
						"rotation": [
							-0.009393466636538506,
							-0.003533424809575081,
							-0.9357853531837463,
							0.35242748260498047
						]
					},
					"odometry": {
						"position": [
							0.5903938385409855,
							-7.8669568678289075,
							-0.013350703821931043
						],
						"orientation": [
							-0.01979944851430184,
							0.00040326123792803147,
							-0.9355780807367837,
							0.35256414177250084
						],
						"linear": [
							0.0036574630066752434,
							0.0,
							0.0
						],
						"angular": [
							0.0,
							0.0,
							-0.003513277042657137
						]
					},
					"aabb": [
						123.73488785509181,
						140.76467689298943,
						-0.014304682368161063,
						124.71493402748781,
						141.69795168048927,
						0.16287335553111748
					],
					"joint_state": {
						"position": [
							-1.4008,
							4.8827,
							0.9154,
							-5.7723,
							0.9138,
							-0.9308,
							0.0
						],
						"velocity": [
							0.0005,
							-0.0007,
							0.2014,
							-0.0709,
							0.2541,
							-0.0612,
							0.0
						],
						"effort": [
							0.0,
							0.0,
							0.0,
							0.0,
							0.0,
							0.0,
							0.0
						]
					},
					"lift_state": "lift_down"
				}
			}
		},
		"objects": {
			"Rack": {
				"Rack_02": {
					"name": "Rack_02",
					"pose": {
						"translation": [
							133.05699157714844,
							143.09999084472656,
							0.19921104609966278
						],
						"rotation": [
							0.983835756778717,
							0.1790735274553299,
							-4.97384462505579e-08,
							9.080395102500916e-09
						]
					}
				}
			}
		},
		"relationships": {
			"L-Rack": [
				[
					"AMR_LIFT01",
					"none"
				]
			]
		}
	},
	"timestamp_3": {
		"robots": {
			"ARMLIFT": {
				"AMR_LIFT01": {
					"name": "AMR_LIFT01",
					"pose": {
						"translation": [
							139.61961364746094,
							142.43212890625,
							0.062004659324884415
						],
						"rotation": [
							-0.009396256878972054,
							-0.0035404956433922052,
							-0.9358853697776794,
							0.35216188430786133
						]
					},
					"odometry": {
						"position": [
							0.590579435199537,
							-7.867200991726822,
							-0.013351114982651138
						],
						"orientation": [
							-0.01980634406506023,
							0.0003910556317822286,
							-0.9357135548877809,
							0.3522040587635831
						],
						"linear": [
							0.000349503883626312,
							0.0,
							0.0
						],
						"angular": [
							0.0,
							0.0,
							0.0013088859850540757
						]
					},
					"aabb": [
						123.73451668470263,
						140.76515403255576,
						-0.014272139900562008,
						124.71480699729882,
						141.69808230329343,
						0.16287247006657884
					],
					"joint_state": {
						"position": [
							-1.4013,
							4.884,
							0.9212,
							-5.7806,
							0.9226,
							-0.9335,
							0.0
						],
						"velocity": [
							0.0053,
							0.0048,
							0.1944,
							-0.1329,
							0.1948,
							-0.1141,
							0.0
						],
						"effort": [
							0.0,
							0.0,
							0.0,
							0.0,
							0.0,
							0.0,
							0.0
						]
					},
					"lift_state": "lift_down"
				}
			}
		},
		"objects": {
			"Rack": {
				"Rack_02": {
					"name": "Rack_02",
					"pose": {
						"translation": [
							133.05699157714844,
							143.09999084472656,
							0.19921104609966278
						],
						"rotation": [
							0.983835756778717,
							0.1790735274553299,
							-4.97384462505579e-08,
							9.080395102500916e-09
						]
					}
				}
			}
		},
		"relationships": {
			"L-Rack": [
				[
					"AMR_LIFT01",
					"none"
				]
			]
		}
	},
	"timestamp_4": {
		"robots": {
			"ARMLIFT": {
				"AMR_LIFT01": {
					"name": "AMR_LIFT01",
					"pose": {
						"translation": [
							139.61990356445312,
							142.43191528320312,
							0.062001265585422516
						],
						"rotation": [
							-0.00940048135817051,
							-0.003529112786054611,
							-0.9359711408615112,
							0.35193371772766113
						]
					},