{
	"timestamp_0": {
		"robots": {
			"ARMLIFT": {
				"AMR_LIFT01": {
					"name": "AMR_LIFT01",
					"pose": {
						"translation": [
							139.60633850097656,
							142.50515747070312,
							0.06200698763132095
						],
						"rotation": [
							-0.009417572058737278,
							-0.003694320796057582,
							-0.9305967092514038,
							0.3659067153930664
						]
					},
					"odometry": {
						"position": [
							0.5773074553223916,
							-7.79417420388186,
							-0.013051425627600663
						],
						"orientation": [
							-0.019768615210972514,
							0.0003901352438562056,
							-0.9304245864608378,
							0.3659496393717461
						],
						"linear": [
							-0.0008002224494703114,
							0.0,
							0.0
						],
						"angular": [
							0.0,
							0.0,
							-0.00207801372744143
						]
					},
					"aabb": [
						123.75635079847389,
						140.68171811438043,
						-0.013996576331531625,
						124.72750601200336,
						141.62667345466735,
						0.16302553059346236
					],
					"joint_state": {
						"position": [
							-1.976,
							4.457,
							1.1276,
							-5.3358,
							1.1307,
							-0.4689,
							0.0
						],
						"velocity": [
							0.0003,
							0.0001,
							0.1109,
							-0.0564,
							0.0079,
							-0.0134,
							0.0
						],
						"effort": [
							0.0,
							0.0,
							0.0,
							0.0,
							0.0,
							0.0,
							0.0
						]
					},
					"lift_state": "lift_down"
				}
			}
		},
		"objects": {
			"Rack": {
				"Rack_02": {
					"name": "Rack_02",
					"pose": {
						"translation": [
							133.05699157714844,
							143.09999084472656,
							0.19921104609966278
						],
						"rotation": [
							0.983835756778717,
							0.1790735274553299,
							-4.97384462505579e-08,
							9.080395102500916e-09
						]
					}
				}
			}
		},
		"relationships": {
			"L-Rack": [
				[
					"AMR_LIFT01",
					"none"
				]
			]
		}
	},
	"timestamp_1": {
		"robots": {
			"ARMLIFT": {
				"AMR_LIFT01": {
					"name": "AMR_LIFT01",
					"pose": {
						"translation": [
							139.60638427734375,
							142.5054168701172,
							0.061999205499887466
						],
						"rotation": [
							-0.009407191537320614,
							-0.0036950684152543545,
							-0.9306718111038208,
							0.36571571230888367
						]
					},
					"odometry": {
						"position": [
							0.5775416014114729,
							-7.794154675209369,
							-0.013064269880576095
						],
						"orientation": [
							-0.019759618485930757,
							0.0003847482388263155,
							-0.9305107639642164,
							0.3657309497332896
						],
						"linear": [
							-0.0018190977862104774,
							0.0,
							0.0
						],
						"angular": [
							0.0,
							0.0,
							0.00018105651543010026
						]
					},
					"aabb": [
						123.75581226225799,
						140.6820357429771,
						-0.014031564208468334,
						124.72712587494145,
						141.62679734622813,
						0.163023674064405
					],
					"joint_state": {
						"position": [
							-1.9756,
							4.4565,
							1.1287,
							-5.3343,
							1.1235,
							-0.4639,
							0.0
						],
						"velocity": [
							-0.0021,
							0.005,
							-0.0279,
							0.0345,
							-0.0115,
							0.0188,
							0.0
						],
						"effort": [
							0.0,
							0.0,
							0.0,
							0.0,
							0.0,
							0.0,
							0.0
						]
					},
					"lift_state": "lift_down"
				}
			}
		},
		"objects": {
			"Rack": {
				"Rack_02": {
					"name": "Rack_02",
					"pose": {
						"translation": [
							133.05699157714844,
							143.09999084472656,
							0.19921104609966278
						],
						"rotation": [
							0.983835756778717,
							0.1790735274553299,
							-4.97384462505579e-08,
							9.080395102500916e-09
						]
					}
				}
			}
		},
		"relationships": {
			"L-Rack": [
				[
					"AMR_LIFT01",
					"none"
				]
			]
		}
	},
	"timestamp_2": {
		"robots": {
			"ARMLIFT": {
				"AMR_LIFT01": {
					"name": "AMR_LIFT01",
					"pose": {
						"translation": [
							139.60621643066406,
							142.50575256347656,
							0.06199924275279045
						],
						"rotation": [
							-0.00940339919179678,
							-0.0036959555000066757,
							-0.9306458234786987,
							0.3657820522785187
						]
					},
					"odometry": {
						"position": [
							0.5771803289740413,
							-7.793568756011525,
							-0.013056349219887154
						],
						"orientation": [
							-0.01975499398305199,
							0.000387114477693583,
							-0.9304738570479122,
							0.3658250834832032
						],
						"linear": [
							-0.005042271688580513,
							0.0,
							0.0
						],
						"angular": [
							0.0,
							0.0,
							0.0073458850383758545
						]
					},
					"aabb": [
						123.75632653481762,
						140.68128019389803,
						-0.013932345142892646,
						124.72758092246109,
						141.62611193741924,
						0.16302279816209922
					],
					"joint_state": {
						"position": [
							-1.9744,
							4.4576,
							1.1156,
							-5.329,
							1.1166,
							-0.4568,
							0.0
						],
						"velocity": [
							0.0746,
							0.0706,
							-0.312,
							0.0142,
							-0.3574,
							-0.0037,
							0.0
						],
						"effort": [
							0.0,
							0.0,
							0.0,
							0.0,
							0.0,
							0.0,
							0.0
						]
					},
					"lift_state": "lift_down"
				}
			}
		},
		"objects": {
			"Rack": {
				"Rack_02": {
					"name": "Rack_02",
					"pose": {
						"translation": [
							133.05699157714844,
							143.09999084472656,
							0.19921104609966278
						],
						"rotation": [
							0.983835756778717,
							0.1790735274553299,
							-4.97384462505579e-08,
							9.080395102500916e-09
						]
					}
				}
			}
		},
		"relationships": {
			"L-Rack": [
				[
					"AMR_LIFT01",
					"none"
				]
			]
		}
	},
	"timestamp_3": {
		"robots": {
			"ARMLIFT": {
				"AMR_LIFT01": {
					"name": "AMR_LIFT01",
					"pose": {
						"translation": [
							139.60675048828125,
							142.50518798828125,
							0.06200309470295906
						],
						"rotation": [
							-0.009410763159394264,
							-0.003691397374495864,
							-0.930660605430603,
							0.3657442331314087
						]
					},
					"odometry": {
						"position": [
							0.5777076576343829,
							-7.794144893453995,
							-0.013064270442013639
						],
						"orientation": [
							-0.019762522909901565,
							0.0003912516749271396,
							-0.930488561630357,
							0.3657872691680667
						],
						"linear": [
							-0.003232977818697691,
							0.0,
							0.0
						],
						"angular": [
							0.0,
							0.0,
							0.0031965449452400208
						]
					},
					"aabb": [
						123.75594795752235,
						140.68171902399163,
						-0.013900128815816547,
						124.72723087109303,
						141.62651901159157,
						0.16302451643921614
					],
					"joint_state": {
						"position": [
							-1.9738,
							4.4581,
							1.1202,
							-5.3227,
							1.1264,
							-0.46,
							0.0
						],
						"velocity": [
							0.022,
							0.0225,
							-0.2036,
							0.196,
							-0.0248,
							-0.0187,
							0.0
						],
						"effort": [
							0.0,
							0.0,
							0.0,
							0.0,
							0.0,
							0.0,
							0.0
						]
					},
					"lift_state": "lift_down"
				}
			}
		},
		"objects": {
			"Rack": {
				"Rack_02": {
					"name": "Rack_02",
					"pose": {
						"translation": [
							133.05699157714844,
							143.09999084472656,
							0.19921104609966278
						],
						"rotation": [
							0.983835756778717,
							0.1790735274553299,
							-4.97384462505579e-08,
							9.080395102500916e-09
						]
					}
				}
			}
		},
		"relationships": {
			"L-Rack": [
				[
					"AMR_LIFT01",
					"none"
				]
			]
		}
	},
	"timestamp_4": {
		"robots": {
			"ARMLIFT": {
				"AMR_LIFT01": {
					"name": "AMR_LIFT01",
					"pose": {
						"translation": [
							139.60650634765625,
							142.50547790527344,
							0.06200031191110611
						],
						"rotation": [
							-0.009408244863152504,
							-0.0036965636536478996,
							-0.9306897521018982,
							0.3656700551509857
						]
					},