{
	"timestamp_0": {
		"robots": {
			"ARMLIFT": {
				"AMR_LIFT01": {
					"name": "AMR_LIFT01",
					"pose": {
						"translation": [
							139.6049346923828,
							142.51182556152344,
							0.06200141832232475
						],
						"rotation": [
							-0.009414116851985455,
							-0.003722528461366892,
							-0.9296820163726807,
							0.3682241439819336
						]
					},
					"odometry": {
						"position": [
							0.5758913157619842,
							-7.787494589375911,
							-0.013025295782107812
						],
						"orientation": [
							-0.01975495281049218,
							0.000387708197675472,
							-0.9295099587533098,
							0.3682673323826446
						],
						"linear": [
							-7.089959399309009e-05,
							0.0,
							0.0
						],
						"angular": [
							0.0,
							0.0,
							0.0006391387432813644
						]
					},
					"aabb": [
						123.7590756791173,
						140.67355972778375,
						-0.013182318502221133,
						124.7286277294004,
						141.62043666802882,
						0.16303760119369506
					],
					"joint_state": {
						"position": [
							-2.0139,
							4.4266,
							1.1789,
							-5.2748,
							1.1572,
							-0.4287,
							0.0
						],
						"velocity": [
							0.0132,
							0.0144,
							0.3358,
							-0.2545,
							-0.0472,
							0.0158,
							0.0
						],
						"effort": [
							0.0,
							0.0,
							0.0,
							0.0,
							0.0,
							0.0,
							0.0
						]
					},
					"lift_state": "lift_down"
				}
			}
		},
		"objects": {
			"Rack": {
				"Rack_02": {
					"name": "Rack_02",
					"pose": {
						"translation": [
							133.05699157714844,
							143.09999084472656,
							0.19921104609966278
						],
						"rotation": [
							0.983835756778717,
							0.1790735274553299,
							-4.97384462505579e-08,
							9.080395102500916e-09
						]
					}
				}
			}
		},
		"relationships": {
			"L-Rack": [
				[
					"AMR_LIFT01",
					"none"
				]
			]
		}
	},
	"timestamp_1": {
		"robots": {
			"ARMLIFT": {
				"AMR_LIFT01": {
					"name": "AMR_LIFT01",
					"pose": {
						"translation": [
							139.60585021972656,
							142.5109405517578,
							0.06200092285871506
						],
						"rotation": [
							-0.009415138512849808,
							-0.003724455600604415,
							-0.9297777414321899,
							0.367982417345047
						]
					},
					"odometry": {
						"position": [
							0.5768090933380581,
							-7.7883929808713965,
							-0.013046242715367586
						],
						"orientation": [
							-0.019757040066399858,
							0.0003830921282411447,
							-0.9296056710787871,
							0.3680255546920542
						],
						"linear": [
							0.0007578249205835164,
							0.0,
							0.0
						],
						"angular": [
							0.0,
							0.0,
							0.0012071389937773347
						]
					},
					"aabb": [
						123.75825157281564,
						140.67430852479046,
						-0.013302179178459961,
						124.72792365447475,
						141.62104595775406,
						0.16304547879737574
					],
					"joint_state": {
						"position": [
							-2.0127,
							4.4261,
							1.1824,
							-5.2765,
							1.1664,
							-0.4308,
							0.0
						],
						"velocity": [
							-0.0036,
							0.0092,
							0.015,
							0.0092,
							0.0058,
							-0.003,
							0.0
						],
						"effort": [
							0.0,
							0.0,
							0.0,
							0.0,
							0.0,
							0.0,
							0.0
						]
					},
					"lift_state": "lift_down"
				}
			}
		},
		"objects": {
			"Rack": {
				"Rack_02": {
					"name": "Rack_02",
					"pose": {
						"translation": [
							133.05699157714844,
							143.09999084472656,
							0.19921104609966278
						],
						"rotation": [
							0.983835756778717,
							0.1790735274553299,
							-4.97384462505579e-08,
							9.080395102500916e-09
						]
					}
				}
			}
		},
		"relationships": {
			"L-Rack": [
				[
					"AMR_LIFT01",
					"none"
				]
			]
		}
	},
	"timestamp_2": {
		"robots": {
			"ARMLIFT": {
				"AMR_LIFT01": {
					"name": "AMR_LIFT01",
					"pose": {
						"translation": [
							139.60519409179688,
							142.5117950439453,
							0.06200290471315384
						],
						"rotation": [
							-0.009422006085515022,
							-0.0037202320527285337,
							-0.9298155903816223,
							0.36788657307624817
						]
					},
					"odometry": {
						"position": [
							0.5761549573087713,
							-7.787533635028432,
							-0.013029685605578017
						],
						"orientation": [
							-0.01976433147751569,
							0.0003862490894602299,
							-0.9296434479526974,
							0.3679297238488736
						],
						"linear": [
							-0.001421006629243493,
							0.0,
							0.0
						],
						"angular": [
							0.0,
							0.0,
							0.002367933513596654
						]
					},
					"aabb": [
						123.75831831867814,
						140.67416839529184,
						-0.01326963449424793,
						124.72810729918717,
						141.62076672954234,
						0.16303939637048562
					],
					"joint_state": {
						"position": [
							-2.0113,
							4.4268,
							1.182,
							-5.2726,
							1.1696,
							-0.4316,
							0.0
						],
						"velocity": [
							-0.0009,
							0.0037,
							-0.0083,
							0.0186,
							-0.0602,
							0.0956,
							0.0
						],
						"effort": [
							0.0,
							0.0,
							0.0,
							0.0,
							0.0,
							0.0,
							0.0
						]
					},
					"lift_state": "lift_down"
				}
			}
		},
		"objects": {
			"Rack": {
				"Rack_02": {
					"name": "Rack_02",
					"pose": {
						"translation": [
							133.05699157714844,
							143.09999084472656,
							0.19921104609966278
						],
						"rotation": [
							0.983835756778717,
							0.1790735274553299,
							-4.97384462505579e-08,
							9.080395102500916e-09
						]
					}
				}
			}
		},
		"relationships": {
			"L-Rack": [
				[
					"AMR_LIFT01",
					"none"
				]
			]
		}
	},
	"timestamp_3": {
		"robots": {
			"ARMLIFT": {
				"AMR_LIFT01": {
					"name": "AMR_LIFT01",
					"pose": {
						"translation": [
							139.60511779785156,
							142.51150512695312,
							0.06200382113456726
						],
						"rotation": [
							-0.009423523209989071,
							-0.0037182278465479612,
							-0.9298209547996521,
							0.36787283420562744
						]
					},
					"odometry": {
						"position": [
							0.5760866510428705,
							-7.7878266061438115,
							-0.013027238292647389
						],
						"orientation": [
							-0.01976591274006533,
							0.0003881008358404788,
							-0.9296487974446296,
							0.3679161201701379
						],
						"linear": [
							0.011861003004014492,
							0.0,
							0.0
						],
						"angular": [
							0.0,
							0.0,
							-0.004103942308574915
						]
					},
					"aabb": [
						123.75857411494442,
						140.67387992971692,
						-0.013208295641952477,
						124.72836155650573,
						141.62048447399067,
						0.1630553986655988
					],
					"joint_state": {
						"position": [
							-2.0125,
							4.4273,
							1.182,
							-5.2634,
							1.169,
							-0.4252,
							0.0
						],
						"velocity": [
							0.0039,
							0.0057,
							-0.0107,
							-0.0021,
							-0.0042,
							0.005,
							0.0
						],
						"effort": [
							0.0,
							0.0,
							0.0,
							0.0,
							0.0,
							0.0,
							0.0
						]
					},
					"lift_state": "lift_down"
				}
			}
		},
		"objects": {
			"Rack": {
				"Rack_02": {
					"name": "Rack_02",
					"pose": {
						"translation": [
							133.05699157714844,
							143.09999084472656,
							0.19921104609966278
						],
						"rotation": [
							0.983835756778717,
							0.1790735274553299,
							-4.97384462505579e-08,
							9.080395102500916e-09
						]
					}
				}
			}
		},
		"relationships": {
			"L-Rack": [
				[
					"AMR_LIFT01",
					"none"
				]
			]
		}
	},
	"timestamp_4": {
		"robots": {
			"ARMLIFT": {
				"AMR_LIFT01": {
					"name": "AMR_LIFT01",
					"pose": {
						"translation": [
							139.60488891601562,
							142.5117950439453,
							0.062004126608371735
						],
						"rotation": [
							-0.009418755769729614,
							-0.0037328959442675114,
							-0.9300228357315063,
							0.36736226081848145
						]
					},