{
	"timestamp_0": {
		"robots": {
			"ARMLIFT": {
				"AMR_LIFT01": {
					"name": "AMR_LIFT01",
					"pose": {
						"translation": [
							139.62464904785156,
							142.4176788330078,
							0.062004584819078445
						],
						"rotation": [
							-0.009434117004275322,
							-0.003535192459821701,
							-0.9363878965377808,
							0.3508223593235016
						]
					},
					"odometry": {
						"position": [
							0.59567654572124,
							-7.881683175350616,
							-0.013466915748174723
						],
						"orientation": [
							-0.01984959083224572,
							0.0003889759769141729,
							-0.9362219990412431,
							0.35084784587154105
						],
						"linear": [
							0.0010154496412724257,
							0.0,
							0.0
						],
						"angular": [
							0.0,
							0.0,
							0.005851416382938623
						]
					},
					"aabb": [
						123.72843784529802,
						140.78086583952128,
						-0.012379503749624621,
						124.70963761630351,
						141.7125032848363,
						0.1628607366880707
					],
					"joint_state": {
						"position": [
							-1.3049,
							4.9555,
							1.0182,
							-5.9324,
							1.0228,
							-1.0767,
							0.0
						],
						"velocity": [
							-0.0097,
							0.01,
							0.0027,
							0.0251,
							-0.0436,
							0.0131,
							0.0
						],
						"effort": [
							0.0,
							0.0,
							0.0,
							0.0,
							0.0,
							0.0,
							0.0
						]
					},
					"lift_state": "lift_down"
				}
			}
		},
		"objects": {
			"Rack": {
				"Rack_02": {
					"name": "Rack_02",
					"pose": {
						"translation": [
							133.05699157714844,
							143.09999084472656,
							0.19921104609966278
						],
						"rotation": [
							0.983835756778717,
							0.1790735274553299,
							-4.97384462505579e-08,
							9.080395102500916e-09
						]
					}
				}
			}
		},
		"relationships": {
			"L-Rack": [
				[
					"AMR_LIFT01",
					"none"
				]
			]
		}
	},
	"timestamp_1": {
		"robots": {
			"ARMLIFT": {
				"AMR_LIFT01": {
					"name": "AMR_LIFT01",
					"pose": {
						"translation": [
							139.6246795654297,
							142.41741943359375,
							0.06200496479868889
						],
						"rotation": [
							-0.009429268538951874,
							-0.003548444714397192,
							-0.9363457560539246,
							0.35093486309051514
						]
					},
					"odometry": {
						"position": [
							0.5956375551266363,
							-7.881907782770637,
							-0.013463787025840803
						],
						"orientation": [
							-0.019844496871896048,
							0.0003694574643245529,
							-0.936173570012115,
							0.3509773586085793
						],
						"linear": [
							0.0013019251637160778,
							0.0,
							0.0
						],
						"angular": [
							0.0,
							0.0,
							0.0007892969879321754
						]
					},
					"aabb": [
						123.72830238839224,
						140.78106257880327,
						-0.012377125925266791,
						124.70940952777059,
						141.7128333576931,
						0.16285877152536277
					],
					"joint_state": {
						"position": [
							-1.3039,
							4.957,
							1.0221,
							-5.9331,
							1.0237,
							-1.0801,
							0.0
						],
						"velocity": [
							-0.0031,
							0.0004,
							-0.0087,
							0.0007,
							-0.0199,
							0.0056,
							0.0
						],
						"effort": [
							0.0,
							0.0,
							0.0,
							0.0,
							0.0,
							0.0,
							0.0
						]
					},
					"lift_state": "lift_down"
				}
			}
		},
		"objects": {
			"Rack": {
				"Rack_02": {
					"name": "Rack_02",
					"pose": {
						"translation": [
							133.05699157714844,
							143.09999084472656,
							0.19921104609966278
						],
						"rotation": [
							0.983835756778717,
							0.1790735274553299,
							-4.97384462505579e-08,
							9.080395102500916e-09
						]
					}
				}
			}
		},
		"relationships": {
			"L-Rack": [
				[
					"AMR_LIFT01",
					"none"
				]
			]
		}
	},
	"timestamp_2": {
		"robots": {
			"ARMLIFT": {
				"AMR_LIFT01": {
					"name": "AMR_LIFT01",
					"pose": {
						"translation": [
							139.62496948242188,
							142.4171600341797,
							0.06200031191110611
						],
						"rotation": [
							-0.009433154948055744,
							-0.003537057898938656,
							-0.9363155364990234,
							0.3510152995586395
						]
					},
					"odometry": {
						"position": [
							0.5960086767092267,
							-7.881976112268389,
							-0.013466829638170943
						],
						"orientation": [
							-0.01985311417139134,
							0.0003663277373520527,
							-0.9361383581823166,
							0.35107078203889824
						],
						"linear": [
							0.011852197349071503,
							0.0,
							0.0
						],
						"angular": [
							0.0,
							0.0,
							0.0010851549450308084
						]
					},
					"aabb": [
						123.72816454532625,
						140.78096491700668,
						-0.012295505385228677,
						124.70920201776536,
						141.712836854846,
						0.16285923003909702
					],
					"joint_state": {
						"position": [
							-1.3044,
							4.9569,
							1.0332,
							-5.9347,
							1.0361,
							-1.0836,
							0.0
						],
						"velocity": [
							-0.004,
							0.0062,
							0.0171,
							-0.0157,
							0.0004,
							-0.0195,
							0.0
						],
						"effort": [
							0.0,
							0.0,
							0.0,
							0.0,
							0.0,
							0.0,
							0.0
						]
					},
					"lift_state": "lift_down"
				}
			}
		},
		"objects": {
			"Rack": {
				"Rack_02": {
					"name": "Rack_02",
					"pose": {
						"translation": [
							133.05699157714844,
							143.09999084472656,
							0.19921104609966278
						],
						"rotation": [
							0.983835756778717,
							0.1790735274553299,
							-4.97384462505579e-08,
							9.080395102500916e-09
						]
					}
				}
			}
		},
		"relationships": {
			"L-Rack": [
				[
					"AMR_LIFT01",
					"none"
				]
			]
		}
	},
	"timestamp_3": {
		"robots": {
			"ARMLIFT": {
				"AMR_LIFT01": {
					"name": "AMR_LIFT01",
					"pose": {
						"translation": [
							139.6251983642578,
							142.4169464111328,
							0.06200038641691208
						],
						"rotation": [
							-0.009425245225429535,
							-0.0035340923350304365,
							-0.9362843036651611,
							0.3510991036891937
						]
					},
					"odometry": {
						"position": [
							0.5961646908181409,
							-7.88238628043137,
							-0.013480143325845637
						],
						"orientation": [
							-0.01983978550115776,
							0.00038563546348451184,
							-0.9361121760320834,
							0.3511413220927366
						],
						"linear": [
							0.0009813643991947174,
							0.0,
							0.0
						],
						"angular": [
							0.0,
							0.0,
							0.0016852103872224689
						]
					},
					"aabb": [
						123.7282978214571,
						140.78118883696916,
						-0.012342219667149643,
						124.70931831499254,
						141.71308422222268,
						0.16285299834621117
					],
					"joint_state": {
						"position": [
							-1.3026,
							4.9575,
							1.0088,
							-5.9212,
							1.0188,
							-1.0736,
							0.0
						],
						"velocity": [
							-0.0252,
							-0.0411,
							-0.0992,
							0.0632,
							-0.1323,
							0.0621,
							0.0
						],
						"effort": [
							0.0,
							0.0,
							0.0,
							0.0,
							0.0,
							0.0,
							0.0
						]
					},
					"lift_state": "lift_down"
				}
			}
		},
		"objects": {
			"Rack": {
				"Rack_02": {
					"name": "Rack_02",
					"pose": {
						"translation": [
							133.05699157714844,
							143.09999084472656,
							0.19921104609966278
						],
						"rotation": [
							0.983835756778717,
							0.1790735274553299,
							-4.97384462505579e-08,
							9.080395102500916e-09
						]
					}
				}
			}
		},
		"relationships": {
			"L-Rack": [
				[
					"AMR_LIFT01",
					"none"
				]
			]
		}
	},
	"timestamp_4": {
		"robots": {
			"ARMLIFT": {
				"AMR_LIFT01": {
					"name": "AMR_LIFT01",
					"pose": {
						"translation": [
							139.62533569335938,
							142.41696166992188,
							0.062000349164009094
						],
						"rotation": [
							-0.00942289363592863,
							-0.003532527247443795,
							-0.936315655708313,
							0.35101550817489624
						]
					},