{
	"timestamp_0": {
		"robots": {
			"ARMLIFT": {
				"AMR_LIFT01": {
					"name": "AMR_LIFT01",
					"pose": {
						"translation": [
							139.6000213623047,
							142.5286102294922,
							0.06201431155204773
						],
						"rotation": [
							-0.009456529282033443,
							-0.003741905326023698,
							-0.9297682642936707,
							0.36800500750541687
						]
					},
					"odometry": {
						"position": [
							0.5709798284886537,
							-7.770717447946829,
							-0.012902653156217078
						],
						"orientation": [
							-0.019798326489314184,
							0.00036589409031555806,
							-0.9295957160147094,
							0.3680484983760118
						],
						"linear": [
							0.001185468747280538,
							0.0,
							0.0
						],
						"angular": [
							0.0,
							0.0,
							-0.0021652968134731054
						]
					},
					"aabb": [
						123.76397714118085,
						140.656759432634,
						-0.012825355284462388,
						124.73367882141935,
						141.60347630470503,
						0.16310319932493403
					],
					"joint_state": {
						"position": [
							-2.1271,
							4.3526,
							1.2421,
							-5.2463,
							1.2429,
							-0.4008,
							0.0
						],
						"velocity": [
							-0.0011,
							-0.0004,
							-0.0503,
							0.0273,
							-0.0793,
							0.0141,
							0.0
						],
						"effort": [
							0.0,
							0.0,
							0.0,
							0.0,
							0.0,
							0.0,
							0.0
						]
					},
					"lift_state": "lift_down"
				}
			}
		},
		"objects": {
			"Rack": {
				"Rack_02": {
					"name": "Rack_02",
					"pose": {
						"translation": [
							133.05699157714844,
							143.09999084472656,
							0.19921104609966278
						],
						"rotation": [
							0.983835756778717,
							0.1790735274553299,
							-4.97384462505579e-08,
							9.080395102500916e-09
						]
					}
				}
			}
		},
		"relationships": {
			"L-Rack": [
				[
					"AMR_LIFT01",
					"none"
				]
			]
		}
	},
	"timestamp_1": {
		"robots": {
			"ARMLIFT": {
				"AMR_LIFT01": {
					"name": "AMR_LIFT01",
					"pose": {
						"translation": [
							139.5999755859375,
							142.528564453125,
							0.0619998537003994
						],
						"rotation": [
							-0.009439135901629925,
							-0.0037363755982369184,
							-0.929755449295044,
							0.3680379390716553
						]
					},
					"odometry": {
						"position": [
							0.5709404553448608,
							-7.7707565411926085,
							-0.012916265682289346
						],
						"orientation": [
							-0.019780790250657567,
							0.0003717899354672036,
							-0.9295830999743988,
							0.3680812985622747
						],
						"linear": [
							0.0009632325964048505,
							0.0,
							0.0
						],
						"angular": [
							0.0,
							0.0,
							-0.0030635185539722443
						]
					},
					"aabb": [
						123.76437022374017,
						140.65647141316174,
						-0.012942292625275163,
						124.73410006368873,
						141.60314936844847,
						0.1630830944488392
					],
					"joint_state": {
						"position": [
							-2.1255,
							4.3536,
							1.2517,
							-5.2522,
							1.2396,
							-0.3977,
							0.0
						],
						"velocity": [
							0.0017,
							0.0127,
							-0.0425,
							0.02,
							-0.0145,
							0.0055,
							0.0
						],
						"effort": [
							0.0,
							0.0,
							0.0,
							0.0,
							0.0,
							0.0,
							0.0
						]
					},
					"lift_state": "lift_down"
				}
			}
		},
		"objects": {
			"Rack": {
				"Rack_02": {
					"name": "Rack_02",
					"pose": {
						"translation": [
							133.05699157714844,
							143.09999084472656,
							0.19921104609966278
						],
						"rotation": [
							0.983835756778717,
							0.1790735274553299,
							-4.97384462505579e-08,
							9.080395102500916e-09
						]
					}
				}
			}
		},
		"relationships": {
			"L-Rack": [
				[
					"AMR_LIFT01",
					"none"
				]
			]
		}
	},
	"timestamp_2": {
		"robots": {
			"ARMLIFT": {
				"AMR_LIFT01": {
					"name": "AMR_LIFT01",
					"pose": {
						"translation": [
							139.59974670410156,
							142.5283660888672,
							0.06201213598251343
						],
						"rotation": [
							-0.009444099850952625,
							-0.0037533510476350784,
							-0.9297031164169312,
							0.36816975474357605
						]
					},
					"odometry": {
						"position": [
							0.5707064239410695,
							-7.77096160779859,
							-0.012898712545842985
						],
						"orientation": [
							-0.01978517076586931,
							0.000356282199846798,
							-0.9295306948147334,
							0.3682133993732421
						],
						"linear": [
							-0.0009287541033700109,
							0.0,
							0.0
						],
						"angular": [
							0.0,
							0.0,
							0.0013310512294992805
						]
					},
					"aabb": [
						123.764227581323,
						140.65703397143162,
						-0.012884644395544004,
						124.73378533009372,
						141.60391415638574,
						0.16308030629601988
					],
					"joint_state": {
						"position": [
							-2.1243,
							4.3538,
							1.2551,
							-5.2508,
							1.2343,
							-0.4003,
							0.0
						],
						"velocity": [
							0.0151,
							-0.021,
							-0.0051,
							-0.035,
							0.0163,
							-0.0233,
							0.0
						],
						"effort": [
							0.0,
							0.0,
							0.0,
							0.0,
							0.0,
							0.0,
							0.0
						]
					},
					"lift_state": "lift_down"
				}
			}
		},
		"objects": {
			"Rack": {
				"Rack_02": {
					"name": "Rack_02",
					"pose": {
						"translation": [
							133.05699157714844,
							143.09999084472656,
							0.19921104609966278
						],
						"rotation": [
							0.983835756778717,
							0.1790735274553299,
							-4.97384462505579e-08,
							9.080395102500916e-09
						]
					}
				}
			}
		},
		"relationships": {
			"L-Rack": [
				[
					"AMR_LIFT01",
					"none"
				]
			]
		}
	},
	"timestamp_3": {
		"robots": {
			"ARMLIFT": {
				"AMR_LIFT01": {
					"name": "AMR_LIFT01",
					"pose": {
						"translation": [
							139.59971618652344,
							142.52835083007812,
							0.06200706213712692
						],
						"rotation": [
							-0.009440302848815918,
							-0.003750007366761565,
							-0.9296900629997253,
							0.3682030141353607
						]
					},
					"odometry": {
						"position": [
							0.5705987961692692,
							-7.770942102747175,
							-0.01290671931542802
						],
						"orientation": [
							-0.019784949146665884,
							0.00037752980287818753,
							-0.9295111648535691,
							0.3682626884047213
						],
						"linear": [
							0.0013597049983218312,
							0.0,
							0.0
						],
						"angular": [
							0.0,
							0.0,
							-0.0028708719182759523
						]
					},
					"aabb": [
						123.76431561801965,
						140.65697121955307,
						-0.012869607833732312,
						124.7338517351092,
						141.60387879458696,
						0.1630813295783689
					],
					"joint_state": {
						"position": [
							-2.1231,
							4.3545,
							1.2582,
							-5.2558,
							1.2373,
							-0.4052,
							0.0
						],
						"velocity": [
							0.0044,
							0.0203,
							0.0333,
							-0.022,
							0.0483,
							-0.0178,
							0.0
						],
						"effort": [
							0.0,
							0.0,
							0.0,
							0.0,
							0.0,
							0.0,
							0.0
						]
					},
					"lift_state": "lift_down"
				}
			}
		},
		"objects": {
			"Rack": {
				"Rack_02": {
					"name": "Rack_02",
					"pose": {
						"translation": [
							133.05699157714844,
							143.09999084472656,
							0.19921104609966278
						],
						"rotation": [
							0.983835756778717,
							0.1790735274553299,
							-4.97384462505579e-08,
							9.080395102500916e-09
						]
					}
				}
			}
		},
		"relationships": {
			"L-Rack": [
				[
					"AMR_LIFT01",
					"none"
				]
			]
		}
	},
	"timestamp_4": {
		"robots": {
			"ARMLIFT": {
				"AMR_LIFT01": {
					"name": "AMR_LIFT01",
					"pose": {
						"translation": [
							139.5997314453125,
							142.52781677246094,
							0.06199996918439865
						],
						"rotation": [
							-0.009437228552997112,
							-0.0037353418301790953,
							-0.9297648072242737,
							0.36801451444625854
						]
					},