{
	"timestamp_0": {
		"robots": {
			"ARMLIFT": {
				"AMR_LIFT01": {
					"name": "AMR_LIFT01",
					"pose": {
						"translation": [
							139.62098693847656,
							142.42311096191406,
							0.06200042739510536
						],
						"rotation": [
							-0.00945352390408516,
							-0.0035445806570351124,
							-0.936117947101593,
							0.35154151916503906
						]
					},
					"odometry": {
						"position": [
							0.5919564267359823,
							-7.8762146166106834,
							-0.013386221095181767
						],
						"orientation": [
							-0.019866206296533524,
							0.00038006881095506504,
							-0.9359454929248502,
							0.3515838785677493
						],
						"linear": [
							0.0012540206080302596,
							0.0,
							0.0
						],
						"angular": [
							0.0,
							0.0,
							0.0058257984928786755
						]
					},
					"aabb": [
						123.73266468082849,
						140.7747369808473,
						-0.012402837643062265,
						124.7133495840898,
						141.7071239055652,
						0.16287181333305834
					],
					"joint_state": {
						"position": [
							-1.339,
							4.9306,
							1.093,
							-5.9278,
							1.1056,
							-1.0796,
							0.0
						],
						"velocity": [
							0.0076,
							-0.0081,
							0.0256,
							-0.0242,
							0.0414,
							-0.0117,
							0.0
						],
						"effort": [
							0.0,
							0.0,
							0.0,
							0.0,
							0.0,
							0.0,
							0.0
						]
					},
					"lift_state": "lift_down"
				}
			}
		},
		"objects": {
			"Rack": {
				"Rack_02": {
					"name": "Rack_02",
					"pose": {
						"translation": [
							133.05699157714844,
							143.09999084472656,
							0.19921104609966278
						],
						"rotation": [
							0.983835756778717,
							0.1790735274553299,
							-4.97384462505579e-08,
							9.080395102500916e-09
						]
					}
				}
			}
		},
		"relationships": {
			"L-Rack": [
				[
					"AMR_LIFT01",
					"none"
				]
			]
		}
	},
	"timestamp_1": {
		"robots": {
			"ARMLIFT": {
				"AMR_LIFT01": {
					"name": "AMR_LIFT01",
					"pose": {
						"translation": [
							139.62107849121094,
							142.42276000976562,
							0.06200210377573967
						],
						"rotation": [
							-0.00945371389389038,
							-0.00355092016980052,
							-0.9361327886581421,
							0.35150185227394104
						]
					},
					"odometry": {
						"position": [
							0.5920345876137176,
							-7.8765661723950195,
							-0.013386317779565796
						],
						"orientation": [
							-0.019866564551129007,
							0.0003732888290236167,
							-0.9359603262132344,
							0.35154437561025176
						],
						"linear": [
							0.0022170015145093203,
							0.0,
							0.0
						],
						"angular": [
							0.0,
							0.0,
							0.0002956851967610419
						]
					},
					"aabb": [
						123.73242550122919,
						140.7751034549857,
						-0.01235726098740629,
						124.71311547878575,
						141.7074844190407,
						0.16287320371275538
					],
					"joint_state": {
						"position": [
							-1.3386,
							4.9311,
							1.0958,
							-5.9318,
							1.0935,
							-1.0807,
							0.0
						],
						"velocity": [
							0.0005,
							0.0006,
							-0.1551,
							0.0086,
							-0.0021,
							-0.0003,
							0.0
						],
						"effort": [
							0.0,
							0.0,
							0.0,
							0.0,
							0.0,
							0.0,
							0.0
						]
					},
					"lift_state": "lift_down"
				}
			}
		},
		"objects": {
			"Rack": {
				"Rack_02": {
					"name": "Rack_02",
					"pose": {
						"translation": [
							133.05699157714844,
							143.09999084472656,
							0.19921104609966278
						],
						"rotation": [
							0.983835756778717,
							0.1790735274553299,
							-4.97384462505579e-08,
							9.080395102500916e-09
						]
					}
				}
			}
		},
		"relationships": {
			"L-Rack": [
				[
					"AMR_LIFT01",
					"none"
				]
			]
		}
	},
	"timestamp_2": {
		"robots": {
			"ARMLIFT": {
				"AMR_LIFT01": {
					"name": "AMR_LIFT01",
					"pose": {
						"translation": [
							139.62132263183594,
							142.4226837158203,
							0.061999816447496414
						],
						"rotation": [
							-0.009450266137719154,
							-0.0035510475281625986,
							-0.9360657930374146,
							0.3516803979873657
						]
					},
					"odometry": {
						"position": [
							0.5922883842068796,
							-7.8766442885762675,
							-0.013394255553188052
						],
						"orientation": [
							-0.01986236653426399,
							0.0003751473812566063,
							-0.9358933682679037,
							0.3517228296432562
						],
						"linear": [
							-0.003571163397282362,
							0.0,
							0.0
						],
						"angular": [
							0.0,
							0.0,
							0.00024274301540572196
						]
					},
					"aabb": [
						123.73218132730733,
						140.77530367586456,
						-0.012242684759054824,
						124.71282067770076,
						141.70775770137837,
						0.1628744838834844
					],
					"joint_state": {
						"position": [
							-1.3365,
							4.9314,
							1.091,
							-5.9304,
							1.0955,
							-1.0862,
							0.0
						],
						"velocity": [
							-0.0012,
							-0.0013,
							0.0735,
							0.0867,
							0.0119,
							0.0045,
							0.0
						],
						"effort": [
							0.0,
							0.0,
							0.0,
							0.0,
							0.0,
							0.0,
							0.0
						]
					},
					"lift_state": "lift_down"
				}
			}
		},
		"objects": {
			"Rack": {
				"Rack_02": {
					"name": "Rack_02",
					"pose": {
						"translation": [
							133.05699157714844,
							143.09999084472656,
							0.19921104609966278
						],
						"rotation": [
							0.983835756778717,
							0.1790735274553299,
							-4.97384462505579e-08,
							9.080395102500916e-09
						]
					}
				}
			}
		},
		"relationships": {
			"L-Rack": [
				[
					"AMR_LIFT01",
					"none"
				]
			]
		}
	},
	"timestamp_3": {
		"robots": {
			"ARMLIFT": {
				"AMR_LIFT01": {
					"name": "AMR_LIFT01",
					"pose": {
						"translation": [
							139.62144470214844,
							142.4224395751953,
							0.06200633943080902
						],
						"rotation": [
							-0.009449856355786324,
							-0.003559645265340805,
							-0.9359935522079468,
							0.3518723249435425
						]
					},
					"odometry": {
						"position": [
							0.592405700509327,
							-7.876888410597769,
							-0.013390356469887515
						],
						"orientation": [
							-0.01986115653764669,
							0.00036868614568072943,
							-0.9358211228032526,
							0.35191508158470985
						],
						"linear": [
							0.00023352322750724852,
							0.0,
							0.0
						],
						"angular": [
							0.0,
							0.0,
							5.913819040870294e-05
						]
					},
					"aabb": [
						123.73233452439757,
						140.7752782286742,
						-0.012299271985723049,
						124.7128346975688,
						141.70793000381917,
						0.16287410527616067
					],
					"joint_state": {
						"position": [
							-1.3359,
							4.9309,
							1.0821,
							-5.9259,
							1.0813,
							-1.0833,
							0.0
						],
						"velocity": [
							0.0005,
							0.0005,
							0.0192,
							-0.0021,
							-0.0277,
							-0.0007,
							0.0
						],
						"effort": [
							0.0,
							0.0,
							0.0,
							0.0,
							0.0,
							0.0,
							0.0
						]
					},
					"lift_state": "lift_down"
				}
			}
		},
		"objects": {
			"Rack": {
				"Rack_02": {
					"name": "Rack_02",
					"pose": {
						"translation": [
							133.05699157714844,
							143.09999084472656,
							0.19921104609966278
						],
						"rotation": [
							0.983835756778717,
							0.1790735274553299,
							-4.97384462505579e-08,
							9.080395102500916e-09
						]
					}
				}
			}
		},
		"relationships": {
			"L-Rack": [
				[
					"AMR_LIFT01",
					"none"
				]
			]
		}
	},
	"timestamp_4": {
		"robots": {
			"ARMLIFT": {
				"AMR_LIFT01": {
					"name": "AMR_LIFT01",
					"pose": {
						"translation": [
							139.6216583251953,
							142.42236328125,
							0.06199989095330238
						],
						"rotation": [
							-0.009440052323043346,
							-0.0035516340285539627,
							-0.9359259605407715,
							0.35205262899398804
						]
					},