{
	"timestamp_0": {
		"robots": {
			"ARMLIFT": {
				"AMR_LIFT01": {
					"name": "AMR_LIFT01",
					"pose": {
						"translation": [
							139.6178436279297,
							142.43040466308594,
							0.06200141832232475
						],
						"rotation": [
							-0.009390507824718952,
							-0.0035427382681518793,
							-0.9354951977729797,
							0.3531971573829651
						]
					},
					"odometry": {
						"position": [
							0.5888123128352921,
							-7.868919845415174,
							-0.013315073020828393
						],
						"orientation": [
							-0.019796240490775247,
							0.00040032973463742874,
							-0.9353234412663736,
							0.3532393081413277
						],
						"linear": [
							0.014214485883712769,
							0.0,
							0.0
						],
						"angular": [
							0.0,
							0.0,
							0.004073157906532288
						]
					},
					"aabb": [
						123.73675267961067,
						140.76627871216073,
						-0.014044390127310645,
						124.71640217398108,
						141.70011438392564,
						0.1628676244223302
					],
					"joint_state": {
						"position": [
							-1.3799,
							4.8965,
							0.9186,
							-5.7799,
							0.9302,
							-0.9573,
							0.0
						],
						"velocity": [
							-0.1269,
							-0.1333,
							-0.2055,
							0.0066,
							-0.216,
							0.0043,
							0.0
						],
						"effort": [
							0.0,
							0.0,
							0.0,
							0.0,
							0.0,
							0.0,
							0.0
						]
					},
					"lift_state": "lift_down"
				}
			}
		},
		"objects": {
			"Rack": {
				"Rack_02": {
					"name": "Rack_02",
					"pose": {
						"translation": [
							133.05699157714844,
							143.09999084472656,
							0.19921104609966278
						],
						"rotation": [
							0.983835756778717,
							0.1790735274553299,
							-4.97384462505579e-08,
							9.080395102500916e-09
						]
					}
				}
			}
		},
		"relationships": {
			"L-Rack": [
				[
					"AMR_LIFT01",
					"none"
				]
			]
		}
	},
	"timestamp_1": {
		"robots": {
			"ARMLIFT": {
				"AMR_LIFT01": {
					"name": "AMR_LIFT01",
					"pose": {
						"translation": [
							139.6180877685547,
							142.43072509765625,
							0.06200065463781357
						],
						"rotation": [
							-0.009395221248269081,
							-0.003539217635989189,
							-0.9355909824371338,
							0.35294318199157715
						]
					},
					"odometry": {
						"position": [
							0.5890563593668734,
							-7.86860733335768,
							-0.01332127091882325
						],
						"orientation": [
							-0.019802024465965063,
							0.00040102518144095254,
							-0.935419177754337,
							0.3529853834017117
						],
						"linear": [
							-0.0015448093181475997,
							0.0,
							0.0
						],
						"angular": [
							0.0,
							0.0,
							-0.0035383119247853756
						]
					},
					"aabb": [
						123.73673785163497,
						140.76587130017322,
						-0.01404307770179696,
						124.71645365194502,
						141.69961437620054,
						0.16286670187114421
					],
					"joint_state": {
						"position": [
							-1.3777,
							4.8977,
							0.9308,
							-5.7818,
							0.9455,
							-0.9606,
							0.0
						],
						"velocity": [
							0.0014,
							0.0107,
							0.0239,
							-0.0369,
							0.044,
							0.0047,
							0.0
						],
						"effort": [
							0.0,
							0.0,
							0.0,
							0.0,
							0.0,
							0.0,
							0.0
						]
					},
					"lift_state": "lift_down"
				}
			}
		},
		"objects": {
			"Rack": {
				"Rack_02": {
					"name": "Rack_02",
					"pose": {
						"translation": [
							133.05699157714844,
							143.09999084472656,
							0.19921104609966278
						],
						"rotation": [
							0.983835756778717,
							0.1790735274553299,
							-4.97384462505579e-08,
							9.080395102500916e-09
						]
					}
				}
			}
		},
		"relationships": {
			"L-Rack": [
				[
					"AMR_LIFT01",
					"none"
				]
			]
		}
	},
	"timestamp_2": {
		"robots": {
			"ARMLIFT": {
				"AMR_LIFT01": {
					"name": "AMR_LIFT01",
					"pose": {
						"translation": [
							139.61851501464844,
							142.4301300048828,
							0.06200183555483818
						],
						"rotation": [
							-0.009395561181008816,
							-0.0035482984967529774,
							-0.9355814456939697,
							0.35296833515167236
						]
					},
					"odometry": {
						"position": [
							0.5894859984414513,
							-7.8691932467789005,
							-0.013329626105350427
						],
						"orientation": [
							-0.019802258913164665,
							0.0003922248587527526,
							-0.9354096281729012,
							0.3530106857065815
						],
						"linear": [
							-0.0008274292922578752,
							0.0,
							0.0
						],
						"angular": [
							0.0,
							0.0,
							-0.009266211651265621
						]
					},
					"aabb": [
						123.736215408789,
						140.76649749604076,
						-0.014034940264068234,
						124.71602820645006,
						141.70010432479683,
						0.1628659072263133
					],
					"joint_state": {
						"position": [
							-1.3766,
							4.8975,
							0.9385,
							-5.7834,
							0.9377,
							-0.9605,
							0.0
						],
						"velocity": [
							0.0117,
							0.0105,
							0.22,
							-0.0942,
							0.1187,
							-0.1108,
							0.0
						],
						"effort": [
							0.0,
							0.0,
							0.0,
							0.0,
							0.0,
							0.0,
							0.0
						]
					},
					"lift_state": "lift_down"
				}
			}
		},
		"objects": {
			"Rack": {
				"Rack_02": {
					"name": "Rack_02",
					"pose": {
						"translation": [
							133.05699157714844,
							143.09999084472656,
							0.19921104609966278
						],
						"rotation": [
							0.983835756778717,
							0.1790735274553299,
							-4.97384462505579e-08,
							9.080395102500916e-09
						]
					}
				}
			}
		},
		"relationships": {
			"L-Rack": [
				[
					"AMR_LIFT01",
					"none"
				]
			]
		}
	},
	"timestamp_3": {
		"robots": {
			"ARMLIFT": {
				"AMR_LIFT01": {
					"name": "AMR_LIFT01",
					"pose": {
						"translation": [
							139.6182861328125,
							142.4301300048828,
							0.06200183555483818
						],
						"rotation": [
							-0.00940144993364811,
							-0.003547223750501871,
							-0.9356889128684998,
							0.35268330574035645
						]
					},
					"odometry": {
						"position": [
							0.5892615261538421,
							-7.86913465734453,
							-0.013320828795463693
						],
						"orientation": [
							-0.019805840164304558,
							0.0003765702375616535,
							-0.935525582293172,
							0.35270309293407687
						],
						"linear": [
							-0.0008308004471473396,
							0.0,
							0.0
						],
						"angular": [
							0.0,
							0.0,
							0.0005722344503737986
						]
					},
					"aabb": [
						123.73599171410213,
						140.76697234233268,
						-0.014033553015188195,
						124.71594634445097,
						141.70038152458403,
						0.16287130541040773
					],
					"joint_state": {
						"position": [
							-1.3758,
							4.8971,
							0.9564,
							-5.7832,
							0.9525,
							-0.9622,
							0.0
						],
						"velocity": [
							-0.02,
							-0.0153,
							0.1256,
							-0.0478,
							0.1292,
							-0.0642,
							0.0
						],
						"effort": [
							0.0,
							0.0,
							0.0,
							0.0,
							0.0,
							0.0,
							0.0
						]
					},
					"lift_state": "lift_down"
				}
			}
		},
		"objects": {
			"Rack": {
				"Rack_02": {
					"name": "Rack_02",
					"pose": {
						"translation": [
							133.05699157714844,
							143.09999084472656,
							0.19921104609966278
						],
						"rotation": [
							0.983835756778717,
							0.1790735274553299,
							-4.97384462505579e-08,
							9.080395102500916e-09
						]
					}
				}
			}
		},
		"relationships": {
			"L-Rack": [
				[
					"AMR_LIFT01",
					"none"
				]
			]
		}
	},
	"timestamp_4": {
		"robots": {
			"ARMLIFT": {
				"AMR_LIFT01": {
					"name": "AMR_LIFT01",
					"pose": {
						"translation": [
							139.61810302734375,
							142.42991638183594,
							0.062000006437301636
						],
						"rotation": [
							-0.009403836913406849,
							-0.0035441964864730835,
							-0.9357008337974548,
							0.3526514172554016
						]
					},