{
	"timestamp_0": {
		"robots": {
			"ARMLIFT": {
				"AMR_LIFT01": {
					"name": "AMR_LIFT01",
					"pose": {
						"translation": [
							139.57501220703125,
							142.5876007080078,
							0.06200404837727547
						],
						"rotation": [
							-0.009294138289988041,
							-0.0037010167725384235,
							-0.9285567998886108,
							0.3710556924343109
						]
					},
					"odometry": {
						"position": [
							0.5459826955319168,
							-7.711734304348821,
							-0.01235490696385538
						],
						"orientation": [
							-0.01962242191143522,
							0.00044071887006715086,
							-0.9283860930846507,
							0.371098408097132
						],
						"linear": [
							0.00011899307719431818,
							0.0,
							0.0
						],
						"angular": [
							0.0,
							0.0,
							0.0025744212325662374
						]
					},
					"aabb": [
						123.79129937763369,
						140.59517630442159,
						-0.012020763540651616,
						124.7587560408987,
						141.544448280691,
						0.16315788128510406
					],
					"joint_state": {
						"position": [
							-2.4674,
							4.0995,
							0.8062,
							-4.7532,
							0.7962,
							0.1656,
							0.0
						],
						"velocity": [
							0.01,
							-0.0179,
							0.0429,
							-0.015,
							0.0134,
							-0.0139,
							0.0
						],
						"effort": [
							0.0,
							0.0,
							0.0,
							0.0,
							0.0,
							0.0,
							0.0
						]
					},
					"lift_state": "lift_down"
				}
			}
		},
		"objects": {
			"Rack": {
				"Rack_02": {
					"name": "Rack_02",
					"pose": {
						"translation": [
							133.05699157714844,
							143.09999084472656,
							0.19921104609966278
						],
						"rotation": [
							0.983835756778717,
							0.1790735274553299,
							-4.97384462505579e-08,
							9.080395102500916e-09
						]
					}
				}
			}
		},
		"relationships": {
			"L-Rack": [
				[
					"AMR_LIFT01",
					"none"
				]
			]
		}
	},
	"timestamp_1": {
		"robots": {
			"ARMLIFT": {
				"AMR_LIFT01": {
					"name": "AMR_LIFT01",
					"pose": {
						"translation": [
							139.5751495361328,
							142.58738708496094,
							0.06201675161719322
						],
						"rotation": [
							-0.009305119514465332,
							-0.003708892036229372,
							-0.9285953044891357,
							0.3709588944911957
						]
					},
					"odometry": {
						"position": [
							0.5461099118601981,
							-7.711949116646535,
							-0.012345009405887663
						],
						"orientation": [
							-0.019633833881424805,
							0.000431767448609184,
							-0.9284244678714677,
							0.37100179730234323
						],
						"linear": [
							-0.00195438414812088,
							0.0,
							0.0
						],
						"angular": [
							0.0,
							0.0,
							-0.006501571275293827
						]
					},
					"aabb": [
						123.79085486092872,
						140.5958315262406,
						-0.012024134285882903,
						124.75834822613913,
						141.5450587767241,
						0.16314577374031458
					],
					"joint_state": {
						"position": [
							-2.467,
							4.1005,
							0.8028,
							-4.7504,
							0.7912,
							0.1706,
							0.0
						],
						"velocity": [
							0.0332,
							0.0477,
							0.1692,
							-0.0818,
							0.2232,
							-0.048,
							0.0
						],
						"effort": [
							0.0,
							0.0,
							0.0,
							0.0,
							0.0,
							0.0,
							0.0
						]
					},
					"lift_state": "lift_down"
				}
			}
		},
		"objects": {
			"Rack": {
				"Rack_02": {
					"name": "Rack_02",
					"pose": {
						"translation": [
							133.05699157714844,
							143.09999084472656,
							0.19921104609966278
						],
						"rotation": [
							0.983835756778717,
							0.1790735274553299,
							-4.97384462505579e-08,
							9.080395102500916e-09
						]
					}
				}
			}
		},
		"relationships": {
			"L-Rack": [
				[
					"AMR_LIFT01",
					"none"
				]
			]
		}
	},
	"timestamp_2": {
		"robots": {
			"ARMLIFT": {
				"AMR_LIFT01": {
					"name": "AMR_LIFT01",
					"pose": {
						"translation": [
							139.57540893554688,
							142.5872802734375,
							0.062013931572437286
						],
						"rotation": [
							-0.009299006313085556,
							-0.003712382633239031,
							-0.9286642074584961,
							0.37078648805618286
						]
					},
					"odometry": {
						"position": [
							0.5463734602884068,
							-7.7120467646973,
							-0.012353721901782428
						],
						"orientation": [
							-0.019628489944705108,
							0.00042635952476831644,
							-0.9284934357512193,
							0.3708294491635514
						],
						"linear": [
							7.86980235716328e-05,
							0.0,
							0.0
						],
						"angular": [
							0.0,
							0.0,
							-0.0012725437991321087
						]
					},
					"aabb": [
						123.79054234179121,
						140.59599387569688,
						-0.012031949926171768,
						124.75822568084521,
						141.54500647335965,
						0.1631501481122355
					],
					"joint_state": {
						"position": [
							-2.4658,
							4.1008,
							0.8044,
							-4.7469,
							0.793,
							0.17,
							0.0
						],
						"velocity": [
							-0.0018,
							-0.002,
							0.0328,
							-0.0031,
							0.0197,
							-0.003,
							0.0
						],
						"effort": [
							0.0,
							0.0,
							0.0,
							0.0,
							0.0,
							0.0,
							0.0
						]
					},
					"lift_state": "lift_down"
				}
			}
		},
		"objects": {
			"Rack": {
				"Rack_02": {
					"name": "Rack_02",
					"pose": {
						"translation": [
							133.05699157714844,
							143.09999084472656,
							0.19921104609966278
						],
						"rotation": [
							0.983835756778717,
							0.1790735274553299,
							-4.97384462505579e-08,
							9.080395102500916e-09
						]
					}
				}
			}
		},
		"relationships": {
			"L-Rack": [
				[
					"AMR_LIFT01",
					"none"
				]
			]
		}
	},
	"timestamp_3": {
		"robots": {
			"ARMLIFT": {
				"AMR_LIFT01": {
					"name": "AMR_LIFT01",
					"pose": {
						"translation": [
							139.57537841796875,
							142.58689880371094,
							0.06200679764151573
						],
						"rotation": [
							-0.009275129064917564,
							-0.003727411152794957,
							-0.928587794303894,
							0.37097832560539246
						]
					},
					"odometry": {
						"position": [
							0.5463440326158117,
							-7.712437406090042,
							-0.012360203353423966
						],
						"orientation": [
							-0.019603761040945914,
							0.0004134664196414142,
							-0.9284172731216367,
							0.37102141254643733
						],
						"linear": [
							0.000827417999971658,
							0.0,
							0.0
						],
						"angular": [
							0.0,
							0.0,
							0.0004393712733872235
						]
					},
					"aabb": [
						123.7904985952124,
						140.59638561143254,
						-0.01203131502678066,
						124.75803915476772,
						141.54556140353338,
						0.16315302533698117
					],
					"joint_state": {
						"position": [
							-2.4653,
							4.1019,
							0.8041,
							-4.7564,
							0.7749,
							0.1699,
							0.0
						],
						"velocity": [
							-0.0006,
							-0.0003,
							0.0155,
							0.0012,
							-0.2384,
							0.0744,
							0.0
						],
						"effort": [
							0.0,
							0.0,
							0.0,
							0.0,
							0.0,
							0.0,
							0.0
						]
					},
					"lift_state": "lift_down"
				}
			}
		},
		"objects": {
			"Rack": {
				"Rack_02": {
					"name": "Rack_02",
					"pose": {
						"translation": [
							133.05699157714844,
							143.09999084472656,
							0.19921104609966278
						],
						"rotation": [
							0.983835756778717,
							0.1790735274553299,
							-4.97384462505579e-08,
							9.080395102500916e-09
						]
					}
				}
			}
		},
		"relationships": {
			"L-Rack": [
				[
					"AMR_LIFT01",
					"none"
				]
			]
		}
	},
	"timestamp_4": {
		"robots": {
			"ARMLIFT": {
				"AMR_LIFT01": {
					"name": "AMR_LIFT01",
					"pose": {
						"translation": [
							139.57525634765625,
							142.58697509765625,
							0.06200698763132095
						],
						"rotation": [
							-0.009303824976086617,
							-0.0036906274035573006,
							-0.9287484884262085,
							0.37057560682296753
						]
					},