{
	"timestamp_0": {
		"robots": {
			"ARMLIFT": {
				"AMR_LIFT01": {
					"name": "AMR_LIFT01",
					"pose": {
						"translation": [
							139.61961364746094,
							142.43212890625,
							0.062004659324884415
						],
						"rotation": [
							-0.009396256878972054,
							-0.0035404956433922052,
							-0.9358853697776794,
							0.35216188430786133
						]
					},
					"odometry": {
						"position": [
							0.590579435199537,
							-7.867200991726822,
							-0.013351114982651138
						],
						"orientation": [
							-0.01980634406506023,
							0.0003910556317822286,
							-0.9357135548877809,
							0.3522040587635831
						],
						"linear": [
							0.000349503883626312,
							0.0,
							0.0
						],
						"angular": [
							0.0,
							0.0,
							0.0013088859850540757
						]
					},
					"aabb": [
						123.73451668470263,
						140.76515403255576,
						-0.014272139900562008,
						124.71480699729882,
						141.69808230329343,
						0.16287247006657884
					],
					"joint_state": {
						"position": [
							-1.4013,
							4.884,
							0.9212,
							-5.7806,
							0.9226,
							-0.9335,
							0.0
						],
						"velocity": [
							0.0053,
							0.0048,
							0.1944,
							-0.1329,
							0.1948,
							-0.1141,
							0.0
						],
						"effort": [
							0.0,
							0.0,
							0.0,
							0.0,
							0.0,
							0.0,
							0.0
						]
					},
					"lift_state": "lift_down"
				}
			}
		},
		"objects": {
			"Rack": {
				"Rack_02": {
					"name": "Rack_02",
					"pose": {
						"translation": [
							133.05699157714844,
							143.09999084472656,
							0.19921104609966278
						],
						"rotation": [
							0.983835756778717,
							0.1790735274553299,
							-4.97384462505579e-08,
							9.080395102500916e-09
						]
					}
				}
			}
		},
		"relationships": {
			"L-Rack": [
				[
					"AMR_LIFT01",
					"none"
				]
			]
		}
	},
	"timestamp_1": {
		"robots": {
			"ARMLIFT": {
				"AMR_LIFT01": {
					"name": "AMR_LIFT01",
					"pose": {
						"translation": [
							139.61990356445312,
							142.43191528320312,
							0.062001265585422516
						],
						"rotation": [
							-0.00940048135817051,
							-0.003529112786054611,
							-0.9359711408615112,
							0.35193371772766113
						]
					},
					"odometry": {
						"position": [
							0.590969886760867,
							-7.867533011234963,
							-0.013364045156701164
						],
						"orientation": [
							-0.01980860701566195,
							0.00039466182987776935,
							-0.9357896607405543,
							0.35200166786709625
						],
						"linear": [
							0.0013251684140414,
							0.0,
							0.0
						],
						"angular": [
							0.0,
							0.0,
							-0.0005557306576520205
						]
					},
					"aabb": [
						123.73381542724407,
						140.76583355760792,
						-0.014207903003749531,
						124.71424605065981,
						141.6985646964462,
						0.1628718672755879
					],
					"joint_state": {
						"position": [
							-1.4006,
							4.8848,
							0.9321,
							-5.7878,
							0.9394,
							-0.9422,
							0.0
						],
						"velocity": [
							0.0128,
							0.01,
							0.0121,
							-0.0486,
							0.0418,
							-0.0211,
							0.0
						],
						"effort": [
							0.0,
							0.0,
							0.0,
							0.0,
							0.0,
							0.0,
							0.0
						]
					},
					"lift_state": "lift_down"
				}
			}
		},
		"objects": {
			"Rack": {
				"Rack_02": {
					"name": "Rack_02",
					"pose": {
						"translation": [
							133.05699157714844,
							143.09999084472656,
							0.19921104609966278
						],
						"rotation": [
							0.983835756778717,
							0.1790735274553299,
							-4.97384462505579e-08,
							9.080395102500916e-09
						]
					}
				}
			}
		},
		"relationships": {
			"L-Rack": [
				[
					"AMR_LIFT01",
					"none"
				]
			]
		}
	},
	"timestamp_2": {
		"robots": {
			"ARMLIFT": {
				"AMR_LIFT01": {
					"name": "AMR_LIFT01",
					"pose": {
						"translation": [
							139.62037658691406,
							142.43124389648438,
							0.06200427934527397
						],
						"rotation": [
							-0.009409039281308651,
							-0.0035320925526320934,
							-0.9360077381134033,
							0.3518359661102295
						]
					},
					"odometry": {
						"position": [
							0.591341003295339,
							-7.868089625669846,
							-0.013368479647128983
						],
						"orientation": [
							-0.019820498887356104,
							0.0003958335730833516,
							-0.9358357902659311,
							0.3518783380615793
						],
						"linear": [
							0.0009592761634849012,
							0.0,
							0.0
						],
						"angular": [
							0.0,
							0.0,
							0.001330456929281354
						]
					},
					"aabb": [
						123.73389775412811,
						140.76591467263822,
						-0.01416458091007423,
						124.71435471875115,
						141.69860855746384,
						0.16287260549352647
					],
					"joint_state": {
						"position": [
							-1.4,
							4.8851,
							0.9501,
							-5.7982,
							0.9544,
							-0.9527,
							0.0
						],
						"velocity": [
							0.0229,
							-0.0041,
							0.0487,
							-0.0447,
							0.1268,
							-0.159,
							0.0
						],
						"effort": [
							0.0,
							0.0,
							0.0,
							0.0,
							0.0,
							0.0,
							0.0
						]
					},
					"lift_state": "lift_down"
				}
			}
		},
		"objects": {
			"Rack": {
				"Rack_02": {
					"name": "Rack_02",
					"pose": {
						"translation": [
							133.05699157714844,
							143.09999084472656,
							0.19921104609966278
						],
						"rotation": [
							0.983835756778717,
							0.1790735274553299,
							-4.97384462505579e-08,
							9.080395102500916e-09
						]
					}
				}
			}
		},
		"relationships": {
			"L-Rack": [
				[
					"AMR_LIFT01",
					"none"
				]
			]
		}
	},
	"timestamp_3": {
		"robots": {
			"ARMLIFT": {
				"AMR_LIFT01": {
					"name": "AMR_LIFT01",
					"pose": {
						"translation": [
							139.62051391601562,
							142.43106079101562,
							0.06200401112437248
						],
						"rotation": [
							-0.009410682134330273,
							-0.003541810205206275,
							-0.9359884858131409,
							0.3518870174884796
						]
					},
					"odometry": {
						"position": [
							0.591497119247802,
							-7.8682751739343,
							-0.013376682599190282
						],
						"orientation": [
							-0.019817170985146466,
							0.000393368457555698,
							-0.935812992584853,
							0.3519391536967491
						],
						"linear": [
							-0.0006472201785072684,
							0.0,
							0.0
						],
						"angular": [
							0.0,
							0.0,
							0.00011349724081810564
						]
					},
					"aabb": [
						123.73355963378313,
						140.76633982558198,
						-0.014035236026599547,
						124.71405359892766,
						141.6989828267623,
						0.1628765613629524
					],
					"joint_state": {
						"position": [
							-1.3993,
							4.8865,
							0.9625,
							-5.805,
							0.9748,
							-0.9623,
							0.0
						],
						"velocity": [
							0.0009,
							0.0007,
							0.1388,
							-0.0974,
							0.0393,
							0.0001,
							0.0
						],
						"effort": [
							0.0,
							0.0,
							0.0,
							0.0,
							0.0,
							0.0,
							0.0
						]
					},
					"lift_state": "lift_down"
				}
			}
		},
		"objects": {
			"Rack": {
				"Rack_02": {
					"name": "Rack_02",
					"pose": {
						"translation": [
							133.05699157714844,
							143.09999084472656,
							0.19921104609966278
						],
						"rotation": [
							0.983835756778717,
							0.1790735274553299,
							-4.97384462505579e-08,
							9.080395102500916e-09
						]
					}
				}
			}
		},
		"relationships": {
			"L-Rack": [
				[
					"AMR_LIFT01",
					"none"
				]
			]
		}
	},
	"timestamp_4": {
		"robots": {
			"ARMLIFT": {
				"AMR_LIFT01": {
					"name": "AMR_LIFT01",
					"pose": {
						"translation": [
							139.62017822265625,
							142.43115234375,
							0.06200328841805458
						],
						"rotation": [
							-0.009415472857654095,
							-0.003531140275299549,
							-0.9360079169273376,
							0.35183534026145935
						]
					},