{
	"timestamp_0": {
		"robots": {
			"ARMLIFT": {
				"AMR_LIFT01": {
					"name": "AMR_LIFT01",
					"pose": {
						"translation": [
							139.57614135742188,
							142.5860595703125,
							0.06200450658798218
						],
						"rotation": [
							-0.009282109327614307,
							-0.0037142669316381216,
							-0.9285857081413269,
							0.37098339200019836
						]
					},
					"odometry": {
						"position": [
							0.5471055555470462,
							-7.713267449900391,
							-0.012379456982367365
						],
						"orientation": [
							-0.01961071972206322,
							0.0004266662166091385,
							-0.9284151222187773,
							0.3710264120833114
						],
						"linear": [
							-0.003788092639297247,
							0.0,
							0.0
						],
						"angular": [
							0.0,
							0.0,
							-0.0005561654106713831
						]
					},
					"aabb": [
						123.78996775000586,
						140.5970340698834,
						-0.012078551632398933,
						124.75751248237528,
						141.54620511627994,
						0.1631536023559663
					],
					"joint_state": {
						"position": [
							-2.461,
							4.1044,
							0.8114,
							-4.7609,
							0.7823,
							0.167,
							0.0
						],
						"velocity": [
							0.0222,
							0.0225,
							-0.0623,
							-0.0198,
							-0.1625,
							0.0731,
							0.0
						],
						"effort": [
							0.0,
							0.0,
							0.0,
							0.0,
							0.0,
							0.0,
							0.0
						]
					},
					"lift_state": "lift_down"
				}
			}
		},
		"objects": {
			"Rack": {
				"Rack_02": {
					"name": "Rack_02",
					"pose": {
						"translation": [
							133.05699157714844,
							143.09999084472656,
							0.19921104609966278
						],
						"rotation": [
							0.983835756778717,
							0.1790735274553299,
							-4.97384462505579e-08,
							9.080395102500916e-09
						]
					}
				}
			}
		},
		"relationships": {
			"L-Rack": [
				[
					"AMR_LIFT01",
					"none"
				]
			]
		}
	},
	"timestamp_1": {
		"robots": {
			"ARMLIFT": {
				"AMR_LIFT01": {
					"name": "AMR_LIFT01",
					"pose": {
						"translation": [
							139.57606506347656,
							142.58583068847656,
							0.06201000139117241
						],
						"rotation": [
							-0.009282989427447319,
							-0.0037199975922703743,
							-0.9285892844200134,
							0.37097448110580444
						]
					},
					"odometry": {
						"position": [
							0.5470373471829981,
							-7.713492052503466,
							-0.012372448831422906
						],
						"orientation": [
							-0.019611637247814038,
							0.00042083629650317635,
							-0.9284186830922823,
							0.37101745978654993
						],
						"linear": [
							-0.005313575267791748,
							0.0,
							0.0
						],
						"angular": [
							0.0,
							0.0,
							-0.0005382024100981653
						]
					},
					"aabb": [
						123.78979116738148,
						140.59743403489657,
						-0.01207397805152589,
						124.75735791814445,
						141.54658413603295,
						0.1631681920693995
					],
					"joint_state": {
						"position": [
							-2.4593,
							4.1046,
							0.7974,
							-4.7547,
							0.7715,
							0.1693,
							0.0
						],
						"velocity": [
							0.0626,
							0.0623,
							0.1549,
							-0.0677,
							-0.1358,
							-0.0519,
							0.0
						],
						"effort": [
							0.0,
							0.0,
							0.0,
							0.0,
							0.0,
							0.0,
							0.0
						]
					},
					"lift_state": "lift_down"
				}
			}
		},
		"objects": {
			"Rack": {
				"Rack_02": {
					"name": "Rack_02",
					"pose": {
						"translation": [
							133.05699157714844,
							143.09999084472656,
							0.19921104609966278
						],
						"rotation": [
							0.983835756778717,
							0.1790735274553299,
							-4.97384462505579e-08,
							9.080395102500916e-09
						]
					}
				}
			}
		},
		"relationships": {
			"L-Rack": [
				[
					"AMR_LIFT01",
					"none"
				]
			]
		}
	},
	"timestamp_2": {
		"robots": {
			"ARMLIFT": {
				"AMR_LIFT01": {
					"name": "AMR_LIFT01",
					"pose": {
						"translation": [
							139.57664489746094,
							142.58517456054688,
							0.06201675161719322
						],
						"rotation": [
							-0.00928915198892355,
							-0.0037366419564932585,
							-0.9286872148513794,
							0.37072882056236267
						]
					},
					"odometry": {
						"position": [
							0.5476135609985877,
							-7.714156072429441,
							-0.012378561378579364
						],
						"orientation": [
							-0.019618895248155514,
							0.0004014607598115286,
							-0.9285165289470061,
							0.3707721581385309
						],
						"linear": [
							0.006302697584033012,
							0.0,
							0.0
						],
						"angular": [
							0.0,
							0.0,
							-0.002239902736619115
						]
					},
					"aabb": [
						123.78891824229301,
						140.59810491080475,
						-0.012107033569057384,
						124.75660578856045,
						141.54711519575832,
						0.1631625129928922
					],
					"joint_state": {
						"position": [
							-2.4595,
							4.1041,
							0.818,
							-4.7654,
							0.7961,
							0.1624,
							0.0
						],
						"velocity": [
							0.0047,
							0.0042,
							-0.0757,
							-0.0417,
							-0.0084,
							-0.0202,
							0.0
						],
						"effort": [
							0.0,
							0.0,
							0.0,
							0.0,
							0.0,
							0.0,
							0.0
						]
					},
					"lift_state": "lift_down"
				}
			}
		},
		"objects": {
			"Rack": {
				"Rack_02": {
					"name": "Rack_02",
					"pose": {
						"translation": [
							133.05699157714844,
							143.09999084472656,
							0.19921104609966278
						],
						"rotation": [
							0.983835756778717,
							0.1790735274553299,
							-4.97384462505579e-08,
							9.080395102500916e-09
						]
					}
				}
			}
		},
		"relationships": {
			"L-Rack": [
				[
					"AMR_LIFT01",
					"none"
				]
			]
		}
	},
	"timestamp_3": {
		"robots": {
			"ARMLIFT": {
				"AMR_LIFT01": {
					"name": "AMR_LIFT01",
					"pose": {
						"translation": [
							139.57713317871094,
							142.58453369140625,
							0.06201061233878136
						],
						"rotation": [
							-0.009280908852815628,
							-0.003738733474165201,
							-0.9286972880363464,
							0.3707040548324585
						]
					},
					"odometry": {
						"position": [
							0.5481016180557171,
							-7.714800591180508,
							-0.012395603861854438
						],
						"orientation": [
							-0.019610758193792686,
							0.00039909312043965293,
							-0.9285266919259684,
							0.3707471392590423
						],
						"linear": [
							0.002085236134007573,
							0.0,
							0.0
						],
						"angular": [
							0.0,
							0.0,
							-0.0018557216972112656
						]
					},
					"aabb": [
						123.78890058777169,
						140.5986196886278,
						-0.012105188457668638,
						124.75665885600456,
						141.54754584323274,
						0.1631452222412888
					],
					"joint_state": {
						"position": [
							-2.4581,
							4.1049,
							0.8229,
							-4.7673,
							0.7997,
							0.1609,
							0.0
						],
						"velocity": [
							-0.0248,
							-0.0062,
							0.0507,
							-0.0603,
							0.0793,
							-0.0451,
							0.0
						],
						"effort": [
							0.0,
							0.0,
							0.0,
							0.0,
							0.0,
							0.0,
							0.0
						]
					},
					"lift_state": "lift_down"
				}
			}
		},
		"objects": {
			"Rack": {
				"Rack_02": {
					"name": "Rack_02",
					"pose": {
						"translation": [
							133.05699157714844,
							143.09999084472656,
							0.19921104609966278
						],
						"rotation": [
							0.983835756778717,
							0.1790735274553299,
							-4.97384462505579e-08,
							9.080395102500916e-09
						]
					}
				}
			}
		},
		"relationships": {
			"L-Rack": [
				[
					"AMR_LIFT01",
					"none"
				]
			]
		}
	},
	"timestamp_4": {
		"robots": {
			"ARMLIFT": {
				"AMR_LIFT01": {
					"name": "AMR_LIFT01",
					"pose": {
						"translation": [
							139.57699584960938,
							142.584228515625,
							0.06200092285871506
						],
						"rotation": [
							-0.009281032718718052,
							-0.0037058526650071144,
							-0.9285059571266174,
							0.37118297815322876
						]
					},