{
	"timestamp_0": {
		"robots": {
			"ARMLIFT": {
				"AMR_LIFT01": {
					"name": "AMR_LIFT01",
					"pose": {
						"translation": [
							139.59788513183594,
							142.53114318847656,
							0.062006376683712006
						],
						"rotation": [
							-0.009424302726984024,
							-0.003741811029613018,
							-0.9295250773429871,
							0.3686196804046631
						]
					},
					"odometry": {
						"position": [
							0.568909667392001,
							-7.76826640182172,
							-0.012866963739514658
						],
						"orientation": [
							-0.019758125642690652,
							0.00036598581767068126,
							-0.9293475134427883,
							0.36867693416211356
						],
						"linear": [
							-0.003050817409530282,
							0.0,
							0.0
						],
						"angular": [
							0.0,
							0.0,
							-0.0043679699301719666
						]
					},
					"aabb": [
						123.766465328745,
						140.65389123508527,
						-0.012073740698037546,
						124.7356850680208,
						141.60116461536262,
						0.1630894683457912
					],
					"joint_state": {
						"position": [
							-2.1408,
							4.3432,
							1.1873,
							-5.2048,
							1.1976,
							-0.3533,
							0.0
						],
						"velocity": [
							-0.0016,
							-0.0083,
							0.029,
							-0.0096,
							0.0377,
							-0.0101,
							0.0
						],
						"effort": [
							0.0,
							0.0,
							0.0,
							0.0,
							0.0,
							0.0,
							0.0
						]
					},
					"lift_state": "lift_down"
				}
			}
		},
		"objects": {
			"Rack": {
				"Rack_02": {
					"name": "Rack_02",
					"pose": {
						"translation": [
							133.05699157714844,
							143.09999084472656,
							0.19921104609966278
						],
						"rotation": [
							0.983835756778717,
							0.1790735274553299,
							-4.97384462505579e-08,
							9.080395102500916e-09
						]
					}
				}
			}
		},
		"relationships": {
			"L-Rack": [
				[
					"AMR_LIFT01",
					"none"
				]
			]
		}
	},
	"timestamp_1": {
		"robots": {
			"ARMLIFT": {
				"AMR_LIFT01": {
					"name": "AMR_LIFT01",
					"pose": {
						"translation": [
							139.59814453125,
							142.53097534179688,
							0.062009695917367935
						],
						"rotation": [
							-0.00943850725889206,
							-0.0037124664522707462,
							-0.9295111894607544,
							0.3686547577381134
						]
					},
					"odometry": {
						"position": [
							0.5691050660075702,
							-7.768354270727214,
							-0.012865478716271677
						],
						"orientation": [
							-0.019777431339008972,
							0.00040255838181511595,
							-0.9293388695006929,
							0.3686976495606585
						],
						"linear": [
							0.0003198118938598782,
							0.0,
							0.0
						],
						"angular": [
							0.0,
							0.0,
							0.0019671523477882147
						]
					},
					"aabb": [
						123.76631286748204,
						140.65389919035889,
						-0.012143427208772577,
						124.73564462495142,
						141.6010427320107,
						0.16309676316676847
					],
					"joint_state": {
						"position": [
							-2.1404,
							4.3438,
							1.1932,
							-5.2094,
							1.1875,
							-0.3507,
							0.0
						],
						"velocity": [
							0.0009,
							0.0011,
							0.063,
							-0.0278,
							-0.0341,
							-0.0013,
							0.0
						],
						"effort": [
							0.0,
							0.0,
							0.0,
							0.0,
							0.0,
							0.0,
							0.0
						]
					},
					"lift_state": "lift_down"
				}
			}
		},
		"objects": {
			"Rack": {
				"Rack_02": {
					"name": "Rack_02",
					"pose": {
						"translation": [
							133.05699157714844,
							143.09999084472656,
							0.19921104609966278
						],
						"rotation": [
							0.983835756778717,
							0.1790735274553299,
							-4.97384462505579e-08,
							9.080395102500916e-09
						]
					}
				}
			}
		},
		"relationships": {
			"L-Rack": [
				[
					"AMR_LIFT01",
					"none"
				]
			]
		}
	},
	"timestamp_2": {
		"robots": {
			"ARMLIFT": {
				"AMR_LIFT01": {
					"name": "AMR_LIFT01",
					"pose": {
						"translation": [
							139.5980987548828,
							142.53125,
							0.06200374290347099
						],
						"rotation": [
							-0.009412853978574276,
							-0.003750686766579747,
							-0.9294028878211975,
							0.3689277470111847
						]
					},
					"odometry": {
						"position": [
							0.5690169462112296,
							-7.768022264200607,
							-0.012874002649587251
						],
						"orientation": [
							-0.01975263363009905,
							0.0003808752848346595,
							-0.9292399859786414,
							0.36894814927995906
						],
						"linear": [
							0.0010192247573286295,
							0.0,
							0.0
						],
						"angular": [
							0.0,
							0.0,
							-0.0024990811944007874
						]
					},
					"aabb": [
						123.76633609953187,
						140.65364429354483,
						-0.011965485546047648,
						124.7354215703692,
						141.6010748178656,
						0.16308567561983445
					],
					"joint_state": {
						"position": [
							-2.1396,
							4.344,
							1.1927,
							-5.2019,
							1.1831,
							-0.3479,
							0.0
						],
						"velocity": [
							0.0092,
							0.0037,
							0.3406,
							-0.2695,
							0.0585,
							-0.0529,
							0.0
						],
						"effort": [
							0.0,
							0.0,
							0.0,
							0.0,
							0.0,
							0.0,
							0.0
						]
					},
					"lift_state": "lift_down"
				}
			}
		},
		"objects": {
			"Rack": {
				"Rack_02": {
					"name": "Rack_02",
					"pose": {
						"translation": [
							133.05699157714844,
							143.09999084472656,
							0.19921104609966278
						],
						"rotation": [
							0.983835756778717,
							0.1790735274553299,
							-4.97384462505579e-08,
							9.080395102500916e-09
						]
					}
				}
			}
		},
		"relationships": {
			"L-Rack": [
				[
					"AMR_LIFT01",
					"none"
				]
			]
		}
	},
	"timestamp_3": {
		"robots": {
			"ARMLIFT": {
				"AMR_LIFT01": {
					"name": "AMR_LIFT01",
					"pose": {
						"translation": [
							139.5986328125,
							142.5308380126953,
							0.06200374290347099
						],
						"rotation": [
							-0.009425781667232513,
							-0.003727458883076906,
							-0.9294769167900085,
							0.3687412440776825
						]
					},
					"odometry": {
						"position": [
							0.5696028655449108,
							-7.768490974929045,
							-0.012882457810571929
						],
						"orientation": [
							-0.019764326235714464,
							0.00038852987774174466,
							-0.9293047234452089,
							0.36878442406832534
						],
						"linear": [
							0.003391765523701906,
							0.0,
							0.0
						],
						"angular": [
							0.0,
							0.0,
							-0.0019134227186441422
						]
					},
					"aabb": [
						123.7658272916084,
						140.65395364488117,
						-0.012027617046098333,
						124.73495566327416,
						141.60133284645926,
						0.1630784409657813
					],
					"joint_state": {
						"position": [
							-2.1391,
							4.3441,
							1.2015,
							-5.2035,
							1.1818,
							-0.3464,
							0.0
						],
						"velocity": [
							-0.0453,
							-0.0143,
							0.0223,
							-0.0573,
							0.0316,
							-0.016,
							0.0
						],
						"effort": [
							0.0,
							0.0,
							0.0,
							0.0,
							0.0,
							0.0,
							0.0
						]
					},
					"lift_state": "lift_down"
				}
			}
		},
		"objects": {
			"Rack": {
				"Rack_02": {
					"name": "Rack_02",
					"pose": {
						"translation": [
							133.05699157714844,
							143.09999084472656,
							0.19921104609966278
						],
						"rotation": [
							0.983835756778717,
							0.1790735274553299,
							-4.97384462505579e-08,
							9.080395102500916e-09
						]
					}
				}
			}
		},
		"relationships": {
			"L-Rack": [
				[
					"AMR_LIFT01",
					"none"
				]
			]
		}
	},
	"timestamp_4": {
		"robots": {
			"ARMLIFT": {
				"AMR_LIFT01": {
					"name": "AMR_LIFT01",
					"pose": {
						"translation": [
							139.59939575195312,
							142.53054809570312,
							0.06200218200683594
						],
						"rotation": [
							-0.009424128569662571,
							-0.0037325008306652308,
							-0.9294407367706299,
							0.36883246898651123
						]
					},