{
	"timestamp_0": {
		"robots": {
			"ARMLIFT": {
				"AMR_LIFT01": {
					"name": "AMR_LIFT01",
					"pose": {
						"translation": [
							139.61485290527344,
							142.4757080078125,
							0.062003325670957565
						],
						"rotation": [
							-0.009411252103745937,
							-0.003632290754467249,
							-0.9329556822776794,
							0.35985037684440613
						]
					},
					"odometry": {
						"position": [
							0.585822434745851,
							-7.8236171764923075,
							-0.01324544772811005
						],
						"orientation": [
							-0.019788627546660446,
							0.0003847915824024518,
							-0.9327836464870233,
							0.35989294380639036
						],
						"linear": [
							0.003363865427672863,
							0.0,
							0.0
						],
						"angular": [
							0.0,
							0.0,
							0.00545765645802021
						]
					},
					"aabb": [
						123.74367693764815,
						140.71595502995382,
						-0.014942197852843241,
						124.7190284523831,
						141.6556257027554,
						0.16296289432673575
					],
					"joint_state": {
						"position": [
							-1.7492,
							4.626,
							1.0759,
							-5.5032,
							1.0608,
							-0.655,
							0.0
						],
						"velocity": [
							-0.0189,
							-0.0439,
							-0.1846,
							0.1592,
							-0.1436,
							0.0817,
							0.0
						],
						"effort": [
							0.0,
							0.0,
							0.0,
							0.0,
							0.0,
							0.0,
							0.0
						]
					},
					"lift_state": "lift_down"
				}
			}
		},
		"objects": {
			"Rack": {
				"Rack_02": {
					"name": "Rack_02",
					"pose": {
						"translation": [
							133.05699157714844,
							143.09999084472656,
							0.19921104609966278
						],
						"rotation": [
							0.983835756778717,
							0.1790735274553299,
							-4.97384462505579e-08,
							9.080395102500916e-09
						]
					}
				}
			}
		},
		"relationships": {
			"L-Rack": [
				[
					"AMR_LIFT01",
					"none"
				]
			]
		}
	},
	"timestamp_1": {
		"robots": {
			"ARMLIFT": {
				"AMR_LIFT01": {
					"name": "AMR_LIFT01",
					"pose": {
						"translation": [
							139.61480712890625,
							142.47557067871094,
							0.062000274658203125
						],
						"rotation": [
							-0.009402968920767307,
							-0.003629877232015133,
							-0.9328863024711609,
							0.3600302040576935
						]
					},
					"odometry": {
						"position": [
							0.5857735590664366,
							-7.823763669723203,
							-0.013247390008229188
						],
						"orientation": [
							-0.019779577127287784,
							0.0003892062181424067,
							-0.9327143606760091,
							0.3600729623783617
						],
						"linear": [
							0.0015926758060231805,
							0.0,
							0.0
						],
						"angular": [
							0.0,
							0.0,
							-0.0018877784023061395
						]
					},
					"aabb": [
						123.74418017963241,
						140.71561426981395,
						-0.01493980644845564,
						124.71936085752185,
						141.65550589780176,
						0.16296470355213608
					],
					"joint_state": {
						"position": [
							-1.7487,
							4.6273,
							1.0592,
							-5.4948,
							1.0474,
							-0.6526,
							0.0
						],
						"velocity": [
							-0.0301,
							-0.0059,
							0.0457,
							-0.02,
							0.4277,
							-0.2101,
							0.0
						],
						"effort": [
							0.0,
							0.0,
							0.0,
							0.0,
							0.0,
							0.0,
							0.0
						]
					},
					"lift_state": "lift_down"
				}
			}
		},
		"objects": {
			"Rack": {
				"Rack_02": {
					"name": "Rack_02",
					"pose": {
						"translation": [
							133.05699157714844,
							143.09999084472656,
							0.19921104609966278
						],
						"rotation": [
							0.983835756778717,
							0.1790735274553299,
							-4.97384462505579e-08,
							9.080395102500916e-09
						]
					}
				}
			}
		},
		"relationships": {
			"L-Rack": [
				[
					"AMR_LIFT01",
					"none"
				]
			]
		}
	},
	"timestamp_2": {
		"robots": {
			"ARMLIFT": {
				"AMR_LIFT01": {
					"name": "AMR_LIFT01",
					"pose": {
						"translation": [
							139.61520385742188,
							142.47518920898438,
							0.06199996918439865
						],
						"rotation": [
							-0.009407956153154373,
							-0.0036309445276856422,
							-0.932915985584259,
							0.3599533438682556
						]
					},
					"odometry": {
						"position": [
							0.5861640999562008,
							-7.824134744067154,
							-0.013256400785617338
						],
						"orientation": [
							-0.019784889023254704,
							0.00038728345370896464,
							-0.9327439875173551,
							0.35999591932143943
						],
						"linear": [
							-0.0011798006016761065,
							0.0,
							0.0
						],
						"angular": [
							0.0,
							0.0,
							-0.004160481039434671
						]
					},
					"aabb": [
						123.74370076927757,
						140.71630071543765,
						-0.014946483514379582,
						124.71894473602484,
						141.6561112640284,
						0.16296383001074013
					],
					"joint_state": {
						"position": [
							-1.7474,
							4.6273,
							1.0731,
							-5.499,
							1.0612,
							-0.6529,
							0.0
						],
						"velocity": [
							-0.0085,
							-0.0213,
							-0.0237,
							0.0307,
							0.0999,
							0.0804,
							0.0
						],
						"effort": [
							0.0,
							0.0,
							0.0,
							0.0,
							0.0,
							0.0,
							0.0
						]
					},
					"lift_state": "lift_down"
				}
			}
		},
		"objects": {
			"Rack": {
				"Rack_02": {
					"name": "Rack_02",
					"pose": {
						"translation": [
							133.05699157714844,
							143.09999084472656,
							0.19921104609966278
						],
						"rotation": [
							0.983835756778717,
							0.1790735274553299,
							-4.97384462505579e-08,
							9.080395102500916e-09
						]
					}
				}
			}
		},
		"relationships": {
			"L-Rack": [
				[
					"AMR_LIFT01",
					"none"
				]
			]
		}
	},
	"timestamp_3": {
		"robots": {
			"ARMLIFT": {
				"AMR_LIFT01": {
					"name": "AMR_LIFT01",
					"pose": {
						"translation": [
							139.61546325683594,
							142.47471618652344,
							0.06200225651264191
						],
						"rotation": [
							-0.009407754987478256,
							-0.0036280262283980846,
							-0.9329919219017029,
							0.35975608229637146
						]
					},
					"odometry": {
						"position": [
							0.5864473170061498,
							-7.824642537437834,
							-0.013260138638004208
						],
						"orientation": [
							-0.019786388974923935,
							0.0003875930019532248,
							-0.9328339289065368,
							0.35976271299815404
						],
						"linear": [
							0.0033934875391423702,
							0.0,
							0.0
						],
						"angular": [
							0.0,
							0.0,
							0.00039998895954340696
						]
					},
					"aabb": [
						123.74299799334496,
						140.7170359716448,
						-0.014946406148962334,
						124.71836537631681,
						141.6566878497407,
						0.16296480518023132
					],
					"joint_state": {
						"position": [
							-1.7459,
							4.6274,
							1.0493,
							-5.4879,
							1.0626,
							-0.6484,
							0.0
						],
						"velocity": [
							0.0413,
							0.0152,
							-0.1035,
							-0.0292,
							-0.0585,
							0.0298,
							0.0
						],
						"effort": [
							0.0,
							0.0,
							0.0,
							0.0,
							0.0,
							0.0,
							0.0
						]
					},
					"lift_state": "lift_down"
				}
			}
		},
		"objects": {
			"Rack": {
				"Rack_02": {
					"name": "Rack_02",
					"pose": {
						"translation": [
							133.05699157714844,
							143.09999084472656,
							0.19921104609966278
						],
						"rotation": [
							0.983835756778717,
							0.1790735274553299,
							-4.97384462505579e-08,
							9.080395102500916e-09
						]
					}
				}
			}
		},
		"relationships": {
			"L-Rack": [
				[
					"AMR_LIFT01",
					"none"
				]
			]
		}
	},
	"timestamp_4": {
		"robots": {
			"ARMLIFT": {
				"AMR_LIFT01": {
					"name": "AMR_LIFT01",
					"pose": {
						"translation": [
							139.61509704589844,
							142.47491455078125,
							0.0620013028383255
						],
						"rotation": [
							-0.009404260665178299,
							-0.0036297908518463373,
							-0.9329916834831238,
							0.35975709557533264
						]
					},