{
	"timestamp_0": {
		"robots": {
			"ARMLIFT": {
				"AMR_LIFT01": {
					"name": "AMR_LIFT01",
					"pose": {
						"translation": [
							139.5873565673828,
							142.56057739257812,
							0.06200164556503296
						],
						"rotation": [
							-0.009358304552733898,
							-0.003738728351891041,
							-0.9283813238143921,
							0.3714926242828369
						]
					},
					"odometry": {
						"position": [
							0.5583247530909765,
							-7.738755191328881,
							-0.012632776306260744
						],
						"orientation": [
							-0.01968462361110934,
							0.00040786834084971627,
							-0.9282098649434559,
							0.3715357262207188
						],
						"linear": [
							-0.0008295879233628511,
							0.0,
							0.0
						],
						"angular": [
							0.0,
							0.0,
							-0.0036831547040492296
						]
					},
					"aabb": [
						123.7791536070758,
						140.62209345819244,
						-0.012704043260323752,
						124.74634546492474,
						141.57169252119076,
						0.1631238936889656
					],
					"joint_state": {
						"position": [
							-2.3445,
							4.2109,
							1.0398,
							-4.9525,
							1.0339,
							-0.0865,
							0.0
						],
						"velocity": [
							0.0175,
							-0.0003,
							0.0474,
							-0.0411,
							0.0693,
							-0.0291,
							0.0
						],
						"effort": [
							0.0,
							0.0,
							0.0,
							0.0,
							0.0,
							0.0,
							0.0
						]
					},
					"lift_state": "lift_down"
				}
			}
		},
		"objects": {
			"Rack": {
				"Rack_02": {
					"name": "Rack_02",
					"pose": {
						"translation": [
							133.05699157714844,
							143.09999084472656,
							0.19921104609966278
						],
						"rotation": [
							0.983835756778717,
							0.1790735274553299,
							-4.97384462505579e-08,
							9.080395102500916e-09
						]
					}
				}
			}
		},
		"relationships": {
			"L-Rack": [
				[
					"AMR_LIFT01",
					"none"
				]
			]
		}
	},
	"timestamp_1": {
		"robots": {
			"ARMLIFT": {
				"AMR_LIFT01": {
					"name": "AMR_LIFT01",
					"pose": {
						"translation": [
							139.5878448486328,
							142.56040954589844,
							0.062011029571294785
						],
						"rotation": [
							-0.009361863136291504,
							-0.00375576363876462,
							-0.9282752871513367,
							0.37175723910331726
						]
					},
					"odometry": {
						"position": [
							0.5588033685589777,
							-7.738921163271931,
							-0.012634012703833575
						],
						"orientation": [
							-0.019686999185291945,
							0.00039377775779524896,
							-0.9281037713765862,
							0.37180056019150026
						],
						"linear": [
							-0.0054787639528512955,
							0.0,
							0.0
						],
						"angular": [
							0.0,
							0.0,
							0.0003928161459043622
						]
					},
					"aabb": [
						123.77884505023766,
						140.62225022388947,
						-0.012684002097630329,
						124.74587335946244,
						141.5720357307337,
						0.16311709321908868
					],
					"joint_state": {
						"position": [
							-2.3432,
							4.2116,
							1.0328,
							-4.9498,
							1.0353,
							-0.0907,
							0.0
						],
						"velocity": [
							-0.016,
							0.0161,
							-0.023,
							0.0227,
							-0.0365,
							0.031,
							0.0
						],
						"effort": [
							0.0,
							0.0,
							0.0,
							0.0,
							0.0,
							0.0,
							0.0
						]
					},
					"lift_state": "lift_down"
				}
			}
		},
		"objects": {
			"Rack": {
				"Rack_02": {
					"name": "Rack_02",
					"pose": {
						"translation": [
							133.05699157714844,
							143.09999084472656,
							0.19921104609966278
						],
						"rotation": [
							0.983835756778717,
							0.1790735274553299,
							-4.97384462505579e-08,
							9.080395102500916e-09
						]
					}
				}
			}
		},
		"relationships": {
			"L-Rack": [
				[
					"AMR_LIFT01",
					"none"
				]
			]
		}
	},
	"timestamp_2": {
		"robots": {
			"ARMLIFT": {
				"AMR_LIFT01": {
					"name": "AMR_LIFT01",
					"pose": {
						"translation": [
							139.588134765625,
							142.56005859375,
							0.0620075985789299
						],
						"rotation": [
							-0.009370393119752407,
							-0.003743946785107255,
							-0.9284571409225464,
							0.37130269408226013
						]
					},
					"odometry": {
						"position": [
							0.5591059689841544,
							-7.739262951566142,
							-0.012644214259946019
						],
						"orientation": [
							-0.019697559335651954,
							0.0004005373943124199,
							-0.9282855427054175,
							0.3713459262333749
						],
						"linear": [
							-0.0014587086625397205,
							0.0,
							0.0
						],
						"angular": [
							0.0,
							0.0,
							-0.004869692027568817
						]
					},
					"aabb": [
						123.77827210894503,
						140.62247213136462,
						-0.012704569131434114,
						124.74553008707159,
						141.57199723417088,
						0.16312006171424467
					],
					"joint_state": {
						"position": [
							-2.3437,
							4.2121,
							1.0551,
							-4.9661,
							1.0638,
							-0.1044,
							0.0
						],
						"velocity": [
							0.0294,
							0.0463,
							0.0572,
							-0.0792,
							0.1215,
							-0.0754,
							0.0
						],
						"effort": [
							0.0,
							0.0,
							0.0,
							0.0,
							0.0,
							0.0,
							0.0
						]
					},
					"lift_state": "lift_down"
				}
			}
		},
		"objects": {
			"Rack": {
				"Rack_02": {
					"name": "Rack_02",
					"pose": {
						"translation": [
							133.05699157714844,
							143.09999084472656,
							0.19921104609966278
						],
						"rotation": [
							0.983835756778717,
							0.1790735274553299,
							-4.97384462505579e-08,
							9.080395102500916e-09
						]
					}
				}
			}
		},
		"relationships": {
			"L-Rack": [
				[
					"AMR_LIFT01",
					"none"
				]
			]
		}
	},
	"timestamp_3": {
		"robots": {
			"ARMLIFT": {
				"AMR_LIFT01": {
					"name": "AMR_LIFT01",
					"pose": {
						"translation": [
							139.58824157714844,
							142.5597381591797,
							0.062002941966056824
						],
						"rotation": [
							-0.009361309930682182,
							-0.0037568961270153522,
							-0.9283744692802429,
							0.37150949239730835
						]
					},
					"odometry": {
						"position": [
							0.5592132780349033,
							-7.739585221271194,
							-0.012651246716372381
						],
						"orientation": [
							-0.019687552991946865,
							0.00038988950854068497,
							-0.9282029589951124,
							0.37155284301977615
						],
						"linear": [
							0.0002581154403742403,
							0.0,
							0.0
						],
						"angular": [
							0.0,
							0.0,
							0.0021416028030216694
						]
					},
					"aabb": [
						123.77792190047445,
						140.62322468150865,
						-0.012699125480294447,
						124.74510436146919,
						141.57283710658663,
						0.16311810116379824
					],
					"joint_state": {
						"position": [
							-2.3423,
							4.2116,
							1.0596,
							-4.9665,
							1.0617,
							-0.1064,
							0.0
						],
						"velocity": [
							0.0047,
							0.0149,
							-0.0424,
							0.0263,
							-0.0935,
							0.0526,
							0.0
						],
						"effort": [
							0.0,
							0.0,
							0.0,
							0.0,
							0.0,
							0.0,
							0.0
						]
					},
					"lift_state": "lift_down"
				}
			}
		},
		"objects": {
			"Rack": {
				"Rack_02": {
					"name": "Rack_02",
					"pose": {
						"translation": [
							133.05699157714844,
							143.09999084472656,
							0.19921104609966278
						],
						"rotation": [
							0.983835756778717,
							0.1790735274553299,
							-4.97384462505579e-08,
							9.080395102500916e-09
						]
					}
				}
			}
		},
		"relationships": {
			"L-Rack": [
				[
					"AMR_LIFT01",
					"none"
				]
			]
		}
	},
	"timestamp_4": {
		"robots": {
			"ARMLIFT": {
				"AMR_LIFT01": {
					"name": "AMR_LIFT01",
					"pose": {
						"translation": [
							139.58802795410156,
							142.5597381591797,
							0.06200450658798218
						],
						"rotation": [
							-0.009373413398861885,
							-0.0037379320710897446,
							-0.9283258318901062,
							0.3716309368610382
						]
					},