{
	"timestamp_0": {
		"robots": {
			"ARMLIFT": {
				"AMR_LIFT01": {
					"name": "AMR_LIFT01",
					"pose": {
						"translation": [
							139.588134765625,
							142.56005859375,
							0.0620075985789299
						],
						"rotation": [
							-0.009370393119752407,
							-0.003743946785107255,
							-0.9284571409225464,
							0.37130269408226013
						]
					},
					"odometry": {
						"position": [
							0.5591059689841544,
							-7.739262951566142,
							-0.012644214259946019
						],
						"orientation": [
							-0.019697559335651954,
							0.0004005373943124199,
							-0.9282855427054175,
							0.3713459262333749
						],
						"linear": [
							-0.0014587086625397205,
							0.0,
							0.0
						],
						"angular": [
							0.0,
							0.0,
							-0.004869692027568817
						]
					},
					"aabb": [
						123.77827210894503,
						140.62247213136462,
						-0.012704569131434114,
						124.74553008707159,
						141.57199723417088,
						0.16312006171424467
					],
					"joint_state": {
						"position": [
							-2.3437,
							4.2121,
							1.0551,
							-4.9661,
							1.0638,
							-0.1044,
							0.0
						],
						"velocity": [
							0.0294,
							0.0463,
							0.0572,
							-0.0792,
							0.1215,
							-0.0754,
							0.0
						],
						"effort": [
							0.0,
							0.0,
							0.0,
							0.0,
							0.0,
							0.0,
							0.0
						]
					},
					"lift_state": "lift_down"
				}
			}
		},
		"objects": {
			"Rack": {
				"Rack_02": {
					"name": "Rack_02",
					"pose": {
						"translation": [
							133.05699157714844,
							143.09999084472656,
							0.19921104609966278
						],
						"rotation": [
							0.983835756778717,
							0.1790735274553299,
							-4.97384462505579e-08,
							9.080395102500916e-09
						]
					}
				}
			}
		},
		"relationships": {
			"L-Rack": [
				[
					"AMR_LIFT01",
					"none"
				]
			]
		}
	},
	"timestamp_1": {
		"robots": {
			"ARMLIFT": {
				"AMR_LIFT01": {
					"name": "AMR_LIFT01",
					"pose": {
						"translation": [
							139.58824157714844,
							142.5597381591797,
							0.062002941966056824
						],
						"rotation": [
							-0.009361309930682182,
							-0.0037568961270153522,
							-0.9283744692802429,
							0.37150949239730835
						]
					},
					"odometry": {
						"position": [
							0.5592132780349033,
							-7.739585221271194,
							-0.012651246716372381
						],
						"orientation": [
							-0.019687552991946865,
							0.00038988950854068497,
							-0.9282029589951124,
							0.37155284301977615
						],
						"linear": [
							0.0002581154403742403,
							0.0,
							0.0
						],
						"angular": [
							0.0,
							0.0,
							0.0021416028030216694
						]
					},
					"aabb": [
						123.77792190047445,
						140.62322468150865,
						-0.012699125480294447,
						124.74510436146919,
						141.57283710658663,
						0.16311810116379824
					],
					"joint_state": {
						"position": [
							-2.3423,
							4.2116,
							1.0596,
							-4.9665,
							1.0617,
							-0.1064,
							0.0
						],
						"velocity": [
							0.0047,
							0.0149,
							-0.0424,
							0.0263,
							-0.0935,
							0.0526,
							0.0
						],
						"effort": [
							0.0,
							0.0,
							0.0,
							0.0,
							0.0,
							0.0,
							0.0
						]
					},
					"lift_state": "lift_down"
				}
			}
		},
		"objects": {
			"Rack": {
				"Rack_02": {
					"name": "Rack_02",
					"pose": {
						"translation": [
							133.05699157714844,
							143.09999084472656,
							0.19921104609966278
						],
						"rotation": [
							0.983835756778717,
							0.1790735274553299,
							-4.97384462505579e-08,
							9.080395102500916e-09
						]
					}
				}
			}
		},
		"relationships": {
			"L-Rack": [
				[
					"AMR_LIFT01",
					"none"
				]
			]
		}
	},
	"timestamp_2": {
		"robots": {
			"ARMLIFT": {
				"AMR_LIFT01": {
					"name": "AMR_LIFT01",
					"pose": {
						"translation": [
							139.58802795410156,
							142.5597381591797,
							0.06200450658798218
						],
						"rotation": [
							-0.009373413398861885,
							-0.0037379320710897446,
							-0.9283258318901062,
							0.3716309368610382
						]
					},
					"odometry": {
						"position": [
							0.5589887592107848,
							-7.739594995793076,
							-0.012644702928877975
						],
						"orientation": [
							-0.01969911199566152,
							0.00041020253563358087,
							-0.9281542054184624,
							0.371673980370546
						],
						"linear": [
							0.001345569733530283,
							0.0,
							0.0
						],
						"angular": [
							0.0,
							0.0,
							-0.002615709323436022
						]
					},
					"aabb": [
						123.77819653144863,
						140.62298905073195,
						-0.012701600431985474,
						124.74542125775108,
						141.57255860927944,
						0.1631484442515064
					],
					"joint_state": {
						"position": [
							-2.3421,
							4.2121,
							1.0695,
							-4.9763,
							1.0659,
							-0.1174,
							0.0
						],
						"velocity": [
							-0.0151,
							0.0032,
							-0.0414,
							0.0108,
							0.0179,
							0.002,
							0.0
						],
						"effort": [
							0.0,
							0.0,
							0.0,
							0.0,
							0.0,
							0.0,
							0.0
						]
					},
					"lift_state": "lift_down"
				}
			}
		},
		"objects": {
			"Rack": {
				"Rack_02": {
					"name": "Rack_02",
					"pose": {
						"translation": [
							133.05699157714844,
							143.09999084472656,
							0.19921104609966278
						],
						"rotation": [
							0.983835756778717,
							0.1790735274553299,
							-4.97384462505579e-08,
							9.080395102500916e-09
						]
					}
				}
			}
		},
		"relationships": {
			"L-Rack": [
				[
					"AMR_LIFT01",
					"none"
				]
			]
		}
	},
	"timestamp_3": {
		"robots": {
			"ARMLIFT": {
				"AMR_LIFT01": {
					"name": "AMR_LIFT01",
					"pose": {
						"translation": [
							139.58749389648438,
							142.55992126464844,
							0.062008511275053024
						],
						"rotation": [
							-0.009375394321978092,
							-0.003726836759597063,
							-0.9283144474029541,
							0.3716592490673065
						]
					},
					"odometry": {
						"position": [
							0.5584518613674972,
							-7.739399703561317,
							-0.012628757704520965
						],
						"orientation": [
							-0.01970096962303913,
							0.0004216125628790127,
							-0.92814280974096,
							0.3717023254768728
						],
						"linear": [
							0.004180430434644222,
							0.0,
							0.0
						],
						"angular": [
							0.0,
							0.0,
							-4.078567144460976e-05
						]
					},
					"aabb": [
						123.77888307084298,
						140.6225594791839,
						-0.012698439859798382,
						124.74597631713887,
						141.57227155148612,
						0.16311759874014367
					],
					"joint_state": {
						"position": [
							-2.3424,
							4.213,
							1.0543,
							-4.9728,
							1.0417,
							-0.1138,
							0.0
						],
						"velocity": [
							-0.0167,
							0.0023,
							-0.0052,
							-0.0136,
							-0.267,
							0.0511,
							0.0
						],
						"effort": [
							0.0,
							0.0,
							0.0,
							0.0,
							0.0,
							0.0,
							0.0
						]
					},
					"lift_state": "lift_down"
				}
			}
		},
		"objects": {
			"Rack": {
				"Rack_02": {
					"name": "Rack_02",
					"pose": {
						"translation": [
							133.05699157714844,
							143.09999084472656,
							0.19921104609966278
						],
						"rotation": [
							0.983835756778717,
							0.1790735274553299,
							-4.97384462505579e-08,
							9.080395102500916e-09
						]
					}
				}
			}
		},
		"relationships": {
			"L-Rack": [
				[
					"AMR_LIFT01",
					"none"
				]
			]
		}
	},
	"timestamp_4": {
		"robots": {
			"ARMLIFT": {
				"AMR_LIFT01": {
					"name": "AMR_LIFT01",
					"pose": {
						"translation": [
							139.5878143310547,
							142.55960083007812,
							0.06200004369020462
						],
						"rotation": [
							-0.009364957921206951,
							-0.0037489826790988445,
							-0.9283525347709656,
							0.3715642988681793
						]
					},