{
	"timestamp_0": {
		"robots": {
			"ARMLIFT": {
				"AMR_LIFT01": {
					"name": "AMR_LIFT01",
					"pose": {
						"translation": [
							139.61961364746094,
							142.4484405517578,
							0.06199992820620537
						],
						"rotation": [
							-0.009426863864064217,
							-0.0035818377509713173,
							-0.9347660541534424,
							0.3551211357116699
						]
					},
					"odometry": {
						"position": [
							0.5904808567785196,
							-7.850814253391351,
							-0.013352350488758475
						],
						"orientation": [
							-0.019824556020185905,
							0.00038505419416893176,
							-0.9345747135076834,
							0.3552139405821538
						],
						"linear": [
							0.0006108443485572934,
							0.0,
							0.0
						],
						"angular": [
							0.0,
							0.0,
							-0.0031624766997992992
						]
					},
					"aabb": [
						123.73657496441191,
						140.74642618978788,
						-0.014700788235379516,
						124.71484950153848,
						141.68218872726715,
						0.1629137633854759
					],
					"joint_state": {
						"position": [
							-1.5348,
							4.8038,
							1.0711,
							-5.7542,
							1.0611,
							-0.8631,
							0.0
						],
						"velocity": [
							0.0002,
							-0.0001,
							0.1679,
							-0.1313,
							0.1794,
							-0.1178,
							0.0
						],
						"effort": [
							0.0,
							0.0,
							0.0,
							0.0,
							0.0,
							0.0,
							0.0
						]
					},
					"lift_state": "lift_down"
				}
			}
		},
		"objects": {
			"Rack": {
				"Rack_02": {
					"name": "Rack_02",
					"pose": {
						"translation": [
							133.05699157714844,
							143.09999084472656,
							0.19921104609966278
						],
						"rotation": [
							0.983835756778717,
							0.1790735274553299,
							-4.97384462505579e-08,
							9.080395102500916e-09
						]
					}
				}
			}
		},
		"relationships": {
			"L-Rack": [
				[
					"AMR_LIFT01",
					"none"
				]
			]
		}
	},
	"timestamp_1": {
		"robots": {
			"ARMLIFT": {
				"AMR_LIFT01": {
					"name": "AMR_LIFT01",
					"pose": {
						"translation": [
							139.61953735351562,
							142.44891357421875,
							0.06200111284852028
						],
						"rotation": [
							-0.009431789629161358,
							-0.0035797986201941967,
							-0.9348275661468506,
							0.35495901107788086
						]
					},
					"odometry": {
						"position": [
							0.5905003688549328,
							-7.850413860344324,
							-0.013352473717625863
						],
						"orientation": [
							-0.019830066128844366,
							0.0003828698858465701,
							-0.9346553081193377,
							0.35500151674650926
						],
						"linear": [
							-0.0006723455735482275,
							0.0,
							0.0
						],
						"angular": [
							0.0,
							0.0,
							0.004050822928547859
						]
					},
					"aabb": [
						123.73613977989018,
						140.74639377711424,
						-0.014686952178064377,
						124.71466597985817,
						141.68181304799478,
						0.16291885996428287
					],
					"joint_state": {
						"position": [
							-1.534,
							4.8045,
							1.0823,
							-5.7625,
							1.0674,
							-0.8613,
							0.0
						],
						"velocity": [
							-0.0163,
							0.0144,
							-0.0345,
							0.0432,
							-0.0523,
							0.0309,
							0.0
						],
						"effort": [
							0.0,
							0.0,
							0.0,
							0.0,
							0.0,
							0.0,
							0.0
						]
					},
					"lift_state": "lift_down"
				}
			}
		},
		"objects": {
			"Rack": {
				"Rack_02": {
					"name": "Rack_02",
					"pose": {
						"translation": [
							133.05699157714844,
							143.09999084472656,
							0.19921104609966278
						],
						"rotation": [
							0.983835756778717,
							0.1790735274553299,
							-4.97384462505579e-08,
							9.080395102500916e-09
						]
					}
				}
			}
		},
		"relationships": {
			"L-Rack": [
				[
					"AMR_LIFT01",
					"none"
				]
			]
		}
	},
	"timestamp_2": {
		"robots": {
			"ARMLIFT": {
				"AMR_LIFT01": {
					"name": "AMR_LIFT01",
					"pose": {
						"translation": [
							139.61953735351562,
							142.4486083984375,
							0.062000006437301636
						],
						"rotation": [
							-0.009430764243006706,
							-0.0035810410045087337,
							-0.9348419904708862,
							0.3549209535121918
						]
					},
					"odometry": {
						"position": [
							0.5905004092137838,
							-7.850784952976456,
							-0.013351546300109403
						],
						"orientation": [
							-0.019832445944470003,
							0.000383882215968746,
							-0.9346651189868159,
							0.35497555137173226
						],
						"linear": [
							0.005074889399111271,
							0.0,
							0.0
						],
						"angular": [
							0.0,
							0.0,
							0.0010056770406663418
						]
					},
					"aabb": [
						123.73613717166918,
						140.74672217259447,
						-0.014696011827943051,
						124.71467620461978,
						141.6821232204617,
						0.1629165037425673
					],
					"joint_state": {
						"position": [
							-1.5336,
							4.8053,
							1.0722,
							-5.7596,
							1.0703,
							-0.8584,
							0.0
						],
						"velocity": [
							-0.0161,
							0.0002,
							0.0815,
							-0.0747,
							0.065,
							-0.047,
							0.0
						],
						"effort": [
							0.0,
							0.0,
							0.0,
							0.0,
							0.0,
							0.0,
							0.0
						]
					},
					"lift_state": "lift_down"
				}
			}
		},
		"objects": {
			"Rack": {
				"Rack_02": {
					"name": "Rack_02",
					"pose": {
						"translation": [
							133.05699157714844,
							143.09999084472656,
							0.19921104609966278
						],
						"rotation": [
							0.983835756778717,
							0.1790735274553299,
							-4.97384462505579e-08,
							9.080395102500916e-09
						]
					}
				}
			}
		},
		"relationships": {
			"L-Rack": [
				[
					"AMR_LIFT01",
					"none"
				]
			]
		}
	},
	"timestamp_3": {
		"robots": {
			"ARMLIFT": {
				"AMR_LIFT01": {
					"name": "AMR_LIFT01",
					"pose": {
						"translation": [
							139.61961364746094,
							142.44891357421875,
							0.062000881880521774
						],
						"rotation": [
							-0.009430376812815666,
							-0.00358023913577199,
							-0.9348148703575134,
							0.3549923002719879
						]
					},
					"odometry": {
						"position": [
							0.5905687063072247,
							-7.850413857156366,
							-0.013354219218249041
						],
						"orientation": [
							-0.01982851613126858,
							0.000382800300346253,
							-0.9346426274632854,
							0.3550349874878369
						],
						"linear": [
							-0.008607112802565098,
							0.0,
							0.0
						],
						"angular": [
							0.0,
							0.0,
							0.0022394941188395023
						]
					},
					"aabb": [
						123.73619653978756,
						140.74634443896647,
						-0.014728224658059263,
						124.71467341681651,
						141.68183141882832,
						0.16291977699988536
					],
					"joint_state": {
						"position": [
							-1.5316,
							4.806,
							1.0665,
							-5.7531,
							1.0643,
							-0.8515,
							0.0
						],
						"velocity": [
							-0.0032,
							-0.0114,
							0.0421,
							-0.0106,
							0.0455,
							-0.0099,
							0.0
						],
						"effort": [
							0.0,
							0.0,
							0.0,
							0.0,
							0.0,
							0.0,
							0.0
						]
					},
					"lift_state": "lift_down"
				}
			}
		},
		"objects": {
			"Rack": {
				"Rack_02": {
					"name": "Rack_02",
					"pose": {
						"translation": [
							133.05699157714844,
							143.09999084472656,
							0.19921104609966278
						],
						"rotation": [
							0.983835756778717,
							0.1790735274553299,
							-4.97384462505579e-08,
							9.080395102500916e-09
						]
					}
				}
			}
		},
		"relationships": {
			"L-Rack": [
				[
					"AMR_LIFT01",
					"none"
				]
			]
		}
	},
	"timestamp_4": {
		"robots": {
			"ARMLIFT": {
				"AMR_LIFT01": {
					"name": "AMR_LIFT01",
					"pose": {
						"translation": [
							139.6199493408203,
							142.44857788085938,
							0.062000274658203125
						],
						"rotation": [
							-0.009432421997189522,
							-0.0035818135365843773,
							-0.9348214864730835,
							0.35497480630874634
						]
					},