{
	"timestamp_0": {
		"robots": {
			"ARMLIFT": {
				"AMR_LIFT01": {
					"name": "AMR_LIFT01",
					"pose": {
						"translation": [
							139.62420654296875,
							142.41810607910156,
							0.06200141832232475
						],
						"rotation": [
							-0.009427167475223541,
							-0.0035319095477461815,
							-0.9362973570823669,
							0.35106411576271057
						]
					},
					"odometry": {
						"position": [
							0.5951200161960243,
							-7.881204688489654,
							-0.01345458877289833
						],
						"orientation": [
							-0.01984092465489773,
							0.00037943606728507517,
							-0.9361259877616089,
							0.351104441405206
						],
						"linear": [
							-0.0005730053526349366,
							0.0,
							0.0
						],
						"angular": [
							0.0,
							0.0,
							0.0072671049274504185
						]
					},
					"aabb": [
						123.72927015318055,
						140.78000437711174,
						-0.012494350629781534,
						124.71029473174029,
						141.711891653895,
						0.16285339013059835
					],
					"joint_state": {
						"position": [
							-1.3091,
							4.9519,
							1.0079,
							-5.9244,
							1.0199,
							-1.0744,
							0.0
						],
						"velocity": [
							-0.0079,
							0.0223,
							-0.0057,
							-0.0019,
							0.289,
							-0.1259,
							0.0
						],
						"effort": [
							0.0,
							0.0,
							0.0,
							0.0,
							0.0,
							0.0,
							0.0
						]
					},
					"lift_state": "lift_down"
				}
			}
		},
		"objects": {
			"Rack": {
				"Rack_02": {
					"name": "Rack_02",
					"pose": {
						"translation": [
							133.05699157714844,
							143.09999084472656,
							0.19921104609966278
						],
						"rotation": [
							0.983835756778717,
							0.1790735274553299,
							-4.97384462505579e-08,
							9.080395102500916e-09
						]
					}
				}
			}
		},
		"relationships": {
			"L-Rack": [
				[
					"AMR_LIFT01",
					"none"
				]
			]
		}
	},
	"timestamp_1": {
		"robots": {
			"ARMLIFT": {
				"AMR_LIFT01": {
					"name": "AMR_LIFT01",
					"pose": {
						"translation": [
							139.62411499023438,
							142.41812133789062,
							0.06199932098388672
						],
						"rotation": [
							-0.009426833130419254,
							-0.003531934693455696,
							-0.9363408088684082,
							0.350948303937912
						]
					},
					"odometry": {
						"position": [
							0.5950808900394456,
							-7.881204697068774,
							-0.013457013498928897
						],
						"orientation": [
							-0.019842004975157288,
							0.00038611590696438486,
							-0.9361686661940081,
							0.35099056139674817
						],
						"linear": [
							0.004013272933661938,
							0.0,
							0.0
						],
						"angular": [
							0.0,
							0.0,
							0.0018608680693432689
						]
					},
					"aabb": [
						123.72911242747145,
						140.7803237848407,
						-0.012446788758212231,
						124.71018941917744,
						141.7121355985445,
						0.1628529019773038
					],
					"joint_state": {
						"position": [
							-1.3072,
							4.9519,
							1.0138,
							-5.9299,
							1.0214,
							-1.076,
							0.0
						],
						"velocity": [
							-0.0091,
							0.0081,
							0.0014,
							0.0116,
							-0.0137,
							0.0116,
							0.0
						],
						"effort": [
							0.0,
							0.0,
							0.0,
							0.0,
							0.0,
							0.0,
							0.0
						]
					},
					"lift_state": "lift_down"
				}
			}
		},
		"objects": {
			"Rack": {
				"Rack_02": {
					"name": "Rack_02",
					"pose": {
						"translation": [
							133.05699157714844,
							143.09999084472656,
							0.19921104609966278
						],
						"rotation": [
							0.983835756778717,
							0.1790735274553299,
							-4.97384462505579e-08,
							9.080395102500916e-09
						]
					}
				}
			}
		},
		"relationships": {
			"L-Rack": [
				[
					"AMR_LIFT01",
					"none"
				]
			]
		}
	},
	"timestamp_2": {
		"robots": {
			"ARMLIFT": {
				"AMR_LIFT01": {
					"name": "AMR_LIFT01",
					"pose": {
						"translation": [
							139.62429809570312,
							142.4181365966797,
							0.06199989095330238
						],
						"rotation": [
							-0.009427854791283607,
							-0.0035339994356036186,
							-0.9363476634025574,
							0.35092973709106445
						]
					},
					"odometry": {
						"position": [
							0.5952664022132688,
							-7.88118515483614,
							-0.013460590524164515
						],
						"orientation": [
							-0.019843109427921668,
							0.0003838457283785775,
							-0.9361755073109833,
							0.3509722541479762
						],
						"linear": [
							0.0024948243517428637,
							0.0,
							0.0
						],
						"angular": [
							0.0,
							0.0,
							-0.0014828696148470044
						]
					},
					"aabb": [
						123.72885707309679,
						140.7804400691592,
						-0.012430262442007668,
						124.70996619589825,
						141.71220805907183,
						0.16286000137457074
					],
					"joint_state": {
						"position": [
							-1.3069,
							4.9532,
							1.0158,
							-5.9294,
							1.0196,
							-1.075,
							0.0
						],
						"velocity": [
							-0.0257,
							-0.0194,
							0.125,
							0.0164,
							-0.0031,
							-0.0121,
							0.0
						],
						"effort": [
							0.0,
							0.0,
							0.0,
							0.0,
							0.0,
							0.0,
							0.0
						]
					},
					"lift_state": "lift_down"
				}
			}
		},
		"objects": {
			"Rack": {
				"Rack_02": {
					"name": "Rack_02",
					"pose": {
						"translation": [
							133.05699157714844,
							143.09999084472656,
							0.19921104609966278
						],
						"rotation": [
							0.983835756778717,
							0.1790735274553299,
							-4.97384462505579e-08,
							9.080395102500916e-09
						]
					}
				}
			}
		},
		"relationships": {
			"L-Rack": [
				[
					"AMR_LIFT01",
					"none"
				]
			]
		}
	},
	"timestamp_3": {
		"robots": {
			"ARMLIFT": {
				"AMR_LIFT01": {
					"name": "AMR_LIFT01",
					"pose": {
						"translation": [
							139.624267578125,
							142.41806030273438,
							0.062002409249544144
						],
						"rotation": [
							-0.009438890963792801,
							-0.003531690454110503,
							-0.9363551735877991,
							0.35090968012809753
						]
					},
					"odometry": {
						"position": [
							0.5952274097158194,
							-7.88126327707813,
							-0.013457197741630657
						],
						"orientation": [
							-0.019854222539246884,
							0.00038593004266334143,
							-0.9361828971006626,
							0.35095191135193227
						],
						"linear": [
							0.0061943987384438515,
							0.0,
							0.0
						],
						"angular": [
							0.0,
							0.0,
							0.002930250484496355
						]
					},
					"aabb": [
						123.7289191596318,
						140.78037312480578,
						-0.012366439624679346,
						124.71004490906455,
						141.71211704525655,
						0.1628554219214258
					],
					"joint_state": {
						"position": [
							-1.3071,
							4.9546,
							1.0368,
							-5.9368,
							1.0332,
							-1.0819,
							0.0
						],
						"velocity": [
							0.046,
							0.0301,
							-0.0422,
							0.0526,
							-0.2808,
							-0.0396,
							0.0
						],
						"effort": [
							0.0,
							0.0,
							0.0,
							0.0,
							0.0,
							0.0,
							0.0
						]
					},
					"lift_state": "lift_down"
				}
			}
		},
		"objects": {
			"Rack": {
				"Rack_02": {
					"name": "Rack_02",
					"pose": {
						"translation": [
							133.05699157714844,
							143.09999084472656,
							0.19921104609966278
						],
						"rotation": [
							0.983835756778717,
							0.1790735274553299,
							-4.97384462505579e-08,
							9.080395102500916e-09
						]
					}
				}
			}
		},
		"relationships": {
			"L-Rack": [
				[
					"AMR_LIFT01",
					"none"
				]
			]
		}
	},
	"timestamp_4": {
		"robots": {
			"ARMLIFT": {
				"AMR_LIFT01": {
					"name": "AMR_LIFT01",
					"pose": {
						"translation": [
							139.62464904785156,
							142.4176788330078,
							0.062004584819078445
						],
						"rotation": [
							-0.009434117004275322,
							-0.003535192459821701,
							-0.9363878965377808,
							0.3508223593235016
						]
					},