{
	"timestamp_0": {
		"robots": {
			"ARMLIFT": {
				"AMR_LIFT01": {
					"name": "AMR_LIFT01",
					"pose": {
						"translation": [
							139.619140625,
							142.46377563476562,
							0.062000080943107605
						],
						"rotation": [
							-0.009414322674274445,
							-0.0036016074009239674,
							-0.9339202046394348,
							0.3573397099971771
						]
					},
					"odometry": {
						"position": [
							0.5900992746314981,
							-7.835550572958076,
							-0.013344157190345011
						],
						"orientation": [
							-0.019802469841376766,
							0.00038754531989993287,
							-0.9337481719621145,
							0.35738223704349953
						],
						"linear": [
							0.0041349814273417,
							0.0,
							0.0
						],
						"angular": [
							0.0,
							0.0,
							0.0056153456680476665
						]
					},
					"aabb": [
						123.73783632591197,
						140.72983608671325,
						-0.014756725500672687,
						124.71482721266038,
						141.6673398626717,
						0.16294385330245617
					],
					"joint_state": {
						"position": [
							-1.646,
							4.6832,
							1.0468,
							-5.5876,
							1.0463,
							-0.6943,
							0.0
						],
						"velocity": [
							-0.0305,
							-0.0713,
							-0.0831,
							0.0794,
							-0.1578,
							0.068,
							0.0
						],
						"effort": [
							0.0,
							0.0,
							0.0,
							0.0,
							0.0,
							0.0,
							0.0
						]
					},
					"lift_state": "lift_down"
				}
			}
		},
		"objects": {
			"Rack": {
				"Rack_02": {
					"name": "Rack_02",
					"pose": {
						"translation": [
							133.05699157714844,
							143.09999084472656,
							0.19921104609966278
						],
						"rotation": [
							0.983835756778717,
							0.1790735274553299,
							-4.97384462505579e-08,
							9.080395102500916e-09
						]
					}
				}
			}
		},
		"relationships": {
			"L-Rack": [
				[
					"AMR_LIFT01",
					"none"
				]
			]
		}
	},
	"timestamp_1": {
		"robots": {
			"ARMLIFT": {
				"AMR_LIFT01": {
					"name": "AMR_LIFT01",
					"pose": {
						"translation": [
							139.6190185546875,
							142.463623046875,
							0.062000539153814316
						],
						"rotation": [
							-0.009415531530976295,
							-0.003605099394917488,
							-0.9339303970336914,
							0.3573130667209625
						]
					},
					"odometry": {
						"position": [
							0.5899821348258003,
							-7.835706828562777,
							-0.013341083490187625
						],
						"orientation": [
							-0.019803790318540262,
							0.0003837569830082397,
							-0.9337583475586337,
							0.35735558059748734
						],
						"linear": [
							0.0041353595443069935,
							0.0,
							0.0
						],
						"angular": [
							0.0,
							0.0,
							-0.0007759271538816392
						]
					},
					"aabb": [
						123.73798760136566,
						140.729578170113,
						-0.014753426689172788,
						124.71498363721251,
						141.6670755018261,
						0.16294213441544833
					],
					"joint_state": {
						"position": [
							-1.6453,
							4.6838,
							1.056,
							-5.5909,
							1.0542,
							-0.6994,
							0.0
						],
						"velocity": [
							-0.0084,
							0.0139,
							-0.0394,
							-0.0029,
							-0.0468,
							-0.0054,
							0.0
						],
						"effort": [
							0.0,
							0.0,
							0.0,
							0.0,
							0.0,
							0.0,
							0.0
						]
					},
					"lift_state": "lift_down"
				}
			}
		},
		"objects": {
			"Rack": {
				"Rack_02": {
					"name": "Rack_02",
					"pose": {
						"translation": [
							133.05699157714844,
							143.09999084472656,
							0.19921104609966278
						],
						"rotation": [
							0.983835756778717,
							0.1790735274553299,
							-4.97384462505579e-08,
							9.080395102500916e-09
						]
					}
				}
			}
		},
		"relationships": {
			"L-Rack": [
				[
					"AMR_LIFT01",
					"none"
				]
			]
		}
	},
	"timestamp_2": {
		"robots": {
			"ARMLIFT": {
				"AMR_LIFT01": {
					"name": "AMR_LIFT01",
					"pose": {
						"translation": [
							139.6190185546875,
							142.46359252929688,
							0.06200015917420387
						],
						"rotation": [
							-0.009418865665793419,
							-0.003597798990085721,
							-0.9340408444404602,
							0.35702410340309143
						]
					},
					"odometry": {
						"position": [
							0.5899821272680891,
							-7.835736126302501,
							-0.013341492887369116
						],
						"orientation": [
							-0.019808361242215848,
							0.000387842742583581,
							-0.9338687658640645,
							0.3570666696100799
						],
						"linear": [
							0.003040258539840579,
							0.0,
							0.0
						],
						"angular": [
							0.0,
							0.0,
							-0.0019962924998253584
						]
					},
					"aabb": [
						123.73790820081105,
						140.72998763363097,
						-0.014708611197214227,
						124.71507012153813,
						141.66726249215523,
						0.16294493230126433
					],
					"joint_state": {
						"position": [
							-1.6446,
							4.6858,
							1.0558,
							-5.5996,
							1.0542,
							-0.7013,
							0.0
						],
						"velocity": [
							0.0234,
							0.0237,
							-0.0442,
							-0.0054,
							-0.0278,
							0.003,
							0.0
						],
						"effort": [
							0.0,
							0.0,
							0.0,
							0.0,
							0.0,
							0.0,
							0.0
						]
					},
					"lift_state": "lift_down"
				}
			}
		},
		"objects": {
			"Rack": {
				"Rack_02": {
					"name": "Rack_02",
					"pose": {
						"translation": [
							133.05699157714844,
							143.09999084472656,
							0.19921104609966278
						],
						"rotation": [
							0.983835756778717,
							0.1790735274553299,
							-4.97384462505579e-08,
							9.080395102500916e-09
						]
					}
				}
			}
		},
		"relationships": {
			"L-Rack": [
				[
					"AMR_LIFT01",
					"none"
				]
			]
		}
	},
	"timestamp_3": {
		"robots": {
			"ARMLIFT": {
				"AMR_LIFT01": {
					"name": "AMR_LIFT01",
					"pose": {
						"translation": [
							139.61903381347656,
							142.46351623535156,
							0.062001150101423264
						],
						"rotation": [
							-0.009414790198206902,
							-0.0036017880775034428,
							-0.9339738488197327,
							0.35719922184944153
						]
					},
					"odometry": {
						"position": [
							0.5900016798323277,
							-7.8358142484638265,
							-0.01334093923122703
						],
						"orientation": [
							-0.019803542710294098,
							0.00038580265312605777,
							-0.9338018110949495,
							0.3572420026371855
						],
						"linear": [
							0.008377709425985813,
							0.0,
							0.0
						],
						"angular": [
							0.0,
							0.0,
							0.0031812991946935654
						]
					},
					"aabb": [
						123.73802967331015,
						140.7300600682786,
						-0.014757270152746707,
						124.71509436897318,
						141.66746420814957,
						0.16294189344219895
					],
					"joint_state": {
						"position": [
							-1.6451,
							4.6846,
							1.0461,
							-5.5903,
							1.0485,
							-0.6913,
							0.0
						],
						"velocity": [
							-0.1083,
							-0.1078,
							-0.1552,
							0.0549,
							0.2286,
							0.0745,
							0.0
						],
						"effort": [
							0.0,
							0.0,
							0.0,
							0.0,
							0.0,
							0.0,
							0.0
						]
					},
					"lift_state": "lift_down"
				}
			}
		},
		"objects": {
			"Rack": {
				"Rack_02": {
					"name": "Rack_02",
					"pose": {
						"translation": [
							133.05699157714844,
							143.09999084472656,
							0.19921104609966278
						],
						"rotation": [
							0.983835756778717,
							0.1790735274553299,
							-4.97384462505579e-08,
							9.080395102500916e-09
						]
					}
				}
			}
		},
		"relationships": {
			"L-Rack": [
				[
					"AMR_LIFT01",
					"none"
				]
			]
		}
	},
	"timestamp_4": {
		"robots": {
			"ARMLIFT": {
				"AMR_LIFT01": {
					"name": "AMR_LIFT01",
					"pose": {
						"translation": [
							139.61936950683594,
							142.4634552001953,
							0.06200004369020462
						],
						"rotation": [
							-0.00941323023289442,
							-0.003602421609684825,
							-0.933905839920044,
							0.357377290725708
						]
					},