{
	"timestamp_0": {
		"robots": {
			"ARMLIFT": {
				"AMR_LIFT01": {
					"name": "AMR_LIFT01",
					"pose": {
						"translation": [
							139.62156677246094,
							142.42239379882812,
							0.062002066522836685
						],
						"rotation": [
							-0.009438985958695412,
							-0.00355223985388875,
							-0.9358558058738708,
							0.35223910212516785
						]
					},
					"odometry": {
						"position": [
							0.5925325287622577,
							-7.876927474901193,
							-0.013397471696182507
						],
						"orientation": [
							-0.019848742443259147,
							0.0003801705239455242,
							-0.9356835036120713,
							0.352281512376158
						],
						"linear": [
							-0.0018340431852266192,
							0.0,
							0.0
						],
						"angular": [
							0.0,
							0.0,
							0.0019260800909250975
						]
					},
					"aabb": [
						123.73234660190084,
						140.7751288065,
						-0.012574059875082805,
						124.71262036354179,
						141.70809829513246,
						0.16286517405243425
					],
					"joint_state": {
						"position": [
							-1.3335,
							4.9316,
							1.0561,
							-5.9053,
							1.06,
							-1.0675,
							0.0
						],
						"velocity": [
							0.0306,
							0.0307,
							0.1385,
							-0.0062,
							0.1437,
							-0.0079,
							0.0
						],
						"effort": [
							0.0,
							0.0,
							0.0,
							0.0,
							0.0,
							0.0,
							0.0
						]
					},
					"lift_state": "lift_down"
				}
			}
		},
		"objects": {
			"Rack": {
				"Rack_02": {
					"name": "Rack_02",
					"pose": {
						"translation": [
							133.05699157714844,
							143.09999084472656,
							0.19921104609966278
						],
						"rotation": [
							0.983835756778717,
							0.1790735274553299,
							-4.97384462505579e-08,
							9.080395102500916e-09
						]
					}
				}
			}
		},
		"relationships": {
			"L-Rack": [
				[
					"AMR_LIFT01",
					"none"
				]
			]
		}
	},
	"timestamp_1": {
		"robots": {
			"ARMLIFT": {
				"AMR_LIFT01": {
					"name": "AMR_LIFT01",
					"pose": {
						"translation": [
							139.62164306640625,
							142.42214965820312,
							0.062002524733543396
						],
						"rotation": [
							-0.00943796243518591,
							-0.003551314352080226,
							-0.9358856678009033,
							0.352159708738327
						]
					},
					"odometry": {
						"position": [
							0.5926008956346399,
							-7.877171611348387,
							-0.013398478214362642
						],
						"orientation": [
							-0.019848055161189596,
							0.0003802130602964175,
							-0.9357133780718662,
							0.3522021922726831
						],
						"linear": [
							0.00025572796585038304,
							0.0,
							0.0
						],
						"angular": [
							0.0,
							0.0,
							0.0009792398195713758
						]
					},
					"aabb": [
						123.73222910610944,
						140.77536499319788,
						-0.012603047068524453,
						124.71261490893305,
						141.70817525979706,
						0.1628670405686912
					],
					"joint_state": {
						"position": [
							-1.3323,
							4.9315,
							1.0513,
							-5.9038,
							1.0549,
							-1.0644,
							0.0
						],
						"velocity": [
							0.0003,
							0.0004,
							0.0242,
							-0.0166,
							-0.0129,
							0.0134,
							0.0
						],
						"effort": [
							0.0,
							0.0,
							0.0,
							0.0,
							0.0,
							0.0,
							0.0
						]
					},
					"lift_state": "lift_down"
				}
			}
		},
		"objects": {
			"Rack": {
				"Rack_02": {
					"name": "Rack_02",
					"pose": {
						"translation": [
							133.05699157714844,
							143.09999084472656,
							0.19921104609966278
						],
						"rotation": [
							0.983835756778717,
							0.1790735274553299,
							-4.97384462505579e-08,
							9.080395102500916e-09
						]
					}
				}
			}
		},
		"relationships": {
			"L-Rack": [
				[
					"AMR_LIFT01",
					"none"
				]
			]
		}
	},
	"timestamp_2": {
		"robots": {
			"ARMLIFT": {
				"AMR_LIFT01": {
					"name": "AMR_LIFT01",
					"pose": {
						"translation": [
							139.62188720703125,
							142.42245483398438,
							0.0620032474398613
						],
						"rotation": [
							-0.009443293325603008,
							-0.0035425350069999695,
							-0.9359744191169739,
							0.35192355513572693
						]
					},
					"odometry": {
						"position": [
							0.5927961645250698,
							-7.876898161238232,
							-0.013401958217511207
						],
						"orientation": [
							-0.019851998423558757,
							0.00038748864754673505,
							-0.9357996628943327,
							0.35197263947357127
						],
						"linear": [
							-0.00412055104970932,
							0.0,
							0.0
						],
						"angular": [
							0.0,
							0.0,
							0.0018086809432134032
						]
					},
					"aabb": [
						123.73215584191385,
						140.7751762663628,
						-0.012544422393554237,
						124.7126182643521,
						141.70787758849042,
						0.16287334370077303
					],
					"joint_state": {
						"position": [
							-1.3307,
							4.9318,
							1.0566,
							-5.9064,
							1.0576,
							-1.0696,
							0.0
						],
						"velocity": [
							-0.001,
							-0.0013,
							0.4367,
							-0.1088,
							-0.0083,
							-0.0124,
							0.0
						],
						"effort": [
							0.0,
							0.0,
							0.0,
							0.0,
							0.0,
							0.0,
							0.0
						]
					},
					"lift_state": "lift_down"
				}
			}
		},
		"objects": {
			"Rack": {
				"Rack_02": {
					"name": "Rack_02",
					"pose": {
						"translation": [
							133.05699157714844,
							143.09999084472656,
							0.19921104609966278
						],
						"rotation": [
							0.983835756778717,
							0.1790735274553299,
							-4.97384462505579e-08,
							9.080395102500916e-09
						]
					}
				}
			}
		},
		"relationships": {
			"L-Rack": [
				[
					"AMR_LIFT01",
					"none"
				]
			]
		}
	},
	"timestamp_3": {
		"robots": {
			"ARMLIFT": {
				"AMR_LIFT01": {
					"name": "AMR_LIFT01",
					"pose": {
						"translation": [
							139.62210083007812,
							142.4221649169922,
							0.06200077012181282
						],
						"rotation": [
							-0.009440858848392963,
							-0.003550476860255003,
							-0.9360772967338562,
							0.3516499400138855
						]
					},
					"odometry": {
						"position": [
							0.5930597258781637,
							-7.877161824868961,
							-0.013410486271663434
						],
						"orientation": [
							-0.019853090829100965,
							0.000375379770419938,
							-0.9359049772868167,
							0.3516924613413299
						],
						"linear": [
							-0.00191779644228518,
							0.0,
							0.0
						],
						"angular": [
							0.0,
							0.0,
							-0.005989531986415386
						]
					},
					"aabb": [
						123.73152989752447,
						140.77567384748164,
						-0.012531490139046232,
						124.71209478667079,
						141.7082296828483,
						0.1628721637743894
					],
					"joint_state": {
						"position": [
							-1.3311,
							4.933,
							1.0618,
							-5.9179,
							1.065,
							-1.0744,
							0.0
						],
						"velocity": [
							0.0146,
							0.0292,
							0.0603,
							-0.0508,
							0.107,
							-0.0484,
							0.0
						],
						"effort": [
							0.0,
							0.0,
							0.0,
							0.0,
							0.0,
							0.0,
							0.0
						]
					},
					"lift_state": "lift_down"
				}
			}
		},
		"objects": {
			"Rack": {
				"Rack_02": {
					"name": "Rack_02",
					"pose": {
						"translation": [
							133.05699157714844,
							143.09999084472656,
							0.19921104609966278
						],
						"rotation": [
							0.983835756778717,
							0.1790735274553299,
							-4.97384462505579e-08,
							9.080395102500916e-09
						]
					}
				}
			}
		},
		"relationships": {
			"L-Rack": [
				[
					"AMR_LIFT01",
					"none"
				]
			]
		}
	},
	"timestamp_4": {
		"robots": {
			"ARMLIFT": {
				"AMR_LIFT01": {
					"name": "AMR_LIFT01",
					"pose": {
						"translation": [
							139.6225128173828,
							142.42185974121094,
							0.06200118735432625
						],
						"rotation": [
							-0.009441543370485306,
							-0.0035439427010715008,
							-0.9361230134963989,
							0.3515280485153198
						]
					},