{
	"timestamp_0": {
		"robots": {
			"ARMLIFT": {
				"AMR_LIFT01": {
					"name": "AMR_LIFT01",
					"pose": {
						"translation": [
							139.6157684326172,
							142.47314453125,
							0.06200069189071655
						],
						"rotation": [
							-0.00940505601465702,
							-0.0036206848453730345,
							-0.9331240057945251,
							0.3594138026237488
						]
					},
					"odometry": {
						"position": [
							0.5867304889987389,
							-7.826185497922516,
							-0.01326837050380318
						],
						"orientation": [
							-0.019784314497615946,
							0.00039154102662758883,
							-0.9329520515612092,
							0.35945639107298505
						],
						"linear": [
							-0.0028556142933666706,
							0.0,
							0.0
						],
						"angular": [
							0.0,
							0.0,
							-0.0007265869062393904
						]
					},
					"aabb": [
						123.74273681341789,
						140.71874659365488,
						-0.014950608485206103,
						124.71835971833492,
						141.65806251074773,
						0.16295987689703773
					],
					"joint_state": {
						"position": [
							-1.731,
							4.6398,
							1.0409,
							-5.4897,
							1.0518,
							-0.6516,
							0.0
						],
						"velocity": [
							-0.0009,
							-0.0005,
							0.0073,
							0.0119,
							-0.006,
							-0.0004,
							0.0
						],
						"effort": [
							0.0,
							0.0,
							0.0,
							0.0,
							0.0,
							0.0,
							0.0
						]
					},
					"lift_state": "lift_down"
				}
			}
		},
		"objects": {
			"Rack": {
				"Rack_02": {
					"name": "Rack_02",
					"pose": {
						"translation": [
							133.05699157714844,
							143.09999084472656,
							0.19921104609966278
						],
						"rotation": [
							0.983835756778717,
							0.1790735274553299,
							-4.97384462505579e-08,
							9.080395102500916e-09
						]
					}
				}
			}
		},
		"relationships": {
			"L-Rack": [
				[
					"AMR_LIFT01",
					"none"
				]
			]
		}
	},
	"timestamp_1": {
		"robots": {
			"ARMLIFT": {
				"AMR_LIFT01": {
					"name": "AMR_LIFT01",
					"pose": {
						"translation": [
							139.61578369140625,
							142.47328186035156,
							0.06200145557522774
						],
						"rotation": [
							-0.009408180601894855,
							-0.003622031304985285,
							-0.9331927299499512,
							0.3592349886894226
						]
					},
					"odometry": {
						"position": [
							0.5867500249690811,
							-7.826039010690595,
							-0.013268026286084042
						],
						"orientation": [
							-0.019788212565075503,
							0.0003882063016468088,
							-0.9330207400340312,
							0.35927785153790903
						],
						"linear": [
							-0.0053927418775856495,
							0.0,
							0.0
						],
						"angular": [
							0.0,
							0.0,
							0.0036074211820960045
						]
					},
					"aabb": [
						123.74261945008124,
						140.71872636408588,
						-0.014951170277019312,
						124.7183352727428,
						141.65792070097677,
						0.16295863667156796
					],
					"joint_state": {
						"position": [
							-1.7299,
							4.6419,
							1.0471,
							-5.4952,
							1.0531,
							-0.6507,
							0.0
						],
						"velocity": [
							0.0701,
							0.0654,
							0.0168,
							0.0203,
							-0.1804,
							-0.0448,
							0.0
						],
						"effort": [
							0.0,
							0.0,
							0.0,
							0.0,
							0.0,
							0.0,
							0.0
						]
					},
					"lift_state": "lift_down"
				}
			}
		},
		"objects": {
			"Rack": {
				"Rack_02": {
					"name": "Rack_02",
					"pose": {
						"translation": [
							133.05699157714844,
							143.09999084472656,
							0.19921104609966278
						],
						"rotation": [
							0.983835756778717,
							0.1790735274553299,
							-4.97384462505579e-08,
							9.080395102500916e-09
						]
					}
				}
			}
		},
		"relationships": {
			"L-Rack": [
				[
					"AMR_LIFT01",
					"none"
				]
			]
		}
	},
	"timestamp_2": {
		"robots": {
			"ARMLIFT": {
				"AMR_LIFT01": {
					"name": "AMR_LIFT01",
					"pose": {
						"translation": [
							139.61572265625,
							142.47386169433594,
							0.062001608312129974
						],
						"rotation": [
							-0.00941063929349184,
							-0.0036205698270350695,
							-0.9331488013267517,
							0.35934916138648987
						]
					},
					"odometry": {
						"position": [
							0.5868574132427007,
							-7.825609315255031,
							-0.013269705793279197
						],
						"orientation": [
							-0.019792768890514265,
							0.00039514098024933194,
							-0.9329751509418617,
							0.35939596253750944
						],
						"linear": [
							0.000395304145058617,
							0.0,
							0.0
						],
						"angular": [
							0.0,
							0.0,
							-8.52793236845173e-05
						]
					},
					"aabb": [
						123.74253111834845,
						140.7181982585488,
						-0.01494749592618414,
						124.71814422221637,
						141.65752699040377,
						0.16296086527483136
					],
					"joint_state": {
						"position": [
							-1.7293,
							4.6415,
							1.0553,
							-5.4931,
							1.0495,
							-0.651,
							0.0
						],
						"velocity": [
							0.0098,
							-0.0156,
							0.0057,
							0.0158,
							0.037,
							0.0059,
							0.0
						],
						"effort": [
							0.0,
							0.0,
							0.0,
							0.0,
							0.0,
							0.0,
							0.0
						]
					},
					"lift_state": "lift_down"
				}
			}
		},
		"objects": {
			"Rack": {
				"Rack_02": {
					"name": "Rack_02",
					"pose": {
						"translation": [
							133.05699157714844,
							143.09999084472656,
							0.19921104609966278
						],
						"rotation": [
							0.983835756778717,
							0.1790735274553299,
							-4.97384462505579e-08,
							9.080395102500916e-09
						]
					}
				}
			}
		},
		"relationships": {
			"L-Rack": [
				[
					"AMR_LIFT01",
					"none"
				]
			]
		}
	},
	"timestamp_3": {
		"robots": {
			"ARMLIFT": {
				"AMR_LIFT01": {
					"name": "AMR_LIFT01",
					"pose": {
						"translation": [
							139.61520385742188,
							142.4742889404297,
							0.062000807374715805
						],
						"rotation": [
							-0.009403590112924576,
							-0.00362907606177032,
							-0.9330434203147888,
							0.3596229553222656
						]
					},
					"odometry": {
						"position": [
							0.586164165899708,
							-7.8250429473682575,
							-0.013255605743092317
						],
						"orientation": [
							-0.01978194836552079,
							0.00038547667630854784,
							-0.9328714735480593,
							0.359665594360746
						],
						"linear": [
							-0.0016589389415457845,
							0.0,
							0.0
						],
						"angular": [
							0.0,
							0.0,
							0.0007891212590038776
						]
					},
					"aabb": [
						123.74346929886542,
						140.717397804895,
						-0.014946149965088867,
						124.71893724597325,
						141.656915257115,
						0.16296135225336744
					],
					"joint_state": {
						"position": [
							-1.7282,
							4.6422,
							1.0571,
							-5.4994,
							1.0461,
							-0.6567,
							0.0
						],
						"velocity": [
							0.0169,
							0.0133,
							0.3897,
							-0.2275,
							0.388,
							-0.2409,
							0.0
						],
						"effort": [
							0.0,
							0.0,
							0.0,
							0.0,
							0.0,
							0.0,
							0.0
						]
					},
					"lift_state": "lift_down"
				}
			}
		},
		"objects": {
			"Rack": {
				"Rack_02": {
					"name": "Rack_02",
					"pose": {
						"translation": [
							133.05699157714844,
							143.09999084472656,
							0.19921104609966278
						],
						"rotation": [
							0.983835756778717,
							0.1790735274553299,
							-4.97384462505579e-08,
							9.080395102500916e-09
						]
					}
				}
			}
		},
		"relationships": {
			"L-Rack": [
				[
					"AMR_LIFT01",
					"none"
				]
			]
		}
	},
	"timestamp_4": {
		"robots": {
			"ARMLIFT": {
				"AMR_LIFT01": {
					"name": "AMR_LIFT01",
					"pose": {
						"translation": [
							139.61520385742188,
							142.47421264648438,
							0.06200065463781357
						],
						"rotation": [
							-0.009409080259501934,
							-0.0036259382031857967,
							-0.9330986142158508,
							0.35947948694229126
						]
					},