{
	"timestamp_0": {
		"robots": {
			"ARMLIFT": {
				"AMR_LIFT01": {
					"name": "AMR_LIFT01",
					"pose": {
						"translation": [
							139.60008239746094,
							142.52508544921875,
							0.06200580298900604
						],
						"rotation": [
							-0.009443076327443123,
							-0.0037299657706171274,
							-0.9293671250343323,
							0.3690173923969269
						]
					},
					"odometry": {
						"position": [
							0.5708918077122116,
							-7.774076863376885,
							-0.012915537439056522
						],
						"orientation": [
							-0.01976745459843853,
							0.0003740433397691585,
							-0.9292028536181423,
							0.36904087125707397
						],
						"linear": [
							0.00023608702758792788,
							0.0,
							0.0
						],
						"angular": [
							0.0,
							0.0,
							-0.0004754840047098696
						]
					},
					"aabb": [
						123.7645354416611,
						140.65953297535805,
						-0.01323758039874887,
						124.73353052730276,
						141.60707386697678,
						0.16307217091927684
					],
					"joint_state": {
						"position": [
							-2.0998,
							4.3683,
							1.2287,
							-5.2777,
							1.2363,
							-0.4087,
							0.0
						],
						"velocity": [
							-0.0148,
							0.0315,
							0.2376,
							-0.2494,
							0.2357,
							-0.2638,
							0.0
						],
						"effort": [
							0.0,
							0.0,
							0.0,
							0.0,
							0.0,
							0.0,
							0.0
						]
					},
					"lift_state": "lift_down"
				}
			}
		},
		"objects": {
			"Rack": {
				"Rack_02": {
					"name": "Rack_02",
					"pose": {
						"translation": [
							133.05699157714844,
							143.09999084472656,
							0.19921104609966278
						],
						"rotation": [
							0.983835756778717,
							0.1790735274553299,
							-4.97384462505579e-08,
							9.080395102500916e-09
						]
					}
				}
			}
		},
		"relationships": {
			"L-Rack": [
				[
					"AMR_LIFT01",
					"none"
				]
			]
		}
	},
	"timestamp_1": {
		"robots": {
			"ARMLIFT": {
				"AMR_LIFT01": {
					"name": "AMR_LIFT01",
					"pose": {
						"translation": [
							139.60008239746094,
							142.52479553222656,
							0.062000006437301636
						],
						"rotation": [
							-0.00943141058087349,
							-0.0037431896198540926,
							-0.9294320940971375,
							0.36885392665863037
						]
					},
					"odometry": {
						"position": [
							0.571038289941392,
							-7.7745260742992635,
							-0.012918335892826609
						],
						"orientation": [
							-0.019769454463892555,
							0.00037405333096145,
							-0.9292598223573745,
							0.36889729099933316
						],
						"linear": [
							0.007135441526770592,
							0.0,
							0.0
						],
						"angular": [
							0.0,
							0.0,
							-0.005218428559601307
						]
					},
					"aabb": [
						123.76448197855986,
						140.65993931902813,
						-0.013206952505182359,
						124.73357668261342,
						141.60736361648907,
						0.16307232054956064
					],
					"joint_state": {
						"position": [
							-2.1008,
							4.3687,
							1.227,
							-5.2718,
							1.2367,
							-0.4028,
							0.0
						],
						"velocity": [
							-0.058,
							-0.0305,
							0.0507,
							-0.0821,
							0.1096,
							-0.0719,
							0.0
						],
						"effort": [
							0.0,
							0.0,
							0.0,
							0.0,
							0.0,
							0.0,
							0.0
						]
					},
					"lift_state": "lift_down"
				}
			}
		},
		"objects": {
			"Rack": {
				"Rack_02": {
					"name": "Rack_02",
					"pose": {
						"translation": [
							133.05699157714844,
							143.09999084472656,
							0.19921104609966278
						],
						"rotation": [
							0.983835756778717,
							0.1790735274553299,
							-4.97384462505579e-08,
							9.080395102500916e-09
						]
					}
				}
			}
		},
		"relationships": {
			"L-Rack": [
				[
					"AMR_LIFT01",
					"none"
				]
			]
		}
	},
	"timestamp_2": {
		"robots": {
			"ARMLIFT": {
				"AMR_LIFT01": {
					"name": "AMR_LIFT01",
					"pose": {
						"translation": [
							139.6009979248047,
							142.52389526367188,
							0.06200264021754265
						],
						"rotation": [
							-0.00943833589553833,
							-0.0037475123535841703,
							-0.9296153783798218,
							0.36839157342910767
						]
					},
					"odometry": {
						"position": [
							0.5719561374474187,
							-7.775434225281822,
							-0.012936164896226196
						],
						"orientation": [
							-0.019778425007450865,
							0.0003645873983256314,
							-0.9294430262556854,
							0.3684349900931329
						],
						"linear": [
							0.00035360315814614296,
							0.0,
							0.0
						],
						"angular": [
							0.0,
							0.0,
							0.0016632908955216408
						]
					},
					"aabb": [
						123.76341600242165,
						140.66102311655132,
						-0.013367960817454555,
						124.73276452576742,
						141.60815116137007,
						0.16307206213529216
					],
					"joint_state": {
						"position": [
							-2.0996,
							4.3701,
							1.2374,
							-5.2836,
							1.2524,
							-0.416,
							0.0
						],
						"velocity": [
							-0.0189,
							0.0096,
							0.2832,
							-0.0988,
							0.112,
							-0.0915,
							0.0
						],
						"effort": [
							0.0,
							0.0,
							0.0,
							0.0,
							0.0,
							0.0,
							0.0
						]
					},
					"lift_state": "lift_down"
				}
			}
		},
		"objects": {
			"Rack": {
				"Rack_02": {
					"name": "Rack_02",
					"pose": {
						"translation": [
							133.05699157714844,
							143.09999084472656,
							0.19921104609966278
						],
						"rotation": [
							0.983835756778717,
							0.1790735274553299,
							-4.97384462505579e-08,
							9.080395102500916e-09
						]
					}
				}
			}
		},
		"relationships": {
			"L-Rack": [
				[
					"AMR_LIFT01",
					"none"
				]
			]
		}
	},
	"timestamp_3": {
		"robots": {
			"ARMLIFT": {
				"AMR_LIFT01": {
					"name": "AMR_LIFT01",
					"pose": {
						"translation": [
							139.6013946533203,
							142.523681640625,
							0.06199996918439865
						],
						"rotation": [
							-0.009439821355044842,
							-0.0037379832938313484,
							-0.9296754002571106,
							0.3682401776313782
						]
					},
					"odometry": {
						"position": [
							0.5723563804289354,
							-7.775649053491295,
							-0.012947765407006297
						],
						"orientation": [
							-0.01978057850625066,
							0.0003724315380877957,
							-0.929503041341619,
							0.3682834318095075
						],
						"linear": [
							9.5215997134801e-05,
							0.0,
							0.0
						],
						"angular": [
							0.0,
							0.0,
							-0.0006787099991925061
						]
					},
					"aabb": [
						123.76296893410881,
						140.66132592514595,
						-0.013468285711506269,
						124.73250445913449,
						141.60823388876256,
						0.16307352089302893
					],
					"joint_state": {
						"position": [
							-2.0989,
							4.3706,
							1.2419,
							-5.2934,
							1.2573,
							-0.4225,
							0.0
						],
						"velocity": [
							-0.0006,
							0.0181,
							0.2483,
							-0.1725,
							0.2288,
							-0.1877,
							0.0
						],
						"effort": [
							0.0,
							0.0,
							0.0,
							0.0,
							0.0,
							0.0,
							0.0
						]
					},
					"lift_state": "lift_down"
				}
			}
		},
		"objects": {
			"Rack": {
				"Rack_02": {
					"name": "Rack_02",
					"pose": {
						"translation": [
							133.05699157714844,
							143.09999084472656,
							0.19921104609966278
						],
						"rotation": [
							0.983835756778717,
							0.1790735274553299,
							-4.97384462505579e-08,
							9.080395102500916e-09
						]
					}
				}
			}
		},
		"relationships": {
			"L-Rack": [
				[
					"AMR_LIFT01",
					"none"
				]
			]
		}
	},
	"timestamp_4": {
		"robots": {
			"ARMLIFT": {
				"AMR_LIFT01": {
					"name": "AMR_LIFT01",
					"pose": {
						"translation": [
							139.6014862060547,
							142.52317810058594,
							0.06199989095330238
						],
						"rotation": [
							-0.009436629712581635,
							-0.0037393691018223763,
							-0.9296247363090515,
							0.3683680295944214
						]
					},