{
	"timestamp_0": {
		"robots": {
			"ARMLIFT": {
				"AMR_LIFT01": {
					"name": "AMR_LIFT01",
					"pose": {
						"translation": [
							139.60311889648438,
							142.52088928222656,
							0.06199939548969269
						],
						"rotation": [
							-0.009435465559363365,
							-0.0037351553328335285,
							-0.9296740293502808,
							0.36824360489845276
						]
					},
					"odometry": {
						"position": [
							0.5740748393791456,
							-7.778441937541072,
							-0.012986630908943576
						],
						"orientation": [
							-0.01977621258261741,
							0.0003752981525284735,
							-0.9295017216352451,
							0.3682869941286268
						],
						"linear": [
							0.0034953393042087555,
							0.0,
							0.0
						],
						"angular": [
							0.0,
							0.0,
							-0.0012097045546397567
						]
					},
					"aabb": [
						123.76104199220883,
						140.6642200346379,
						-0.013790661338598803,
						124.73057025896347,
						141.61113486377616,
						0.1630656001802502
					],
					"joint_state": {
						"position": [
							-2.0928,
							4.377,
							1.2351,
							-5.3142,
							1.2294,
							-0.4293,
							0.0
						],
						"velocity": [
							-0.0309,
							-0.0328,
							-0.1158,
							0.1359,
							-0.1083,
							0.1365,
							0.0
						],
						"effort": [
							0.0,
							0.0,
							0.0,
							0.0,
							0.0,
							0.0,
							0.0
						]
					},
					"lift_state": "lift_down"
				}
			}
		},
		"objects": {
			"Rack": {
				"Rack_02": {
					"name": "Rack_02",
					"pose": {
						"translation": [
							133.05699157714844,
							143.09999084472656,
							0.19921104609966278
						],
						"rotation": [
							0.983835756778717,
							0.1790735274553299,
							-4.97384462505579e-08,
							9.080395102500916e-09
						]
					}
				}
			}
		},
		"relationships": {
			"L-Rack": [
				[
					"AMR_LIFT01",
					"none"
				]
			]
		}
	},
	"timestamp_1": {
		"robots": {
			"ARMLIFT": {
				"AMR_LIFT01": {
					"name": "AMR_LIFT01",
					"pose": {
						"translation": [
							139.60357666015625,
							142.5203857421875,
							0.0620034784078598
						],
						"rotation": [
							-0.009426398202776909,
							-0.0037467593792825937,
							-0.929663896560669,
							0.36826932430267334
						]
					},
					"odometry": {
						"position": [
							0.5745338266149457,
							-7.778939953005538,
							-0.012992798643785115
						],
						"orientation": [
							-0.019767031778063045,
							0.00036398137371162657,
							-0.9294916782545957,
							0.3683128453199806
						],
						"linear": [
							-0.00520152086392045,
							0.0,
							0.0
						],
						"angular": [
							0.0,
							0.0,
							0.0034448551014065742
						]
					},
					"aabb": [
						123.76091109240811,
						140.6646629574781,
						-0.013738374642891293,
						124.73042244275908,
						141.61159579802896,
						0.16306589821303766
					],
					"joint_state": {
						"position": [
							-2.0906,
							4.3788,
							1.2208,
							-5.3145,
							1.212,
							-0.4292,
							0.0
						],
						"velocity": [
							-0.0059,
							0.0097,
							0.0092,
							0.0165,
							0.1166,
							0.0674,
							0.0
						],
						"effort": [
							0.0,
							0.0,
							0.0,
							0.0,
							0.0,
							0.0,
							0.0
						]
					},
					"lift_state": "lift_down"
				}
			}
		},
		"objects": {
			"Rack": {
				"Rack_02": {
					"name": "Rack_02",
					"pose": {
						"translation": [
							133.05699157714844,
							143.09999084472656,
							0.19921104609966278
						],
						"rotation": [
							0.983835756778717,
							0.1790735274553299,
							-4.97384462505579e-08,
							9.080395102500916e-09
						]
					}
				}
			}
		},
		"relationships": {
			"L-Rack": [
				[
					"AMR_LIFT01",
					"none"
				]
			]
		}
	},
	"timestamp_2": {
		"robots": {
			"ARMLIFT": {
				"AMR_LIFT01": {
					"name": "AMR_LIFT01",
					"pose": {
						"translation": [
							139.60292053222656,
							142.5207977294922,
							0.06199992820620537
						],
						"rotation": [
							-0.009439432993531227,
							-0.0037299145478755236,
							-0.9299328327178955,
							0.36758965253829956
						]
					},
					"odometry": {
						"position": [
							0.5738113502834922,
							-7.778471238194807,
							-0.012975556143422906
						],
						"orientation": [
							-0.01978488641907212,
							0.0003589862276911401,
							-0.9297587242733079,
							0.3676372451696696
						],
						"linear": [
							-0.00011223391629755497,
							0.0,
							0.0
						],
						"angular": [
							0.0,
							0.0,
							-0.001343878568150103
						]
					},
					"aabb": [
						123.76084988597262,
						140.6648533144556,
						-0.013980223311979562,
						124.73080541346532,
						141.61126365478262,
						0.1630731154820937
					],
					"joint_state": {
						"position": [
							-2.091,
							4.38,
							1.2334,
							-5.3349,
							1.2428,
							-0.4553,
							0.0
						],
						"velocity": [
							0.0088,
							-0.0017,
							0.009,
							-0.0021,
							0.008,
							0.0019,
							0.0
						],
						"effort": [
							0.0,
							0.0,
							0.0,
							0.0,
							0.0,
							0.0,
							0.0
						]
					},
					"lift_state": "lift_down"
				}
			}
		},
		"objects": {
			"Rack": {
				"Rack_02": {
					"name": "Rack_02",
					"pose": {
						"translation": [
							133.05699157714844,
							143.09999084472656,
							0.19921104609966278
						],
						"rotation": [
							0.983835756778717,
							0.1790735274553299,
							-4.97384462505579e-08,
							9.080395102500916e-09
						]
					}
				}
			}
		},
		"relationships": {
			"L-Rack": [
				[
					"AMR_LIFT01",
					"none"
				]
			]
		}
	},
	"timestamp_3": {
		"robots": {
			"ARMLIFT": {
				"AMR_LIFT01": {
					"name": "AMR_LIFT01",
					"pose": {
						"translation": [
							139.60255432128906,
							142.52137756347656,
							0.06200012192130089
						],
						"rotation": [
							-0.009441967122256756,
							-0.003732177894562483,
							-0.929946780204773,
							0.3675541281700134
						]
					},
					"odometry": {
						"position": [
							0.5735183257880829,
							-7.777943917887195,
							-0.012973541571626479
						],
						"orientation": [
							-0.019785758143853135,
							0.00037060573960939666,
							-0.9297744045280668,
							0.3675975287056999
						],
						"linear": [
							0.0029368384275585413,
							0.0,
							0.0
						],
						"angular": [
							0.0,
							0.0,
							0.006138082593679428
						]
					},
					"aabb": [
						123.76101876609705,
						140.6644486141647,
						-0.014076143335332834,
						124.73104482965377,
						141.6107756740275,
						0.16307439380208413
					],
					"joint_state": {
						"position": [
							-2.0914,
							4.3806,
							1.2412,
							-5.338,
							1.2415,
							-0.4495,
							0.0
						],
						"velocity": [
							-0.0032,
							0.0032,
							-0.0007,
							-0.0162,
							-0.2559,
							0.2499,
							0.0
						],
						"effort": [
							0.0,
							0.0,
							0.0,
							0.0,
							0.0,
							0.0,
							0.0
						]
					},
					"lift_state": "lift_down"
				}
			}
		},
		"objects": {
			"Rack": {
				"Rack_02": {
					"name": "Rack_02",
					"pose": {
						"translation": [
							133.05699157714844,
							143.09999084472656,
							0.19921104609966278
						],
						"rotation": [
							0.983835756778717,
							0.1790735274553299,
							-4.97384462505579e-08,
							9.080395102500916e-09
						]
					}
				}
			}
		},
		"relationships": {
			"L-Rack": [
				[
					"AMR_LIFT01",
					"none"
				]
			]
		}
	},
	"timestamp_4": {
		"robots": {
			"ARMLIFT": {
				"AMR_LIFT01": {
					"name": "AMR_LIFT01",
					"pose": {
						"translation": [
							139.60231018066406,
							142.52108764648438,
							0.06200599670410156
						],
						"rotation": [
							-0.009441892616450787,
							-0.0037484089843928814,
							-0.9300163984298706,
							0.3673778474330902
						]
					},