{
	"timestamp_0": {
		"robots": {
			"ARMLIFT": {
				"AMR_LIFT01": {
					"name": "AMR_LIFT01",
					"pose": {
						"translation": [
							139.57261657714844,
							142.5914764404297,
							0.06201064959168434
						],
						"rotation": [
							-0.009302559308707714,
							-0.0037166334223002195,
							-0.9290449023246765,
							0.3698315918445587
						]
					},
					"odometry": {
						"position": [
							0.5435906534931705,
							-7.707847691899973,
							-0.01229492591841945
						],
						"orientation": [
							-0.01963628937669029,
							0.0004114864271744979,
							-0.9288740887460349,
							0.36987453828921285
						],
						"linear": [
							-0.002228543860837817,
							0.0,
							0.0
						],
						"angular": [
							0.0,
							0.0,
							-0.0006950530805625021
						]
					},
					"aabb": [
						123.79245175462093,
						140.592472218161,
						-0.011878708485473956,
						124.76080441766877,
						141.54071270051315,
						0.16315735936996079
					],
					"joint_state": {
						"position": [
							-2.4818,
							4.0925,
							0.8169,
							-4.7538,
							0.8318,
							0.1777,
							0.0
						],
						"velocity": [
							0.0278,
							0.0435,
							0.3639,
							-0.1012,
							0.3537,
							-0.0992,
							0.0
						],
						"effort": [
							0.0,
							0.0,
							0.0,
							0.0,
							0.0,
							0.0,
							0.0
						]
					},
					"lift_state": "lift_down"
				}
			}
		},
		"objects": {
			"Rack": {
				"Rack_02": {
					"name": "Rack_02",
					"pose": {
						"translation": [
							133.05699157714844,
							143.09999084472656,
							0.19921104609966278
						],
						"rotation": [
							0.983835756778717,
							0.1790735274553299,
							-4.97384462505579e-08,
							9.080395102500916e-09
						]
					}
				}
			}
		},
		"relationships": {
			"L-Rack": [
				[
					"AMR_LIFT01",
					"none"
				]
			]
		}
	},
	"timestamp_1": {
		"robots": {
			"ARMLIFT": {
				"AMR_LIFT01": {
					"name": "AMR_LIFT01",
					"pose": {
						"translation": [
							139.57254028320312,
							142.591552734375,
							0.06199932098388672
						],
						"rotation": [
							-0.009296032600104809,
							-0.0036997031420469284,
							-0.9290667176246643,
							0.36977723240852356
						]
					},
					"odometry": {
						"position": [
							0.5435319609077393,
							-7.707857470755629,
							-0.01229873681611058
						],
						"orientation": [
							-0.019637864368240006,
							0.00043354809054929817,
							-0.9289259571593416,
							0.369744144557705
						],
						"linear": [
							0.0028524543158710003,
							0.0,
							0.0
						],
						"angular": [
							0.0,
							0.0,
							0.005215424578636885
						]
					},
					"aabb": [
						123.79279453391051,
						140.59266515295155,
						-0.011869259851155422,
						124.76132516650706,
						141.5406998450163,
						0.16315793452869692
					],
					"joint_state": {
						"position": [
							-2.48,
							4.093,
							0.8235,
							-4.7631,
							0.8403,
							0.1696,
							0.0
						],
						"velocity": [
							0.0557,
							0.0306,
							0.2078,
							-0.0885,
							0.1094,
							-0.1555,
							0.0
						],
						"effort": [
							0.0,
							0.0,
							0.0,
							0.0,
							0.0,
							0.0,
							0.0
						]
					},
					"lift_state": "lift_down"
				}
			}
		},
		"objects": {
			"Rack": {
				"Rack_02": {
					"name": "Rack_02",
					"pose": {
						"translation": [
							133.05699157714844,
							143.09999084472656,
							0.19921104609966278
						],
						"rotation": [
							0.983835756778717,
							0.1790735274553299,
							-4.97384462505579e-08,
							9.080395102500916e-09
						]
					}
				}
			}
		},
		"relationships": {
			"L-Rack": [
				[
					"AMR_LIFT01",
					"none"
				]
			]
		}
	},
	"timestamp_2": {
		"robots": {
			"ARMLIFT": {
				"AMR_LIFT01": {
					"name": "AMR_LIFT01",
					"pose": {
						"translation": [
							139.5733642578125,
							142.5910186767578,
							0.06200004369020462
						],
						"rotation": [
							-0.009306888096034527,
							-0.0037041252944618464,
							-0.9290851950645447,
							0.3697301745414734
						]
					},
					"odometry": {
						"position": [
							0.5444402250393091,
							-7.708287087506383,
							-0.012307128687672229
						],
						"orientation": [
							-0.019653970922271568,
							0.00040413235824546376,
							-0.9289123357371594,
							0.3697775420700379
						],
						"linear": [
							-0.0017155860550701618,
							0.0,
							0.0
						],
						"angular": [
							0.0,
							0.0,
							0.0006281501264311373
						]
					},
					"aabb": [
						123.7920281261085,
						140.5928525014604,
						-0.011864778735671258,
						124.7603953642444,
						141.54108384597274,
						0.16316570849066558
					],
					"joint_state": {
						"position": [
							-2.4809,
							4.0935,
							0.8612,
							-4.7738,
							0.8659,
							0.1661,
							0.0
						],
						"velocity": [
							-0.0322,
							-0.0317,
							0.0807,
							0.0225,
							0.0754,
							0.0294,
							0.0
						],
						"effort": [
							0.0,
							0.0,
							0.0,
							0.0,
							0.0,
							0.0,
							0.0
						]
					},
					"lift_state": "lift_down"
				}
			}
		},
		"objects": {
			"Rack": {
				"Rack_02": {
					"name": "Rack_02",
					"pose": {
						"translation": [
							133.05699157714844,
							143.09999084472656,
							0.19921104609966278
						],
						"rotation": [
							0.983835756778717,
							0.1790735274553299,
							-4.97384462505579e-08,
							9.080395102500916e-09
						]
					}
				}
			}
		},
		"relationships": {
			"L-Rack": [
				[
					"AMR_LIFT01",
					"none"
				]
			]
		}
	},
	"timestamp_3": {
		"robots": {
			"ARMLIFT": {
				"AMR_LIFT01": {
					"name": "AMR_LIFT01",
					"pose": {
						"translation": [
							139.5734100341797,
							142.59115600585938,
							0.06200374290347099
						],
						"rotation": [
							-0.009301216341555119,
							-0.0037172141019254923,
							-0.9289901852607727,
							0.36996912956237793
						]
					},
					"odometry": {
						"position": [
							0.5443715742780245,
							-7.708179695896866,
							-0.012319200605779757
						],
						"orientation": [
							-0.019634333257327174,
							0.0004124354562297182,
							-0.9288193858142638,
							0.3700119881708544
						],
						"linear": [
							0.002751477062702179,
							0.0,
							0.0
						],
						"angular": [
							0.0,
							0.0,
							-0.0053104255348443985
						]
					},
					"aabb": [
						123.79188660930018,
						140.59278685580165,
						-0.011899366781510821,
						124.76011182682268,
						141.54117882988695,
						0.16315993047362096
					],
					"joint_state": {
						"position": [
							-2.4797,
							4.0942,
							0.8468,
							-4.7653,
							0.8513,
							0.1712,
							0.0
						],
						"velocity": [
							-0.0457,
							-0.0008,
							0.0179,
							-0.0544,
							0.068,
							-0.0376,
							0.0
						],
						"effort": [
							0.0,
							0.0,
							0.0,
							0.0,
							0.0,
							0.0,
							0.0
						]
					},
					"lift_state": "lift_down"
				}
			}
		},
		"objects": {
			"Rack": {
				"Rack_02": {
					"name": "Rack_02",
					"pose": {
						"translation": [
							133.05699157714844,
							143.09999084472656,
							0.19921104609966278
						],
						"rotation": [
							0.983835756778717,
							0.1790735274553299,
							-4.97384462505579e-08,
							9.080395102500916e-09
						]
					}
				}
			}
		},
		"relationships": {
			"L-Rack": [
				[
					"AMR_LIFT01",
					"none"
				]
			]
		}
	},
	"timestamp_4": {
		"robots": {
			"ARMLIFT": {
				"AMR_LIFT01": {
					"name": "AMR_LIFT01",
					"pose": {
						"translation": [
							139.57322692871094,
							142.59095764160156,
							0.06199992820620537
						],
						"rotation": [
							-0.009304710663855076,
							-0.003705377923324704,
							-0.9289963841438293,
							0.3699533939361572
						]
					},