{
	"timestamp_0": {
		"robots": {
			"ARMLIFT": {
				"AMR_LIFT01": {
					"name": "AMR_LIFT01",
					"pose": {
						"translation": [
							139.6195831298828,
							142.4474334716797,
							0.062000732868909836
						],
						"rotation": [
							-0.009409517981112003,
							-0.003573864232748747,
							-0.9347788691520691,
							0.3550879657268524
						]
					},
					"odometry": {
						"position": [
							0.5907250126826988,
							-7.851927522341575,
							-0.013357037547920394
						],
						"orientation": [
							-0.019811566521030874,
							0.0003916931628957021,
							-0.9345996641445762,
							0.3551490056149592
						],
						"linear": [
							-0.005689851939678192,
							0.0,
							0.0
						],
						"angular": [
							0.0,
							0.0,
							0.0004887628019787371
						]
					},
					"aabb": [
						123.73623313305265,
						140.74767806231807,
						-0.014748453924056886,
						124.71466062099222,
						141.68322557747013,
						0.1629076890771851
					],
					"joint_state": {
						"position": [
							-1.5051,
							4.8298,
							1.0055,
							-5.7194,
							1.0281,
							-0.8397,
							0.0
						],
						"velocity": [
							-0.0417,
							-0.0583,
							-0.5079,
							0.2099,
							-0.493,
							0.2026,
							0.0
						],
						"effort": [
							0.0,
							0.0,
							0.0,
							0.0,
							0.0,
							0.0,
							0.0
						]
					},
					"lift_state": "lift_down"
				}
			}
		},
		"objects": {
			"Rack": {
				"Rack_02": {
					"name": "Rack_02",
					"pose": {
						"translation": [
							133.05699157714844,
							143.09999084472656,
							0.19921104609966278
						],
						"rotation": [
							0.983835756778717,
							0.1790735274553299,
							-4.97384462505579e-08,
							9.080395102500916e-09
						]
					}
				}
			}
		},
		"relationships": {
			"L-Rack": [
				[
					"AMR_LIFT01",
					"none"
				]
			]
		}
	},
	"timestamp_1": {
		"robots": {
			"ARMLIFT": {
				"AMR_LIFT01": {
					"name": "AMR_LIFT01",
					"pose": {
						"translation": [
							139.61968994140625,
							142.44712829589844,
							0.06200302019715309
						],
						"rotation": [
							-0.009407990612089634,
							-0.003568353597074747,
							-0.9347217679023743,
							0.3552381098270416
						]
					},
					"odometry": {
						"position": [
							0.5906761792721466,
							-7.852171668721141,
							-0.01335731414723252
						],
						"orientation": [
							-0.019799892556841513,
							0.000390326635023646,
							-0.9345457225836163,
							0.35529157645590476
						],
						"linear": [
							0.0023260542657226324,
							0.0,
							0.0
						],
						"angular": [
							0.0,
							0.0,
							-0.002312184078618884
						]
					},
					"aabb": [
						123.73591571946221,
						140.74801798574217,
						-0.014755471665818875,
						124.71434812922045,
						141.6835563757246,
						0.1629044658293358
					],
					"joint_state": {
						"position": [
							-1.5042,
							4.8303,
							0.9894,
							-5.7095,
							1.0174,
							-0.8377,
							0.0
						],
						"velocity": [
							0.0102,
							-0.0064,
							-0.0038,
							0.0005,
							0.0052,
							0.0004,
							0.0
						],
						"effort": [
							0.0,
							0.0,
							0.0,
							0.0,
							0.0,
							0.0,
							0.0
						]
					},
					"lift_state": "lift_down"
				}
			}
		},
		"objects": {
			"Rack": {
				"Rack_02": {
					"name": "Rack_02",
					"pose": {
						"translation": [
							133.05699157714844,
							143.09999084472656,
							0.19921104609966278
						],
						"rotation": [
							0.983835756778717,
							0.1790735274553299,
							-4.97384462505579e-08,
							9.080395102500916e-09
						]
					}
				}
			}
		},
		"relationships": {
			"L-Rack": [
				[
					"AMR_LIFT01",
					"none"
				]
			]
		}
	},
	"timestamp_2": {
		"robots": {
			"ARMLIFT": {
				"AMR_LIFT01": {
					"name": "AMR_LIFT01",
					"pose": {
						"translation": [
							139.61968994140625,
							142.44680786132812,
							0.0619998537003994
						],
						"rotation": [
							-0.009401127696037292,
							-0.0035746796056628227,
							-0.9346984624862671,
							0.3552997410297394
						]
					},
					"odometry": {
						"position": [
							0.5906566634130246,
							-7.852523233654754,
							-0.013357244324669226
						],
						"orientation": [
							-0.019797963379058852,
							0.0003917793352663575,
							-0.9345265496974963,
							0.35534210989620585
						],
						"linear": [
							-0.00034327476168982685,
							0.0,
							0.0
						],
						"angular": [
							0.0,
							0.0,
							0.00022862829791847616
						]
					},
					"aabb": [
						123.73619790766998,
						140.7482416619785,
						-0.014776360577564745,
						124.71449831214088,
						141.68396005608813,
						0.16290197398599762
					],
					"joint_state": {
						"position": [
							-1.5028,
							4.8305,
							0.9852,
							-5.7039,
							1.0115,
							-0.8325,
							0.0
						],
						"velocity": [
							0.0,
							-0.0001,
							0.0058,
							-0.0129,
							-0.0945,
							0.0654,
							0.0
						],
						"effort": [
							0.0,
							0.0,
							0.0,
							0.0,
							0.0,
							0.0,
							0.0
						]
					},
					"lift_state": "lift_down"
				}
			}
		},
		"objects": {
			"Rack": {
				"Rack_02": {
					"name": "Rack_02",
					"pose": {
						"translation": [
							133.05699157714844,
							143.09999084472656,
							0.19921104609966278
						],
						"rotation": [
							0.983835756778717,
							0.1790735274553299,
							-4.97384462505579e-08,
							9.080395102500916e-09
						]
					}
				}
			}
		},
		"relationships": {
			"L-Rack": [
				[
					"AMR_LIFT01",
					"none"
				]
			]
		}
	},
	"timestamp_3": {
		"robots": {
			"ARMLIFT": {
				"AMR_LIFT01": {
					"name": "AMR_LIFT01",
					"pose": {
						"translation": [
							139.6198272705078,
							142.44686889648438,
							0.062000274658203125
						],
						"rotation": [
							-0.009402308613061905,
							-0.003574404865503311,
							-0.9346951246261597,
							0.3553082346916199
						]
					},
					"odometry": {
						"position": [
							0.5907835900225984,
							-7.852454866646384,
							-0.013359685074455679
						],
						"orientation": [
							-0.019799113934611905,
							0.00039214953162369515,
							-0.9345231988607001,
							0.355350857741069
						],
						"linear": [
							-4.395961695990991e-06,
							0.0,
							0.0
						],
						"angular": [
							0.0,
							0.0,
							0.002271097619086504
						]
					},
					"aabb": [
						123.73596130325684,
						140.74831234425082,
						-0.014772349868218093,
						124.71430527499257,
						141.68397209920866,
						0.16290593507929668
					],
					"joint_state": {
						"position": [
							-1.5017,
							4.8309,
							0.9877,
							-5.7037,
							1.0166,
							-0.8311,
							0.0
						],
						"velocity": [
							0.0118,
							0.0153,
							-0.048,
							0.0385,
							-0.0761,
							0.0385,
							0.0
						],
						"effort": [
							0.0,
							0.0,
							0.0,
							0.0,
							0.0,
							0.0,
							0.0
						]
					},
					"lift_state": "lift_down"
				}
			}
		},
		"objects": {
			"Rack": {
				"Rack_02": {
					"name": "Rack_02",
					"pose": {
						"translation": [
							133.05699157714844,
							143.09999084472656,
							0.19921104609966278
						],
						"rotation": [
							0.983835756778717,
							0.1790735274553299,
							-4.97384462505579e-08,
							9.080395102500916e-09
						]
					}
				}
			}
		},
		"relationships": {
			"L-Rack": [
				[
					"AMR_LIFT01",
					"none"
				]
			]
		}
	},
	"timestamp_4": {
		"robots": {
			"ARMLIFT": {
				"AMR_LIFT01": {
					"name": "AMR_LIFT01",
					"pose": {
						"translation": [
							139.6198272705078,
							142.44659423828125,
							0.06199966371059418
						],
						"rotation": [
							-0.009401124902069569,
							-0.0035733378026634455,
							-0.9346973299980164,
							0.35530272126197815
						]
					},