{
	"timestamp_0": {
		"robots": {
			"ARMLIFT": {
				"AMR_LIFT01": {
					"name": "AMR_LIFT01",
					"pose": {
						"translation": [
							139.6106719970703,
							142.485107421875,
							0.062000080943107605
						],
						"rotation": [
							-0.009383480995893478,
							-0.0036277477629482746,
							-0.9326709508895874,
							0.3605883717536926
						]
					},
					"odometry": {
						"position": [
							0.5816334532609673,
							-7.81421308994082,
							-0.013155199174149385
						],
						"orientation": [
							-0.019757681829914123,
							0.00039754491365430445,
							-0.9324992266211846,
							0.3606309308942347
						],
						"linear": [
							-0.0034509499091655016,
							0.0,
							0.0
						],
						"angular": [
							0.0,
							0.0,
							-0.004842086229473352
						]
					},
					"aabb": [
						123.74834360360663,
						140.70612126786983,
						-0.0148389671756167,
						124.7232103053707,
						141.64641363982795,
						0.16297737791384642
					],
					"joint_state": {
						"position": [
							-1.8036,
							4.585,
							0.9922,
							-5.4506,
							1.0231,
							-0.6372,
							0.0
						],
						"velocity": [
							-0.0187,
							0.0353,
							0.0997,
							-0.0287,
							0.1257,
							-0.0297,
							0.0
						],
						"effort": [
							0.0,
							0.0,
							0.0,
							0.0,
							0.0,
							0.0,
							0.0
						]
					},
					"lift_state": "lift_down"
				}
			}
		},
		"objects": {
			"Rack": {
				"Rack_02": {
					"name": "Rack_02",
					"pose": {
						"translation": [
							133.05699157714844,
							143.09999084472656,
							0.19921104609966278
						],
						"rotation": [
							0.983835756778717,
							0.1790735274553299,
							-4.97384462505579e-08,
							9.080395102500916e-09
						]
					}
				}
			}
		},
		"relationships": {
			"L-Rack": [
				[
					"AMR_LIFT01",
					"none"
				]
			]
		}
	},
	"timestamp_1": {
		"robots": {
			"ARMLIFT": {
				"AMR_LIFT01": {
					"name": "AMR_LIFT01",
					"pose": {
						"translation": [
							139.6103057861328,
							142.4853515625,
							0.06200019642710686
						],
						"rotation": [
							-0.009386024437844753,
							-0.00362833752296865,
							-0.9326891899108887,
							0.36054113507270813
						]
					},
					"odometry": {
						"position": [
							0.581262441549704,
							-7.813968968281421,
							-0.013146801732660309
						],
						"orientation": [
							-0.01976042867855113,
							0.00039642952445780965,
							-0.9325174368823019,
							0.3605836909963265
						],
						"linear": [
							-0.003316547255963087,
							0.0,
							0.0
						],
						"angular": [
							0.0,
							0.0,
							0.0006458627176471055
						]
					},
					"aabb": [
						123.74896592278702,
						140.7056060276623,
						-0.014828870471811497,
						124.72378359595888,
						141.64596271472362,
						0.16297664877600154
					],
					"joint_state": {
						"position": [
							-1.8036,
							4.5867,
							0.9995,
							-5.4514,
							1.0241,
							-0.6344,
							0.0
						],
						"velocity": [
							0.0101,
							0.0539,
							0.0738,
							-0.0289,
							-0.3009,
							0.1268,
							0.0
						],
						"effort": [
							0.0,
							0.0,
							0.0,
							0.0,
							0.0,
							0.0,
							0.0
						]
					},
					"lift_state": "lift_down"
				}
			}
		},
		"objects": {
			"Rack": {
				"Rack_02": {
					"name": "Rack_02",
					"pose": {
						"translation": [
							133.05699157714844,
							143.09999084472656,
							0.19921104609966278
						],
						"rotation": [
							0.983835756778717,
							0.1790735274553299,
							-4.97384462505579e-08,
							9.080395102500916e-09
						]
					}
				}
			}
		},
		"relationships": {
			"L-Rack": [
				[
					"AMR_LIFT01",
					"none"
				]
			]
		}
	},
	"timestamp_2": {
		"robots": {
			"ARMLIFT": {
				"AMR_LIFT01": {
					"name": "AMR_LIFT01",
					"pose": {
						"translation": [
							139.61016845703125,
							142.48594665527344,
							0.062003858387470245
						],
						"rotation": [
							-0.009395116940140724,
							-0.0036342842504382133,
							-0.9326766133308411,
							0.3605734705924988
						]
					},
					"odometry": {
						"position": [
							0.5811258070105965,
							-7.813373263999934,
							-0.013140076082343204
						],
						"orientation": [
							-0.019769377783483453,
							0.0003908422570531306,
							-0.9325047531906444,
							0.36061600660708243
						],
						"linear": [
							0.007346884347498417,
							0.0,
							0.0
						],
						"angular": [
							0.0,
							0.0,
							-0.0003070248640142381
						]
					},
					"aabb": [
						123.74876704288342,
						140.7051643189743,
						-0.014836633444335535,
						124.72361982419848,
						141.64547935672215,
						0.16298594271205075
					],
					"joint_state": {
						"position": [
							-1.8038,
							4.586,
							1.0167,
							-5.4531,
							1.0337,
							-0.6378,
							0.0
						],
						"velocity": [
							-0.0527,
							-0.0529,
							-0.0019,
							0.0196,
							-0.0383,
							0.0166,
							0.0
						],
						"effort": [
							0.0,
							0.0,
							0.0,
							0.0,
							0.0,
							0.0,
							0.0
						]
					},
					"lift_state": "lift_down"
				}
			}
		},
		"objects": {
			"Rack": {
				"Rack_02": {
					"name": "Rack_02",
					"pose": {
						"translation": [
							133.05699157714844,
							143.09999084472656,
							0.19921104609966278
						],
						"rotation": [
							0.983835756778717,
							0.1790735274553299,
							-4.97384462505579e-08,
							9.080395102500916e-09
						]
					}
				}
			}
		},
		"relationships": {
			"L-Rack": [
				[
					"AMR_LIFT01",
					"none"
				]
			]
		}
	},
	"timestamp_3": {
		"robots": {
			"ARMLIFT": {
				"AMR_LIFT01": {
					"name": "AMR_LIFT01",
					"pose": {
						"translation": [
							139.61032104492188,
							142.4856719970703,
							0.06200244650244713
						],
						"rotation": [
							-0.00938870757818222,
							-0.003639803035184741,
							-0.9326023459434509,
							0.3607654273509979
						]
					},
					"odometry": {
						"position": [
							0.5813991971256189,
							-7.813812703713443,
							-0.013146296164417958
						],
						"orientation": [
							-0.0197640523082609,
							0.0003913310647859272,
							-0.9324070457326993,
							0.3608688545224907
						],
						"linear": [
							0.0038352981209754944,
							0.0,
							0.0
						],
						"angular": [
							0.0,
							0.0,
							-0.0004785353667102754
						]
					},
					"aabb": [
						123.7488744072716,
						140.7052392890935,
						-0.014810237575286956,
						124.7235407014169,
						141.64579090454583,
						0.1629759902581673
					],
					"joint_state": {
						"position": [
							-1.8018,
							4.5871,
							1.0077,
							-5.4473,
							1.0164,
							-0.6296,
							0.0
						],
						"velocity": [
							0.0225,
							0.0345,
							-0.0553,
							-0.1281,
							0.124,
							-0.0377,
							0.0
						],
						"effort": [
							0.0,
							0.0,
							0.0,
							0.0,
							0.0,
							0.0,
							0.0
						]
					},
					"lift_state": "lift_down"
				}
			}
		},
		"objects": {
			"Rack": {
				"Rack_02": {
					"name": "Rack_02",
					"pose": {
						"translation": [
							133.05699157714844,
							143.09999084472656,
							0.19921104609966278
						],
						"rotation": [
							0.983835756778717,
							0.1790735274553299,
							-4.97384462505579e-08,
							9.080395102500916e-09
						]
					}
				}
			}
		},
		"relationships": {
			"L-Rack": [
				[
					"AMR_LIFT01",
					"none"
				]
			]
		}
	},
	"timestamp_4": {
		"robots": {
			"ARMLIFT": {
				"AMR_LIFT01": {
					"name": "AMR_LIFT01",
					"pose": {
						"translation": [
							139.61093139648438,
							142.485107421875,
							0.06200164556503296
						],
						"rotation": [
							-0.009389922954142094,
							-0.0036237393505871296,
							-0.932752251625061,
							0.360377699136734
						]
					},