{
	"timestamp_0": {
		"robots": {
			"ARMLIFT": {
				"AMR_LIFT01": {
					"name": "AMR_LIFT01",
					"pose": {
						"translation": [
							139.5812530517578,
							142.5746307373047,
							0.06200393661856651
						],
						"rotation": [
							-0.009309204295277596,
							-0.0037320663686841726,
							-0.9284947514533997,
							0.3712102472782135
						]
					},
					"odometry": {
						"position": [
							0.5522122994026768,
							-7.724702749311397,
							-0.012494038562374125
						],
						"orientation": [
							-0.019636794629680588,
							0.00041139028693752396,
							-0.9283238460559247,
							0.3712533688717718
						],
						"linear": [
							-0.002613959601148963,
							0.0,
							0.0
						],
						"angular": [
							0.0,
							0.0,
							0.0006030395743437111
						]
					},
					"aabb": [
						123.78489348134214,
						140.60838535423017,
						-0.012488766685156229,
						124.75227597289636,
						141.55775047769984,
						0.16313057794933708
					],
					"joint_state": {
						"position": [
							-2.4073,
							4.1493,
							0.8818,
							-4.8203,
							0.9157,
							0.0697,
							0.0
						],
						"velocity": [
							0.0264,
							-0.0006,
							-0.0099,
							0.0126,
							-0.001,
							0.013,
							0.0
						],
						"effort": [
							0.0,
							0.0,
							0.0,
							0.0,
							0.0,
							0.0,
							0.0
						]
					},
					"lift_state": "lift_down"
				}
			}
		},
		"objects": {
			"Rack": {
				"Rack_02": {
					"name": "Rack_02",
					"pose": {
						"translation": [
							133.05699157714844,
							143.09999084472656,
							0.19921104609966278
						],
						"rotation": [
							0.983835756778717,
							0.1790735274553299,
							-4.97384462505579e-08,
							9.080395102500916e-09
						]
					}
				}
			}
		},
		"relationships": {
			"L-Rack": [
				[
					"AMR_LIFT01",
					"none"
				]
			]
		}
	},
	"timestamp_1": {
		"robots": {
			"ARMLIFT": {
				"AMR_LIFT01": {
					"name": "AMR_LIFT01",
					"pose": {
						"translation": [
							139.58135986328125,
							142.57427978515625,
							0.062009163200855255
						],
						"rotation": [
							-0.009329560212790966,
							-0.003699109423905611,
							-0.9285149574279785,
							0.3711596429347992
						]
					},
					"odometry": {
						"position": [
							0.5523198300233525,
							-7.725054296432786,
							-0.012491188072124921
						],
						"orientation": [
							-0.01965737442635289,
							0.00044378170452462866,
							-0.9283437985160701,
							0.3712023470362426
						],
						"linear": [
							0.0020274813286960125,
							0.0,
							0.0
						],
						"angular": [
							0.0,
							0.0,
							-0.00430075079202652
						]
					},
					"aabb": [
						123.78457852272126,
						140.6088274398249,
						-0.012466438644878902,
						124.75200578563066,
						141.5581468555231,
						0.16313593510786895
					],
					"joint_state": {
						"position": [
							-2.407,
							4.1499,
							0.8963,
							-4.8268,
							0.9189,
							0.0638,
							0.0
						],
						"velocity": [
							-0.0155,
							0.0031,
							0.5336,
							-0.253,
							0.1741,
							-0.0881,
							0.0
						],
						"effort": [
							0.0,
							0.0,
							0.0,
							0.0,
							0.0,
							0.0,
							0.0
						]
					},
					"lift_state": "lift_down"
				}
			}
		},
		"objects": {
			"Rack": {
				"Rack_02": {
					"name": "Rack_02",
					"pose": {
						"translation": [
							133.05699157714844,
							143.09999084472656,
							0.19921104609966278
						],
						"rotation": [
							0.983835756778717,
							0.1790735274553299,
							-4.97384462505579e-08,
							9.080395102500916e-09
						]
					}
				}
			}
		},
		"relationships": {
			"L-Rack": [
				[
					"AMR_LIFT01",
					"none"
				]
			]
		}
	},
	"timestamp_2": {
		"robots": {
			"ARMLIFT": {
				"AMR_LIFT01": {
					"name": "AMR_LIFT01",
					"pose": {
						"translation": [
							139.5811309814453,
							142.5741729736328,
							0.06200351566076279
						],
						"rotation": [
							-0.009311625733971596,
							-0.003734789788722992,
							-0.9285012483596802,
							0.3711938261985779
						]
					},
					"odometry": {
						"position": [
							0.552095155753974,
							-7.725161741640377,
							-0.012491859862093868
						],
						"orientation": [
							-0.019639290965451174,
							0.00040848463071110625,
							-0.9283303133291866,
							0.37123706811795487
						],
						"linear": [
							0.0014691896503791213,
							0.0,
							0.0
						],
						"angular": [
							0.0,
							0.0,
							-0.0022341925650835037
						]
					},
					"aabb": [
						123.78497621856259,
						140.608866742703,
						-0.012503678563316594,
						124.75234400793782,
						141.55824994398768,
						0.1631445507188473
					],
					"joint_state": {
						"position": [
							-2.4066,
							4.151,
							0.8932,
							-4.8268,
							0.9178,
							0.0617,
							0.0
						],
						"velocity": [
							-0.0161,
							-0.0054,
							0.031,
							-0.0448,
							0.0619,
							-0.0449,
							0.0
						],
						"effort": [
							0.0,
							0.0,
							0.0,
							0.0,
							0.0,
							0.0,
							0.0
						]
					},
					"lift_state": "lift_down"
				}
			}
		},
		"objects": {
			"Rack": {
				"Rack_02": {
					"name": "Rack_02",
					"pose": {
						"translation": [
							133.05699157714844,
							143.09999084472656,
							0.19921104609966278
						],
						"rotation": [
							0.983835756778717,
							0.1790735274553299,
							-4.97384462505579e-08,
							9.080395102500916e-09
						]
					}
				}
			}
		},
		"relationships": {
			"L-Rack": [
				[
					"AMR_LIFT01",
					"none"
				]
			]
		}
	},
	"timestamp_3": {
		"robots": {
			"ARMLIFT": {
				"AMR_LIFT01": {
					"name": "AMR_LIFT01",
					"pose": {
						"translation": [
							139.58103942871094,
							142.57432556152344,
							0.0620013028383255
						],
						"rotation": [
							-0.00931165274232626,
							-0.0037201889790594578,
							-0.9284261465072632,
							0.37138181924819946
						]
					},
					"odometry": {
						"position": [
							0.5519974668275481,
							-7.725005500834258,
							-0.01249186806906447
						],
						"orientation": [
							-0.01963847809838072,
							0.00042517554648565287,
							-0.9282552252583016,
							0.37142480555880236
						],
						"linear": [
							0.002420758130028844,
							0.0,
							0.0
						],
						"angular": [
							0.0,
							0.0,
							0.0011692564003169537
						]
					},
					"aabb": [
						123.78508730946481,
						140.60854686149756,
						-0.012496092674444357,
						124.75241857792253,
						141.55797211257536,
						0.16312976582745806
					],
					"joint_state": {
						"position": [
							-2.4049,
							4.1505,
							0.8902,
							-4.8225,
							0.9107,
							0.065,
							0.0
						],
						"velocity": [
							-0.0085,
							0.0029,
							-0.0062,
							0.0118,
							-0.0334,
							-0.0012,
							0.0
						],
						"effort": [
							0.0,
							0.0,
							0.0,
							0.0,
							0.0,
							0.0,
							0.0
						]
					},
					"lift_state": "lift_down"
				}
			}
		},
		"objects": {
			"Rack": {
				"Rack_02": {
					"name": "Rack_02",
					"pose": {
						"translation": [
							133.05699157714844,
							143.09999084472656,
							0.19921104609966278
						],
						"rotation": [
							0.983835756778717,
							0.1790735274553299,
							-4.97384462505579e-08,
							9.080395102500916e-09
						]
					}
				}
			}
		},
		"relationships": {
			"L-Rack": [
				[
					"AMR_LIFT01",
					"none"
				]
			]
		}
	},
	"timestamp_4": {
		"robots": {
			"ARMLIFT": {
				"AMR_LIFT01": {
					"name": "AMR_LIFT01",
					"pose": {
						"translation": [
							139.5809326171875,
							142.5743865966797,
							0.062003593891859055
						],
						"rotation": [
							-0.009310583584010601,
							-0.0037231340538710356,
							-0.9282557964324951,
							0.371807336807251
						]
					},