{
	"timestamp_0": {
		"robots": {
			"ARMLIFT": {
				"AMR_LIFT01": {
					"name": "AMR_LIFT01",
					"pose": {
						"translation": [
							139.5817413330078,
							142.57215881347656,
							0.062006108462810516
						],
						"rotation": [
							-0.009326379746198654,
							-0.00373821216635406,
							-0.9282311201095581,
							0.37186866998672485
						]
					},
					"odometry": {
						"position": [
							0.5527006388269712,
							-7.727173427007025,
							-0.01250275474033253
						],
						"orientation": [
							-0.019651022371691276,
							0.0004125678387036666,
							-0.9280600163575197,
							0.3719116469620257
						],
						"linear": [
							0.0013233753852546215,
							0.0,
							0.0
						],
						"angular": [
							0.0,
							0.0,
							0.002875985810533166
						]
					},
					"aabb": [
						123.784866238595,
						140.61034566944633,
						-0.012606307522108957,
						124.75174046540151,
						141.5602937184934,
						0.16313846733489712
					],
					"joint_state": {
						"position": [
							-2.3832,
							4.1718,
							0.9365,
							-4.8747,
							0.9356,
							0.0128,
							0.0
						],
						"velocity": [
							-0.0209,
							-0.0055,
							0.0279,
							-0.018,
							0.0296,
							-0.0172,
							0.0
						],
						"effort": [
							0.0,
							0.0,
							0.0,
							0.0,
							0.0,
							0.0,
							0.0
						]
					},
					"lift_state": "lift_down"
				}
			}
		},
		"objects": {
			"Rack": {
				"Rack_02": {
					"name": "Rack_02",
					"pose": {
						"translation": [
							133.05699157714844,
							143.09999084472656,
							0.19921104609966278
						],
						"rotation": [
							0.983835756778717,
							0.1790735274553299,
							-4.97384462505579e-08,
							9.080395102500916e-09
						]
					}
				}
			}
		},
		"relationships": {
			"L-Rack": [
				[
					"AMR_LIFT01",
					"none"
				]
			]
		}
	},
	"timestamp_1": {
		"robots": {
			"ARMLIFT": {
				"AMR_LIFT01": {
					"name": "AMR_LIFT01",
					"pose": {
						"translation": [
							139.5820770263672,
							142.5714569091797,
							0.06200961768627167
						],
						"rotation": [
							-0.009313822723925114,
							-0.003761925036087632,
							-0.9282656908035278,
							0.37178221344947815
						]
					},
					"odometry": {
						"position": [
							0.5531400112631066,
							-7.727925359283153,
							-0.012513064008091095
						],
						"orientation": [
							-0.01965106384724023,
							0.0004303207516042239,
							-0.9280879327450018,
							0.3718419551460427
						],
						"linear": [
							0.0017534613143652678,
							0.0,
							0.0
						],
						"angular": [
							0.0,
							0.0,
							0.0030779922381043434
						]
					},
					"aabb": [
						123.78444731809785,
						140.611067022494,
						-0.012608930296031716,
						124.75140432719607,
						141.56091814797654,
						0.16312543371636162
					],
					"joint_state": {
						"position": [
							-2.3824,
							4.1729,
							0.921,
							-4.8697,
							0.9281,
							0.014,
							0.0
						],
						"velocity": [
							0.009,
							0.0133,
							0.0944,
							-0.1219,
							0.103,
							-0.1054,
							0.0
						],
						"effort": [
							0.0,
							0.0,
							0.0,
							0.0,
							0.0,
							0.0,
							0.0
						]
					},
					"lift_state": "lift_down"
				}
			}
		},
		"objects": {
			"Rack": {
				"Rack_02": {
					"name": "Rack_02",
					"pose": {
						"translation": [
							133.05699157714844,
							143.09999084472656,
							0.19921104609966278
						],
						"rotation": [
							0.983835756778717,
							0.1790735274553299,
							-4.97384462505579e-08,
							9.080395102500916e-09
						]
					}
				}
			}
		},
		"relationships": {
			"L-Rack": [
				[
					"AMR_LIFT01",
					"none"
				]
			]
		}
	},
	"timestamp_2": {
		"robots": {
			"ARMLIFT": {
				"AMR_LIFT01": {
					"name": "AMR_LIFT01",
					"pose": {
						"translation": [
							139.5821075439453,
							142.5713348388672,
							0.061999548226594925
						],
						"rotation": [
							-0.00932063814252615,
							-0.0037266495637595654,
							-0.9284812808036804,
							0.37124377489089966
						]
					},
					"odometry": {
						"position": [
							0.5530715361114333,
							-7.727993734513416,
							-0.0125176670383703
						],
						"orientation": [
							-0.019648075843550623,
							0.0004171792198936758,
							-0.9283102534688492,
							0.37128675223032875
						],
						"linear": [
							-0.0006886757910251617,
							0.0,
							0.0
						],
						"angular": [
							0.0,
							0.0,
							-0.0012994147837162018
						]
					},
					"aabb": [
						123.78395055008983,
						140.61178324690883,
						-0.012612090873424993,
						124.75129778711549,
						141.5611924820094,
						0.16313671240077074
					],
					"joint_state": {
						"position": [
							-2.3814,
							4.1731,
							0.9277,
							-4.8755,
							0.9334,
							0.0183,
							0.0
						],
						"velocity": [
							-0.0006,
							-0.0007,
							0.0193,
							-0.0123,
							0.0213,
							-0.0014,
							0.0
						],
						"effort": [
							0.0,
							0.0,
							0.0,
							0.0,
							0.0,
							0.0,
							0.0
						]
					},
					"lift_state": "lift_down"
				}
			}
		},
		"objects": {
			"Rack": {
				"Rack_02": {
					"name": "Rack_02",
					"pose": {
						"translation": [
							133.05699157714844,
							143.09999084472656,
							0.19921104609966278
						],
						"rotation": [
							0.983835756778717,
							0.1790735274553299,
							-4.97384462505579e-08,
							9.080395102500916e-09
						]
					}
				}
			}
		},
		"relationships": {
			"L-Rack": [
				[
					"AMR_LIFT01",
					"none"
				]
			]
		}
	},
	"timestamp_3": {
		"robots": {
			"ARMLIFT": {
				"AMR_LIFT01": {
					"name": "AMR_LIFT01",
					"pose": {
						"translation": [
							139.58177185058594,
							142.5714874267578,
							0.06201270967721939
						],
						"rotation": [
							-0.009341998025774956,
							-0.0037170820869505405,
							-0.9285361766815186,
							0.37110599875450134
						]
					},
					"odometry": {
						"position": [
							0.5527301091938811,
							-7.727837476324378,
							-0.012496872128271478
						],
						"orientation": [
							-0.019670047048374252,
							0.00042521278849629485,
							-0.9283649213454439,
							0.37114886670777697
						],
						"linear": [
							4.0019702282734215e-05,
							0.0,
							0.0
						],
						"angular": [
							0.0,
							0.0,
							0.0011025159619748592
						]
					},
					"aabb": [
						123.7843492617815,
						140.61160040172206,
						-0.012610870621109094,
						124.75181411305492,
						141.5608755043025,
						0.1631280637999068
					],
					"joint_state": {
						"position": [
							-2.3818,
							4.1754,
							0.9365,
							-4.8844,
							0.9381,
							0.0121,
							0.0
						],
						"velocity": [
							-0.0071,
							-0.0077,
							-0.008,
							0.0034,
							-0.021,
							0.0037,
							0.0
						],
						"effort": [
							0.0,
							0.0,
							0.0,
							0.0,
							0.0,
							0.0,
							0.0
						]
					},
					"lift_state": "lift_down"
				}
			}
		},
		"objects": {
			"Rack": {
				"Rack_02": {
					"name": "Rack_02",
					"pose": {
						"translation": [
							133.05699157714844,
							143.09999084472656,
							0.19921104609966278
						],
						"rotation": [
							0.983835756778717,
							0.1790735274553299,
							-4.97384462505579e-08,
							9.080395102500916e-09
						]
					}
				}
			}
		},
		"relationships": {
			"L-Rack": [
				[
					"AMR_LIFT01",
					"none"
				]
			]
		}
	},
	"timestamp_4": {
		"robots": {
			"ARMLIFT": {
				"AMR_LIFT01": {
					"name": "AMR_LIFT01",
					"pose": {
						"translation": [
							139.58221435546875,
							142.5707550048828,
							0.06201034411787987
						],
						"rotation": [
							-0.009323563426733017,
							-0.0037580118514597416,
							-0.928564190864563,
							0.3710361421108246
						]
					},