{
	"timestamp_0": {
		"robots": {
			"ARMLIFT": {
				"AMR_LIFT01": {
					"name": "AMR_LIFT01",
					"pose": {
						"translation": [
							139.60824584960938,
							142.49774169921875,
							0.06200328841805458
						],
						"rotation": [
							-0.009402528405189514,
							-0.003670505015179515,
							-0.9317296743392944,
							0.3630124628543854
						]
					},
					"odometry": {
						"position": [
							0.5792115871344775,
							-7.801586234095137,
							-0.01309771871878442
						],
						"orientation": [
							-0.01976622596458981,
							0.0003817554522986124,
							-0.9315577492340339,
							0.36305551974307243
						],
						"linear": [
							-0.006007158663123846,
							0.0,
							0.0
						],
						"angular": [
							0.0,
							0.0,
							0.0034036331344395876
						]
					},
					"aabb": [
						123.75242718527078,
						140.69130413198715,
						-0.014330411837672776,
						124.7256440732589,
						141.633709038129,
						0.16300694084382542
					],
					"joint_state": {
						"position": [
							-1.9176,
							4.5031,
							1.0731,
							-5.3683,
							1.0887,
							-0.5061,
							0.0
						],
						"velocity": [
							0.075,
							0.0443,
							-0.4288,
							0.0102,
							-0.1713,
							0.0767,
							0.0
						],
						"effort": [
							0.0,
							0.0,
							0.0,
							0.0,
							0.0,
							0.0,
							0.0
						]
					},
					"lift_state": "lift_down"
				}
			}
		},
		"objects": {
			"Rack": {
				"Rack_02": {
					"name": "Rack_02",
					"pose": {
						"translation": [
							133.05699157714844,
							143.09999084472656,
							0.19921104609966278
						],
						"rotation": [
							0.983835756778717,
							0.1790735274553299,
							-4.97384462505579e-08,
							9.080395102500916e-09
						]
					}
				}
			}
		},
		"relationships": {
			"L-Rack": [
				[
					"AMR_LIFT01",
					"none"
				]
			]
		}
	},
	"timestamp_1": {
		"robots": {
			"ARMLIFT": {
				"AMR_LIFT01": {
					"name": "AMR_LIFT01",
					"pose": {
						"translation": [
							139.60861206054688,
							142.4977569580078,
							0.061999205499887466
						],
						"rotation": [
							-0.009401177987456322,
							-0.0036641452461481094,
							-0.9316765069961548,
							0.36314910650253296
						]
					},
					"odometry": {
						"position": [
							0.5795922748757396,
							-7.801615517792985,
							-0.013109736765544487
						],
						"orientation": [
							-0.01976544591434731,
							0.0003891112586266635,
							-0.9315272427517571,
							0.3631338207211561
						],
						"linear": [
							0.0050058625638484955,
							0.0,
							0.0
						],
						"angular": [
							0.0,
							0.0,
							0.004038490820676088
						]
					},
					"aabb": [
						123.75212622956309,
						140.69130976375172,
						-0.014359638018750936,
						124.72527858934487,
						141.63379729192147,
						0.16300937742715163
					],
					"joint_state": {
						"position": [
							-1.9161,
							4.5033,
							1.0783,
							-5.3689,
							1.087,
							-0.5063,
							0.0
						],
						"velocity": [
							0.0449,
							0.0238,
							-0.0774,
							0.0671,
							-0.1841,
							-0.0256,
							0.0
						],
						"effort": [
							0.0,
							0.0,
							0.0,
							0.0,
							0.0,
							0.0,
							0.0
						]
					},
					"lift_state": "lift_down"
				}
			}
		},
		"objects": {
			"Rack": {
				"Rack_02": {
					"name": "Rack_02",
					"pose": {
						"translation": [
							133.05699157714844,
							143.09999084472656,
							0.19921104609966278
						],
						"rotation": [
							0.983835756778717,
							0.1790735274553299,
							-4.97384462505579e-08,
							9.080395102500916e-09
						]
					}
				}
			}
		},
		"relationships": {
			"L-Rack": [
				[
					"AMR_LIFT01",
					"none"
				]
			]
		}
	},
	"timestamp_2": {
		"robots": {
			"ARMLIFT": {
				"AMR_LIFT01": {
					"name": "AMR_LIFT01",
					"pose": {
						"translation": [
							139.6079559326172,
							142.49810791015625,
							0.062002334743738174
						],
						"rotation": [
							-0.00940726324915886,
							-0.0036584455519914627,
							-0.9317283034324646,
							0.3630158603191376
						]
					},
					"odometry": {
						"position": [
							0.5789186501786248,
							-7.8012151570594535,
							-0.013092144734534397
						],
						"orientation": [
							-0.01977094776917411,
							0.00039385209004879425,
							-0.931556337500426,
							0.36305887204092996
						],
						"linear": [
							-0.0010292065562680364,
							0.0,
							0.0
						],
						"angular": [
							0.0,
							0.0,
							-0.00538733322173357
						]
					},
					"aabb": [
						123.75288314276648,
						140.69080574371222,
						-0.014282269209321059,
						124.72595741666393,
						141.63338840596333,
						0.16300648457972022
					],
					"joint_state": {
						"position": [
							-1.9154,
							4.5045,
							1.0803,
							-5.3701,
							1.0876,
							-0.5106,
							0.0
						],
						"velocity": [
							0.0064,
							0.0376,
							0.1345,
							-0.0771,
							0.1972,
							-0.0626,
							0.0
						],
						"effort": [
							0.0,
							0.0,
							0.0,
							0.0,
							0.0,
							0.0,
							0.0
						]
					},
					"lift_state": "lift_down"
				}
			}
		},
		"objects": {
			"Rack": {
				"Rack_02": {
					"name": "Rack_02",
					"pose": {
						"translation": [
							133.05699157714844,
							143.09999084472656,
							0.19921104609966278
						],
						"rotation": [
							0.983835756778717,
							0.1790735274553299,
							-4.97384462505579e-08,
							9.080395102500916e-09
						]
					}
				}
			}
		},
		"relationships": {
			"L-Rack": [
				[
					"AMR_LIFT01",
					"none"
				]
			]
		}
	},
	"timestamp_3": {
		"robots": {
			"ARMLIFT": {
				"AMR_LIFT01": {
					"name": "AMR_LIFT01",
					"pose": {
						"translation": [
							139.60791015625,
							142.4979705810547,
							0.06200595572590828
						],
						"rotation": [
							-0.009409787133336067,
							-0.0036570141091942787,
							-0.9316713809967041,
							0.3631618618965149
						]
					},
					"odometry": {
						"position": [
							0.5788602827353857,
							-7.801400689491508,
							-0.013081769786317256
						],
						"orientation": [
							-0.01976394104964875,
							0.0003704800907012497,
							-0.9315019647311013,
							0.3631987597456617
						],
						"linear": [
							0.006607674062252045,
							0.0,
							0.0
						],
						"angular": [
							0.0,
							0.0,
							2.3431248337146826e-05
						]
					},
					"aabb": [
						123.75268676744334,
						140.69112240396186,
						-0.014266981862140184,
						124.7258351242012,
						141.6336114446774,
						0.16300650855110851
					],
					"joint_state": {
						"position": [
							-1.9144,
							4.5047,
							1.0747,
							-5.36,
							1.0712,
							-0.4994,
							0.0
						],
						"velocity": [
							0.0342,
							0.0389,
							0.294,
							0.0108,
							0.2634,
							0.0003,
							0.0
						],
						"effort": [
							0.0,
							0.0,
							0.0,
							0.0,
							0.0,
							0.0,
							0.0
						]
					},
					"lift_state": "lift_down"
				}
			}
		},
		"objects": {
			"Rack": {
				"Rack_02": {
					"name": "Rack_02",
					"pose": {
						"translation": [
							133.05699157714844,
							143.09999084472656,
							0.19921104609966278
						],
						"rotation": [
							0.983835756778717,
							0.1790735274553299,
							-4.97384462505579e-08,
							9.080395102500916e-09
						]
					}
				}
			}
		},
		"relationships": {
			"L-Rack": [
				[
					"AMR_LIFT01",
					"none"
				]
			]
		}
	},
	"timestamp_4": {
		"robots": {
			"ARMLIFT": {
				"AMR_LIFT01": {
					"name": "AMR_LIFT01",
					"pose": {
						"translation": [
							139.60794067382812,
							142.49801635742188,
							0.06200450658798218
						],
						"rotation": [
							-0.00939823966473341,
							-0.003675376297906041,
							-0.9316607117652893,
							0.3631895184516907
						]
					},