{
	"timestamp_0": {
		"robots": {
			"ARMLIFT": {
				"AMR_LIFT01": {
					"name": "AMR_LIFT01",
					"pose": {
						"translation": [
							139.60557556152344,
							142.51217651367188,
							0.0620102696120739
						],
						"rotation": [
							-0.00942093413323164,
							-0.0037302360869944096,
							-0.9295842051506042,
							0.3684707283973694
						]
					},
					"odometry": {
						"position": [
							0.5764088713457082,
							-7.786976970956359,
							-0.013030833186926716
						],
						"orientation": [
							-0.019754732656530542,
							0.00037742804692565555,
							-0.9294129590611344,
							0.36851208883151243
						],
						"linear": [
							0.000916441495064646,
							0.0,
							0.0
						],
						"angular": [
							0.0,
							0.0,
							-0.0011848101858049631
						]
					},
					"aabb": [
						123.75884953280601,
						140.672729998007,
						-0.0129919982103593,
						124.72823499037445,
						141.61980488262097,
						0.1630405960447701
					],
					"joint_state": {
						"position": [
							-2.0309,
							4.4192,
							1.1869,
							-5.2568,
							1.1573,
							-0.4156,
							0.0
						],
						"velocity": [
							0.0082,
							0.0104,
							0.0123,
							-0.0026,
							-0.0719,
							0.0226,
							0.0
						],
						"effort": [
							0.0,
							0.0,
							0.0,
							0.0,
							0.0,
							0.0,
							0.0
						]
					},
					"lift_state": "lift_down"
				}
			}
		},
		"objects": {
			"Rack": {
				"Rack_02": {
					"name": "Rack_02",
					"pose": {
						"translation": [
							133.05699157714844,
							143.09999084472656,
							0.19921104609966278
						],
						"rotation": [
							0.983835756778717,
							0.1790735274553299,
							-4.97384462505579e-08,
							9.080395102500916e-09
						]
					}
				}
			}
		},
		"relationships": {
			"L-Rack": [
				[
					"AMR_LIFT01",
					"none"
				]
			]
		}
	},
	"timestamp_1": {
		"robots": {
			"ARMLIFT": {
				"AMR_LIFT01": {
					"name": "AMR_LIFT01",
					"pose": {
						"translation": [
							139.60557556152344,
							142.5120086669922,
							0.061999816447496414
						],
						"rotation": [
							-0.009406186640262604,
							-0.003728653769940138,
							-0.9296113848686218,
							0.36840248107910156
						]
					},
					"odometry": {
						"position": [
							0.5765454048367448,
							-7.787318776266234,
							-0.013041492024443626
						],
						"orientation": [
							-0.019746236991147692,
							0.000383567516773243,
							-0.9294394090579553,
							0.36844582219187777
						],
						"linear": [
							0.004388113040477037,
							0.0,
							0.0
						],
						"angular": [
							0.0,
							0.0,
							0.0013775598490610719
						]
					},
					"aabb": [
						123.75853015839142,
						140.6732290304932,
						-0.01309219825901105,
						124.72794441338692,
						141.6202694019613,
						0.16304054162891637
					],
					"joint_state": {
						"position": [
							-2.0305,
							4.4191,
							1.1857,
							-5.2598,
							1.1526,
							-0.4161,
							0.0
						],
						"velocity": [
							-0.0305,
							-0.0304,
							-0.1384,
							0.0092,
							-0.1431,
							0.0121,
							0.0
						],
						"effort": [
							0.0,
							0.0,
							0.0,
							0.0,
							0.0,
							0.0,
							0.0
						]
					},
					"lift_state": "lift_down"
				}
			}
		},
		"objects": {
			"Rack": {
				"Rack_02": {
					"name": "Rack_02",
					"pose": {
						"translation": [
							133.05699157714844,
							143.09999084472656,
							0.19921104609966278
						],
						"rotation": [
							0.983835756778717,
							0.1790735274553299,
							-4.97384462505579e-08,
							9.080395102500916e-09
						]
					}
				}
			}
		},
		"relationships": {
			"L-Rack": [
				[
					"AMR_LIFT01",
					"none"
				]
			]
		}
	},
	"timestamp_2": {
		"robots": {
			"ARMLIFT": {
				"AMR_LIFT01": {
					"name": "AMR_LIFT01",
					"pose": {
						"translation": [
							139.605712890625,
							142.51220703125,
							0.06200805678963661
						],
						"rotation": [
							-0.009405969642102718,
							-0.0037524718791246414,
							-0.9296217560768127,
							0.368376225233078
						]
					},
					"odometry": {
						"position": [
							0.5766822631812011,
							-7.787113674133854,
							-0.013036253612745066
						],
						"orientation": [
							-0.019746132357983403,
							0.00035945862709334844,
							-0.9294497592672821,
							0.36841974165941205
						],
						"linear": [
							-0.00042966773617081344,
							0.0,
							0.0
						],
						"angular": [
							0.0,
							0.0,
							-0.002455210080370307
						]
					},
					"aabb": [
						123.7583624647313,
						140.67308090127074,
						-0.012944122811926173,
						124.72776822662804,
						141.6201343140694,
						0.16305261288769735
					],
					"joint_state": {
						"position": [
							-2.0289,
							4.4201,
							1.1874,
							-5.2554,
							1.1602,
							-0.4175,
							0.0
						],
						"velocity": [
							0.0006,
							0.0004,
							-0.0259,
							0.0381,
							-0.1405,
							0.1039,
							0.0
						],
						"effort": [
							0.0,
							0.0,
							0.0,
							0.0,
							0.0,
							0.0,
							0.0
						]
					},
					"lift_state": "lift_down"
				}
			}
		},
		"objects": {
			"Rack": {
				"Rack_02": {
					"name": "Rack_02",
					"pose": {
						"translation": [
							133.05699157714844,
							143.09999084472656,
							0.19921104609966278
						],
						"rotation": [
							0.983835756778717,
							0.1790735274553299,
							-4.97384462505579e-08,
							9.080395102500916e-09
						]
					}
				}
			}
		},
		"relationships": {
			"L-Rack": [
				[
					"AMR_LIFT01",
					"none"
				]
			]
		}
	},
	"timestamp_3": {
		"robots": {
			"ARMLIFT": {
				"AMR_LIFT01": {
					"name": "AMR_LIFT01",
					"pose": {
						"translation": [
							139.60519409179688,
							142.51275634765625,
							0.06199970096349716
						],
						"rotation": [
							-0.009409434162080288,
							-0.00372891454026103,
							-0.9296152591705322,
							0.3683926463127136
						]
					},
					"odometry": {
						"position": [
							0.5761548356865783,
							-7.786576608217033,
							-0.013032865205933813
						],
						"orientation": [
							-0.019749527362717127,
							0.00038319724289540176,
							-0.9294432469857832,
							0.36843596453297967
						],
						"linear": [
							0.0010188648011535406,
							0.0,
							0.0
						],
						"angular": [
							0.0,
							0.0,
							0.007771781180053949
						]
					},
					"aabb": [
						123.75895675829067,
						140.6724393332049,
						-0.012982855150864057,
						124.72843723248629,
						141.6194013505313,
						0.16303972315281495
					],
					"joint_state": {
						"position": [
							-2.0277,
							4.4199,
							1.1863,
							-5.2545,
							1.1607,
							-0.4188,
							0.0
						],
						"velocity": [
							-0.0334,
							-0.097,
							-0.0938,
							0.1008,
							-0.1426,
							0.0783,
							0.0
						],
						"effort": [
							0.0,
							0.0,
							0.0,
							0.0,
							0.0,
							0.0,
							0.0
						]
					},
					"lift_state": "lift_down"
				}
			}
		},
		"objects": {
			"Rack": {
				"Rack_02": {
					"name": "Rack_02",
					"pose": {
						"translation": [
							133.05699157714844,
							143.09999084472656,
							0.19921104609966278
						],
						"rotation": [
							0.983835756778717,
							0.1790735274553299,
							-4.97384462505579e-08,
							9.080395102500916e-09
						]
					}
				}
			}
		},
		"relationships": {
			"L-Rack": [
				[
					"AMR_LIFT01",
					"none"
				]
			]
		}
	},
	"timestamp_4": {
		"robots": {
			"ARMLIFT": {
				"AMR_LIFT01": {
					"name": "AMR_LIFT01",
					"pose": {
						"translation": [
							139.60574340820312,
							142.5120849609375,
							0.0620005801320076
						],
						"rotation": [
							-0.00940560270100832,
							-0.0037275308277457952,
							-0.9295092821121216,
							0.3686600923538208
						]
					},