{
	"timestamp_0": {
		"robots": {
			"ARMLIFT": {
				"AMR_LIFT01": {
					"name": "AMR_LIFT01",
					"pose": {
						"translation": [
							139.6181640625,
							142.46632385253906,
							0.06200004369020462
						],
						"rotation": [
							-0.009411091916263103,
							-0.0035980299580842257,
							-0.9338980913162231,
							0.35739749670028687
						]
					},
					"odometry": {
						"position": [
							0.5891228187044971,
							-7.83300179179181,
							-0.013322420343440854
						],
						"orientation": [
							-0.019798995509045757,
							0.0003917658719195813,
							-0.9337260979194035,
							0.35744009338704436
						],
						"linear": [
							-0.0006732299225404859,
							0.0,
							0.0
						],
						"angular": [
							0.0,
							0.0,
							0.003365373006090522
						]
					},
					"aabb": [
						123.73903250015346,
						140.7270957443701,
						-0.014816303468169431,
						124.71596673025022,
						141.66467320408464,
						0.1629464512528602
					],
					"joint_state": {
						"position": [
							-1.66,
							4.6791,
							1.0573,
							-5.5754,
							1.0337,
							-0.6735,
							0.0
						],
						"velocity": [
							0.0662,
							0.0294,
							-0.088,
							0.0509,
							-0.2936,
							-0.1387,
							0.0
						],
						"effort": [
							0.0,
							0.0,
							0.0,
							0.0,
							0.0,
							0.0,
							0.0
						]
					},
					"lift_state": "lift_down"
				}
			}
		},
		"objects": {
			"Rack": {
				"Rack_02": {
					"name": "Rack_02",
					"pose": {
						"translation": [
							133.05699157714844,
							143.09999084472656,
							0.19921104609966278
						],
						"rotation": [
							0.983835756778717,
							0.1790735274553299,
							-4.97384462505579e-08,
							9.080395102500916e-09
						]
					}
				}
			}
		},
		"relationships": {
			"L-Rack": [
				[
					"AMR_LIFT01",
					"none"
				]
			]
		}
	},
	"timestamp_1": {
		"robots": {
			"ARMLIFT": {
				"AMR_LIFT01": {
					"name": "AMR_LIFT01",
					"pose": {
						"translation": [
							139.61854553222656,
							142.46536254882812,
							0.06200264021754265
						],
						"rotation": [
							-0.009409149177372456,
							-0.00360675947740674,
							-0.9338793754577637,
							0.35744625329971313
						]
					},
					"odometry": {
						"position": [
							0.5895621949159056,
							-7.833949037528822,
							-0.01333302607435392
						],
						"orientation": [
							-0.01979765895225229,
							0.0003894595769164945,
							-0.933733621908001,
							0.3574205147159503
						],
						"linear": [
							-0.008527616038918495,
							0.0,
							0.0
						],
						"angular": [
							0.0,
							0.0,
							-0.0005525007145479321
						]
					},
					"aabb": [
						123.73860489877966,
						140.7280261197375,
						-0.014794099919602302,
						124.71551647535405,
						141.66563410729378,
						0.1629456296566905
					],
					"joint_state": {
						"position": [
							-1.6596,
							4.6784,
							1.0709,
							-5.5782,
							1.0333,
							-0.6778,
							0.0
						],
						"velocity": [
							-0.0329,
							-0.07,
							0.1718,
							0.149,
							-0.1407,
							0.0639,
							0.0
						],
						"effort": [
							0.0,
							0.0,
							0.0,
							0.0,
							0.0,
							0.0,
							0.0
						]
					},
					"lift_state": "lift_down"
				}
			}
		},
		"objects": {
			"Rack": {
				"Rack_02": {
					"name": "Rack_02",
					"pose": {
						"translation": [
							133.05699157714844,
							143.09999084472656,
							0.19921104609966278
						],
						"rotation": [
							0.983835756778717,
							0.1790735274553299,
							-4.97384462505579e-08,
							9.080395102500916e-09
						]
					}
				}
			}
		},
		"relationships": {
			"L-Rack": [
				[
					"AMR_LIFT01",
					"none"
				]
			]
		}
	},
	"timestamp_2": {
		"robots": {
			"ARMLIFT": {
				"AMR_LIFT01": {
					"name": "AMR_LIFT01",
					"pose": {
						"translation": [
							139.6181182861328,
							142.4659881591797,
							0.06199958547949791
						],
						"rotation": [
							-0.009406857192516327,
							-0.0036004255525767803,
							-0.9339038133621216,
							0.357382595539093
						]
					},
					"odometry": {
						"position": [
							0.589083773265215,
							-7.833333826664158,
							-0.013322011553390656
						],
						"orientation": [
							-0.01979482584224597,
							0.000389204833711249,
							-0.9337318647588936,
							0.35742526229038674
						],
						"linear": [
							-0.0019460564944893122,
							0.0,
							0.0
						],
						"angular": [
							0.0,
							0.0,
							-0.0004913117736577988
						]
					},
					"aabb": [
						123.73879852054436,
						140.72778660249003,
						-0.014786277613214674,
						124.71572208946542,
						141.66537806148935,
						0.16294493568353874
					],
					"joint_state": {
						"position": [
							-1.6577,
							4.6778,
							1.0797,
							-5.579,
							1.0275,
							-0.6719,
							0.0
						],
						"velocity": [
							0.0135,
							-0.0168,
							-0.0805,
							0.1197,
							-0.1076,
							0.1187,
							0.0
						],
						"effort": [
							0.0,
							0.0,
							0.0,
							0.0,
							0.0,
							0.0,
							0.0
						]
					},
					"lift_state": "lift_down"
				}
			}
		},
		"objects": {
			"Rack": {
				"Rack_02": {
					"name": "Rack_02",
					"pose": {
						"translation": [
							133.05699157714844,
							143.09999084472656,
							0.19921104609966278
						],
						"rotation": [
							0.983835756778717,
							0.1790735274553299,
							-4.97384462505579e-08,
							9.080395102500916e-09
						]
					}
				}
			}
		},
		"relationships": {
			"L-Rack": [
				[
					"AMR_LIFT01",
					"none"
				]
			]
		}
	},
	"timestamp_3": {
		"robots": {
			"ARMLIFT": {
				"AMR_LIFT01": {
					"name": "AMR_LIFT01",
					"pose": {
						"translation": [
							139.61822509765625,
							142.465576171875,
							0.062000274658203125
						],
						"rotation": [
							-0.009407047182321548,
							-0.003602816956117749,
							-0.9338836669921875,
							0.35743534564971924
						]
					},
					"odometry": {
						"position": [
							0.5892498044501898,
							-7.833724440410903,
							-0.013324092208157933
						],
						"orientation": [
							-0.019795105648940384,
							0.0003865762038453243,
							-0.933708609508571,
							0.35748599536311504
						],
						"linear": [
							-0.0010160026140511036,
							0.0,
							0.0
						],
						"angular": [
							0.0,
							0.0,
							-0.002024236135184765
						]
					},
					"aabb": [
						123.73884970873016,
						140.72787954018344,
						-0.014796905911497705,
						124.7157603334194,
						141.665487667694,
						0.1629421884083294
					],
					"joint_state": {
						"position": [
							-1.6567,
							4.6777,
							1.0697,
							-5.5781,
							1.0299,
							-0.6738,
							0.0
						],
						"velocity": [
							-0.0162,
							-0.0191,
							0.0585,
							-0.0009,
							0.0652,
							0.0027,
							0.0
						],
						"effort": [
							0.0,
							0.0,
							0.0,
							0.0,
							0.0,
							0.0,
							0.0
						]
					},
					"lift_state": "lift_down"
				}
			}
		},
		"objects": {
			"Rack": {
				"Rack_02": {
					"name": "Rack_02",
					"pose": {
						"translation": [
							133.05699157714844,
							143.09999084472656,
							0.19921104609966278
						],
						"rotation": [
							0.983835756778717,
							0.1790735274553299,
							-4.97384462505579e-08,
							9.080395102500916e-09
						]
					}
				}
			}
		},
		"relationships": {
			"L-Rack": [
				[
					"AMR_LIFT01",
					"none"
				]
			]
		}
	},
	"timestamp_4": {
		"robots": {
			"ARMLIFT": {
				"AMR_LIFT01": {
					"name": "AMR_LIFT01",
					"pose": {
						"translation": [
							139.61805725097656,
							142.4655303955078,
							0.06200164556503296
						],
						"rotation": [
							-0.009408768266439438,
							-0.0036041063722223043,
							-0.933966875076294,
							0.35721755027770996
						]
					},