{
	"timestamp_0": {
		"robots": {
			"ARMLIFT": {
				"AMR_LIFT01": {
					"name": "AMR_LIFT01",
					"pose": {
						"translation": [
							139.62132263183594,
							142.4226837158203,
							0.061999816447496414
						],
						"rotation": [
							-0.009450266137719154,
							-0.0035510475281625986,
							-0.9360657930374146,
							0.3516803979873657
						]
					},
					"odometry": {
						"position": [
							0.5922883842068796,
							-7.8766442885762675,
							-0.013394255553188052
						],
						"orientation": [
							-0.01986236653426399,
							0.0003751473812566063,
							-0.9358933682679037,
							0.3517228296432562
						],
						"linear": [
							-0.003571163397282362,
							0.0,
							0.0
						],
						"angular": [
							0.0,
							0.0,
							0.00024274301540572196
						]
					},
					"aabb": [
						123.73218132730733,
						140.77530367586456,
						-0.012242684759054824,
						124.71282067770076,
						141.70775770137837,
						0.1628744838834844
					],
					"joint_state": {
						"position": [
							-1.3365,
							4.9314,
							1.091,
							-5.9304,
							1.0955,
							-1.0862,
							0.0
						],
						"velocity": [
							-0.0012,
							-0.0013,
							0.0735,
							0.0867,
							0.0119,
							0.0045,
							0.0
						],
						"effort": [
							0.0,
							0.0,
							0.0,
							0.0,
							0.0,
							0.0,
							0.0
						]
					},
					"lift_state": "lift_down"
				}
			}
		},
		"objects": {
			"Rack": {
				"Rack_02": {
					"name": "Rack_02",
					"pose": {
						"translation": [
							133.05699157714844,
							143.09999084472656,
							0.19921104609966278
						],
						"rotation": [
							0.983835756778717,
							0.1790735274553299,
							-4.97384462505579e-08,
							9.080395102500916e-09
						]
					}
				}
			}
		},
		"relationships": {
			"L-Rack": [
				[
					"AMR_LIFT01",
					"none"
				]
			]
		}
	},
	"timestamp_1": {
		"robots": {
			"ARMLIFT": {
				"AMR_LIFT01": {
					"name": "AMR_LIFT01",
					"pose": {
						"translation": [
							139.62144470214844,
							142.4224395751953,
							0.06200633943080902
						],
						"rotation": [
							-0.009449856355786324,
							-0.003559645265340805,
							-0.9359935522079468,
							0.3518723249435425
						]
					},
					"odometry": {
						"position": [
							0.592405700509327,
							-7.876888410597769,
							-0.013390356469887515
						],
						"orientation": [
							-0.01986115653764669,
							0.00036868614568072943,
							-0.9358211228032526,
							0.35191508158470985
						],
						"linear": [
							0.00023352322750724852,
							0.0,
							0.0
						],
						"angular": [
							0.0,
							0.0,
							5.913819040870294e-05
						]
					},
					"aabb": [
						123.73233452439757,
						140.7752782286742,
						-0.012299271985723049,
						124.7128346975688,
						141.70793000381917,
						0.16287410527616067
					],
					"joint_state": {
						"position": [
							-1.3359,
							4.9309,
							1.0821,
							-5.9259,
							1.0813,
							-1.0833,
							0.0
						],
						"velocity": [
							0.0005,
							0.0005,
							0.0192,
							-0.0021,
							-0.0277,
							-0.0007,
							0.0
						],
						"effort": [
							0.0,
							0.0,
							0.0,
							0.0,
							0.0,
							0.0,
							0.0
						]
					},
					"lift_state": "lift_down"
				}
			}
		},
		"objects": {
			"Rack": {
				"Rack_02": {
					"name": "Rack_02",
					"pose": {
						"translation": [
							133.05699157714844,
							143.09999084472656,
							0.19921104609966278
						],
						"rotation": [
							0.983835756778717,
							0.1790735274553299,
							-4.97384462505579e-08,
							9.080395102500916e-09
						]
					}
				}
			}
		},
		"relationships": {
			"L-Rack": [
				[
					"AMR_LIFT01",
					"none"
				]
			]
		}
	},
	"timestamp_2": {
		"robots": {
			"ARMLIFT": {
				"AMR_LIFT01": {
					"name": "AMR_LIFT01",
					"pose": {
						"translation": [
							139.6216583251953,
							142.42236328125,
							0.06199989095330238
						],
						"rotation": [
							-0.009440052323043346,
							-0.0035516340285539627,
							-0.9359259605407715,
							0.35205262899398804
						]
					},
					"odometry": {
						"position": [
							0.592620351630843,
							-7.876966537071363,
							-0.013401586596488917
						],
						"orientation": [
							-0.019850592737914285,
							0.0003787018797432654,
							-0.9357536476155429,
							0.3520950461552194
						],
						"linear": [
							-0.0009406274184584618,
							0.0,
							0.0
						],
						"angular": [
							0.0,
							0.0,
							0.0006228952552191913
						]
					},
					"aabb": [
						123.73235166138535,
						140.77514931037385,
						-0.012435351464781712,
						124.71272195504137,
						141.70798307131773,
						0.16286666666622301
					],
					"joint_state": {
						"position": [
							-1.3347,
							4.932,
							1.0675,
							-5.9164,
							1.0658,
							-1.0728,
							0.0
						],
						"velocity": [
							-0.0008,
							-0.0006,
							0.0048,
							-0.0134,
							0.1194,
							-0.0466,
							0.0
						],
						"effort": [
							0.0,
							0.0,
							0.0,
							0.0,
							0.0,
							0.0,
							0.0
						]
					},
					"lift_state": "lift_down"
				}
			}
		},
		"objects": {
			"Rack": {
				"Rack_02": {
					"name": "Rack_02",
					"pose": {
						"translation": [
							133.05699157714844,
							143.09999084472656,
							0.19921104609966278
						],
						"rotation": [
							0.983835756778717,
							0.1790735274553299,
							-4.97384462505579e-08,
							9.080395102500916e-09
						]
					}
				}
			}
		},
		"relationships": {
			"L-Rack": [
				[
					"AMR_LIFT01",
					"none"
				]
			]
		}
	},
	"timestamp_3": {
		"robots": {
			"ARMLIFT": {
				"AMR_LIFT01": {
					"name": "AMR_LIFT01",
					"pose": {
						"translation": [
							139.62156677246094,
							142.42239379882812,
							0.062002066522836685
						],
						"rotation": [
							-0.009438985958695412,
							-0.00355223985388875,
							-0.9358558058738708,
							0.35223910212516785
						]
					},
					"odometry": {
						"position": [
							0.5925325287622577,
							-7.876927474901193,
							-0.013397471696182507
						],
						"orientation": [
							-0.019848742443259147,
							0.0003801705239455242,
							-0.9356835036120713,
							0.352281512376158
						],
						"linear": [
							-0.0018340431852266192,
							0.0,
							0.0
						],
						"angular": [
							0.0,
							0.0,
							0.0019260800909250975
						]
					},
					"aabb": [
						123.73234660190084,
						140.7751288065,
						-0.012574059875082805,
						124.71262036354179,
						141.70809829513246,
						0.16286517405243425
					],
					"joint_state": {
						"position": [
							-1.3335,
							4.9316,
							1.0561,
							-5.9053,
							1.06,
							-1.0675,
							0.0
						],
						"velocity": [
							0.0306,
							0.0307,
							0.1385,
							-0.0062,
							0.1437,
							-0.0079,
							0.0
						],
						"effort": [
							0.0,
							0.0,
							0.0,
							0.0,
							0.0,
							0.0,
							0.0
						]
					},
					"lift_state": "lift_down"
				}
			}
		},
		"objects": {
			"Rack": {
				"Rack_02": {
					"name": "Rack_02",
					"pose": {
						"translation": [
							133.05699157714844,
							143.09999084472656,
							0.19921104609966278
						],
						"rotation": [
							0.983835756778717,
							0.1790735274553299,
							-4.97384462505579e-08,
							9.080395102500916e-09
						]
					}
				}
			}
		},
		"relationships": {
			"L-Rack": [
				[
					"AMR_LIFT01",
					"none"
				]
			]
		}
	},
	"timestamp_4": {
		"robots": {
			"ARMLIFT": {
				"AMR_LIFT01": {
					"name": "AMR_LIFT01",
					"pose": {
						"translation": [
							139.62164306640625,
							142.42214965820312,
							0.062002524733543396
						],
						"rotation": [
							-0.00943796243518591,
							-0.003551314352080226,
							-0.9358856678009033,
							0.352159708738327
						]
					},