{
	"timestamp_0": {
		"robots": {
			"ARMLIFT": {
				"AMR_LIFT01": {
					"name": "AMR_LIFT01",
					"pose": {
						"translation": [
							139.60743713378906,
							142.5072021484375,
							0.062003325670957565
						],
						"rotation": [
							-0.009433633647859097,
							-0.003704455215483904,
							-0.9304862022399902,
							0.36618706583976746
						]
					},
					"odometry": {
						"position": [
							0.5784007443974761,
							-7.792123367790387,
							-0.013079408566247851
						],
						"orientation": [
							-0.019783441221364446,
							0.00038311907621770946,
							-0.9303139497036597,
							0.3662300146902095
						],
						"linear": [
							-0.0009137158049270511,
							0.0,
							0.0
						],
						"angular": [
							0.0,
							0.0,
							0.0006949081434868276
						]
					},
					"aabb": [
						123.75550828671737,
						140.67924436312805,
						-0.013940199565133015,
						124.72646881537003,
						141.62444629533442,
						0.16304919701847312
					],
					"joint_state": {
						"position": [
							-1.9963,
							4.4415,
							1.1875,
							-5.3228,
							1.2343,
							-0.484,
							0.0
						],
						"velocity": [
							0.0048,
							0.0023,
							0.0035,
							-0.0078,
							0.3406,
							-0.2684,
							0.0
						],
						"effort": [
							0.0,
							0.0,
							0.0,
							0.0,
							0.0,
							0.0,
							0.0
						]
					},
					"lift_state": "lift_down"
				}
			}
		},
		"objects": {
			"Rack": {
				"Rack_02": {
					"name": "Rack_02",
					"pose": {
						"translation": [
							133.05699157714844,
							143.09999084472656,
							0.19921104609966278
						],
						"rotation": [
							0.983835756778717,
							0.1790735274553299,
							-4.97384462505579e-08,
							9.080395102500916e-09
						]
					}
				}
			}
		},
		"relationships": {
			"L-Rack": [
				[
					"AMR_LIFT01",
					"none"
				]
			]
		}
	},
	"timestamp_1": {
		"robots": {
			"ARMLIFT": {
				"AMR_LIFT01": {
					"name": "AMR_LIFT01",
					"pose": {
						"translation": [
							139.60751342773438,
							142.5068359375,
							0.062002941966056824
						],
						"rotation": [
							-0.009431353770196438,
							-0.003699673805385828,
							-0.9305602312088013,
							0.36599913239479065
						]
					},
					"odometry": {
						"position": [
							0.5784788619603586,
							-7.7924944587962806,
							-0.013081497545379918
						],
						"orientation": [
							-0.019781987883979054,
							0.000385809862392756,
							-0.9303879495710596,
							0.3660420568719774
						],
						"linear": [
							0.0002481688279658556,
							0.0,
							0.0
						],
						"angular": [
							0.0,
							0.0,
							-0.004194367676973343
						]
					},
					"aabb": [
						123.75542559587217,
						140.67984430805862,
						-0.0138804233089903,
						124.72650535397321,
						141.62489815736552,
						0.16303418436098804
					],
					"joint_state": {
						"position": [
							-1.9955,
							4.441,
							1.1794,
							-5.3229,
							1.2304,
							-0.4838,
							0.0
						],
						"velocity": [
							-0.0225,
							-0.0018,
							0.0222,
							-0.0186,
							-0.0054,
							0.0511,
							0.0
						],
						"effort": [
							0.0,
							0.0,
							0.0,
							0.0,
							0.0,
							0.0,
							0.0
						]
					},
					"lift_state": "lift_down"
				}
			}
		},
		"objects": {
			"Rack": {
				"Rack_02": {
					"name": "Rack_02",
					"pose": {
						"translation": [
							133.05699157714844,
							143.09999084472656,
							0.19921104609966278
						],
						"rotation": [
							0.983835756778717,
							0.1790735274553299,
							-4.97384462505579e-08,
							9.080395102500916e-09
						]
					}
				}
			}
		},
		"relationships": {
			"L-Rack": [
				[
					"AMR_LIFT01",
					"none"
				]
			]
		}
	},
	"timestamp_2": {
		"robots": {
			"ARMLIFT": {
				"AMR_LIFT01": {
					"name": "AMR_LIFT01",
					"pose": {
						"translation": [
							139.60731506347656,
							142.50692749023438,
							0.06200961768627167
						],
						"rotation": [
							-0.009433961473405361,
							-0.0037089684046804905,
							-0.9305397272109985,
							0.366050660610199
						]
					},
					"odometry": {
						"position": [
							0.5783031035241576,
							-7.79240657876244,
							-0.013078306848584846
						],
						"orientation": [
							-0.01977638982615192,
							0.0003856904879561201,
							-0.9303701275362093,
							0.3660876554003827
						],
						"linear": [
							0.0006941105821169913,
							0.0,
							0.0
						],
						"angular": [
							0.0,
							0.0,
							0.0021998996380716562
						]
					},
					"aabb": [
						123.75522066235185,
						140.67997936754693,
						-0.013809063602514366,
						124.72635318043524,
						141.62496807651294,
						0.16304475625349177
					],
					"joint_state": {
						"position": [
							-1.9948,
							4.4417,
							1.1716,
							-5.3194,
							1.2148,
							-0.4737,
							0.0
						],
						"velocity": [
							0.0015,
							0.0017,
							0.1728,
							-0.2216,
							0.0081,
							0.0147,
							0.0
						],
						"effort": [
							0.0,
							0.0,
							0.0,
							0.0,
							0.0,
							0.0,
							0.0
						]
					},
					"lift_state": "lift_down"
				}
			}
		},
		"objects": {
			"Rack": {
				"Rack_02": {
					"name": "Rack_02",
					"pose": {
						"translation": [
							133.05699157714844,
							143.09999084472656,
							0.19921104609966278
						],
						"rotation": [
							0.983835756778717,
							0.1790735274553299,
							-4.97384462505579e-08,
							9.080395102500916e-09
						]
					}
				}
			}
		},
		"relationships": {
			"L-Rack": [
				[
					"AMR_LIFT01",
					"none"
				]
			]
		}
	},
	"timestamp_3": {
		"robots": {
			"ARMLIFT": {
				"AMR_LIFT01": {
					"name": "AMR_LIFT01",
					"pose": {
						"translation": [
							139.6068115234375,
							142.50726318359375,
							0.06200660392642021
						],
						"rotation": [
							-0.009431763552129269,
							-0.0037123686634004116,
							-0.9306303858757019,
							0.36582016944885254
						]
					},
					"odometry": {
						"position": [
							0.5777759698491961,
							-7.7920648005798645,
							-0.013062186199156275
						],
						"orientation": [
							-0.0197831881262231,
							0.00037112615249031323,
							-0.9304581470794472,
							0.3658635322991666
						],
						"linear": [
							0.004242617171257734,
							0.0,
							0.0
						],
						"angular": [
							0.0,
							0.0,
							-0.003544168546795845
						]
					},
					"aabb": [
						123.7553984012576,
						140.68007234257865,
						-0.013903480617427189,
						124.72664343460184,
						141.62492320224723,
						0.1630330135367078
					],
					"joint_state": {
						"position": [
							-1.9954,
							4.4424,
							1.1769,
							-5.3297,
							1.2188,
							-0.4824,
							0.0
						],
						"velocity": [
							-0.0218,
							-0.0035,
							0.0153,
							-0.0994,
							0.0464,
							-0.0713,
							0.0
						],
						"effort": [
							0.0,
							0.0,
							0.0,
							0.0,
							0.0,
							0.0,
							0.0
						]
					},
					"lift_state": "lift_down"
				}
			}
		},
		"objects": {
			"Rack": {
				"Rack_02": {
					"name": "Rack_02",
					"pose": {
						"translation": [
							133.05699157714844,
							143.09999084472656,
							0.19921104609966278
						],
						"rotation": [
							0.983835756778717,
							0.1790735274553299,
							-4.97384462505579e-08,
							9.080395102500916e-09
						]
					}
				}
			}
		},
		"relationships": {
			"L-Rack": [
				[
					"AMR_LIFT01",
					"none"
				]
			]
		}
	},
	"timestamp_4": {
		"robots": {
			"ARMLIFT": {
				"AMR_LIFT01": {
					"name": "AMR_LIFT01",
					"pose": {
						"translation": [
							139.60655212402344,
							142.5074005126953,
							0.062002409249544144
						],
						"rotation": [
							-0.0094302324578166,
							-0.0036996344570070505,
							-0.9306029677391052,
							0.3658905029296875
						]
					},