{
	"timestamp_0": {
		"robots": {
			"ARMLIFT": {
				"AMR_LIFT01": {
					"name": "AMR_LIFT01",
					"pose": {
						"translation": [
							139.6090850830078,
							142.4914093017578,
							0.06200077012181282
						],
						"rotation": [
							-0.009364821948111057,
							-0.003652282292023301,
							-0.9315512776374817,
							0.36347106099128723
						]
					},
					"odometry": {
						"position": [
							0.5800807993888559,
							-7.807914329468074,
							-0.01311927333622239
						],
						"orientation": [
							-0.019727498069219154,
							0.00040788963065048353,
							-0.9313783502658127,
							0.3635175760566625
						],
						"linear": [
							-0.00025203454424627125,
							0.0,
							0.0
						],
						"angular": [
							0.0,
							0.0,
							0.0011383959790691733
						]
					},
					"aabb": [
						123.75207818985355,
						140.69717835814666,
						-0.014517859923819825,
						124.72492706537815,
						141.64003067267726,
						0.1629862820782878
					],
					"joint_state": {
						"position": [
							-1.8432,
							4.5509,
							0.9656,
							-5.3946,
							0.9763,
							-0.5289,
							0.0
						],
						"velocity": [
							-0.0068,
							0.0005,
							-0.0145,
							-0.0258,
							0.0024,
							-0.0133,
							0.0
						],
						"effort": [
							0.0,
							0.0,
							0.0,
							0.0,
							0.0,
							0.0,
							0.0
						]
					},
					"lift_state": "lift_down"
				}
			}
		},
		"objects": {
			"Rack": {
				"Rack_02": {
					"name": "Rack_02",
					"pose": {
						"translation": [
							133.05699157714844,
							143.09999084472656,
							0.19921104609966278
						],
						"rotation": [
							0.983835756778717,
							0.1790735274553299,
							-4.97384462505579e-08,
							9.080395102500916e-09
						]
					}
				}
			}
		},
		"relationships": {
			"L-Rack": [
				[
					"AMR_LIFT01",
					"none"
				]
			]
		}
	},
	"timestamp_1": {
		"robots": {
			"ARMLIFT": {
				"AMR_LIFT01": {
					"name": "AMR_LIFT01",
					"pose": {
						"translation": [
							139.6085662841797,
							142.4920196533203,
							0.06200595572590828
						],
						"rotation": [
							-0.009372454136610031,
							-0.003655476728454232,
							-0.9315683245658875,
							0.36342719197273254
						]
					},
					"odometry": {
						"position": [
							0.579524369508946,
							-7.807308879801442,
							-0.013102167393379742
						],
						"orientation": [
							-0.019734352807807814,
							0.00040139703347134793,
							-0.9313967479450627,
							0.363470070455657
						],
						"linear": [
							-0.00121280865278095,
							0.0,
							0.0
						],
						"angular": [
							0.0,
							0.0,
							-0.0017029804876074195
						]
					},
					"aabb": [
						123.7525026682424,
						140.69680599975814,
						-0.014536075637397441,
						124.72542981014449,
						141.63956024375312,
						0.16298205246951705
					],
					"joint_state": {
						"position": [
							-1.8423,
							4.5525,
							0.9767,
							-5.4019,
							0.9721,
							-0.5256,
							0.0
						],
						"velocity": [
							0.0094,
							-0.0026,
							-0.2214,
							0.109,
							-0.1961,
							0.1051,
							0.0
						],
						"effort": [
							0.0,
							0.0,
							0.0,
							0.0,
							0.0,
							0.0,
							0.0
						]
					},
					"lift_state": "lift_down"
				}
			}
		},
		"objects": {
			"Rack": {
				"Rack_02": {
					"name": "Rack_02",
					"pose": {
						"translation": [
							133.05699157714844,
							143.09999084472656,
							0.19921104609966278
						],
						"rotation": [
							0.983835756778717,
							0.1790735274553299,
							-4.97384462505579e-08,
							9.080395102500916e-09
						]
					}
				}
			}
		},
		"relationships": {
			"L-Rack": [
				[
					"AMR_LIFT01",
					"none"
				]
			]
		}
	},
	"timestamp_2": {
		"robots": {
			"ARMLIFT": {
				"AMR_LIFT01": {
					"name": "AMR_LIFT01",
					"pose": {
						"translation": [
							139.6084747314453,
							142.4915771484375,
							0.06200523301959038
						],
						"rotation": [
							-0.009374990127980709,
							-0.0036576371639966965,
							-0.9315899014472961,
							0.36337199807167053
						]
					},
					"odometry": {
						"position": [
							0.5795535861569618,
							-7.807797169207227,
							-0.013107262314389623
						],
						"orientation": [
							-0.019735986560602867,
							0.0004067335110002122,
							-0.9314105058873138,
							0.3634347189318452
						],
						"linear": [
							0.0021280241198837757,
							0.0,
							0.0
						],
						"angular": [
							0.0,
							0.0,
							-0.007895035669207573
						]
					},
					"aabb": [
						123.75229582739762,
						140.6973058929803,
						-0.014613152636528695,
						124.72517257659457,
						141.6401249441519,
						0.1629825917415857
					],
					"joint_state": {
						"position": [
							-1.8417,
							4.5528,
							0.9871,
							-5.4114,
							0.9834,
							-0.5361,
							0.0
						],
						"velocity": [
							0.0103,
							-0.0158,
							0.0376,
							-0.0281,
							0.0503,
							-0.0187,
							0.0
						],
						"effort": [
							0.0,
							0.0,
							0.0,
							0.0,
							0.0,
							0.0,
							0.0
						]
					},
					"lift_state": "lift_down"
				}
			}
		},
		"objects": {
			"Rack": {
				"Rack_02": {
					"name": "Rack_02",
					"pose": {
						"translation": [
							133.05699157714844,
							143.09999084472656,
							0.19921104609966278
						],
						"rotation": [
							0.983835756778717,
							0.1790735274553299,
							-4.97384462505579e-08,
							9.080395102500916e-09
						]
					}
				}
			}
		},
		"relationships": {
			"L-Rack": [
				[
					"AMR_LIFT01",
					"none"
				]
			]
		}
	},
	"timestamp_3": {
		"robots": {
			"ARMLIFT": {
				"AMR_LIFT01": {
					"name": "AMR_LIFT01",
					"pose": {
						"translation": [
							139.6084747314453,
							142.4911651611328,
							0.062002599239349365
						],
						"rotation": [
							-0.00936860591173172,
							-0.0036633522249758244,
							-0.9316206574440002,
							0.3632931411266327
						]
					},
					"odometry": {
						"position": [
							0.5794364706999833,
							-7.8081682678275435,
							-0.013103607529151006
						],
						"orientation": [
							-0.01973108656682164,
							0.0003920307637971241,
							-0.9314491162311026,
							0.3633360351067186
						],
						"linear": [
							0.005722628906369209,
							0.0,
							0.0
						],
						"angular": [
							0.0,
							0.0,
							0.002667170949280262
						]
					},
					"aabb": [
						123.75240576060364,
						140.69766143864666,
						-0.014637174472143012,
						124.72531152053112,
						141.6404420041256,
						0.16298094323287518
					],
					"joint_state": {
						"position": [
							-1.8399,
							4.5524,
							0.9919,
							-5.415,
							0.9856,
							-0.5389,
							0.0
						],
						"velocity": [
							-0.0333,
							-0.0305,
							0.0317,
							-0.0117,
							0.032,
							0.0028,
							0.0
						],
						"effort": [
							0.0,
							0.0,
							0.0,
							0.0,
							0.0,
							0.0,
							0.0
						]
					},
					"lift_state": "lift_down"
				}
			}
		},
		"objects": {
			"Rack": {
				"Rack_02": {
					"name": "Rack_02",
					"pose": {
						"translation": [
							133.05699157714844,
							143.09999084472656,
							0.19921104609966278
						],
						"rotation": [
							0.983835756778717,
							0.1790735274553299,
							-4.97384462505579e-08,
							9.080395102500916e-09
						]
					}
				}
			}
		},
		"relationships": {
			"L-Rack": [
				[
					"AMR_LIFT01",
					"none"
				]
			]
		}
	},
	"timestamp_4": {
		"robots": {
			"ARMLIFT": {
				"AMR_LIFT01": {
					"name": "AMR_LIFT01",
					"pose": {
						"translation": [
							139.6085968017578,
							142.49093627929688,
							0.062001340091228485
						],
						"rotation": [
							-0.009371538646519184,
							-0.0036498787812888622,
							-0.9316142797470093,
							0.3633095920085907
						]
					},