{
	"timestamp_0": {
		"robots": {
			"ARMLIFT": {
				"AMR_LIFT01": {
					"name": "AMR_LIFT01",
					"pose": {
						"translation": [
							139.61273193359375,
							142.48057556152344,
							0.0620039738714695
						],
						"rotation": [
							-0.009408178739249706,
							-0.003625222947448492,
							-0.9331439137458801,
							0.35936176776885986
						]
					},
					"odometry": {
						"position": [
							0.5836938140929506,
							-7.818744231796353,
							-0.01319729932058422
						],
						"orientation": [
							-0.01978766528735484,
							0.0003864252224701708,
							-0.9329719203568193,
							0.35940463937424655
						],
						"linear": [
							0.0005109425983391702,
							0.0,
							0.0
						],
						"angular": [
							0.0,
							0.0,
							-0.00284750503487885
						]
					},
					"aabb": [
						123.74573421770525,
						140.71128900226756,
						-0.014938208850333739,
						124.72131644200688,
						141.65065664640298,
						0.1629715477074871
					],
					"joint_state": {
						"position": [
							-1.7816,
							4.6027,
							1.0424,
							-5.4967,
							1.0818,
							-0.6664,
							0.0
						],
						"velocity": [
							0.0138,
							-0.003,
							-0.14,
							0.0086,
							0.0225,
							-0.0116,
							0.0
						],
						"effort": [
							0.0,
							0.0,
							0.0,
							0.0,
							0.0,
							0.0,
							0.0
						]
					},
					"lift_state": "lift_down"
				}
			}
		},
		"objects": {
			"Rack": {
				"Rack_02": {
					"name": "Rack_02",
					"pose": {
						"translation": [
							133.05699157714844,
							143.09999084472656,
							0.19921104609966278
						],
						"rotation": [
							0.983835756778717,
							0.1790735274553299,
							-4.97384462505579e-08,
							9.080395102500916e-09
						]
					}
				}
			}
		},
		"relationships": {
			"L-Rack": [
				[
					"AMR_LIFT01",
					"none"
				]
			]
		}
	},
	"timestamp_1": {
		"robots": {
			"ARMLIFT": {
				"AMR_LIFT01": {
					"name": "AMR_LIFT01",
					"pose": {
						"translation": [
							139.6134490966797,
							142.48001098632812,
							0.0620020292699337
						],
						"rotation": [
							-0.009405220858752728,
							-0.003615736262872815,
							-0.9331405162811279,
							0.35937073826789856
						]
					},
					"odometry": {
						"position": [
							0.5843869449012088,
							-7.819320375709423,
							-0.013216657377991445
						],
						"orientation": [
							-0.019781303016218225,
							0.00039076475824845983,
							-0.9329763472776897,
							0.359393492949252
						],
						"linear": [
							-0.002405907493084669,
							0.0,
							0.0
						],
						"angular": [
							0.0,
							0.0,
							0.0016476077726110816
						]
					},
					"aabb": [
						123.74504923343756,
						140.7118645224109,
						-0.014936444869907696,
						124.72076714419205,
						141.65105462957624,
						0.16297674530206918
					],
					"joint_state": {
						"position": [
							-1.781,
							4.6026,
							1.0332,
							-5.4914,
							1.0757,
							-0.665,
							0.0
						],
						"velocity": [
							-0.0044,
							0.0017,
							-0.0263,
							0.0094,
							-0.025,
							0.1191,
							0.0
						],
						"effort": [
							0.0,
							0.0,
							0.0,
							0.0,
							0.0,
							0.0,
							0.0
						]
					},
					"lift_state": "lift_down"
				}
			}
		},
		"objects": {
			"Rack": {
				"Rack_02": {
					"name": "Rack_02",
					"pose": {
						"translation": [
							133.05699157714844,
							143.09999084472656,
							0.19921104609966278
						],
						"rotation": [
							0.983835756778717,
							0.1790735274553299,
							-4.97384462505579e-08,
							9.080395102500916e-09
						]
					}
				}
			}
		},
		"relationships": {
			"L-Rack": [
				[
					"AMR_LIFT01",
					"none"
				]
			]
		}
	},
	"timestamp_2": {
		"robots": {
			"ARMLIFT": {
				"AMR_LIFT01": {
					"name": "AMR_LIFT01",
					"pose": {
						"translation": [
							139.61363220214844,
							142.4796600341797,
							0.06200393661856651
						],
						"rotation": [
							-0.00940692238509655,
							-0.0036277719773352146,
							-0.9330742359161377,
							0.3595428168773651
						]
					},
					"odometry": {
						"position": [
							0.5846018407512643,
							-7.8196719197898945,
							-0.013217546839155367
						],
						"orientation": [
							-0.01978562637644649,
							0.00038588985167381057,
							-0.9329022535506827,
							0.35958554670338455
						],
						"linear": [
							-0.003941118251532316,
							0.0,
							0.0
						],
						"angular": [
							0.0,
							0.0,
							0.003358719404786825
						]
					},
					"aabb": [
						123.74500504805538,
						140.71183701583857,
						-0.014937916880244852,
						124.72061490227154,
						141.65117012952086,
						0.16297508251849055
					],
					"joint_state": {
						"position": [
							-1.7807,
							4.6026,
							1.0418,
							-5.4936,
							1.0719,
							-0.6676,
							0.0
						],
						"velocity": [
							0.0474,
							0.0219,
							-0.0597,
							0.037,
							-0.0354,
							-0.1366,
							0.0
						],
						"effort": [
							0.0,
							0.0,
							0.0,
							0.0,
							0.0,
							0.0,
							0.0
						]
					},
					"lift_state": "lift_down"
				}
			}
		},
		"objects": {
			"Rack": {
				"Rack_02": {
					"name": "Rack_02",
					"pose": {
						"translation": [
							133.05699157714844,
							143.09999084472656,
							0.19921104609966278
						],
						"rotation": [
							0.983835756778717,
							0.1790735274553299,
							-4.97384462505579e-08,
							9.080395102500916e-09
						]
					}
				}
			}
		},
		"relationships": {
			"L-Rack": [
				[
					"AMR_LIFT01",
					"none"
				]
			]
		}
	},
	"timestamp_3": {
		"robots": {
			"ARMLIFT": {
				"AMR_LIFT01": {
					"name": "AMR_LIFT01",
					"pose": {
						"translation": [
							139.61331176757812,
							142.4796905517578,
							0.06199939548969269
						],
						"rotation": [
							-0.009403464384377003,
							-0.0036246671807020903,
							-0.9330224394798279,
							0.35967710614204407
						]
					},
					"odometry": {
						"position": [
							0.5842502813146025,
							-7.819642648844433,
							-0.013213426954619318
						],
						"orientation": [
							-0.019782096431783643,
							0.0003897003951431641,
							-0.9328452458342832,
							0.35973360159810147
						],
						"linear": [
							-0.0015536040300503373,
							0.0,
							0.0
						],
						"angular": [
							0.0,
							0.0,
							-0.0005128257907927036
						]
					},
					"aabb": [
						123.74536214830484,
						140.71190818803274,
						-0.014937543254586126,
						124.72076977472561,
						141.65150524690648,
						0.16297135110504576
					],
					"joint_state": {
						"position": [
							-1.7798,
							4.6022,
							1.0445,
							-5.495,
							1.066,
							-0.6651,
							0.0
						],
						"velocity": [
							-0.0002,
							-0.0003,
							-0.0035,
							-0.0114,
							0.0065,
							-0.0131,
							0.0
						],
						"effort": [
							0.0,
							0.0,
							0.0,
							0.0,
							0.0,
							0.0,
							0.0
						]
					},
					"lift_state": "lift_down"
				}
			}
		},
		"objects": {
			"Rack": {
				"Rack_02": {
					"name": "Rack_02",
					"pose": {
						"translation": [
							133.05699157714844,
							143.09999084472656,
							0.19921104609966278
						],
						"rotation": [
							0.983835756778717,
							0.1790735274553299,
							-4.97384462505579e-08,
							9.080395102500916e-09
						]
					}
				}
			}
		},
		"relationships": {
			"L-Rack": [
				[
					"AMR_LIFT01",
					"none"
				]
			]
		}
	},
	"timestamp_4": {
		"robots": {
			"ARMLIFT": {
				"AMR_LIFT01": {
					"name": "AMR_LIFT01",
					"pose": {
						"translation": [
							139.6136016845703,
							142.47930908203125,
							0.06200023368000984
						],
						"rotation": [
							-0.00940270721912384,
							-0.0036272602155804634,
							-0.9329404234886169,
							0.3598898649215698
						]
					},