{
	"timestamp_0": {
		"robots": {
			"ARMLIFT": {
				"AMR_LIFT01": {
					"name": "AMR_LIFT01",
					"pose": {
						"translation": [
							139.61062622070312,
							142.49142456054688,
							0.06200389564037323
						],
						"rotation": [
							-0.009379593655467033,
							-0.0036711739376187325,
							-0.9313846826553345,
							0.36389750242233276
						]
					},
					"odometry": {
						"position": [
							0.5816917019651496,
							-7.807982606062418,
							-0.013156483681916327
						],
						"orientation": [
							-0.019738717049365036,
							0.0003990123583753004,
							-0.9312116548708645,
							0.36394378366864405
						],
						"linear": [
							-0.0014592361403629184,
							0.0,
							0.0
						],
						"angular": [
							0.0,
							0.0,
							-0.00014629532233811915
						]
					},
					"aabb": [
						123.75069384772293,
						140.69703729762097,
						-0.014387614063296462,
						124.72324910691466,
						141.64026021068025,
						0.16298809904566958
					],
					"joint_state": {
						"position": [
							-1.8553,
							4.5409,
							1.0217,
							-5.3767,
							1.0172,
							-0.5018,
							0.0
						],
						"velocity": [
							0.0049,
							-0.0013,
							0.0146,
							0.0018,
							-0.004,
							0.0007,
							0.0
						],
						"effort": [
							0.0,
							0.0,
							0.0,
							0.0,
							0.0,
							0.0,
							0.0
						]
					},
					"lift_state": "lift_down"
				}
			}
		},
		"objects": {
			"Rack": {
				"Rack_02": {
					"name": "Rack_02",
					"pose": {
						"translation": [
							133.05699157714844,
							143.09999084472656,
							0.19921104609966278
						],
						"rotation": [
							0.983835756778717,
							0.1790735274553299,
							-4.97384462505579e-08,
							9.080395102500916e-09
						]
					}
				}
			}
		},
		"relationships": {
			"L-Rack": [
				[
					"AMR_LIFT01",
					"none"
				]
			]
		}
	},
	"timestamp_1": {
		"robots": {
			"ARMLIFT": {
				"AMR_LIFT01": {
					"name": "AMR_LIFT01",
					"pose": {
						"translation": [
							139.6102752685547,
							142.49131774902344,
							0.06200256198644638
						],
						"rotation": [
							-0.009375561960041523,
							-0.003670630743727088,
							-0.9314337372779846,
							0.36377182602882385
						]
					},
					"odometry": {
						"position": [
							0.5812426549777593,
							-7.808002155934556,
							-0.013143815618858698
						],
						"orientation": [
							-0.019735956829596776,
							0.00039007739952486226,
							-0.9312621102926817,
							0.36381481797868576
						],
						"linear": [
							0.0009287349530495703,
							0.0,
							0.0
						],
						"angular": [
							0.0,
							0.0,
							-0.0027391654439270496
						]
					},
					"aabb": [
						123.75089192348766,
						140.69722249089125,
						-0.014462443864333043,
						124.72351722165644,
						141.64035703502773,
						0.16298369984856687
					],
					"joint_state": {
						"position": [
							-1.8549,
							4.5412,
							1.0108,
							-5.3825,
							1.0115,
							-0.5059,
							0.0
						],
						"velocity": [
							0.0008,
							0.0007,
							0.0374,
							-0.0142,
							0.0272,
							-0.0155,
							0.0
						],
						"effort": [
							0.0,
							0.0,
							0.0,
							0.0,
							0.0,
							0.0,
							0.0
						]
					},
					"lift_state": "lift_down"
				}
			}
		},
		"objects": {
			"Rack": {
				"Rack_02": {
					"name": "Rack_02",
					"pose": {
						"translation": [
							133.05699157714844,
							143.09999084472656,
							0.19921104609966278
						],
						"rotation": [
							0.983835756778717,
							0.1790735274553299,
							-4.97384462505579e-08,
							9.080395102500916e-09
						]
					}
				}
			}
		},
		"relationships": {
			"L-Rack": [
				[
					"AMR_LIFT01",
					"none"
				]
			]
		}
	},
	"timestamp_2": {
		"robots": {
			"ARMLIFT": {
				"AMR_LIFT01": {
					"name": "AMR_LIFT01",
					"pose": {
						"translation": [
							139.6099853515625,
							142.49179077148438,
							0.06200015917420387
						],
						"rotation": [
							-0.009383413940668106,
							-0.0036602297332137823,
							-0.9315853714942932,
							0.36338335275650024
						]
					},
					"odometry": {
						"position": [
							0.5809496799981141,
							-7.80753342537367,
							-0.013139716628174232
						],
						"orientation": [
							-0.019745496917362996,
							0.0003961558222195703,
							-0.9314136683862435,
							0.36342610907216333
						],
						"linear": [
							-0.004155246075242758,
							0.0,
							0.0
						],
						"angular": [
							0.0,
							0.0,
							-9.568407404003665e-05
						]
					},
					"aabb": [
						123.75111717283056,
						140.69703725502788,
						-0.014536340091341715,
						124.72400192800305,
						141.63985079355734,
						0.1629877922526077
					],
					"joint_state": {
						"position": [
							-1.8531,
							4.5421,
							1.0255,
							-5.397,
							1.0316,
							-0.5204,
							0.0
						],
						"velocity": [
							0.014,
							-0.018,
							0.0505,
							-0.0366,
							0.0607,
							-0.0419,
							0.0
						],
						"effort": [
							0.0,
							0.0,
							0.0,
							0.0,
							0.0,
							0.0,
							0.0
						]
					},
					"lift_state": "lift_down"
				}
			}
		},
		"objects": {
			"Rack": {
				"Rack_02": {
					"name": "Rack_02",
					"pose": {
						"translation": [
							133.05699157714844,
							143.09999084472656,
							0.19921104609966278
						],
						"rotation": [
							0.983835756778717,
							0.1790735274553299,
							-4.97384462505579e-08,
							9.080395102500916e-09
						]
					}
				}
			}
		},
		"relationships": {
			"L-Rack": [
				[
					"AMR_LIFT01",
					"none"
				]
			]
		}
	},
	"timestamp_3": {
		"robots": {
			"ARMLIFT": {
				"AMR_LIFT01": {
					"name": "AMR_LIFT01",
					"pose": {
						"translation": [
							139.60955810546875,
							142.49200439453125,
							0.06200309470295906
						],
						"rotation": [
							-0.009382979944348335,
							-0.0036625033244490623,
							-0.9315581321716309,
							0.3634532690048218
						]
					},
					"odometry": {
						"position": [
							0.5805201539792062,
							-7.807318598136448,
							-0.01312716850512083
						],
						"orientation": [
							-0.019744756324984538,
							0.0003946597680990725,
							-0.9313864315078696,
							0.3634959477688456
						],
						"linear": [
							0.0017004678957164288,
							0.0,
							0.0
						],
						"angular": [
							0.0,
							0.0,
							0.005320352502167225
						]
					},
					"aabb": [
						123.75149107247829,
						140.69701940166183,
						-0.014465955683739573,
						124.72433120718753,
						141.63988599083604,
						0.162985585008843
					],
					"joint_state": {
						"position": [
							-1.8523,
							4.5426,
							1.0165,
							-5.3873,
							1.0224,
							-0.5147,
							0.0
						],
						"velocity": [
							-0.0264,
							-0.0582,
							-0.1236,
							0.0793,
							-0.1706,
							0.0602,
							0.0
						],
						"effort": [
							0.0,
							0.0,
							0.0,
							0.0,
							0.0,
							0.0,
							0.0
						]
					},
					"lift_state": "lift_down"
				}
			}
		},
		"objects": {
			"Rack": {
				"Rack_02": {
					"name": "Rack_02",
					"pose": {
						"translation": [
							133.05699157714844,
							143.09999084472656,
							0.19921104609966278
						],
						"rotation": [
							0.983835756778717,
							0.1790735274553299,
							-4.97384462505579e-08,
							9.080395102500916e-09
						]
					}
				}
			}
		},
		"relationships": {
			"L-Rack": [
				[
					"AMR_LIFT01",
					"none"
				]
			]
		}
	},
	"timestamp_4": {
		"robots": {
			"ARMLIFT": {
				"AMR_LIFT01": {
					"name": "AMR_LIFT01",
					"pose": {
						"translation": [
							139.61038208007812,
							142.49107360839844,
							0.062003325670957565
						],
						"rotation": [
							-0.00938413292169571,
							-0.00366424978710711,
							-0.9316051006317139,
							0.3633325397968292
						]
					},