{
	"timestamp_0": {
		"robots": {
			"ARMLIFT": {
				"AMR_LIFT01": {
					"name": "AMR_LIFT01",
					"pose": {
						"translation": [
							139.62527465820312,
							142.41558837890625,
							0.062000274658203125
						],
						"rotation": [
							-0.009434442035853863,
							-0.003514743410050869,
							-0.9370511174201965,
							0.3490472733974457
						]
					},
					"odometry": {
						"position": [
							0.5962331027878989,
							-7.883733935824445,
							-0.013481757250655637
						],
						"orientation": [
							-0.019857547665620704,
							0.0003821593184044531,
							-0.9368788539472963,
							0.3490895942037853
						],
						"linear": [
							0.0032977196387946606,
							0.0,
							0.0
						],
						"angular": [
							0.0,
							0.0,
							0.002805574331432581
						]
					},
					"aabb": [
						123.72681675227528,
						140.7843531029378,
						-0.012384788580123943,
						124.70907779075151,
						141.7144351377671,
						0.16285061257290742
					],
					"joint_state": {
						"position": [
							-1.2847,
							4.978,
							1.0247,
							-5.9607,
							1.0145,
							-1.0802,
							0.0
						],
						"velocity": [
							-0.023,
							-0.0228,
							-0.1139,
							0.0833,
							-0.1401,
							0.0703,
							0.0
						],
						"effort": [
							0.0,
							0.0,
							0.0,
							0.0,
							0.0,
							0.0,
							0.0
						]
					},
					"lift_state": "lift_down"
				}
			}
		},
		"objects": {
			"Rack": {
				"Rack_02": {
					"name": "Rack_02",
					"pose": {
						"translation": [
							133.05699157714844,
							143.09999084472656,
							0.19921104609966278
						],
						"rotation": [
							0.983835756778717,
							0.1790735274553299,
							-4.97384462505579e-08,
							9.080395102500916e-09
						]
					}
				}
			}
		},
		"relationships": {
			"L-Rack": [
				[
					"AMR_LIFT01",
					"none"
				]
			]
		}
	},
	"timestamp_1": {
		"robots": {
			"ARMLIFT": {
				"AMR_LIFT01": {
					"name": "AMR_LIFT01",
					"pose": {
						"translation": [
							139.62533569335938,
							142.41529846191406,
							0.062007177621126175
						],
						"rotation": [
							-0.009438643231987953,
							-0.003522636368870735,
							-0.937031626701355,
							0.3490995466709137
						]
					},
					"odometry": {
						"position": [
							0.5963698564085128,
							-7.884046424539693,
							-0.013482458027375634
						],
						"orientation": [
							-0.019856927607582123,
							0.0003761120413374302,
							-0.9368709261682399,
							0.34911091169767833
						],
						"linear": [
							0.0010943058878183365,
							0.0,
							0.0
						],
						"angular": [
							0.0,
							0.0,
							0.006679454352706671
						]
					},
					"aabb": [
						123.72674253126561,
						140.78459469499097,
						-0.012358807660120484,
						124.70894924248927,
						141.71475871185277,
						0.1628558450054113
					],
					"joint_state": {
						"position": [
							-1.285,
							4.9782,
							1.0107,
							-5.9618,
							1.0123,
							-1.0831,
							0.0
						],
						"velocity": [
							-0.0104,
							0.0019,
							-0.0418,
							0.0404,
							-0.0736,
							0.0241,
							0.0
						],
						"effort": [
							0.0,
							0.0,
							0.0,
							0.0,
							0.0,
							0.0,
							0.0
						]
					},
					"lift_state": "lift_down"
				}
			}
		},
		"objects": {
			"Rack": {
				"Rack_02": {
					"name": "Rack_02",
					"pose": {
						"translation": [
							133.05699157714844,
							143.09999084472656,
							0.19921104609966278
						],
						"rotation": [
							0.983835756778717,
							0.1790735274553299,
							-4.97384462505579e-08,
							9.080395102500916e-09
						]
					}
				}
			}
		},
		"relationships": {
			"L-Rack": [
				[
					"AMR_LIFT01",
					"none"
				]
			]
		}
	},
	"timestamp_2": {
		"robots": {
			"ARMLIFT": {
				"AMR_LIFT01": {
					"name": "AMR_LIFT01",
					"pose": {
						"translation": [
							139.6251678466797,
							142.4157257080078,
							0.06200473755598068
						],
						"rotation": [
							-0.009443387389183044,
							-0.003517397679388523,
							-0.9370564818382263,
							0.34903281927108765
						]
					},
					"odometry": {
						"position": [
							0.5961257989981972,
							-7.883606979448492,
							-0.013474954516849266
						],
						"orientation": [
							-0.019866546360918152,
							0.00037934310194943444,
							-0.9368841163184373,
							0.34907496189890463
						],
						"linear": [
							-0.0014371032593771815,
							0.0,
							0.0
						],
						"angular": [
							0.0,
							0.0,
							0.0004346912319306284
						]
					},
					"aabb": [
						123.72699038854996,
						140.78419105025654,
						-0.012194787121306616,
						124.70926373010136,
						141.71425774380205,
						0.16285337887429077
					],
					"joint_state": {
						"position": [
							-1.2841,
							4.9788,
							1.0245,
							-5.9716,
							1.0331,
							-1.0941,
							0.0
						],
						"velocity": [
							0.0157,
							0.0304,
							0.3251,
							-0.2192,
							0.3328,
							-0.2015,
							0.0
						],
						"effort": [
							0.0,
							0.0,
							0.0,
							0.0,
							0.0,
							0.0,
							0.0
						]
					},
					"lift_state": "lift_down"
				}
			}
		},
		"objects": {
			"Rack": {
				"Rack_02": {
					"name": "Rack_02",
					"pose": {
						"translation": [
							133.05699157714844,
							143.09999084472656,
							0.19921104609966278
						],
						"rotation": [
							0.983835756778717,
							0.1790735274553299,
							-4.97384462505579e-08,
							9.080395102500916e-09
						]
					}
				}
			}
		},
		"relationships": {
			"L-Rack": [
				[
					"AMR_LIFT01",
					"none"
				]
			]
		}
	},
	"timestamp_3": {
		"robots": {
			"ARMLIFT": {
				"AMR_LIFT01": {
					"name": "AMR_LIFT01",
					"pose": {
						"translation": [
							139.62449645996094,
							142.41610717773438,
							0.062000349164009094
						],
						"rotation": [
							-0.009431770071387291,
							-0.0035138174425810575,
							-0.9370307326316833,
							0.3491021394729614
						]
					},
					"odometry": {
						"position": [
							0.5954520194545937,
							-7.8832163981394725,
							-0.013464341445413563
						],
						"orientation": [
							-0.01985464635426931,
							0.0003836952958778291,
							-0.9368584996359282,
							0.3491443790983677
						],
						"linear": [
							-0.0021935487166047096,
							0.0,
							0.0
						],
						"angular": [
							0.0,
							0.0,
							8.82054700923618e-06
						]
					},
					"aabb": [
						123.72758769377796,
						140.78370391830975,
						-0.012286023828353516,
						124.70979892163614,
						141.7138589630204,
						0.16285083084922292
					],
					"joint_state": {
						"position": [
							-1.2848,
							4.9803,
							1.0056,
							-5.9655,
							1.0117,
							-1.0857,
							0.0
						],
						"velocity": [
							0.0027,
							0.0058,
							-0.2574,
							0.2036,
							-0.2597,
							0.2039,
							0.0
						],
						"effort": [
							0.0,
							0.0,
							0.0,
							0.0,
							0.0,
							0.0,
							0.0
						]
					},
					"lift_state": "lift_down"
				}
			}
		},
		"objects": {
			"Rack": {
				"Rack_02": {
					"name": "Rack_02",
					"pose": {
						"translation": [
							133.05699157714844,
							143.09999084472656,
							0.19921104609966278
						],
						"rotation": [
							0.983835756778717,
							0.1790735274553299,
							-4.97384462505579e-08,
							9.080395102500916e-09
						]
					}
				}
			}
		},
		"relationships": {
			"L-Rack": [
				[
					"AMR_LIFT01",
					"none"
				]
			]
		}
	},
	"timestamp_4": {
		"robots": {
			"ARMLIFT": {
				"AMR_LIFT01": {
					"name": "AMR_LIFT01",
					"pose": {
						"translation": [
							139.6249542236328,
							142.41590881347656,
							0.06200244650244713
						],
						"rotation": [
							-0.009434904903173447,
							-0.0035239900462329388,
							-0.9370180368423462,
							0.34913602471351624
						]
					},