{
	"timestamp_0": {
		"robots": {
			"ARMLIFT": {
				"AMR_LIFT01": {
					"name": "AMR_LIFT01",
					"pose": {
						"translation": [
							139.60890197753906,
							142.48922729492188,
							0.06200138106942177
						],
						"rotation": [
							-0.009381667710840702,
							-0.003635001601651311,
							-0.9322110414505005,
							0.361775666475296
						]
					},
					"odometry": {
						"position": [
							0.5797977865597455,
							-7.810101848364531,
							-0.013112793398070359
						],
						"orientation": [
							-0.019751089465847717,
							0.00040184014371319503,
							-0.9320459386813396,
							0.3618011901266105
						],
						"linear": [
							-0.005726855713874102,
							0.0,
							0.0
						],
						"angular": [
							0.0,
							0.0,
							0.0033681089989840984
						]
					},
					"aabb": [
						123.75117231420036,
						140.70087969403127,
						-0.014767122608496107,
						124.72518247651973,
						141.64226864251086,
						0.16298028038750456
					],
					"joint_state": {
						"position": [
							-1.8248,
							4.5678,
							0.9925,
							-5.4386,
							0.9956,
							-0.5789,
							0.0
						],
						"velocity": [
							-0.0094,
							0.0041,
							-0.027,
							0.0254,
							0.2212,
							0.1108,
							0.0
						],
						"effort": [
							0.0,
							0.0,
							0.0,
							0.0,
							0.0,
							0.0,
							0.0
						]
					},
					"lift_state": "lift_down"
				}
			}
		},
		"objects": {
			"Rack": {
				"Rack_02": {
					"name": "Rack_02",
					"pose": {
						"translation": [
							133.05699157714844,
							143.09999084472656,
							0.19921104609966278
						],
						"rotation": [
							0.983835756778717,
							0.1790735274553299,
							-4.97384462505579e-08,
							9.080395102500916e-09
						]
					}
				}
			}
		},
		"relationships": {
			"L-Rack": [
				[
					"AMR_LIFT01",
					"none"
				]
			]
		}
	},
	"timestamp_1": {
		"robots": {
			"ARMLIFT": {
				"AMR_LIFT01": {
					"name": "AMR_LIFT01",
					"pose": {
						"translation": [
							139.60890197753906,
							142.48890686035156,
							0.062003057450056076
						],
						"rotation": [
							-0.009380935691297054,
							-0.0036444771103560925,
							-0.9322582483291626,
							0.36165374517440796
						]
					},
					"odometry": {
						"position": [
							0.5798661811843385,
							-7.810414342178643,
							-0.01311271641191751
						],
						"orientation": [
							-0.019750532288024893,
							0.00039266783077777895,
							-0.9320865926673496,
							0.36169648333386484
						],
						"linear": [
							-0.0010563475079834461,
							0.0,
							0.0
						],
						"angular": [
							0.0,
							0.0,
							-0.0027886326424777508
						]
					},
					"aabb": [
						123.75103739850006,
						140.7010640559567,
						-0.014787934456048759,
						124.72505602211517,
						141.64244334718393,
						0.1629809506129542
					],
					"joint_state": {
						"position": [
							-1.8245,
							4.5676,
							0.9981,
							-5.4457,
							0.9958,
							-0.5841,
							0.0
						],
						"velocity": [
							0.0042,
							-0.0177,
							0.0403,
							-0.0027,
							0.0366,
							-0.0031,
							0.0
						],
						"effort": [
							0.0,
							0.0,
							0.0,
							0.0,
							0.0,
							0.0,
							0.0
						]
					},
					"lift_state": "lift_down"
				}
			}
		},
		"objects": {
			"Rack": {
				"Rack_02": {
					"name": "Rack_02",
					"pose": {
						"translation": [
							133.05699157714844,
							143.09999084472656,
							0.19921104609966278
						],
						"rotation": [
							0.983835756778717,
							0.1790735274553299,
							-4.97384462505579e-08,
							9.080395102500916e-09
						]
					}
				}
			}
		},
		"relationships": {
			"L-Rack": [
				[
					"AMR_LIFT01",
					"none"
				]
			]
		}
	},
	"timestamp_2": {
		"robots": {
			"ARMLIFT": {
				"AMR_LIFT01": {
					"name": "AMR_LIFT01",
					"pose": {
						"translation": [
							139.6090545654297,
							142.48875427246094,
							0.06200012192130089
						],
						"rotation": [
							-0.009378256276249886,
							-0.0036382752005010843,
							-0.9321674704551697,
							0.3618878722190857
						]
					},
					"odometry": {
						"position": [
							0.5800711968919801,
							-7.810609646113302,
							-0.013118268445665698
						],
						"orientation": [
							-0.019753704446395206,
							0.0004056402781746054,
							-0.9319963143750343,
							0.3619288557271467
						],
						"linear": [
							0.0006995718576945364,
							0.0,
							0.0
						],
						"angular": [
							0.0,
							0.0,
							-0.001623722375370562
						]
					},
					"aabb": [
						123.75088349606705,
						140.70135947270498,
						-0.014802668882730413,
						124.72476495724558,
						141.64291343911194,
						0.16298257766872534
					],
					"joint_state": {
						"position": [
							-1.8229,
							4.5678,
							1.0,
							-5.4462,
							0.9876,
							-0.5824,
							0.0
						],
						"velocity": [
							0.0001,
							0.0001,
							-0.0166,
							0.0125,
							-0.2335,
							0.1084,
							0.0
						],
						"effort": [
							0.0,
							0.0,
							0.0,
							0.0,
							0.0,
							0.0,
							0.0
						]
					},
					"lift_state": "lift_down"
				}
			}
		},
		"objects": {
			"Rack": {
				"Rack_02": {
					"name": "Rack_02",
					"pose": {
						"translation": [
							133.05699157714844,
							143.09999084472656,
							0.19921104609966278
						],
						"rotation": [
							0.983835756778717,
							0.1790735274553299,
							-4.97384462505579e-08,
							9.080395102500916e-09
						]
					}
				}
			}
		},
		"relationships": {
			"L-Rack": [
				[
					"AMR_LIFT01",
					"none"
				]
			]
		}
	},
	"timestamp_3": {
		"robots": {
			"ARMLIFT": {
				"AMR_LIFT01": {
					"name": "AMR_LIFT01",
					"pose": {
						"translation": [
							139.6094207763672,
							142.4884796142578,
							0.06200679764151573
						],
						"rotation": [
							-0.009381459094583988,
							-0.0036516624968498945,
							-0.9321306943893433,
							0.3619822561740875
						]
					},
					"odometry": {
						"position": [
							0.5803837365567548,
							-7.810853761376994,
							-0.013120546940210129
						],
						"orientation": [
							-0.019749632664876397,
							0.0003891373342492523,
							-0.9319590249581098,
							0.3620251046279345
						],
						"linear": [
							-0.0035148232709616423,
							0.0,
							0.0
						],
						"angular": [
							0.0,
							0.0,
							-0.0051105269230902195
						]
					},
					"aabb": [
						123.75067448054389,
						140.7014374361259,
						-0.01480479476762078,
						124.72453923737373,
						141.6430141584782,
						0.16298475224177808
					],
					"joint_state": {
						"position": [
							-1.8227,
							4.5695,
							1.0063,
							-5.4479,
							0.993,
							-0.5839,
							0.0
						],
						"velocity": [
							-0.0033,
							0.03,
							0.4877,
							-0.1945,
							0.1521,
							-0.0229,
							0.0
						],
						"effort": [
							0.0,
							0.0,
							0.0,
							0.0,
							0.0,
							0.0,
							0.0
						]
					},
					"lift_state": "lift_down"
				}
			}
		},
		"objects": {
			"Rack": {
				"Rack_02": {
					"name": "Rack_02",
					"pose": {
						"translation": [
							133.05699157714844,
							143.09999084472656,
							0.19921104609966278
						],
						"rotation": [
							0.983835756778717,
							0.1790735274553299,
							-4.97384462505579e-08,
							9.080395102500916e-09
						]
					}
				}
			}
		},
		"relationships": {
			"L-Rack": [
				[
					"AMR_LIFT01",
					"none"
				]
			]
		}
	},
	"timestamp_4": {
		"robots": {
			"ARMLIFT": {
				"AMR_LIFT01": {
					"name": "AMR_LIFT01",
					"pose": {
						"translation": [
							139.60943603515625,
							142.48838806152344,
							0.06200012192130089
						],
						"rotation": [
							-0.00937869306653738,
							-0.0036415206268429756,
							-0.9321563243865967,
							0.3619163930416107
						]
					},