{
	"timestamp_0": {
		"robots": {
			"ARMLIFT": {
				"AMR_LIFT01": {
					"name": "AMR_LIFT01",
					"pose": {
						"translation": [
							139.5968475341797,
							142.543212890625,
							0.06200103461742401
						],
						"rotation": [
							-0.009386693127453327,
							-0.003721316810697317,
							-0.9296326637268066,
							0.3683493733406067
						]
					},
					"odometry": {
						"position": [
							0.5678057234126523,
							-7.756108238883936,
							-0.012844913339700911
						],
						"orientation": [
							-0.01972698099903019,
							0.0003903139347806824,
							-0.9294609122113929,
							0.3683925983877278
						],
						"linear": [
							0.004824524745345116,
							0.0,
							0.0
						],
						"angular": [
							0.0,
							0.0,
							-0.002391023328527808
						]
					},
					"aabb": [
						123.76722463438468,
						140.64172978880504,
						-0.012409803014030475,
						124.73673964179864,
						141.58864376353986,
						0.16309452376173098
					],
					"joint_state": {
						"position": [
							-2.2447,
							4.2767,
							1.1012,
							-5.1387,
							1.0948,
							-0.249,
							0.0
						],
						"velocity": [
							-0.0049,
							-0.0146,
							0.0028,
							-0.0281,
							0.0196,
							-0.0154,
							0.0
						],
						"effort": [
							0.0,
							0.0,
							0.0,
							0.0,
							0.0,
							0.0,
							0.0
						]
					},
					"lift_state": "lift_down"
				}
			}
		},
		"objects": {
			"Rack": {
				"Rack_02": {
					"name": "Rack_02",
					"pose": {
						"translation": [
							133.05699157714844,
							143.09999084472656,
							0.19921104609966278
						],
						"rotation": [
							0.983835756778717,
							0.1790735274553299,
							-4.97384462505579e-08,
							9.080395102500916e-09
						]
					}
				}
			}
		},
		"relationships": {
			"L-Rack": [
				[
					"AMR_LIFT01",
					"none"
				]
			]
		}
	},
	"timestamp_1": {
		"robots": {
			"ARMLIFT": {
				"AMR_LIFT01": {
					"name": "AMR_LIFT01",
					"pose": {
						"translation": [
							139.5965118408203,
							142.5433807373047,
							0.0620005801320076
						],
						"rotation": [
							-0.009388715960085392,
							-0.003720100037753582,
							-0.9296894073486328,
							0.36820608377456665
						]
					},
					"odometry": {
						"position": [
							0.5674737567089987,
							-7.755952007051334,
							-0.012837946080476666
						],
						"orientation": [
							-0.019729637497347484,
							0.00038993650694650595,
							-0.9295176348157586,
							0.3682493121789394
						],
						"linear": [
							0.0034539944026619196,
							0.0,
							0.0
						],
						"angular": [
							0.0,
							0.0,
							0.0006195459864102304
						]
					},
					"aabb": [
						123.76762409619234,
						140.6418521333029,
						-0.01240975640246856,
						124.73717169811522,
						141.58872699611643,
						0.16309437570046761
					],
					"joint_state": {
						"position": [
							-2.2431,
							4.277,
							1.1003,
							-5.1389,
							1.0994,
							-0.2479,
							0.0
						],
						"velocity": [
							-0.0311,
							-0.0304,
							0.0775,
							0.0264,
							-0.0413,
							-0.0281,
							0.0
						],
						"effort": [
							0.0,
							0.0,
							0.0,
							0.0,
							0.0,
							0.0,
							0.0
						]
					},
					"lift_state": "lift_down"
				}
			}
		},
		"objects": {
			"Rack": {
				"Rack_02": {
					"name": "Rack_02",
					"pose": {
						"translation": [
							133.05699157714844,
							143.09999084472656,
							0.19921104609966278
						],
						"rotation": [
							0.983835756778717,
							0.1790735274553299,
							-4.97384462505579e-08,
							9.080395102500916e-09
						]
					}
				}
			}
		},
		"relationships": {
			"L-Rack": [
				[
					"AMR_LIFT01",
					"none"
				]
			]
		}
	},
	"timestamp_2": {
		"robots": {
			"ARMLIFT": {
				"AMR_LIFT01": {
					"name": "AMR_LIFT01",
					"pose": {
						"translation": [
							139.5971221923828,
							142.54278564453125,
							0.06199966371059418
						],
						"rotation": [
							-0.009390018880367279,
							-0.0037188821006566286,
							-0.9296900033950806,
							0.3682044744491577
						]
					},
					"odometry": {
						"position": [
							0.5680888490419157,
							-7.7565379148452385,
							-0.012852571362599813
						],
						"orientation": [
							-0.019730949369509036,
							0.0003911368091145579,
							-0.9295182175410887,
							0.36824776972605255
						],
						"linear": [
							-0.014498150907456875,
							0.0,
							0.0
						],
						"angular": [
							0.0,
							0.0,
							-0.002088058739900589
						]
					},
					"aabb": [
						123.76704081279397,
						140.6425634634503,
						-0.012393078521988564,
						124.73660626047149,
						141.58941867958822,
						0.16309307456776445
					],
					"joint_state": {
						"position": [
							-2.241,
							4.2789,
							1.1037,
							-5.1403,
							1.1022,
							-0.2481,
							0.0
						],
						"velocity": [
							0.1038,
							0.0977,
							0.0714,
							-0.0056,
							0.0368,
							-0.0035,
							0.0
						],
						"effort": [
							0.0,
							0.0,
							0.0,
							0.0,
							0.0,
							0.0,
							0.0
						]
					},
					"lift_state": "lift_down"
				}
			}
		},
		"objects": {
			"Rack": {
				"Rack_02": {
					"name": "Rack_02",
					"pose": {
						"translation": [
							133.05699157714844,
							143.09999084472656,
							0.19921104609966278
						],
						"rotation": [
							0.983835756778717,
							0.1790735274553299,
							-4.97384462505579e-08,
							9.080395102500916e-09
						]
					}
				}
			}
		},
		"relationships": {
			"L-Rack": [
				[
					"AMR_LIFT01",
					"none"
				]
			]
		}
	},
	"timestamp_3": {
		"robots": {
			"ARMLIFT": {
				"AMR_LIFT01": {
					"name": "AMR_LIFT01",
					"pose": {
						"translation": [
							139.59719848632812,
							142.5427703857422,
							0.06200317293405533
						],
						"rotation": [
							-0.009394865483045578,
							-0.003727532224729657,
							-0.9297656416893005,
							0.3680134415626526
						]
					},
					"odometry": {
						"position": [
							0.5681572706375732,
							-7.756557435573425,
							-0.012850583773546602
						],
						"orientation": [
							-0.01973663468864387,
							0.00038036140623080855,
							-0.9295937938228261,
							0.36805665197419396
						],
						"linear": [
							0.0011901517864316702,
							0.0,
							0.0
						],
						"angular": [
							0.0,
							0.0,
							0.0031272757332772017
						]
					},
					"aabb": [
						123.76658703038447,
						140.64281228797918,
						-0.012406207471112833,
						124.7362421769359,
						141.58956262506246,
						0.16310008945032753
					],
					"joint_state": {
						"position": [
							-2.2416,
							4.2786,
							1.1113,
							-5.143,
							1.1168,
							-0.2554,
							0.0
						],
						"velocity": [
							0.005,
							-0.0042,
							-0.2121,
							0.091,
							-0.0312,
							0.0004,
							0.0
						],
						"effort": [
							0.0,
							0.0,
							0.0,
							0.0,
							0.0,
							0.0,
							0.0
						]
					},
					"lift_state": "lift_down"
				}
			}
		},
		"objects": {
			"Rack": {
				"Rack_02": {
					"name": "Rack_02",
					"pose": {
						"translation": [
							133.05699157714844,
							143.09999084472656,
							0.19921104609966278
						],
						"rotation": [
							0.983835756778717,
							0.1790735274553299,
							-4.97384462505579e-08,
							9.080395102500916e-09
						]
					}
				}
			}
		},
		"relationships": {
			"L-Rack": [
				[
					"AMR_LIFT01",
					"none"
				]
			]
		}
	},
	"timestamp_4": {
		"robots": {
			"ARMLIFT": {
				"AMR_LIFT01": {
					"name": "AMR_LIFT01",
					"pose": {
						"translation": [
							139.5972442626953,
							142.5433807373047,
							0.06200298294425011
						],
						"rotation": [
							-0.009400954470038414,
							-0.0037155754398554564,
							-0.9298022985458374,
							0.3679206967353821
						]
					},