{
	"timestamp_0": {
		"robots": {
			"ARMLIFT": {
				"AMR_LIFT01": {
					"name": "AMR_LIFT01",
					"pose": {
						"translation": [
							139.61903381347656,
							142.46351623535156,
							0.062001150101423264
						],
						"rotation": [
							-0.009414790198206902,
							-0.0036017880775034428,
							-0.9339738488197327,
							0.35719922184944153
						]
					},
					"odometry": {
						"position": [
							0.5900016798323277,
							-7.8358142484638265,
							-0.01334093923122703
						],
						"orientation": [
							-0.019803542710294098,
							0.00038580265312605777,
							-0.9338018110949495,
							0.3572420026371855
						],
						"linear": [
							0.008377709425985813,
							0.0,
							0.0
						],
						"angular": [
							0.0,
							0.0,
							0.0031812991946935654
						]
					},
					"aabb": [
						123.73802967331015,
						140.7300600682786,
						-0.014757270152746707,
						124.71509436897318,
						141.66746420814957,
						0.16294189344219895
					],
					"joint_state": {
						"position": [
							-1.6451,
							4.6846,
							1.0461,
							-5.5903,
							1.0485,
							-0.6913,
							0.0
						],
						"velocity": [
							-0.1083,
							-0.1078,
							-0.1552,
							0.0549,
							0.2286,
							0.0745,
							0.0
						],
						"effort": [
							0.0,
							0.0,
							0.0,
							0.0,
							0.0,
							0.0,
							0.0
						]
					},
					"lift_state": "lift_down"
				}
			}
		},
		"objects": {
			"Rack": {
				"Rack_02": {
					"name": "Rack_02",
					"pose": {
						"translation": [
							133.05699157714844,
							143.09999084472656,
							0.19921104609966278
						],
						"rotation": [
							0.983835756778717,
							0.1790735274553299,
							-4.97384462505579e-08,
							9.080395102500916e-09
						]
					}
				}
			}
		},
		"relationships": {
			"L-Rack": [
				[
					"AMR_LIFT01",
					"none"
				]
			]
		}
	},
	"timestamp_1": {
		"robots": {
			"ARMLIFT": {
				"AMR_LIFT01": {
					"name": "AMR_LIFT01",
					"pose": {
						"translation": [
							139.61936950683594,
							142.4634552001953,
							0.06200004369020462
						],
						"rotation": [
							-0.00941323023289442,
							-0.003602421609684825,
							-0.933905839920044,
							0.357377290725708
						]
					},
					"odometry": {
						"position": [
							0.5902750321809661,
							-7.835824001176527,
							-0.013347830463817526
						],
						"orientation": [
							-0.01980264152287559,
							0.0003877315693388314,
							-0.9337452491389454,
							0.3573898638229623
						],
						"linear": [
							-0.002585479523986578,
							0.0,
							0.0
						],
						"angular": [
							0.0,
							0.0,
							0.0012553336564451456
						]
					},
					"aabb": [
						123.73775343098961,
						140.73004798273772,
						-0.014766134718262039,
						124.71474924217141,
						141.66754398859194,
						0.16293991373649797
					],
					"joint_state": {
						"position": [
							-1.643,
							4.6855,
							1.0505,
							-5.5854,
							1.0458,
							-0.6881,
							0.0
						],
						"velocity": [
							-0.002,
							-0.0106,
							-0.0606,
							0.1303,
							-0.0071,
							-0.0177,
							0.0
						],
						"effort": [
							0.0,
							0.0,
							0.0,
							0.0,
							0.0,
							0.0,
							0.0
						]
					},
					"lift_state": "lift_down"
				}
			}
		},
		"objects": {
			"Rack": {
				"Rack_02": {
					"name": "Rack_02",
					"pose": {
						"translation": [
							133.05699157714844,
							143.09999084472656,
							0.19921104609966278
						],
						"rotation": [
							0.983835756778717,
							0.1790735274553299,
							-4.97384462505579e-08,
							9.080395102500916e-09
						]
					}
				}
			}
		},
		"relationships": {
			"L-Rack": [
				[
					"AMR_LIFT01",
					"none"
				]
			]
		}
	},
	"timestamp_2": {
		"robots": {
			"ARMLIFT": {
				"AMR_LIFT01": {
					"name": "AMR_LIFT01",
					"pose": {
						"translation": [
							139.619384765625,
							142.4630889892578,
							0.062001876533031464
						],
						"rotation": [
							-0.009414372965693474,
							-0.003605699399486184,
							-0.9339407682418823,
							0.35728591680526733
						]
					},
					"odometry": {
						"position": [
							0.5903531934302125,
							-7.836243916756422,
							-0.0133480735765759
						],
						"orientation": [
							-0.01980274917246062,
							0.00038285516002586363,
							-0.9337687311282251,
							0.35732850615970163
						],
						"linear": [
							0.011621281504631042,
							0.0,
							0.0
						],
						"angular": [
							0.0,
							0.0,
							0.0005460493848659098
						]
					},
					"aabb": [
						123.73773257045895,
						140.7304223093467,
						-0.014751166662393598,
						124.71473998185988,
						141.66790359374218,
						0.16294074344384663
					],
					"joint_state": {
						"position": [
							-1.6429,
							4.6851,
							1.0451,
							-5.5917,
							1.0522,
							-0.6955,
							0.0
						],
						"velocity": [
							-0.0816,
							-0.0802,
							0.1753,
							0.0405,
							0.1923,
							0.0403,
							0.0
						],
						"effort": [
							0.0,
							0.0,
							0.0,
							0.0,
							0.0,
							0.0,
							0.0
						]
					},
					"lift_state": "lift_down"
				}
			}
		},
		"objects": {
			"Rack": {
				"Rack_02": {
					"name": "Rack_02",
					"pose": {
						"translation": [
							133.05699157714844,
							143.09999084472656,
							0.19921104609966278
						],
						"rotation": [
							0.983835756778717,
							0.1790735274553299,
							-4.97384462505579e-08,
							9.080395102500916e-09
						]
					}
				}
			}
		},
		"relationships": {
			"L-Rack": [
				[
					"AMR_LIFT01",
					"none"
				]
			]
		}
	},
	"timestamp_3": {
		"robots": {
			"ARMLIFT": {
				"AMR_LIFT01": {
					"name": "AMR_LIFT01",
					"pose": {
						"translation": [
							139.6193389892578,
							142.46336364746094,
							0.06200031191110611
						],
						"rotation": [
							-0.009407524019479752,
							-0.0036035964731127024,
							-0.9338561296463013,
							0.3575073480606079
						]
					},
					"odometry": {
						"position": [
							0.5902945644295717,
							-7.835960719278553,
							-0.013348329193909192
						],
						"orientation": [
							-0.019794954572333462,
							0.0003874212326507822,
							-0.9336841701978134,
							0.3575498286956499
						],
						"linear": [
							-0.0032446428667753935,
							0.0,
							0.0
						],
						"angular": [
							0.0,
							0.0,
							-0.00035114336060360074
						]
					},
					"aabb": [
						123.73781566674866,
						140.73011370054107,
						-0.01479516135740941,
						124.71463257410305,
						141.6678469698967,
						0.16293719530301523
					],
					"joint_state": {
						"position": [
							-1.6411,
							4.6865,
							1.0304,
							-5.5842,
							1.0594,
							-0.6942,
							0.0
						],
						"velocity": [
							0.009,
							0.046,
							0.0429,
							-0.0306,
							0.0778,
							-0.0304,
							0.0
						],
						"effort": [
							0.0,
							0.0,
							0.0,
							0.0,
							0.0,
							0.0,
							0.0
						]
					},
					"lift_state": "lift_down"
				}
			}
		},
		"objects": {
			"Rack": {
				"Rack_02": {
					"name": "Rack_02",
					"pose": {
						"translation": [
							133.05699157714844,
							143.09999084472656,
							0.19921104609966278
						],
						"rotation": [
							0.983835756778717,
							0.1790735274553299,
							-4.97384462505579e-08,
							9.080395102500916e-09
						]
					}
				}
			}
		},
		"relationships": {
			"L-Rack": [
				[
					"AMR_LIFT01",
					"none"
				]
			]
		}
	},
	"timestamp_4": {
		"robots": {
			"ARMLIFT": {
				"AMR_LIFT01": {
					"name": "AMR_LIFT01",
					"pose": {
						"translation": [
							139.61985778808594,
							142.46229553222656,
							0.062000349164009094
						],
						"rotation": [
							-0.009409810416400433,
							-0.003600416239351034,
							-0.9338781833648682,
							0.3574496805667877
						]
					},