{
	"timestamp_0": {
		"robots": {
			"ARMLIFT": {
				"AMR_LIFT01": {
					"name": "AMR_LIFT01",
					"pose": {
						"translation": [
							139.60667419433594,
							142.5076141357422,
							0.06200755760073662
						],
						"rotation": [
							-0.009431643411517143,
							-0.003718422260135412,
							-0.9300038814544678,
							0.3674100339412689
						]
					},
					"odometry": {
						"position": [
							0.5776392880005439,
							-7.791713242739369,
							-0.013058168238285267
						],
						"orientation": [
							-0.019776071939801902,
							0.0003827578006846825,
							-0.929831634553108,
							0.3674532512570727
						],
						"linear": [
							0.008254772052168846,
							0.0,
							0.0
						],
						"angular": [
							0.0,
							0.0,
							-0.004311998840421438
						]
					},
					"aabb": [
						123.7568666735212,
						140.67800623649356,
						-0.013653957196571033,
						124.72692477414523,
						141.62428546467316,
						0.1630336535195975
					],
					"joint_state": {
						"position": [
							-1.9993,
							4.4382,
							1.183,
							-5.3141,
							1.1824,
							-0.4722,
							0.0
						],
						"velocity": [
							0.0181,
							-0.0068,
							-0.0786,
							-0.2231,
							0.0351,
							-0.0221,
							0.0
						],
						"effort": [
							0.0,
							0.0,
							0.0,
							0.0,
							0.0,
							0.0,
							0.0
						]
					},
					"lift_state": "lift_down"
				}
			}
		},
		"objects": {
			"Rack": {
				"Rack_02": {
					"name": "Rack_02",
					"pose": {
						"translation": [
							133.05699157714844,
							143.09999084472656,
							0.19921104609966278
						],
						"rotation": [
							0.983835756778717,
							0.1790735274553299,
							-4.97384462505579e-08,
							9.080395102500916e-09
						]
					}
				}
			}
		},
		"relationships": {
			"L-Rack": [
				[
					"AMR_LIFT01",
					"none"
				]
			]
		}
	},
	"timestamp_1": {
		"robots": {
			"ARMLIFT": {
				"AMR_LIFT01": {
					"name": "AMR_LIFT01",
					"pose": {
						"translation": [
							139.60653686523438,
							142.50784301757812,
							0.06199962645769119
						],
						"rotation": [
							-0.00942834559828043,
							-0.003716015722602606,
							-0.930256724357605,
							0.36676961183547974
						]
					},
					"odometry": {
						"position": [
							0.5774926502049699,
							-7.791517953550041,
							-0.013062963641060802
						],
						"orientation": [
							-0.019775353801267066,
							0.0003779117628791397,
							-0.9300839243537867,
							0.36681423939562907
						],
						"linear": [
							-0.0024519232101738453,
							0.0,
							0.0
						],
						"angular": [
							0.0,
							0.0,
							-0.0007286089239642024
						]
					},
					"aabb": [
						123.7565955013955,
						140.67856476280514,
						-0.01393221283225506,
						124.72715450644236,
						141.62424713375052,
						0.1630363320207005
					],
					"joint_state": {
						"position": [
							-1.9977,
							4.4399,
							1.1946,
							-5.328,
							1.1973,
							-0.4796,
							0.0
						],
						"velocity": [
							-0.0007,
							-0.0009,
							0.0342,
							0.0042,
							0.0066,
							0.0012,
							0.0
						],
						"effort": [
							0.0,
							0.0,
							0.0,
							0.0,
							0.0,
							0.0,
							0.0
						]
					},
					"lift_state": "lift_down"
				}
			}
		},
		"objects": {
			"Rack": {
				"Rack_02": {
					"name": "Rack_02",
					"pose": {
						"translation": [
							133.05699157714844,
							143.09999084472656,
							0.19921104609966278
						],
						"rotation": [
							0.983835756778717,
							0.1790735274553299,
							-4.97384462505579e-08,
							9.080395102500916e-09
						]
					}
				}
			}
		},
		"relationships": {
			"L-Rack": [
				[
					"AMR_LIFT01",
					"none"
				]
			]
		}
	},
	"timestamp_2": {
		"robots": {
			"ARMLIFT": {
				"AMR_LIFT01": {
					"name": "AMR_LIFT01",
					"pose": {
						"translation": [
							139.60679626464844,
							142.50750732421875,
							0.06200065463781357
						],
						"rotation": [
							-0.009428094141185284,
							-0.0037111258134245872,
							-0.930418074131012,
							0.3663599193096161
						]
					},
					"odometry": {
						"position": [
							0.5777562978088224,
							-7.791820672289563,
							-0.0130677105468012
						],
						"orientation": [
							-0.01977714868197001,
							0.00037837308906637373,
							-0.9302458761899529,
							0.3664032355962533
						],
						"linear": [
							0.0007063315133564174,
							0.0,
							0.0
						],
						"angular": [
							0.0,
							0.0,
							-0.00411334540694952
						]
					},
					"aabb": [
						123.75628968855276,
						140.67878805178083,
						-0.013922344978849336,
						124.72711342927552,
						141.6241525356961,
						0.1630368605175086
					],
					"joint_state": {
						"position": [
							-1.9975,
							4.4406,
							1.1867,
							-5.3283,
							1.206,
							-0.4821,
							0.0
						],
						"velocity": [
							0.0005,
							0.0,
							0.1071,
							-0.192,
							0.1226,
							-0.1793,
							0.0
						],
						"effort": [
							0.0,
							0.0,
							0.0,
							0.0,
							0.0,
							0.0,
							0.0
						]
					},
					"lift_state": "lift_down"
				}
			}
		},
		"objects": {
			"Rack": {
				"Rack_02": {
					"name": "Rack_02",
					"pose": {
						"translation": [
							133.05699157714844,
							143.09999084472656,
							0.19921104609966278
						],
						"rotation": [
							0.983835756778717,
							0.1790735274553299,
							-4.97384462505579e-08,
							9.080395102500916e-09
						]
					}
				}
			}
		},
		"relationships": {
			"L-Rack": [
				[
					"AMR_LIFT01",
					"none"
				]
			]
		}
	},
	"timestamp_3": {
		"robots": {
			"ARMLIFT": {
				"AMR_LIFT01": {
					"name": "AMR_LIFT01",
					"pose": {
						"translation": [
							139.60743713378906,
							142.5072021484375,
							0.062003325670957565
						],
						"rotation": [
							-0.009433633647859097,
							-0.003704455215483904,
							-0.9304862022399902,
							0.36618706583976746
						]
					},
					"odometry": {
						"position": [
							0.5784007443974761,
							-7.792123367790387,
							-0.013079408566247851
						],
						"orientation": [
							-0.019783441221364446,
							0.00038311907621770946,
							-0.9303139497036597,
							0.3662300146902095
						],
						"linear": [
							-0.0009137158049270511,
							0.0,
							0.0
						],
						"angular": [
							0.0,
							0.0,
							0.0006949081434868276
						]
					},
					"aabb": [
						123.75550828671737,
						140.67924436312805,
						-0.013940199565133015,
						124.72646881537003,
						141.62444629533442,
						0.16304919701847312
					],
					"joint_state": {
						"position": [
							-1.9963,
							4.4415,
							1.1875,
							-5.3228,
							1.2343,
							-0.484,
							0.0
						],
						"velocity": [
							0.0048,
							0.0023,
							0.0035,
							-0.0078,
							0.3406,
							-0.2684,
							0.0
						],
						"effort": [
							0.0,
							0.0,
							0.0,
							0.0,
							0.0,
							0.0,
							0.0
						]
					},
					"lift_state": "lift_down"
				}
			}
		},
		"objects": {
			"Rack": {
				"Rack_02": {
					"name": "Rack_02",
					"pose": {
						"translation": [
							133.05699157714844,
							143.09999084472656,
							0.19921104609966278
						],
						"rotation": [
							0.983835756778717,
							0.1790735274553299,
							-4.97384462505579e-08,
							9.080395102500916e-09
						]
					}
				}
			}
		},
		"relationships": {
			"L-Rack": [
				[
					"AMR_LIFT01",
					"none"
				]
			]
		}
	},
	"timestamp_4": {
		"robots": {
			"ARMLIFT": {
				"AMR_LIFT01": {
					"name": "AMR_LIFT01",
					"pose": {
						"translation": [
							139.60751342773438,
							142.5068359375,
							0.062002941966056824
						],
						"rotation": [
							-0.009431353770196438,
							-0.003699673805385828,
							-0.9305602312088013,
							0.36599913239479065
						]
					},