{
	"timestamp_0": {
		"robots": {
			"ARMLIFT": {
				"AMR_LIFT01": {
					"name": "AMR_LIFT01",
					"pose": {
						"translation": [
							139.5983123779297,
							142.54061889648438,
							0.06200210377573967
						],
						"rotation": [
							-0.009398193098604679,
							-0.0037109535187482834,
							-0.9298913478851318,
							0.3676958680152893
						]
					},
					"odometry": {
						"position": [
							0.5692703648474554,
							-7.758705820330798,
							-0.01287650126054939
						],
						"orientation": [
							-0.019741362561917594,
							0.0003934056681899955,
							-0.9297194800499936,
							0.3677387826321135
						],
						"linear": [
							0.0011805732501670718,
							0.0,
							0.0
						],
						"angular": [
							0.0,
							0.0,
							-0.006539312656968832
						]
					},
					"aabb": [
						123.7655845853592,
						140.6448778635811,
						-0.012171029001856203,
						124.73547681156286,
						141.59134822155661,
						0.16309629131996967
					],
					"joint_state": {
						"position": [
							-2.2153,
							4.2978,
							1.1102,
							-5.1335,
							1.1055,
							-0.2628,
							0.0
						],
						"velocity": [
							-0.0006,
							-0.015,
							0.0013,
							-0.027,
							0.044,
							-0.0213,
							0.0
						],
						"effort": [
							0.0,
							0.0,
							0.0,
							0.0,
							0.0,
							0.0,
							0.0
						]
					},
					"lift_state": "lift_down"
				}
			}
		},
		"objects": {
			"Rack": {
				"Rack_02": {
					"name": "Rack_02",
					"pose": {
						"translation": [
							133.05699157714844,
							143.09999084472656,
							0.19921104609966278
						],
						"rotation": [
							0.983835756778717,
							0.1790735274553299,
							-4.97384462505579e-08,
							9.080395102500916e-09
						]
					}
				}
			}
		},
		"relationships": {
			"L-Rack": [
				[
					"AMR_LIFT01",
					"none"
				]
			]
		}
	},
	"timestamp_1": {
		"robots": {
			"ARMLIFT": {
				"AMR_LIFT01": {
					"name": "AMR_LIFT01",
					"pose": {
						"translation": [
							139.59805297851562,
							142.54075622558594,
							0.062006719410419464
						],
						"rotation": [
							-0.009392441250383854,
							-0.0037307506427168846,
							-0.9299178123474121,
							0.3676287829875946
						]
					},
					"odometry": {
						"position": [
							0.5690166180731608,
							-7.758569105591944,
							-0.012866185824365321
						],
						"orientation": [
							-0.019735909312747525,
							0.00037286434813633165,
							-0.9297459890916994,
							0.36767206940924235
						],
						"linear": [
							0.000377925782231614,
							0.0,
							0.0
						],
						"angular": [
							0.0,
							0.0,
							0.002608618000522256
						]
					},
					"aabb": [
						123.76564720934138,
						140.64501439352318,
						-0.012176751247029622,
						124.73563990939031,
						141.59136372598152,
						0.16309049719700186
					],
					"joint_state": {
						"position": [
							-2.2149,
							4.2995,
							1.1102,
							-5.1315,
							1.1066,
							-0.2656,
							0.0
						],
						"velocity": [
							-0.0155,
							0.004,
							-0.0732,
							0.0082,
							0.1361,
							-0.0783,
							0.0
						],
						"effort": [
							0.0,
							0.0,
							0.0,
							0.0,
							0.0,
							0.0,
							0.0
						]
					},
					"lift_state": "lift_down"
				}
			}
		},
		"objects": {
			"Rack": {
				"Rack_02": {
					"name": "Rack_02",
					"pose": {
						"translation": [
							133.05699157714844,
							143.09999084472656,
							0.19921104609966278
						],
						"rotation": [
							0.983835756778717,
							0.1790735274553299,
							-4.97384462505579e-08,
							9.080395102500916e-09
						]
					}
				}
			}
		},
		"relationships": {
			"L-Rack": [
				[
					"AMR_LIFT01",
					"none"
				]
			]
		}
	},
	"timestamp_2": {
		"robots": {
			"ARMLIFT": {
				"AMR_LIFT01": {
					"name": "AMR_LIFT01",
					"pose": {
						"translation": [
							139.597900390625,
							142.54037475585938,
							0.06200740858912468
						],
						"rotation": [
							-0.00939061027020216,
							-0.0037314856890589,
							-0.9301005601882935,
							0.3671659529209137
						]
					},
					"odometry": {
						"position": [
							0.5688508093457915,
							-7.758979258676002,
							-0.012856023235356668
						],
						"orientation": [
							-0.019750746460643426,
							0.0003829715672634457,
							-0.9299367776824145,
							0.3671884405324791
						],
						"linear": [
							-0.00025708985049277544,
							0.0,
							0.0
						],
						"angular": [
							0.0,
							0.0,
							0.00247695273719728
						]
					},
					"aabb": [
						123.76553178748611,
						140.64588037854165,
						-0.012182452016480301,
						124.73581624580146,
						141.5918805009891,
						0.16308974295311982
					],
					"joint_state": {
						"position": [
							-2.2139,
							4.3002,
							1.0974,
							-5.135,
							1.103,
							-0.2677,
							0.0
						],
						"velocity": [
							0.0083,
							0.0172,
							0.2161,
							-0.1499,
							0.1949,
							-0.1678,
							0.0
						],
						"effort": [
							0.0,
							0.0,
							0.0,
							0.0,
							0.0,
							0.0,
							0.0
						]
					},
					"lift_state": "lift_down"
				}
			}
		},
		"objects": {
			"Rack": {
				"Rack_02": {
					"name": "Rack_02",
					"pose": {
						"translation": [
							133.05699157714844,
							143.09999084472656,
							0.19921104609966278
						],
						"rotation": [
							0.983835756778717,
							0.1790735274553299,
							-4.97384462505579e-08,
							9.080395102500916e-09
						]
					}
				}
			}
		},
		"relationships": {
			"L-Rack": [
				[
					"AMR_LIFT01",
					"none"
				]
			]
		}
	},
	"timestamp_3": {
		"robots": {
			"ARMLIFT": {
				"AMR_LIFT01": {
					"name": "AMR_LIFT01",
					"pose": {
						"translation": [
							139.59747314453125,
							142.5404510498047,
							0.062001798301935196
						],
						"rotation": [
							-0.009390094317495823,
							-0.0037007369101047516,
							-0.9300797581672668,
							0.36721935868263245
						]
					},
					"odometry": {
						"position": [
							0.5684307313514836,
							-7.758881647153844,
							-0.012858129931127664
						],
						"orientation": [
							-0.019735369876312685,
							0.0003983219573466155,
							-0.9299079319188037,
							0.36726229682606537
						],
						"linear": [
							0.004035287536680698,
							0.0,
							0.0
						],
						"angular": [
							0.0,
							0.0,
							0.0007077091140672565
						]
					},
					"aabb": [
						123.76590413350694,
						140.64551529394762,
						-0.012180946168921585,
						124.7361562775079,
						141.59155194966007,
						0.16309812340682395
					],
					"joint_state": {
						"position": [
							-2.2137,
							4.2996,
							1.0807,
							-5.1239,
							1.0967,
							-0.2633,
							0.0
						],
						"velocity": [
							0.0052,
							0.0015,
							-0.0185,
							0.0116,
							-0.0185,
							-0.0015,
							0.0
						],
						"effort": [
							0.0,
							0.0,
							0.0,
							0.0,
							0.0,
							0.0,
							0.0
						]
					},
					"lift_state": "lift_down"
				}
			}
		},
		"objects": {
			"Rack": {
				"Rack_02": {
					"name": "Rack_02",
					"pose": {
						"translation": [
							133.05699157714844,
							143.09999084472656,
							0.19921104609966278
						],
						"rotation": [
							0.983835756778717,
							0.1790735274553299,
							-4.97384462505579e-08,
							9.080395102500916e-09
						]
					}
				}
			}
		},
		"relationships": {
			"L-Rack": [
				[
					"AMR_LIFT01",
					"none"
				]
			]
		}
	},
	"timestamp_4": {
		"robots": {
			"ARMLIFT": {
				"AMR_LIFT01": {
					"name": "AMR_LIFT01",
					"pose": {
						"translation": [
							139.59738159179688,
							142.54031372070312,
							0.06200050190091133
						],
						"rotation": [
							-0.009390939027071,
							-0.003708654548972845,
							-0.9300466179847717,
							0.3673030734062195
						]
					},