{
	"timestamp_0": {
		"robots": {
			"ARMLIFT": {
				"AMR_LIFT01": {
					"name": "AMR_LIFT01",
					"pose": {
						"translation": [
							139.597412109375,
							142.5358123779297,
							0.06200450658798218
						],
						"rotation": [
							-0.009412138722836971,
							-0.0037325378507375717,
							-0.9291302561759949,
							0.3696140944957733
						]
					},
					"odometry": {
						"position": [
							0.5683724565006473,
							-7.7635203259160885,
							-0.012854221637917445
						],
						"orientation": [
							-0.01974681711764738,
							0.00039316106581801103,
							-0.9289582078633978,
							0.36965735036831443
						],
						"linear": [
							0.0007399105816148221,
							0.0,
							0.0
						],
						"angular": [
							0.0,
							0.0,
							-0.0018912593368440866
						]
					},
					"aabb": [
						123.76741858845031,
						140.64853220886815,
						-0.011671770615067658,
						124.73597874244075,
						141.59657233616258,
						0.16308434250711015
					],
					"joint_state": {
						"position": [
							-2.1672,
							4.3247,
							1.1592,
							-5.1477,
							1.1629,
							-0.3214,
							0.0
						],
						"velocity": [
							-0.0313,
							-0.0312,
							0.0737,
							0.0084,
							0.0987,
							0.0111,
							0.0
						],
						"effort": [
							0.0,
							0.0,
							0.0,
							0.0,
							0.0,
							0.0,
							0.0
						]
					},
					"lift_state": "lift_down"
				}
			}
		},
		"objects": {
			"Rack": {
				"Rack_02": {
					"name": "Rack_02",
					"pose": {
						"translation": [
							133.05699157714844,
							143.09999084472656,
							0.19921104609966278
						],
						"rotation": [
							0.983835756778717,
							0.1790735274553299,
							-4.97384462505579e-08,
							9.080395102500916e-09
						]
					}
				}
			}
		},
		"relationships": {
			"L-Rack": [
				[
					"AMR_LIFT01",
					"none"
				]
			]
		}
	},
	"timestamp_1": {
		"robots": {
			"ARMLIFT": {
				"AMR_LIFT01": {
					"name": "AMR_LIFT01",
					"pose": {
						"translation": [
							139.59765625,
							142.53518676757812,
							0.061999548226594925
						],
						"rotation": [
							-0.009406300261616707,
							-0.003740608226507902,
							-0.9291645884513855,
							0.36952802538871765
						]
					},
					"odometry": {
						"position": [
							0.5686262219992139,
							-7.764145323483486,
							-0.012864861103647091
						],
						"orientation": [
							-0.01974135828862704,
							0.00038413332130209316,
							-0.9289925973615927,
							0.36957121811888094
						],
						"linear": [
							0.002199616050347686,
							0.0,
							0.0
						],
						"angular": [
							0.0,
							0.0,
							0.004440053831785917
						]
					},
					"aabb": [
						123.76743366209362,
						140.64891984365926,
						-0.01165329262532425,
						124.73601984426949,
						141.59693034378338,
						0.1630842169763233
					],
					"joint_state": {
						"position": [
							-2.1654,
							4.325,
							1.1651,
							-5.1613,
							1.1655,
							-0.3334,
							0.0
						],
						"velocity": [
							0.0088,
							-0.0026,
							0.1301,
							-0.1635,
							0.0264,
							-0.0168,
							0.0
						],
						"effort": [
							0.0,
							0.0,
							0.0,
							0.0,
							0.0,
							0.0,
							0.0
						]
					},
					"lift_state": "lift_down"
				}
			}
		},
		"objects": {
			"Rack": {
				"Rack_02": {
					"name": "Rack_02",
					"pose": {
						"translation": [
							133.05699157714844,
							143.09999084472656,
							0.19921104609966278
						],
						"rotation": [
							0.983835756778717,
							0.1790735274553299,
							-4.97384462505579e-08,
							9.080395102500916e-09
						]
					}
				}
			}
		},
		"relationships": {
			"L-Rack": [
				[
					"AMR_LIFT01",
					"none"
				]
			]
		}
	},
	"timestamp_2": {
		"robots": {
			"ARMLIFT": {
				"AMR_LIFT01": {
					"name": "AMR_LIFT01",
					"pose": {
						"translation": [
							139.5977783203125,
							142.53485107421875,
							0.06200237199664116
						],
						"rotation": [
							-0.009416893124580383,
							-0.0037373313680291176,
							-0.9292266368865967,
							0.3693716824054718
						]
					},
					"odometry": {
						"position": [
							0.5687434613977619,
							-7.76447734353437,
							-0.012864626241400504
						],
						"orientation": [
							-0.019752642988743227,
							0.00038567098884710133,
							-0.929054531461127,
							0.3694148913138091
						],
						"linear": [
							0.0048023611307144165,
							0.0,
							0.0
						],
						"angular": [
							0.0,
							0.0,
							-0.002338901860639453
						]
					},
					"aabb": [
						123.7670967454321,
						140.6493000894138,
						-0.011653062612037489,
						124.73573066147361,
						141.59725625939268,
						0.1630858934501909
					],
					"joint_state": {
						"position": [
							-2.1642,
							4.3266,
							1.1805,
							-5.1771,
							1.1804,
							-0.3506,
							0.0
						],
						"velocity": [
							-0.026,
							-0.0294,
							0.0478,
							-0.0706,
							0.0544,
							-0.0734,
							0.0
						],
						"effort": [
							0.0,
							0.0,
							0.0,
							0.0,
							0.0,
							0.0,
							0.0
						]
					},
					"lift_state": "lift_down"
				}
			}
		},
		"objects": {
			"Rack": {
				"Rack_02": {
					"name": "Rack_02",
					"pose": {
						"translation": [
							133.05699157714844,
							143.09999084472656,
							0.19921104609966278
						],
						"rotation": [
							0.983835756778717,
							0.1790735274553299,
							-4.97384462505579e-08,
							9.080395102500916e-09
						]
					}
				}
			}
		},
		"relationships": {
			"L-Rack": [
				[
					"AMR_LIFT01",
					"none"
				]
			]
		}
	},
	"timestamp_3": {
		"robots": {
			"ARMLIFT": {
				"AMR_LIFT01": {
					"name": "AMR_LIFT01",
					"pose": {
						"translation": [
							139.597900390625,
							142.53504943847656,
							0.06199992820620537
						],
						"rotation": [
							-0.009409710764884949,
							-0.003740559332072735,
							-0.9292430281639099,
							0.36933061480522156
						]
					},
					"odometry": {
						"position": [
							0.5688703179559793,
							-7.764282028772248,
							-0.012869910746097512
						],
						"orientation": [
							-0.01974564500173283,
							0.00038198628691582276,
							-0.9290709995512445,
							0.3693738504317726
						],
						"linear": [
							0.0008393573807552457,
							0.0,
							0.0
						],
						"angular": [
							0.0,
							0.0,
							0.00019781183800660074
						]
					},
					"aabb": [
						123.76692694309934,
						140.64936436651197,
						-0.01162879938935489,
						124.73568097099533,
						141.59718231957072,
						0.16309625002099135
					],
					"joint_state": {
						"position": [
							-2.1633,
							4.3275,
							1.1753,
							-5.1721,
							1.1724,
							-0.3427,
							0.0
						],
						"velocity": [
							-0.0005,
							-0.0004,
							0.0741,
							-0.047,
							0.1183,
							-0.0727,
							0.0
						],
						"effort": [
							0.0,
							0.0,
							0.0,
							0.0,
							0.0,
							0.0,
							0.0
						]
					},
					"lift_state": "lift_down"
				}
			}
		},
		"objects": {
			"Rack": {
				"Rack_02": {
					"name": "Rack_02",
					"pose": {
						"translation": [
							133.05699157714844,
							143.09999084472656,
							0.19921104609966278
						],
						"rotation": [
							0.983835756778717,
							0.1790735274553299,
							-4.97384462505579e-08,
							9.080395102500916e-09
						]
					}
				}
			}
		},
		"relationships": {
			"L-Rack": [
				[
					"AMR_LIFT01",
					"none"
				]
			]
		}
	},
	"timestamp_4": {
		"robots": {
			"ARMLIFT": {
				"AMR_LIFT01": {
					"name": "AMR_LIFT01",
					"pose": {
						"translation": [
							139.59774780273438,
							142.5348358154297,
							0.06200775131583214
						],
						"rotation": [
							-0.009408174082636833,
							-0.0037586293183267117,
							-0.9292486310005188,
							0.36931654810905457
						]
					},