{
	"timestamp_0": {
		"robots": {
			"ARMLIFT": {
				"AMR_LIFT01": {
					"name": "AMR_LIFT01",
					"pose": {
						"translation": [
							139.62448120117188,
							142.4176788330078,
							0.06200237199664116
						],
						"rotation": [
							-0.009439423680305481,
							-0.0035321249160915613,
							-0.9367289543151855,
							0.34991058707237244
						]
					},
					"odometry": {
						"position": [
							0.5954422194743739,
							-7.881644125864191,
							-0.013462024313942831
						],
						"orientation": [
							-0.019858930331092307,
							0.00037438184239419164,
							-0.9365566748678572,
							0.3499529646749745
						],
						"linear": [
							-0.008185436017811298,
							0.0,
							0.0
						],
						"angular": [
							0.0,
							0.0,
							0.0011730919359251857
						]
					},
					"aabb": [
						123.72812496083688,
						140.78157894574738,
						-0.0120657270208001,
						124.70985133605258,
						141.7124510011901,
						0.16285716963113164
					],
					"joint_state": {
						"position": [
							-1.2924,
							4.9715,
							1.0348,
							-5.9695,
							1.0421,
							-1.0973,
							0.0
						],
						"velocity": [
							0.073,
							0.0581,
							-0.1276,
							-0.0332,
							0.058,
							0.0386,
							0.0
						],
						"effort": [
							0.0,
							0.0,
							0.0,
							0.0,
							0.0,
							0.0,
							0.0
						]
					},
					"lift_state": "lift_down"
				}
			}
		},
		"objects": {
			"Rack": {
				"Rack_02": {
					"name": "Rack_02",
					"pose": {
						"translation": [
							133.05699157714844,
							143.09999084472656,
							0.19921104609966278
						],
						"rotation": [
							0.983835756778717,
							0.1790735274553299,
							-4.97384462505579e-08,
							9.080395102500916e-09
						]
					}
				}
			}
		},
		"relationships": {
			"L-Rack": [
				[
					"AMR_LIFT01",
					"none"
				]
			]
		}
	},
	"timestamp_1": {
		"robots": {
			"ARMLIFT": {
				"AMR_LIFT01": {
					"name": "AMR_LIFT01",
					"pose": {
						"translation": [
							139.6247100830078,
							142.41734313964844,
							0.0619998537003994
						],
						"rotation": [
							-0.009442011825740337,
							-0.003526090644299984,
							-0.9367769956588745,
							0.349782258272171
						]
					},
					"odometry": {
						"position": [
							0.595764422077974,
							-7.88199567209049,
							-0.013469280443270809
						],
						"orientation": [
							-0.019862696816441882,
							0.0003710426659085037,
							-0.9366076595451635,
							0.34981627704246354
						],
						"linear": [
							-0.0022754808887839317,
							0.0,
							0.0
						],
						"angular": [
							0.0,
							0.0,
							-0.0003870270447805524
						]
					},
					"aabb": [
						123.72766284487084,
						140.78208315359032,
						-0.01189506915595586,
						124.70946343981322,
						141.71284650518982,
						0.16285649189069035
					],
					"joint_state": {
						"position": [
							-1.2926,
							4.972,
							1.0455,
							-5.978,
							1.0579,
							-1.1052,
							0.0
						],
						"velocity": [
							-0.0388,
							-0.025,
							0.0602,
							-0.0605,
							0.0566,
							-0.0621,
							0.0
						],
						"effort": [
							0.0,
							0.0,
							0.0,
							0.0,
							0.0,
							0.0,
							0.0
						]
					},
					"lift_state": "lift_down"
				}
			}
		},
		"objects": {
			"Rack": {
				"Rack_02": {
					"name": "Rack_02",
					"pose": {
						"translation": [
							133.05699157714844,
							143.09999084472656,
							0.19921104609966278
						],
						"rotation": [
							0.983835756778717,
							0.1790735274553299,
							-4.97384462505579e-08,
							9.080395102500916e-09
						]
					}
				}
			}
		},
		"relationships": {
			"L-Rack": [
				[
					"AMR_LIFT01",
					"none"
				]
			]
		}
	},
	"timestamp_2": {
		"robots": {
			"ARMLIFT": {
				"AMR_LIFT01": {
					"name": "AMR_LIFT01",
					"pose": {
						"translation": [
							139.6246337890625,
							142.41722106933594,
							0.0620020292699337
						],
						"rotation": [
							-0.009438470005989075,
							-0.003535314230248332,
							-0.9366652965545654,
							0.3500808775424957
						]
					},
					"odometry": {
						"position": [
							0.5955984470724408,
							-7.88210310353984,
							-0.013465864645585985
						],
						"orientation": [
							-0.019857267874154746,
							0.000373087464009781,
							-0.9364930239625524,
							0.35012335795801
						],
						"linear": [
							-0.0013742729788646102,
							0.0,
							0.0
						],
						"angular": [
							0.0,
							0.0,
							-0.0010537052294239402
						]
					},
					"aabb": [
						123.72804338421687,
						140.78190880188507,
						-0.012021893815792922,
						124.70965187766315,
						141.71295214043718,
						0.1628547627911267
					],
					"joint_state": {
						"position": [
							-1.2908,
							4.972,
							1.0358,
							-5.9726,
							1.0482,
							-1.0981,
							0.0
						],
						"velocity": [
							-0.0179,
							-0.0177,
							0.0725,
							-0.0386,
							0.0917,
							-0.0321,
							0.0
						],
						"effort": [
							0.0,
							0.0,
							0.0,
							0.0,
							0.0,
							0.0,
							0.0
						]
					},
					"lift_state": "lift_down"
				}
			}
		},
		"objects": {
			"Rack": {
				"Rack_02": {
					"name": "Rack_02",
					"pose": {
						"translation": [
							133.05699157714844,
							143.09999084472656,
							0.19921104609966278
						],
						"rotation": [
							0.983835756778717,
							0.1790735274553299,
							-4.97384462505579e-08,
							9.080395102500916e-09
						]
					}
				}
			}
		},
		"relationships": {
			"L-Rack": [
				[
					"AMR_LIFT01",
					"none"
				]
			]
		}
	},
	"timestamp_3": {
		"robots": {
			"ARMLIFT": {
				"AMR_LIFT01": {
					"name": "AMR_LIFT01",
					"pose": {
						"translation": [
							139.6246337890625,
							142.41734313964844,
							0.062002524733543396
						],
						"rotation": [
							-0.009442574344575405,
							-0.0035204808227717876,
							-0.9367325901985168,
							0.3499009907245636
						]
					},
					"odometry": {
						"position": [
							0.5956374521762599,
							-7.882054277249038,
							-0.013468761060904466
						],
						"orientation": [
							-0.019857637325644103,
							0.00037986062318926043,
							-0.9365556216058655,
							0.34995585090722703
						],
						"linear": [
							0.0014808260602876544,
							0.0,
							0.0
						],
						"angular": [
							0.0,
							0.0,
							-0.0022460913751274347
						]
					},
					"aabb": [
						123.7278329242887,
						140.78200099957988,
						-0.012104817037404758,
						124.70956862770949,
						141.71285896130988,
						0.16286106559141256
					],
					"joint_state": {
						"position": [
							-1.2908,
							4.9725,
							1.0345,
							-5.9641,
							1.0361,
							-1.0945,
							0.0
						],
						"velocity": [
							0.0183,
							0.0151,
							-0.0536,
							-0.0247,
							-0.0076,
							-0.022,
							0.0
						],
						"effort": [
							0.0,
							0.0,
							0.0,
							0.0,
							0.0,
							0.0,
							0.0
						]
					},
					"lift_state": "lift_down"
				}
			}
		},
		"objects": {
			"Rack": {
				"Rack_02": {
					"name": "Rack_02",
					"pose": {
						"translation": [
							133.05699157714844,
							143.09999084472656,
							0.19921104609966278
						],
						"rotation": [
							0.983835756778717,
							0.1790735274553299,
							-4.97384462505579e-08,
							9.080395102500916e-09
						]
					}
				}
			}
		},
		"relationships": {
			"L-Rack": [
				[
					"AMR_LIFT01",
					"none"
				]
			]
		}
	},
	"timestamp_4": {
		"robots": {
			"ARMLIFT": {
				"AMR_LIFT01": {
					"name": "AMR_LIFT01",
					"pose": {
						"translation": [
							139.62464904785156,
							142.41732788085938,
							0.062002599239349365
						],
						"rotation": [
							-0.00943319033831358,
							-0.0035187883768230677,
							-0.9366933703422546,
							0.35000646114349365
						]
					},