{
	"timestamp_0": {
		"robots": {
			"ARMLIFT": {
				"AMR_LIFT01": {
					"name": "AMR_LIFT01",
					"pose": {
						"translation": [
							139.61825561523438,
							142.42945861816406,
							0.06200328841805458
						],
						"rotation": [
							-0.009409372694790363,
							-0.003544087987393141,
							-0.9356788992881775,
							0.3527096211910248
						]
					},
					"odometry": {
						"position": [
							0.5892126955485504,
							-7.86986708796464,
							-0.013322144501476826
						],
						"orientation": [
							-0.019817156358777167,
							0.0003935566397365513,
							-0.9355069330759663,
							0.35275190090745473
						],
						"linear": [
							0.0005102517898194492,
							0.0,
							0.0
						],
						"angular": [
							0.0,
							0.0,
							0.004128662869334221
						]
					},
					"aabb": [
						123.73633507017756,
						140.7672309912509,
						-0.013936182932688225,
						124.71627769622825,
						141.7006571837801,
						0.16286793222970897
					],
					"joint_state": {
						"position": [
							-1.3726,
							4.8995,
							0.965,
							-5.7906,
							0.9731,
							-0.9735,
							0.0
						],
						"velocity": [
							0.0162,
							0.0031,
							0.1224,
							-0.0459,
							0.0349,
							-0.0222,
							0.0
						],
						"effort": [
							0.0,
							0.0,
							0.0,
							0.0,
							0.0,
							0.0,
							0.0
						]
					},
					"lift_state": "lift_down"
				}
			}
		},
		"objects": {
			"Rack": {
				"Rack_02": {
					"name": "Rack_02",
					"pose": {
						"translation": [
							133.05699157714844,
							143.09999084472656,
							0.19921104609966278
						],
						"rotation": [
							0.983835756778717,
							0.1790735274553299,
							-4.97384462505579e-08,
							9.080395102500916e-09
						]
					}
				}
			}
		},
		"relationships": {
			"L-Rack": [
				[
					"AMR_LIFT01",
					"none"
				]
			]
		}
	},
	"timestamp_1": {
		"robots": {
			"ARMLIFT": {
				"AMR_LIFT01": {
					"name": "AMR_LIFT01",
					"pose": {
						"translation": [
							139.61831665039062,
							142.4295196533203,
							0.0620005801320076
						],
						"rotation": [
							-0.009404719807207584,
							-0.003543882630765438,
							-0.9356757402420044,
							0.35271817445755005
						]
					},
					"odometry": {
						"position": [
							0.5892809755255726,
							-7.869808495735954,
							-0.013326331959565752
						],
						"orientation": [
							-0.019812467287865388,
							0.00039385701063677033,
							-0.9355038259973925,
							0.3527604039016613
						],
						"linear": [
							0.000782046583481133,
							0.0,
							0.0
						],
						"angular": [
							0.0,
							0.0,
							-0.002688804641366005
						]
					},
					"aabb": [
						123.73598989614025,
						140.76754024688424,
						-0.013810856155863048,
						124.71594647800175,
						141.7009477616228,
						0.16286957270586305
					],
					"joint_state": {
						"position": [
							-1.3727,
							4.9008,
							0.9606,
							-5.7873,
							0.9851,
							-0.9788,
							0.0
						],
						"velocity": [
							-0.0006,
							0.0019,
							-0.0292,
							0.0144,
							0.2613,
							-0.1521,
							0.0
						],
						"effort": [
							0.0,
							0.0,
							0.0,
							0.0,
							0.0,
							0.0,
							0.0
						]
					},
					"lift_state": "lift_down"
				}
			}
		},
		"objects": {
			"Rack": {
				"Rack_02": {
					"name": "Rack_02",
					"pose": {
						"translation": [
							133.05699157714844,
							143.09999084472656,
							0.19921104609966278
						],
						"rotation": [
							0.983835756778717,
							0.1790735274553299,
							-4.97384462505579e-08,
							9.080395102500916e-09
						]
					}
				}
			}
		},
		"relationships": {
			"L-Rack": [
				[
					"AMR_LIFT01",
					"none"
				]
			]
		}
	},
	"timestamp_2": {
		"robots": {
			"ARMLIFT": {
				"AMR_LIFT01": {
					"name": "AMR_LIFT01",
					"pose": {
						"translation": [
							139.61805725097656,
							142.4293212890625,
							0.06200164556503296
						],
						"rotation": [
							-0.00940881110727787,
							-0.0035404444206506014,
							-0.9357579946517944,
							0.352499783039093
						]
					},
					"odometry": {
						"position": [
							0.5890271652423309,
							-7.870003820083049,
							-0.013319661606329056
						],
						"orientation": [
							-0.01981747811479923,
							0.00039486576235688784,
							-0.9355860389662911,
							0.3525420192453162
						],
						"linear": [
							0.0005519401165656745,
							0.0,
							0.0
						],
						"angular": [
							0.0,
							0.0,
							0.0014348116237670183
						]
					},
					"aabb": [
						123.73603482208073,
						140.76802006705478,
						-0.013767344322439406,
						124.7161277176414,
						141.70123541605312,
						0.16286939965587158
					],
					"joint_state": {
						"position": [
							-1.372,
							4.9008,
							0.9659,
							-5.7936,
							0.993,
							-0.9815,
							0.0
						],
						"velocity": [
							-0.0032,
							0.0065,
							0.0104,
							0.0168,
							-0.0001,
							0.0024,
							0.0
						],
						"effort": [
							0.0,
							0.0,
							0.0,
							0.0,
							0.0,
							0.0,
							0.0
						]
					},
					"lift_state": "lift_down"
				}
			}
		},
		"objects": {
			"Rack": {
				"Rack_02": {
					"name": "Rack_02",
					"pose": {
						"translation": [
							133.05699157714844,
							143.09999084472656,
							0.19921104609966278
						],
						"rotation": [
							0.983835756778717,
							0.1790735274553299,
							-4.97384462505579e-08,
							9.080395102500916e-09
						]
					}
				}
			}
		},
		"relationships": {
			"L-Rack": [
				[
					"AMR_LIFT01",
					"none"
				]
			]
		}
	},
	"timestamp_3": {
		"robots": {
			"ARMLIFT": {
				"AMR_LIFT01": {
					"name": "AMR_LIFT01",
					"pose": {
						"translation": [
							139.61793518066406,
							142.4291534423828,
							0.062003400176763535
						],
						"rotation": [
							-0.009411444887518883,
							-0.003542207647114992,
							-0.9358612895011902,
							0.35222530364990234
						]
					},
					"odometry": {
						"position": [
							0.5889002909836599,
							-7.870169839345822,
							-0.013315102293537159
						],
						"orientation": [
							-0.019821265962875263,
							0.0003900493417053915,
							-0.9356893036532397,
							0.35226764300181734
						],
						"linear": [
							-0.005665813107043505,
							0.0,
							0.0
						],
						"angular": [
							0.0,
							0.0,
							-0.003285907907411456
						]
					},
					"aabb": [
						123.73582653459712,
						140.76859161594686,
						-0.013722013059334133,
						124.7161060715871,
						141.70154261805092,
						0.1628718543980559
					],
					"joint_state": {
						"position": [
							-1.3715,
							4.9031,
							0.9674,
							-5.7974,
							0.9955,
							-0.9846,
							0.0
						],
						"velocity": [
							0.0537,
							0.0391,
							0.0298,
							0.0045,
							-0.0038,
							-0.0093,
							0.0
						],
						"effort": [
							0.0,
							0.0,
							0.0,
							0.0,
							0.0,
							0.0,
							0.0
						]
					},
					"lift_state": "lift_down"
				}
			}
		},
		"objects": {
			"Rack": {
				"Rack_02": {
					"name": "Rack_02",
					"pose": {
						"translation": [
							133.05699157714844,
							143.09999084472656,
							0.19921104609966278
						],
						"rotation": [
							0.983835756778717,
							0.1790735274553299,
							-4.97384462505579e-08,
							9.080395102500916e-09
						]
					}
				}
			}
		},
		"relationships": {
			"L-Rack": [
				[
					"AMR_LIFT01",
					"none"
				]
			]
		}
	},
	"timestamp_4": {
		"robots": {
			"ARMLIFT": {
				"AMR_LIFT01": {
					"name": "AMR_LIFT01",
					"pose": {
						"translation": [
							139.61827087402344,
							142.4287109375,
							0.06200103461742401
						],
						"rotation": [
							-0.009405945427715778,
							-0.00354256690479815,
							-0.9359177350997925,
							0.35207536816596985
						]
					},