{
	"timestamp_0": {
		"robots": {
			"ARMLIFT": {
				"AMR_LIFT01": {
					"name": "AMR_LIFT01",
					"pose": {
						"translation": [
							139.5995330810547,
							142.530029296875,
							0.06199989095330238
						],
						"rotation": [
							-0.009431039914488792,
							-0.0037411770317703485,
							-0.9294530153274536,
							0.3688010275363922
						]
					},
					"odometry": {
						"position": [
							0.5705010362274245,
							-7.769301483392371,
							-0.012906375554221665
						],
						"orientation": [
							-0.01976932277850863,
							0.00037547811302369045,
							-0.9292807497440193,
							0.368844575733817
						],
						"linear": [
							-0.0010519282659515738,
							0.0,
							0.0
						],
						"angular": [
							0.0,
							0.0,
							0.0006128383101895452
						]
					},
					"aabb": [
						123.76504730704825,
						140.6547419692516,
						-0.012544306503937903,
						124.73420656149088,
						141.60209140851876,
						0.16309139800311423
					],
					"joint_state": {
						"position": [
							-2.1349,
							4.3465,
							1.2241,
							-5.2281,
							1.2257,
							-0.376,
							0.0
						],
						"velocity": [
							0.0012,
							0.0088,
							-0.0653,
							0.0863,
							0.0066,
							0.0263,
							0.0
						],
						"effort": [
							0.0,
							0.0,
							0.0,
							0.0,
							0.0,
							0.0,
							0.0
						]
					},
					"lift_state": "lift_down"
				}
			}
		},
		"objects": {
			"Rack": {
				"Rack_02": {
					"name": "Rack_02",
					"pose": {
						"translation": [
							133.05699157714844,
							143.09999084472656,
							0.19921104609966278
						],
						"rotation": [
							0.983835756778717,
							0.1790735274553299,
							-4.97384462505579e-08,
							9.080395102500916e-09
						]
					}
				}
			}
		},
		"relationships": {
			"L-Rack": [
				[
					"AMR_LIFT01",
					"none"
				]
			]
		}
	},
	"timestamp_1": {
		"robots": {
			"ARMLIFT": {
				"AMR_LIFT01": {
					"name": "AMR_LIFT01",
					"pose": {
						"translation": [
							139.59947204589844,
							142.53009033203125,
							0.06200237199664116
						],
						"rotation": [
							-0.009430545382201672,
							-0.003748936578631401,
							-0.9295282959938049,
							0.368611216545105
						]
					},
					"odometry": {
						"position": [
							0.5704327458347048,
							-7.769242888267472,
							-0.012902376337743618
						],
						"orientation": [
							-0.019769668088969575,
							0.00036560753448990296,
							-0.9293560286484299,
							0.36865485019134286
						],
						"linear": [
							0.0014523325953632593,
							0.0,
							0.0
						],
						"angular": [
							0.0,
							0.0,
							-0.0033315701875835657
						]
					},
					"aabb": [
						123.764907099105,
						140.65477267199302,
						-0.01245158062934796,
						124.73412243077426,
						141.6020547613987,
						0.1630821009291937
					],
					"joint_state": {
						"position": [
							-2.1338,
							4.3467,
							1.2368,
							-5.2265,
							1.226,
							-0.3731,
							0.0
						],
						"velocity": [
							0.0084,
							-0.0003,
							0.002,
							0.0362,
							0.0224,
							0.0371,
							0.0
						],
						"effort": [
							0.0,
							0.0,
							0.0,
							0.0,
							0.0,
							0.0,
							0.0
						]
					},
					"lift_state": "lift_down"
				}
			}
		},
		"objects": {
			"Rack": {
				"Rack_02": {
					"name": "Rack_02",
					"pose": {
						"translation": [
							133.05699157714844,
							143.09999084472656,
							0.19921104609966278
						],
						"rotation": [
							0.983835756778717,
							0.1790735274553299,
							-4.97384462505579e-08,
							9.080395102500916e-09
						]
					}
				}
			}
		},
		"relationships": {
			"L-Rack": [
				[
					"AMR_LIFT01",
					"none"
				]
			]
		}
	},
	"timestamp_2": {
		"robots": {
			"ARMLIFT": {
				"AMR_LIFT01": {
					"name": "AMR_LIFT01",
					"pose": {
						"translation": [
							139.5995635986328,
							142.52999877929688,
							0.06201072409749031
						],
						"rotation": [
							-0.009443647228181362,
							-0.00375298666767776,
							-0.9295506477355957,
							0.3685548007488251
						]
					},
					"odometry": {
						"position": [
							0.5705208058587066,
							-7.7693307578511375,
							-0.01289595480064743
						],
						"orientation": [
							-0.01978301027085795,
							0.0003609288162319034,
							-0.9293782308031443,
							0.36859816378304233
						],
						"linear": [
							0.002286966424435377,
							0.0,
							0.0
						],
						"angular": [
							0.0,
							0.0,
							0.0034065106883645058
						]
					},
					"aabb": [
						123.7648010091523,
						140.65496340628314,
						-0.012763969011776597,
						124.73410969840978,
						141.60214132394037,
						0.1630953344020816
					],
					"joint_state": {
						"position": [
							-2.133,
							4.3483,
							1.2482,
							-5.2429,
							1.236,
							-0.3822,
							0.0
						],
						"velocity": [
							-0.0114,
							-0.0021,
							0.0013,
							0.0159,
							-0.0083,
							0.0155,
							0.0
						],
						"effort": [
							0.0,
							0.0,
							0.0,
							0.0,
							0.0,
							0.0,
							0.0
						]
					},
					"lift_state": "lift_down"
				}
			}
		},
		"objects": {
			"Rack": {
				"Rack_02": {
					"name": "Rack_02",
					"pose": {
						"translation": [
							133.05699157714844,
							143.09999084472656,
							0.19921104609966278
						],
						"rotation": [
							0.983835756778717,
							0.1790735274553299,
							-4.97384462505579e-08,
							9.080395102500916e-09
						]
					}
				}
			}
		},
		"relationships": {
			"L-Rack": [
				[
					"AMR_LIFT01",
					"none"
				]
			]
		}
	},
	"timestamp_3": {
		"robots": {
			"ARMLIFT": {
				"AMR_LIFT01": {
					"name": "AMR_LIFT01",
					"pose": {
						"translation": [
							139.59957885742188,
							142.52989196777344,
							0.062002524733543396
						],
						"rotation": [
							-0.009440320543944836,
							-0.0037357874680310488,
							-0.9295323491096497,
							0.36860090494155884
						]
					},
					"odometry": {
						"position": [
							0.5704427293217188,
							-7.769291696659061,
							-0.01289281523114212
						],
						"orientation": [
							-0.01976780540398775,
							0.00033744027457152735,
							-0.9293684212929949,
							0.3686237343239548
						],
						"linear": [
							-6.347453108901391e-06,
							0.0,
							0.0
						],
						"angular": [
							0.0,
							0.0,
							0.001196067314594984
						]
					},
					"aabb": [
						123.76476958948324,
						140.6549197061633,
						-0.012710764456638076,
						124.73408043815988,
						141.60209137184006,
						0.16308474619414856
					],
					"joint_state": {
						"position": [
							-2.1326,
							4.3499,
							1.2397,
							-5.2349,
							1.2303,
							-0.3781,
							0.0
						],
						"velocity": [
							-0.0017,
							0.0104,
							0.0309,
							0.0744,
							-0.0354,
							0.0282,
							0.0
						],
						"effort": [
							0.0,
							0.0,
							0.0,
							0.0,
							0.0,
							0.0,
							0.0
						]
					},
					"lift_state": "lift_down"
				}
			}
		},
		"objects": {
			"Rack": {
				"Rack_02": {
					"name": "Rack_02",
					"pose": {
						"translation": [
							133.05699157714844,
							143.09999084472656,
							0.19921104609966278
						],
						"rotation": [
							0.983835756778717,
							0.1790735274553299,
							-4.97384462505579e-08,
							9.080395102500916e-09
						]
					}
				}
			}
		},
		"relationships": {
			"L-Rack": [
				[
					"AMR_LIFT01",
					"none"
				]
			]
		}
	},
	"timestamp_4": {
		"robots": {
			"ARMLIFT": {
				"AMR_LIFT01": {
					"name": "AMR_LIFT01",
					"pose": {
						"translation": [
							139.59933471679688,
							142.52978515625,
							0.06200244650244713
						],
						"rotation": [
							-0.009428514167666435,
							-0.003750443924218416,
							-0.92942214012146,
							0.3688789904117584
						]
					},