{
	"timestamp_0": {
		"robots": {
			"ARMLIFT": {
				"AMR_LIFT01": {
					"name": "AMR_LIFT01",
					"pose": {
						"translation": [
							139.57481384277344,
							142.5880889892578,
							0.06200271472334862
						],
						"rotation": [
							-0.00927978940308094,
							-0.003702722955495119,
							-0.9284394383430481,
							0.37134960293769836
						]
					},
					"odometry": {
						"position": [
							0.545777612873172,
							-7.711246035659032,
							-0.01235166328242383
						],
						"orientation": [
							-0.019606763923998426,
							0.00044228264308602373,
							-0.9282688889910313,
							0.3713923113445524
						],
						"linear": [
							-0.001280538854189217,
							0.0,
							0.0
						],
						"angular": [
							0.0,
							0.0,
							0.0024713727179914713
						]
					},
					"aabb": [
						123.7917998678438,
						140.59450389186514,
						-0.011996779692240505,
						124.75904182987553,
						141.54401517720814,
						0.1631437358000612
					],
					"joint_state": {
						"position": [
							-2.4691,
							4.0988,
							0.7663,
							-4.736,
							0.7846,
							0.1725,
							0.0
						],
						"velocity": [
							0.0073,
							0.0074,
							-0.1694,
							0.0523,
							-0.0273,
							0.0,
							0.0
						],
						"effort": [
							0.0,
							0.0,
							0.0,
							0.0,
							0.0,
							0.0,
							0.0
						]
					},
					"lift_state": "lift_down"
				}
			}
		},
		"objects": {
			"Rack": {
				"Rack_02": {
					"name": "Rack_02",
					"pose": {
						"translation": [
							133.05699157714844,
							143.09999084472656,
							0.19921104609966278
						],
						"rotation": [
							0.983835756778717,
							0.1790735274553299,
							-4.97384462505579e-08,
							9.080395102500916e-09
						]
					}
				}
			}
		},
		"relationships": {
			"L-Rack": [
				[
					"AMR_LIFT01",
					"none"
				]
			]
		}
	},
	"timestamp_1": {
		"robots": {
			"ARMLIFT": {
				"AMR_LIFT01": {
					"name": "AMR_LIFT01",
					"pose": {
						"translation": [
							139.57464599609375,
							142.5883026123047,
							0.06200981140136719
						],
						"rotation": [
							-0.009285644628107548,
							-0.0037239203229546547,
							-0.9284766912460327,
							0.3712559640407562
						]
					},
					"odometry": {
						"position": [
							0.5456117854213954,
							-7.711031186257537,
							-0.012340850436853647
						],
						"orientation": [
							-0.019613037973649248,
							0.000420045448459288,
							-0.9283060559478864,
							0.3712990961391439
						],
						"linear": [
							-0.0009823259897530079,
							0.0,
							0.0
						],
						"angular": [
							0.0,
							0.0,
							-0.004621913656592369
						]
					},
					"aabb": [
						123.79133640167572,
						140.59488564514461,
						-0.012010023038083063,
						124.75867875333329,
						141.5442867773075,
						0.16315370910639249
					],
					"joint_state": {
						"position": [
							-2.4679,
							4.0995,
							0.7749,
							-4.74,
							0.7861,
							0.1689,
							0.0
						],
						"velocity": [
							0.0096,
							0.0092,
							-0.0069,
							-0.0196,
							0.0011,
							-0.0026,
							0.0
						],
						"effort": [
							0.0,
							0.0,
							0.0,
							0.0,
							0.0,
							0.0,
							0.0
						]
					},
					"lift_state": "lift_down"
				}
			}
		},
		"objects": {
			"Rack": {
				"Rack_02": {
					"name": "Rack_02",
					"pose": {
						"translation": [
							133.05699157714844,
							143.09999084472656,
							0.19921104609966278
						],
						"rotation": [
							0.983835756778717,
							0.1790735274553299,
							-4.97384462505579e-08,
							9.080395102500916e-09
						]
					}
				}
			}
		},
		"relationships": {
			"L-Rack": [
				[
					"AMR_LIFT01",
					"none"
				]
			]
		}
	},
	"timestamp_2": {
		"robots": {
			"ARMLIFT": {
				"AMR_LIFT01": {
					"name": "AMR_LIFT01",
					"pose": {
						"translation": [
							139.57501220703125,
							142.5876007080078,
							0.06200404837727547
						],
						"rotation": [
							-0.009294138289988041,
							-0.0037010167725384235,
							-0.9285567998886108,
							0.3710556924343109
						]
					},
					"odometry": {
						"position": [
							0.5459826955319168,
							-7.711734304348821,
							-0.01235490696385538
						],
						"orientation": [
							-0.01962242191143522,
							0.00044071887006715086,
							-0.9283860930846507,
							0.371098408097132
						],
						"linear": [
							0.00011899307719431818,
							0.0,
							0.0
						],
						"angular": [
							0.0,
							0.0,
							0.0025744212325662374
						]
					},
					"aabb": [
						123.79129937763369,
						140.59517630442159,
						-0.012020763540651616,
						124.7587560408987,
						141.544448280691,
						0.16315788128510406
					],
					"joint_state": {
						"position": [
							-2.4674,
							4.0995,
							0.8062,
							-4.7532,
							0.7962,
							0.1656,
							0.0
						],
						"velocity": [
							0.01,
							-0.0179,
							0.0429,
							-0.015,
							0.0134,
							-0.0139,
							0.0
						],
						"effort": [
							0.0,
							0.0,
							0.0,
							0.0,
							0.0,
							0.0,
							0.0
						]
					},
					"lift_state": "lift_down"
				}
			}
		},
		"objects": {
			"Rack": {
				"Rack_02": {
					"name": "Rack_02",
					"pose": {
						"translation": [
							133.05699157714844,
							143.09999084472656,
							0.19921104609966278
						],
						"rotation": [
							0.983835756778717,
							0.1790735274553299,
							-4.97384462505579e-08,
							9.080395102500916e-09
						]
					}
				}
			}
		},
		"relationships": {
			"L-Rack": [
				[
					"AMR_LIFT01",
					"none"
				]
			]
		}
	},
	"timestamp_3": {
		"robots": {
			"ARMLIFT": {
				"AMR_LIFT01": {
					"name": "AMR_LIFT01",
					"pose": {
						"translation": [
							139.5751495361328,
							142.58738708496094,
							0.06201675161719322
						],
						"rotation": [
							-0.009305119514465332,
							-0.003708892036229372,
							-0.9285953044891357,
							0.3709588944911957
						]
					},
					"odometry": {
						"position": [
							0.5461099118601981,
							-7.711949116646535,
							-0.012345009405887663
						],
						"orientation": [
							-0.019633833881424805,
							0.000431767448609184,
							-0.9284244678714677,
							0.37100179730234323
						],
						"linear": [
							-0.00195438414812088,
							0.0,
							0.0
						],
						"angular": [
							0.0,
							0.0,
							-0.006501571275293827
						]
					},
					"aabb": [
						123.79085486092872,
						140.5958315262406,
						-0.012024134285882903,
						124.75834822613913,
						141.5450587767241,
						0.16314577374031458
					],
					"joint_state": {
						"position": [
							-2.467,
							4.1005,
							0.8028,
							-4.7504,
							0.7912,
							0.1706,
							0.0
						],
						"velocity": [
							0.0332,
							0.0477,
							0.1692,
							-0.0818,
							0.2232,
							-0.048,
							0.0
						],
						"effort": [
							0.0,
							0.0,
							0.0,
							0.0,
							0.0,
							0.0,
							0.0
						]
					},
					"lift_state": "lift_down"
				}
			}
		},
		"objects": {
			"Rack": {
				"Rack_02": {
					"name": "Rack_02",
					"pose": {
						"translation": [
							133.05699157714844,
							143.09999084472656,
							0.19921104609966278
						],
						"rotation": [
							0.983835756778717,
							0.1790735274553299,
							-4.97384462505579e-08,
							9.080395102500916e-09
						]
					}
				}
			}
		},
		"relationships": {
			"L-Rack": [
				[
					"AMR_LIFT01",
					"none"
				]
			]
		}
	},
	"timestamp_4": {
		"robots": {
			"ARMLIFT": {
				"AMR_LIFT01": {
					"name": "AMR_LIFT01",
					"pose": {
						"translation": [
							139.57540893554688,
							142.5872802734375,
							0.062013931572437286
						],
						"rotation": [
							-0.009299006313085556,
							-0.003712382633239031,
							-0.9286642074584961,
							0.37078648805618286
						]
					},