{
	"timestamp_0": {
		"robots": {
			"ARMLIFT": {
				"AMR_LIFT01": {
					"name": "AMR_LIFT01",
					"pose": {
						"translation": [
							139.61483764648438,
							142.4744415283203,
							0.062000006437301636
						],
						"rotation": [
							-0.009404209442436695,
							-0.0036252280697226524,
							-0.9330174326896667,
							0.3596903085708618
						]
					},
					"odometry": {
						"position": [
							0.585685783501311,
							-7.824994143029622,
							-0.013244179558094751
						],
						"orientation": [
							-0.019781292054643088,
							0.0003849861401741581,
							-0.9328386329607231,
							0.3597507986457993
						],
						"linear": [
							0.004528576508164406,
							0.0,
							0.0
						],
						"angular": [
							0.0,
							0.0,
							0.0011663999175652862
						]
					},
					"aabb": [
						123.7436092601439,
						140.7174854323036,
						-0.014947785782522892,
						124.71914596234564,
						141.65691449044164,
						0.16296006504979005
					],
					"joint_state": {
						"position": [
							-1.7254,
							4.6447,
							1.0585,
							-5.4981,
							1.0442,
							-0.6563,
							0.0
						],
						"velocity": [
							0.0929,
							0.0808,
							-0.082,
							-0.0665,
							-0.0699,
							-0.0419,
							0.0
						],
						"effort": [
							0.0,
							0.0,
							0.0,
							0.0,
							0.0,
							0.0,
							0.0
						]
					},
					"lift_state": "lift_down"
				}
			}
		},
		"objects": {
			"Rack": {
				"Rack_02": {
					"name": "Rack_02",
					"pose": {
						"translation": [
							133.05699157714844,
							143.09999084472656,
							0.19921104609966278
						],
						"rotation": [
							0.983835756778717,
							0.1790735274553299,
							-4.97384462505579e-08,
							9.080395102500916e-09
						]
					}
				}
			}
		},
		"relationships": {
			"L-Rack": [
				[
					"AMR_LIFT01",
					"none"
				]
			]
		}
	},
	"timestamp_1": {
		"robots": {
			"ARMLIFT": {
				"AMR_LIFT01": {
					"name": "AMR_LIFT01",
					"pose": {
						"translation": [
							139.61444091796875,
							142.47494506835938,
							0.06200309470295906
						],
						"rotation": [
							-0.009404218755662441,
							-0.003626525867730379,
							-0.932904064655304,
							0.35998398065567017
						]
					},
					"odometry": {
						"position": [
							0.5854026516482888,
							-7.824378919514401,
							-0.013236358359647824
						],
						"orientation": [
							-0.019781029652048896,
							0.00039204376555293714,
							-0.9327321123322128,
							0.3600268931508856
						],
						"linear": [
							0.0007767731440253556,
							0.0,
							0.0
						],
						"angular": [
							0.0,
							0.0,
							-0.0012769444147124887
						]
					},
					"aabb": [
						123.74414486003462,
						140.71683997854228,
						-0.014938782065603897,
						124.71941440622668,
						141.65661472610623,
						0.16295857265138444
					],
					"joint_state": {
						"position": [
							-1.725,
							4.6435,
							1.0539,
							-5.4935,
							1.0342,
							-0.6523,
							0.0
						],
						"velocity": [
							-0.0068,
							-0.036,
							-0.032,
							-0.0601,
							-0.0389,
							-0.0606,
							0.0
						],
						"effort": [
							0.0,
							0.0,
							0.0,
							0.0,
							0.0,
							0.0,
							0.0
						]
					},
					"lift_state": "lift_down"
				}
			}
		},
		"objects": {
			"Rack": {
				"Rack_02": {
					"name": "Rack_02",
					"pose": {
						"translation": [
							133.05699157714844,
							143.09999084472656,
							0.19921104609966278
						],
						"rotation": [
							0.983835756778717,
							0.1790735274553299,
							-4.97384462505579e-08,
							9.080395102500916e-09
						]
					}
				}
			}
		},
		"relationships": {
			"L-Rack": [
				[
					"AMR_LIFT01",
					"none"
				]
			]
		}
	},
	"timestamp_2": {
		"robots": {
			"ARMLIFT": {
				"AMR_LIFT01": {
					"name": "AMR_LIFT01",
					"pose": {
						"translation": [
							139.61415100097656,
							142.47512817382812,
							0.062000274658203125
						],
						"rotation": [
							-0.009398899972438812,
							-0.003626708872616291,
							-0.9328902959823608,
							0.36002013087272644
						]
					},
					"odometry": {
						"position": [
							0.5850901955583919,
							-7.824203156666215,
							-0.013230488823545394
						],
						"orientation": [
							-0.01977644824104769,
							0.00038968065204858824,
							-0.93272238426224,
							0.36005234916623047
						],
						"linear": [
							-0.0015295288758352399,
							0.0,
							0.0
						],
						"angular": [
							0.0,
							0.0,
							0.0009442754671908915
						]
					},
					"aabb": [
						123.74465654447563,
						140.71633058631332,
						-0.014939228400777932,
						124.71983944468339,
						141.65621838154993,
						0.1629618510140252
					],
					"joint_state": {
						"position": [
							-1.7241,
							4.6432,
							1.0487,
							-5.4936,
							1.0314,
							-0.6513,
							0.0
						],
						"velocity": [
							-0.0023,
							-0.0004,
							0.0098,
							0.0126,
							-0.0274,
							0.0116,
							0.0
						],
						"effort": [
							0.0,
							0.0,
							0.0,
							0.0,
							0.0,
							0.0,
							0.0
						]
					},
					"lift_state": "lift_down"
				}
			}
		},
		"objects": {
			"Rack": {
				"Rack_02": {
					"name": "Rack_02",
					"pose": {
						"translation": [
							133.05699157714844,
							143.09999084472656,
							0.19921104609966278
						],
						"rotation": [
							0.983835756778717,
							0.1790735274553299,
							-4.97384462505579e-08,
							9.080395102500916e-09
						]
					}
				}
			}
		},
		"relationships": {
			"L-Rack": [
				[
					"AMR_LIFT01",
					"none"
				]
			]
		}
	},
	"timestamp_3": {
		"robots": {
			"ARMLIFT": {
				"AMR_LIFT01": {
					"name": "AMR_LIFT01",
					"pose": {
						"translation": [
							139.61485290527344,
							142.47445678710938,
							0.062000807374715805
						],
						"rotation": [
							-0.009414146654307842,
							-0.0036260955967009068,
							-0.9329667687416077,
							0.3598213493824005
						]
					},
					"odometry": {
						"position": [
							0.5858126821312787,
							-7.824876950054079,
							-0.013247760631461538
						],
						"orientation": [
							-0.01979165246202674,
							0.00039066436450965476,
							-0.9327947068545157,
							0.35986410315336415
						],
						"linear": [
							-0.0019916400779038668,
							0.0,
							0.0
						],
						"angular": [
							0.0,
							0.0,
							-0.0015688894782215357
						]
					},
					"aabb": [
						123.74395243233414,
						140.71687616128315,
						-0.014951087580719755,
						124.71913670379534,
						141.65676559301065,
						0.16296186771547572
					],
					"joint_state": {
						"position": [
							-1.7236,
							4.6446,
							1.0704,
							-5.5079,
							1.0708,
							-0.6732,
							0.0
						],
						"velocity": [
							0.0159,
							-0.0029,
							-0.0541,
							0.0526,
							-0.0247,
							0.0531,
							0.0
						],
						"effort": [
							0.0,
							0.0,
							0.0,
							0.0,
							0.0,
							0.0,
							0.0
						]
					},
					"lift_state": "lift_down"
				}
			}
		},
		"objects": {
			"Rack": {
				"Rack_02": {
					"name": "Rack_02",
					"pose": {
						"translation": [
							133.05699157714844,
							143.09999084472656,
							0.19921104609966278
						],
						"rotation": [
							0.983835756778717,
							0.1790735274553299,
							-4.97384462505579e-08,
							9.080395102500916e-09
						]
					}
				}
			}
		},
		"relationships": {
			"L-Rack": [
				[
					"AMR_LIFT01",
					"none"
				]
			]
		}
	},
	"timestamp_4": {
		"robots": {
			"ARMLIFT": {
				"AMR_LIFT01": {
					"name": "AMR_LIFT01",
					"pose": {
						"translation": [
							139.6149444580078,
							142.47471618652344,
							0.06200176104903221
						],
						"rotation": [
							-0.009417983703315258,
							-0.0036312630400061607,
							-0.9330542087554932,
							0.3595944046974182
						]
					},