{
	"timestamp_0": {
		"robots": {
			"ARMLIFT": {
				"AMR_LIFT01": {
					"name": "AMR_LIFT01",
					"pose": {
						"translation": [
							139.6194305419922,
							142.4635772705078,
							0.06200015917420387
						],
						"rotation": [
							-0.00941549614071846,
							-0.0035930457524955273,
							-0.9341475367546082,
							0.3567449450492859
						]
					},
					"odometry": {
						"position": [
							0.5903921818944402,
							-7.835755635901104,
							-0.013350668830941286
						],
						"orientation": [
							-0.019806183202705947,
							0.00038949052197728636,
							-0.9339755011841558,
							0.35678750901885475
						],
						"linear": [
							0.0004606360162142664,
							0.0,
							0.0
						],
						"angular": [
							0.0,
							0.0,
							-0.0015133663546293974
						]
					},
					"aabb": [
						123.73773608256704,
						140.72980476711504,
						-0.014798329143616345,
						124.7151300418121,
						141.66676367617274,
						0.1629413137457649
					],
					"joint_state": {
						"position": [
							-1.6481,
							4.6823,
							1.0428,
							-5.5893,
							1.0474,
							-0.6941,
							0.0
						],
						"velocity": [
							0.0003,
							0.0001,
							0.0147,
							0.001,
							0.019,
							-0.0133,
							0.0
						],
						"effort": [
							0.0,
							0.0,
							0.0,
							0.0,
							0.0,
							0.0,
							0.0
						]
					},
					"lift_state": "lift_down"
				}
			}
		},
		"objects": {
			"Rack": {
				"Rack_02": {
					"name": "Rack_02",
					"pose": {
						"translation": [
							133.05699157714844,
							143.09999084472656,
							0.19921104609966278
						],
						"rotation": [
							0.983835756778717,
							0.1790735274553299,
							-4.97384462505579e-08,
							9.080395102500916e-09
						]
					}
				}
			}
		},
		"relationships": {
			"L-Rack": [
				[
					"AMR_LIFT01",
					"none"
				]
			]
		}
	},
	"timestamp_1": {
		"robots": {
			"ARMLIFT": {
				"AMR_LIFT01": {
					"name": "AMR_LIFT01",
					"pose": {
						"translation": [
							139.61900329589844,
							142.46385192871094,
							0.062000732868909836
						],
						"rotation": [
							-0.009410617873072624,
							-0.003599718911573291,
							-0.9340373277664185,
							0.35703355073928833
						]
					},
					"odometry": {
						"position": [
							0.5900895687646079,
							-7.835648225288679,
							-0.013341597220814514
						],
						"orientation": [
							-0.019797824892635804,
							0.0003807763501130776,
							-0.9338600532411294,
							0.3570900476061562
						],
						"linear": [
							0.002670709043741226,
							0.0,
							0.0
						],
						"angular": [
							0.0,
							0.0,
							0.00010793101682793349
						]
					},
					"aabb": [
						123.73776414439273,
						140.72998177240734,
						-0.014807079223591844,
						124.71494351523934,
						141.66722974840863,
						0.16294029612416072
					],
					"joint_state": {
						"position": [
							-1.6482,
							4.683,
							1.0318,
							-5.5838,
							1.0372,
							-0.692,
							0.0
						],
						"velocity": [
							0.008,
							0.0075,
							0.1891,
							-0.1329,
							0.0832,
							-0.0524,
							0.0
						],
						"effort": [
							0.0,
							0.0,
							0.0,
							0.0,
							0.0,
							0.0,
							0.0
						]
					},
					"lift_state": "lift_down"
				}
			}
		},
		"objects": {
			"Rack": {
				"Rack_02": {
					"name": "Rack_02",
					"pose": {
						"translation": [
							133.05699157714844,
							143.09999084472656,
							0.19921104609966278
						],
						"rotation": [
							0.983835756778717,
							0.1790735274553299,
							-4.97384462505579e-08,
							9.080395102500916e-09
						]
					}
				}
			}
		},
		"relationships": {
			"L-Rack": [
				[
					"AMR_LIFT01",
					"none"
				]
			]
		}
	},
	"timestamp_2": {
		"robots": {
			"ARMLIFT": {
				"AMR_LIFT01": {
					"name": "AMR_LIFT01",
					"pose": {
						"translation": [
							139.61891174316406,
							142.46377563476562,
							0.061999738216400146
						],
						"rotation": [
							-0.009409608319401741,
							-0.0035993880592286587,
							-0.9339705109596252,
							0.35720813274383545
						]
					},
					"odometry": {
						"position": [
							0.5898747126213661,
							-7.835550585620726,
							-0.01333953000308968
						],
						"orientation": [
							-0.019798322678186007,
							0.0003883017941392632,
							-0.9337985332571509,
							0.3572508571405264
						],
						"linear": [
							0.0004282246809452772,
							0.0,
							0.0
						],
						"angular": [
							0.0,
							0.0,
							0.0010458219330757856
						]
					},
					"aabb": [
						123.73809546982575,
						140.72972209489828,
						-0.014768997470044534,
						124.71516278457051,
						141.66712186785088,
						0.16294202950175024
					],
					"joint_state": {
						"position": [
							-1.6471,
							4.6831,
							1.0332,
							-5.5896,
							1.0384,
							-0.6967,
							0.0
						],
						"velocity": [
							-0.0041,
							0.0036,
							0.0002,
							0.0163,
							0.0083,
							0.0087,
							0.0
						],
						"effort": [
							0.0,
							0.0,
							0.0,
							0.0,
							0.0,
							0.0,
							0.0
						]
					},
					"lift_state": "lift_down"
				}
			}
		},
		"objects": {
			"Rack": {
				"Rack_02": {
					"name": "Rack_02",
					"pose": {
						"translation": [
							133.05699157714844,
							143.09999084472656,
							0.19921104609966278
						],
						"rotation": [
							0.983835756778717,
							0.1790735274553299,
							-4.97384462505579e-08,
							9.080395102500916e-09
						]
					}
				}
			}
		},
		"relationships": {
			"L-Rack": [
				[
					"AMR_LIFT01",
					"none"
				]
			]
		}
	},
	"timestamp_3": {
		"robots": {
			"ARMLIFT": {
				"AMR_LIFT01": {
					"name": "AMR_LIFT01",
					"pose": {
						"translation": [
							139.619140625,
							142.46377563476562,
							0.062000080943107605
						],
						"rotation": [
							-0.009414322674274445,
							-0.0036016074009239674,
							-0.9339202046394348,
							0.3573397099971771
						]
					},
					"odometry": {
						"position": [
							0.5900992746314981,
							-7.835550572958076,
							-0.013344157190345011
						],
						"orientation": [
							-0.019802469841376766,
							0.00038754531989993287,
							-0.9337481719621145,
							0.35738223704349953
						],
						"linear": [
							0.0041349814273417,
							0.0,
							0.0
						],
						"angular": [
							0.0,
							0.0,
							0.0056153456680476665
						]
					},
					"aabb": [
						123.73783632591197,
						140.72983608671325,
						-0.014756725500672687,
						124.71482721266038,
						141.6673398626717,
						0.16294385330245617
					],
					"joint_state": {
						"position": [
							-1.646,
							4.6832,
							1.0468,
							-5.5876,
							1.0463,
							-0.6943,
							0.0
						],
						"velocity": [
							-0.0305,
							-0.0713,
							-0.0831,
							0.0794,
							-0.1578,
							0.068,
							0.0
						],
						"effort": [
							0.0,
							0.0,
							0.0,
							0.0,
							0.0,
							0.0,
							0.0
						]
					},
					"lift_state": "lift_down"
				}
			}
		},
		"objects": {
			"Rack": {
				"Rack_02": {
					"name": "Rack_02",
					"pose": {
						"translation": [
							133.05699157714844,
							143.09999084472656,
							0.19921104609966278
						],
						"rotation": [
							0.983835756778717,
							0.1790735274553299,
							-4.97384462505579e-08,
							9.080395102500916e-09
						]
					}
				}
			}
		},
		"relationships": {
			"L-Rack": [
				[
					"AMR_LIFT01",
					"none"
				]
			]
		}
	},
	"timestamp_4": {
		"robots": {
			"ARMLIFT": {
				"AMR_LIFT01": {
					"name": "AMR_LIFT01",
					"pose": {
						"translation": [
							139.6190185546875,
							142.463623046875,
							0.062000539153814316
						],
						"rotation": [
							-0.009415531530976295,
							-0.003605099394917488,
							-0.9339303970336914,
							0.3573130667209625
						]
					},