{
	"timestamp_0": {
		"robots": {
			"ARMLIFT": {
				"AMR_LIFT01": {
					"name": "AMR_LIFT01",
					"pose": {
						"translation": [
							139.6107940673828,
							142.4843292236328,
							0.06200015917420387
						],
						"rotation": [
							-0.009383373893797398,
							-0.003623671131208539,
							-0.9327903389930725,
							0.3602794110774994
						]
					},
					"odometry": {
						"position": [
							0.5817994667004688,
							-7.815043161302002,
							-0.013159125556525472
						],
						"orientation": [
							-0.019758415648907856,
							0.0003967754432208254,
							-0.9326261958452967,
							0.3603024096553104
						],
						"linear": [
							0.0003433693200349808,
							0.0,
							0.0
						],
						"angular": [
							0.0,
							0.0,
							0.002068375004455447
						]
					},
					"aabb": [
						123.74814146330084,
						140.7069961313984,
						-0.014783418135017752,
						124.72320145589563,
						141.6470373370965,
						0.1629758251556009
					],
					"joint_state": {
						"position": [
							-1.7977,
							4.5903,
							0.9872,
							-5.4376,
							1.0023,
							-0.6208,
							0.0
						],
						"velocity": [
							0.0112,
							-0.0001,
							-0.0376,
							0.03,
							-0.0371,
							0.0143,
							0.0
						],
						"effort": [
							0.0,
							0.0,
							0.0,
							0.0,
							0.0,
							0.0,
							0.0
						]
					},
					"lift_state": "lift_down"
				}
			}
		},
		"objects": {
			"Rack": {
				"Rack_02": {
					"name": "Rack_02",
					"pose": {
						"translation": [
							133.05699157714844,
							143.09999084472656,
							0.19921104609966278
						],
						"rotation": [
							0.983835756778717,
							0.1790735274553299,
							-4.97384462505579e-08,
							9.080395102500916e-09
						]
					}
				}
			}
		},
		"relationships": {
			"L-Rack": [
				[
					"AMR_LIFT01",
					"none"
				]
			]
		}
	},
	"timestamp_1": {
		"robots": {
			"ARMLIFT": {
				"AMR_LIFT01": {
					"name": "AMR_LIFT01",
					"pose": {
						"translation": [
							139.61135864257812,
							142.48341369628906,
							0.06200256198644638
						],
						"rotation": [
							-0.009385173209011555,
							-0.003631307976320386,
							-0.932815432548523,
							0.3602140545845032
						]
					},
					"odometry": {
						"position": [
							0.5823267859006588,
							-7.815912270277199,
							-0.013168170796681356
						],
						"orientation": [
							-0.019760995071860944,
							0.00038982204761174767,
							-0.9326436868400494,
							0.36025699786394294
						],
						"linear": [
							-0.0013819087762385607,
							0.0,
							0.0
						],
						"angular": [
							0.0,
							0.0,
							0.0007657008245587349
						]
					},
					"aabb": [
						123.74760516987124,
						140.70784390363326,
						-0.01479234786079978,
						124.72266395687899,
						141.64788756218996,
						0.1629716603390982
					],
					"joint_state": {
						"position": [
							-1.7979,
							4.5908,
							0.9902,
							-5.4405,
							1.0001,
							-0.6234,
							0.0
						],
						"velocity": [
							-0.0004,
							-0.0007,
							0.2919,
							-0.137,
							-0.0032,
							-0.0091,
							0.0
						],
						"effort": [
							0.0,
							0.0,
							0.0,
							0.0,
							0.0,
							0.0,
							0.0
						]
					},
					"lift_state": "lift_down"
				}
			}
		},
		"objects": {
			"Rack": {
				"Rack_02": {
					"name": "Rack_02",
					"pose": {
						"translation": [
							133.05699157714844,
							143.09999084472656,
							0.19921104609966278
						],
						"rotation": [
							0.983835756778717,
							0.1790735274553299,
							-4.97384462505579e-08,
							9.080395102500916e-09
						]
					}
				}
			}
		},
		"relationships": {
			"L-Rack": [
				[
					"AMR_LIFT01",
					"none"
				]
			]
		}
	},
	"timestamp_2": {
		"robots": {
			"ARMLIFT": {
				"AMR_LIFT01": {
					"name": "AMR_LIFT01",
					"pose": {
						"translation": [
							139.61131286621094,
							142.48367309570312,
							0.062004126608371735
						],
						"rotation": [
							-0.009387051686644554,
							-0.0036268315743654966,
							-0.9328368306159973,
							0.3601589500904083
						]
					},
					"odometry": {
						"position": [
							0.582151021566515,
							-7.8154923573137305,
							-0.013164452753336563
						],
						"orientation": [
							-0.019764393278423553,
							0.00038873190017231035,
							-0.9326854374727439,
							0.36014870869145477
						],
						"linear": [
							-0.0025457872543483973,
							0.0,
							0.0
						],
						"angular": [
							0.0,
							0.0,
							0.0002079835976473987
						]
					},
					"aabb": [
						123.74755696120394,
						140.70766717325637,
						-0.014796835445831023,
						124.72266694089062,
						141.64764519071522,
						0.1629731713977095
					],
					"joint_state": {
						"position": [
							-1.7977,
							4.59,
							0.9875,
							-5.4355,
							1.002,
							-0.6222,
							0.0
						],
						"velocity": [
							-0.0305,
							-0.0365,
							-0.5839,
							0.3555,
							-0.1327,
							0.0494,
							0.0
						],
						"effort": [
							0.0,
							0.0,
							0.0,
							0.0,
							0.0,
							0.0,
							0.0
						]
					},
					"lift_state": "lift_down"
				}
			}
		},
		"objects": {
			"Rack": {
				"Rack_02": {
					"name": "Rack_02",
					"pose": {
						"translation": [
							133.05699157714844,
							143.09999084472656,
							0.19921104609966278
						],
						"rotation": [
							0.983835756778717,
							0.1790735274553299,
							-4.97384462505579e-08,
							9.080395102500916e-09
						]
					}
				}
			}
		},
		"relationships": {
			"L-Rack": [
				[
					"AMR_LIFT01",
					"none"
				]
			]
		}
	},
	"timestamp_3": {
		"robots": {
			"ARMLIFT": {
				"AMR_LIFT01": {
					"name": "AMR_LIFT01",
					"pose": {
						"translation": [
							139.61114501953125,
							142.484130859375,
							0.062001608312129974
						],
						"rotation": [
							-0.009396442212164402,
							-0.0036230296827852726,
							-0.9328731298446655,
							0.3600645661354065
						]
					},
					"odometry": {
						"position": [
							0.5821119362911746,
							-7.815189625883317,
							-0.013164318733308387
						],
						"orientation": [
							-0.0197729034974886,
							0.0003964358959311406,
							-0.9327012673496637,
							0.36010723543160134
						],
						"linear": [
							0.00037747001624666154,
							0.0,
							0.0
						],
						"angular": [
							0.0,
							0.0,
							-0.0031957083847373724
						]
					},
					"aabb": [
						123.74772316284249,
						140.70723593243852,
						-0.014812318456621286,
						124.72288502154284,
						141.64714886790495,
						0.1629791442198959
					],
					"joint_state": {
						"position": [
							-1.7975,
							4.5913,
							1.0181,
							-5.4447,
							1.0177,
							-0.6242,
							0.0
						],
						"velocity": [
							-0.0372,
							-0.0219,
							0.0728,
							-0.0847,
							0.1396,
							-0.0674,
							0.0
						],
						"effort": [
							0.0,
							0.0,
							0.0,
							0.0,
							0.0,
							0.0,
							0.0
						]
					},
					"lift_state": "lift_down"
				}
			}
		},
		"objects": {
			"Rack": {
				"Rack_02": {
					"name": "Rack_02",
					"pose": {
						"translation": [
							133.05699157714844,
							143.09999084472656,
							0.19921104609966278
						],
						"rotation": [
							0.983835756778717,
							0.1790735274553299,
							-4.97384462505579e-08,
							9.080395102500916e-09
						]
					}
				}
			}
		},
		"relationships": {
			"L-Rack": [
				[
					"AMR_LIFT01",
					"none"
				]
			]
		}
	},
	"timestamp_4": {
		"robots": {
			"ARMLIFT": {
				"AMR_LIFT01": {
					"name": "AMR_LIFT01",
					"pose": {
						"translation": [
							139.6120147705078,
							142.48312377929688,
							0.06200267747044563
						],
						"rotation": [
							-0.009392375126481056,
							-0.00363149237819016,
							-0.9328532218933105,
							0.36011606454849243
						]
					},