{
	"timestamp_0": {
		"robots": {
			"ARMLIFT": {
				"AMR_LIFT01": {
					"name": "AMR_LIFT01",
					"pose": {
						"translation": [
							139.60751342773438,
							142.49566650390625,
							0.06200576573610306
						],
						"rotation": [
							-0.009359834715723991,
							-0.003674723906442523,
							-0.9313687682151794,
							0.3639383614063263
						]
					},
					"odometry": {
						"position": [
							0.5784795109667523,
							-7.803666350346831,
							-0.01307900227888102
						],
						"orientation": [
							-0.01971950931356214,
							0.0003878380710908772,
							-0.9311973117610592,
							0.363981534013801
						],
						"linear": [
							0.008101978339254856,
							0.0,
							0.0
						],
						"angular": [
							0.0,
							0.0,
							-0.001765736611559987
						]
					},
					"aabb": [
						123.75383872507297,
						140.69276890114858,
						-0.01385217438573666,
						124.72636159924625,
						141.6360258046895,
						0.16298849616702393
					],
					"joint_state": {
						"position": [
							-1.8806,
							4.5306,
							0.9703,
							-5.3236,
							0.9669,
							-0.4483,
							0.0
						],
						"velocity": [
							-0.0084,
							0.0077,
							-0.0237,
							-0.0062,
							-0.0463,
							-0.0063,
							0.0
						],
						"effort": [
							0.0,
							0.0,
							0.0,
							0.0,
							0.0,
							0.0,
							0.0
						]
					},
					"lift_state": "lift_down"
				}
			}
		},
		"objects": {
			"Rack": {
				"Rack_02": {
					"name": "Rack_02",
					"pose": {
						"translation": [
							133.05699157714844,
							143.09999084472656,
							0.19921104609966278
						],
						"rotation": [
							0.983835756778717,
							0.1790735274553299,
							-4.97384462505579e-08,
							9.080395102500916e-09
						]
					}
				}
			}
		},
		"relationships": {
			"L-Rack": [
				[
					"AMR_LIFT01",
					"none"
				]
			]
		}
	},
	"timestamp_1": {
		"robots": {
			"ARMLIFT": {
				"AMR_LIFT01": {
					"name": "AMR_LIFT01",
					"pose": {
						"translation": [
							139.607421875,
							142.4953155517578,
							0.06200515478849411
						],
						"rotation": [
							-0.00936189480125904,
							-0.003662426955997944,
							-0.9313127994537354,
							0.36408182978630066
						]
					},
					"odometry": {
						"position": [
							0.5783916462997771,
							-7.80401791947563,
							-0.013077697044065415
						],
						"orientation": [
							-0.01972093822956802,
							0.00040172912596123735,
							-0.9311413319383932,
							0.36412462587011324
						],
						"linear": [
							-0.004900582134723663,
							0.0,
							0.0
						],
						"angular": [
							0.0,
							0.0,
							-0.005025594495236874
						]
					},
					"aabb": [
						123.75404588816133,
						140.69305411857604,
						-0.013818589286642608,
						124.72646264813805,
						141.63644096512132,
						0.162986972982883
					],
					"joint_state": {
						"position": [
							-1.8778,
							4.5315,
							0.9579,
							-5.3188,
							0.9538,
							-0.4405,
							0.0
						],
						"velocity": [
							0.0387,
							0.0215,
							-0.0635,
							-0.0289,
							-0.0156,
							0.002,
							0.0
						],
						"effort": [
							0.0,
							0.0,
							0.0,
							0.0,
							0.0,
							0.0,
							0.0
						]
					},
					"lift_state": "lift_down"
				}
			}
		},
		"objects": {
			"Rack": {
				"Rack_02": {
					"name": "Rack_02",
					"pose": {
						"translation": [
							133.05699157714844,
							143.09999084472656,
							0.19921104609966278
						],
						"rotation": [
							0.983835756778717,
							0.1790735274553299,
							-4.97384462505579e-08,
							9.080395102500916e-09
						]
					}
				}
			}
		},
		"relationships": {
			"L-Rack": [
				[
					"AMR_LIFT01",
					"none"
				]
			]
		}
	},
	"timestamp_2": {
		"robots": {
			"ARMLIFT": {
				"AMR_LIFT01": {
					"name": "AMR_LIFT01",
					"pose": {
						"translation": [
							139.60731506347656,
							142.4951171875,
							0.062000617384910583
						],
						"rotation": [
							-0.009358525276184082,
							-0.003655774984508753,
							-0.9312577247619629,
							0.36422252655029297
						]
					},
					"odometry": {
						"position": [
							0.5782841604651274,
							-7.804213247009858,
							-0.013079840691981159
						],
						"orientation": [
							-0.019716961753163932,
							0.0004099470509991328,
							-0.9310863008854001,
							0.36426552632136605
						],
						"linear": [
							0.001881915028207004,
							0.0,
							0.0
						],
						"angular": [
							0.0,
							0.0,
							0.001100662862882018
						]
					},
					"aabb": [
						123.7541960405159,
						140.69317974701877,
						-0.01369957110484527,
						124.72649397720949,
						141.63671193547626,
						0.1629846142920678
					],
					"joint_state": {
						"position": [
							-1.877,
							4.5316,
							0.9534,
							-5.3135,
							0.953,
							-0.4341,
							0.0
						],
						"velocity": [
							-0.0317,
							-0.02,
							0.1272,
							-0.0011,
							0.1454,
							-0.0581,
							0.0
						],
						"effort": [
							0.0,
							0.0,
							0.0,
							0.0,
							0.0,
							0.0,
							0.0
						]
					},
					"lift_state": "lift_down"
				}
			}
		},
		"objects": {
			"Rack": {
				"Rack_02": {
					"name": "Rack_02",
					"pose": {
						"translation": [
							133.05699157714844,
							143.09999084472656,
							0.19921104609966278
						],
						"rotation": [
							0.983835756778717,
							0.1790735274553299,
							-4.97384462505579e-08,
							9.080395102500916e-09
						]
					}
				}
			}
		},
		"relationships": {
			"L-Rack": [
				[
					"AMR_LIFT01",
					"none"
				]
			]
		}
	},
	"timestamp_3": {
		"robots": {
			"ARMLIFT": {
				"AMR_LIFT01": {
					"name": "AMR_LIFT01",
					"pose": {
						"translation": [
							139.60769653320312,
							142.4945526123047,
							0.06199943274259567
						],
						"rotation": [
							-0.009354675188660622,
							-0.0036604481283575296,
							-0.9311792850494385,
							0.3644234538078308
						]
					},
					"odometry": {
						"position": [
							0.5786162754661004,
							-7.804730796210772,
							-0.013081008668132528
						],
						"orientation": [
							-0.01971332299632616,
							0.0003931102579598694,
							-0.9310116879308348,
							0.36445639972011185
						],
						"linear": [
							0.0005498299724422395,
							0.0,
							0.0
						],
						"angular": [
							0.0,
							0.0,
							0.0014455696800723672
						]
					},
					"aabb": [
						123.75395083678997,
						140.69357963527102,
						-0.01379662352562595,
						124.72625012420389,
						141.63711253433152,
						0.16298861639134465
					],
					"joint_state": {
						"position": [
							-1.8753,
							4.5316,
							0.9575,
							-5.3176,
							0.9501,
							-0.4393,
							0.0
						],
						"velocity": [
							0.0161,
							-0.0009,
							-0.0058,
							-0.0646,
							0.0103,
							-0.0461,
							0.0
						],
						"effort": [
							0.0,
							0.0,
							0.0,
							0.0,
							0.0,
							0.0,
							0.0
						]
					},
					"lift_state": "lift_down"
				}
			}
		},
		"objects": {
			"Rack": {
				"Rack_02": {
					"name": "Rack_02",
					"pose": {
						"translation": [
							133.05699157714844,
							143.09999084472656,
							0.19921104609966278
						],
						"rotation": [
							0.983835756778717,
							0.1790735274553299,
							-4.97384462505579e-08,
							9.080395102500916e-09
						]
					}
				}
			}
		},
		"relationships": {
			"L-Rack": [
				[
					"AMR_LIFT01",
					"none"
				]
			]
		}
	},
	"timestamp_4": {
		"robots": {
			"ARMLIFT": {
				"AMR_LIFT01": {
					"name": "AMR_LIFT01",
					"pose": {
						"translation": [
							139.6080322265625,
							142.49423217773438,
							0.06200023368000984
						],
						"rotation": [
							-0.00935390405356884,
							-0.0036634469870477915,
							-0.9311911463737488,
							0.3643931746482849
						]
					},