{
	"timestamp_0": {
		"robots": {
			"ARMLIFT": {
				"AMR_LIFT01": {
					"name": "AMR_LIFT01",
					"pose": {
						"translation": [
							139.62107849121094,
							142.42254638671875,
							0.06200015917420387
						],
						"rotation": [
							-0.009437560103833675,
							-0.0035461043007671833,
							-0.9361315369606018,
							0.35150575637817383
						]
					},
					"odometry": {
						"position": [
							0.5920443194516467,
							-7.8767810198340085,
							-0.0133884568135449
						],
						"orientation": [
							-0.01985039501726805,
							0.00037814785735895424,
							-0.9359592590523331,
							0.35154812503562577
						],
						"linear": [
							0.003626416902989149,
							0.0,
							0.0
						],
						"angular": [
							0.0,
							0.0,
							-0.002900913590565324
						]
					},
					"aabb": [
						123.73241050392863,
						140.77535063414447,
						-0.012536873329632664,
						124.71311537926931,
						141.707705707432,
						0.16286690187185535
					],
					"joint_state": {
						"position": [
							-1.3422,
							4.9263,
							1.0528,
							-5.9001,
							1.0827,
							-1.0694,
							0.0
						],
						"velocity": [
							-0.0187,
							-0.0408,
							-0.0851,
							0.0072,
							0.0665,
							-0.0025,
							0.0
						],
						"effort": [
							0.0,
							0.0,
							0.0,
							0.0,
							0.0,
							0.0,
							0.0
						]
					},
					"lift_state": "lift_down"
				}
			}
		},
		"objects": {
			"Rack": {
				"Rack_02": {
					"name": "Rack_02",
					"pose": {
						"translation": [
							133.05699157714844,
							143.09999084472656,
							0.19921104609966278
						],
						"rotation": [
							0.983835756778717,
							0.1790735274553299,
							-4.97384462505579e-08,
							9.080395102500916e-09
						]
					}
				}
			}
		},
		"relationships": {
			"L-Rack": [
				[
					"AMR_LIFT01",
					"none"
				]
			]
		}
	},
	"timestamp_1": {
		"robots": {
			"ARMLIFT": {
				"AMR_LIFT01": {
					"name": "AMR_LIFT01",
					"pose": {
						"translation": [
							139.62059020996094,
							142.422607421875,
							0.06200328841805458
						],
						"rotation": [
							-0.009449552744626999,
							-0.003543750150129199,
							-0.9362081289291382,
							0.3513014018535614
						]
					},
					"odometry": {
						"position": [
							0.5915562253265411,
							-7.876722445758076,
							-0.0133744775542858
						],
						"orientation": [
							-0.019863242062071997,
							0.00037822823062227636,
							-0.9360357205699709,
							0.3513437609738424
						],
						"linear": [
							0.0059526097029447556,
							0.0,
							0.0
						],
						"angular": [
							0.0,
							0.0,
							-0.0019865999929606915
						]
					},
					"aabb": [
						123.73281980193819,
						140.7754395662575,
						-0.012413401970302086,
						124.7136678418225,
						141.70759123402357,
						0.16286962169302524
					],
					"joint_state": {
						"position": [
							-1.3421,
							4.9263,
							1.0727,
							-5.9166,
							1.0912,
							-1.077,
							0.0
						],
						"velocity": [
							0.0026,
							0.0024,
							0.0117,
							-0.0202,
							-0.0597,
							-0.0339,
							0.0
						],
						"effort": [
							0.0,
							0.0,
							0.0,
							0.0,
							0.0,
							0.0,
							0.0
						]
					},
					"lift_state": "lift_down"
				}
			}
		},
		"objects": {
			"Rack": {
				"Rack_02": {
					"name": "Rack_02",
					"pose": {
						"translation": [
							133.05699157714844,
							143.09999084472656,
							0.19921104609966278
						],
						"rotation": [
							0.983835756778717,
							0.1790735274553299,
							-4.97384462505579e-08,
							9.080395102500916e-09
						]
					}
				}
			}
		},
		"relationships": {
			"L-Rack": [
				[
					"AMR_LIFT01",
					"none"
				]
			]
		}
	},
	"timestamp_2": {
		"robots": {
			"ARMLIFT": {
				"AMR_LIFT01": {
					"name": "AMR_LIFT01",
					"pose": {
						"translation": [
							139.620849609375,
							142.42242431640625,
							0.06200695037841797
						],
						"rotation": [
							-0.009456967003643513,
							-0.003560141194611788,
							-0.9362128376960754,
							0.3512885570526123
						]
					},
					"odometry": {
						"position": [
							0.5918199225900035,
							-7.876898206125604,
							-0.013376690834727976
						],
						"orientation": [
							-0.019870706741641507,
							0.0003616951551244623,
							-0.9360403307137722,
							0.3513310738711486
						],
						"linear": [
							-5.728078031097539e-05,
							0.0,
							0.0
						],
						"angular": [
							0.0,
							0.0,
							1.1901676771230996e-05
						]
					},
					"aabb": [
						123.73256820398261,
						140.77572759157243,
						-0.012191334244266858,
						124.7134447092927,
						141.70783970965874,
						0.16287217489072842
					],
					"joint_state": {
						"position": [
							-1.3404,
							4.9274,
							1.0913,
							-5.9293,
							1.1135,
							-1.0872,
							0.0
						],
						"velocity": [
							0.0008,
							0.001,
							-0.0024,
							0.0001,
							-0.003,
							0.0,
							0.0
						],
						"effort": [
							0.0,
							0.0,
							0.0,
							0.0,
							0.0,
							0.0,
							0.0
						]
					},
					"lift_state": "lift_down"
				}
			}
		},
		"objects": {
			"Rack": {
				"Rack_02": {
					"name": "Rack_02",
					"pose": {
						"translation": [
							133.05699157714844,
							143.09999084472656,
							0.19921104609966278
						],
						"rotation": [
							0.983835756778717,
							0.1790735274553299,
							-4.97384462505579e-08,
							9.080395102500916e-09
						]
					}
				}
			}
		},
		"relationships": {
			"L-Rack": [
				[
					"AMR_LIFT01",
					"none"
				]
			]
		}
	},
	"timestamp_3": {
		"robots": {
			"ARMLIFT": {
				"AMR_LIFT01": {
					"name": "AMR_LIFT01",
					"pose": {
						"translation": [
							139.62045288085938,
							142.4226531982422,
							0.06200351566076279
						],
						"rotation": [
							-0.00944993831217289,
							-0.0035581528209149837,
							-0.9361642003059387,
							0.3514181971549988
						]
					},
					"odometry": {
						"position": [
							0.5914195436677,
							-7.876673624284151,
							-0.013371173440412547
						],
						"orientation": [
							-0.019863140615333234,
							0.00036512632722844157,
							-0.9359917730101919,
							0.35146084160955693
						],
						"linear": [
							-0.002589780604466796,
							0.0,
							0.0
						],
						"angular": [
							0.0,
							0.0,
							0.0011521639535203576
						]
					},
					"aabb": [
						123.73315365118738,
						140.775304660813,
						-0.012384268345691125,
						124.71394914035358,
						141.7075328647379,
						0.16287046155498086
					],
					"joint_state": {
						"position": [
							-1.3398,
							4.9283,
							1.0833,
							-5.928,
							1.0913,
							-1.0783,
							0.0
						],
						"velocity": [
							-0.0104,
							0.0119,
							0.0007,
							-0.0179,
							-0.0093,
							-0.0022,
							0.0
						],
						"effort": [
							0.0,
							0.0,
							0.0,
							0.0,
							0.0,
							0.0,
							0.0
						]
					},
					"lift_state": "lift_down"
				}
			}
		},
		"objects": {
			"Rack": {
				"Rack_02": {
					"name": "Rack_02",
					"pose": {
						"translation": [
							133.05699157714844,
							143.09999084472656,
							0.19921104609966278
						],
						"rotation": [
							0.983835756778717,
							0.1790735274553299,
							-4.97384462505579e-08,
							9.080395102500916e-09
						]
					}
				}
			}
		},
		"relationships": {
			"L-Rack": [
				[
					"AMR_LIFT01",
					"none"
				]
			]
		}
	},
	"timestamp_4": {
		"robots": {
			"ARMLIFT": {
				"AMR_LIFT01": {
					"name": "AMR_LIFT01",
					"pose": {
						"translation": [
							139.62025451660156,
							142.42300415039062,
							0.06200248748064041
						],
						"rotation": [
							-0.009451515041291714,
							-0.0035493234172463417,
							-0.9361189007759094,
							0.35153883695602417
						]
					},