{
	"timestamp_0": {
		"robots": {
			"ARMLIFT": {
				"AMR_LIFT01": {
					"name": "AMR_LIFT01",
					"pose": {
						"translation": [
							139.59634399414062,
							142.544921875,
							0.06200695037841797
						],
						"rotation": [
							-0.009385851211845875,
							-0.0037285166326910257,
							-0.929901659488678,
							0.36766961216926575
						]
					},
					"odometry": {
						"position": [
							0.5673078435813064,
							-7.75440903143812,
							-0.012827812649613746
						],
						"orientation": [
							-0.019729144560595782,
							0.00037555344801562323,
							-0.9297299116277374,
							0.3677130827686097
						],
						"linear": [
							-0.0013441357295960188,
							0.0,
							0.0
						],
						"angular": [
							0.0,
							0.0,
							-0.0008977536344900727
						]
					},
					"aabb": [
						123.76757273542793,
						140.6406356479653,
						-0.01258134066109259,
						124.73746977091436,
						141.58709868867723,
						0.1631088303639273
					],
					"joint_state": {
						"position": [
							-2.2739,
							4.2648,
							1.094,
							-5.1246,
							1.0876,
							-0.2382,
							0.0
						],
						"velocity": [
							0.013,
							0.0076,
							-0.0485,
							0.054,
							-0.0252,
							0.05,
							0.0
						],
						"effort": [
							0.0,
							0.0,
							0.0,
							0.0,
							0.0,
							0.0,
							0.0
						]
					},
					"lift_state": "lift_down"
				}
			}
		},
		"objects": {
			"Rack": {
				"Rack_02": {
					"name": "Rack_02",
					"pose": {
						"translation": [
							133.05699157714844,
							143.09999084472656,
							0.19921104609966278
						],
						"rotation": [
							0.983835756778717,
							0.1790735274553299,
							-4.97384462505579e-08,
							9.080395102500916e-09
						]
					}
				}
			}
		},
		"relationships": {
			"L-Rack": [
				[
					"AMR_LIFT01",
					"none"
				]
			]
		}
	},
	"timestamp_1": {
		"robots": {
			"ARMLIFT": {
				"AMR_LIFT01": {
					"name": "AMR_LIFT01",
					"pose": {
						"translation": [
							139.59576416015625,
							142.5449676513672,
							0.06200004369020462
						],
						"rotation": [
							-0.0093897245824337,
							-0.003712264820933342,
							-0.9298914074897766,
							0.36769577860832214
						]
					},
					"odometry": {
						"position": [
							0.5667218944188447,
							-7.754360248016324,
							-0.01282169938999071
						],
						"orientation": [
							-0.019732898591617507,
							0.00039209443208404373,
							-0.929719632562637,
							0.36773885272394646
						],
						"linear": [
							0.00920436717569828,
							0.0,
							0.0
						],
						"angular": [
							0.0,
							0.0,
							0.004086141940206289
						]
					},
					"aabb": [
						123.76787818263385,
						140.64062660651902,
						-0.012583274239231099,
						124.73779341728158,
						141.58706642924506,
						0.16310769077131593
					],
					"joint_state": {
						"position": [
							-2.2735,
							4.2646,
							1.0953,
							-5.1247,
							1.0996,
							-0.2426,
							0.0
						],
						"velocity": [
							-0.0702,
							-0.0534,
							0.0513,
							0.0304,
							-0.1405,
							0.0115,
							0.0
						],
						"effort": [
							0.0,
							0.0,
							0.0,
							0.0,
							0.0,
							0.0,
							0.0
						]
					},
					"lift_state": "lift_down"
				}
			}
		},
		"objects": {
			"Rack": {
				"Rack_02": {
					"name": "Rack_02",
					"pose": {
						"translation": [
							133.05699157714844,
							143.09999084472656,
							0.19921104609966278
						],
						"rotation": [
							0.983835756778717,
							0.1790735274553299,
							-4.97384462505579e-08,
							9.080395102500916e-09
						]
					}
				}
			}
		},
		"relationships": {
			"L-Rack": [
				[
					"AMR_LIFT01",
					"none"
				]
			]
		}
	},
	"timestamp_2": {
		"robots": {
			"ARMLIFT": {
				"AMR_LIFT01": {
					"name": "AMR_LIFT01",
					"pose": {
						"translation": [
							139.59523010253906,
							142.5454559326172,
							0.062000349164009094
						],
						"rotation": [
							-0.009388471953570843,
							-0.003714736085385084,
							-0.929888129234314,
							0.3677040636539459
						]
					},
					"odometry": {
						"position": [
							0.5661946623718284,
							-7.753871993212438,
							-0.012809648047924062
						],
						"orientation": [
							-0.019731609704536357,
							0.00038971561123946925,
							-0.9297163657873082,
							0.3677471833847954
						],
						"linear": [
							0.001674202736467123,
							0.0,
							0.0
						],
						"angular": [
							0.0,
							0.0,
							0.0003346522862557322
						]
					},
					"aabb": [
						123.76855758998357,
						140.6401219624487,
						-0.012572429108361276,
						124.7384663541216,
						141.58656981128098,
						0.16310000126930735
					],
					"joint_state": {
						"position": [
							-2.2725,
							4.2647,
							1.0928,
							-5.1215,
							1.0965,
							-0.2463,
							0.0
						],
						"velocity": [
							0.0001,
							0.0002,
							-0.0459,
							-0.0119,
							-0.0474,
							-0.0134,
							0.0
						],
						"effort": [
							0.0,
							0.0,
							0.0,
							0.0,
							0.0,
							0.0,
							0.0
						]
					},
					"lift_state": "lift_down"
				}
			}
		},
		"objects": {
			"Rack": {
				"Rack_02": {
					"name": "Rack_02",
					"pose": {
						"translation": [
							133.05699157714844,
							143.09999084472656,
							0.19921104609966278
						],
						"rotation": [
							0.983835756778717,
							0.1790735274553299,
							-4.97384462505579e-08,
							9.080395102500916e-09
						]
					}
				}
			}
		},
		"relationships": {
			"L-Rack": [
				[
					"AMR_LIFT01",
					"none"
				]
			]
		}
	},
	"timestamp_3": {
		"robots": {
			"ARMLIFT": {
				"AMR_LIFT01": {
					"name": "AMR_LIFT01",
					"pose": {
						"translation": [
							139.59524536132812,
							142.54547119140625,
							0.0619998537003994
						],
						"rotation": [
							-0.009389086626470089,
							-0.0037120513152331114,
							-0.929880678653717,
							0.3677227795124054
						]
					},
					"odometry": {
						"position": [
							0.5662044138126515,
							-7.753852462357773,
							-0.012810347269150146
						],
						"orientation": [
							-0.019732144695323427,
							0.00039260884432288794,
							-0.9297089109360569,
							0.3677659979526513
						],
						"linear": [
							0.00018265504331793636,
							0.0,
							0.0
						],
						"angular": [
							0.0,
							0.0,
							-0.0006819212576374412
						]
					},
					"aabb": [
						123.76868644018056,
						140.63999062202276,
						-0.012580034894508934,
						124.73857255959864,
						141.58646484879688,
						0.16310946468899645
					],
					"joint_state": {
						"position": [
							-2.2722,
							4.265,
							1.0939,
							-5.1214,
							1.0961,
							-0.2456,
							0.0
						],
						"velocity": [
							0.0043,
							-0.0015,
							0.257,
							-0.1706,
							0.0115,
							0.0018,
							0.0
						],
						"effort": [
							0.0,
							0.0,
							0.0,
							0.0,
							0.0,
							0.0,
							0.0
						]
					},
					"lift_state": "lift_down"
				}
			}
		},
		"objects": {
			"Rack": {
				"Rack_02": {
					"name": "Rack_02",
					"pose": {
						"translation": [
							133.05699157714844,
							143.09999084472656,
							0.19921104609966278
						],
						"rotation": [
							0.983835756778717,
							0.1790735274553299,
							-4.97384462505579e-08,
							9.080395102500916e-09
						]
					}
				}
			}
		},
		"relationships": {
			"L-Rack": [
				[
					"AMR_LIFT01",
					"none"
				]
			]
		}
	},
	"timestamp_4": {
		"robots": {
			"ARMLIFT": {
				"AMR_LIFT01": {
					"name": "AMR_LIFT01",
					"pose": {
						"translation": [
							139.59481811523438,
							142.54568481445312,
							0.06200695037841797
						],
						"rotation": [
							-0.009380774572491646,
							-0.0037302374839782715,
							-0.9299200177192688,
							0.36762353777885437
						]
					},