{
	"timestamp_0": {
		"robots": {
			"ARMLIFT": {
				"AMR_LIFT01": {
					"name": "AMR_LIFT01",
					"pose": {
						"translation": [
							139.61827087402344,
							142.4287109375,
							0.06200103461742401
						],
						"rotation": [
							-0.009405945427715778,
							-0.00354256690479815,
							-0.9359177350997925,
							0.35207536816596985
						]
					},
					"odometry": {
						"position": [
							0.5892419744022493,
							-7.870609279787318,
							-0.013325051023546133
						],
						"orientation": [
							-0.019816398661427297,
							0.0003880227967570542,
							-0.9357458105720629,
							0.35211778963754986
						],
						"linear": [
							-0.004676418844610453,
							0.0,
							0.0
						],
						"angular": [
							0.0,
							0.0,
							0.00035186647437512875
						]
					},
					"aabb": [
						123.7358531398584,
						140.76875027671645,
						-0.013679599810485577,
						124.71619626758358,
						141.7016084469322,
						0.16287030598750404
					],
					"joint_state": {
						"position": [
							-1.3704,
							4.9033,
							0.9605,
							-5.7978,
							1.0068,
							-0.9938,
							0.0
						],
						"velocity": [
							0.0383,
							0.0383,
							-0.0208,
							0.0346,
							-0.031,
							0.0147,
							0.0
						],
						"effort": [
							0.0,
							0.0,
							0.0,
							0.0,
							0.0,
							0.0,
							0.0
						]
					},
					"lift_state": "lift_down"
				}
			}
		},
		"objects": {
			"Rack": {
				"Rack_02": {
					"name": "Rack_02",
					"pose": {
						"translation": [
							133.05699157714844,
							143.09999084472656,
							0.19921104609966278
						],
						"rotation": [
							0.983835756778717,
							0.1790735274553299,
							-4.97384462505579e-08,
							9.080395102500916e-09
						]
					}
				}
			}
		},
		"relationships": {
			"L-Rack": [
				[
					"AMR_LIFT01",
					"none"
				]
			]
		}
	},
	"timestamp_1": {
		"robots": {
			"ARMLIFT": {
				"AMR_LIFT01": {
					"name": "AMR_LIFT01",
					"pose": {
						"translation": [
							139.61854553222656,
							142.42835998535156,
							0.062001265585422516
						],
						"rotation": [
							-0.00940762646496296,
							-0.003532376838847995,
							-0.9358753561973572,
							0.35218796133995056
						]
					},
					"odometry": {
						"position": [
							0.589505604555891,
							-7.870970594213379,
							-0.013330721601632314
						],
						"orientation": [
							-0.019817608720977254,
							0.00039946492687399903,
							-0.9357034226227171,
							0.35223033331115494
						],
						"linear": [
							-9.045699698617682e-05,
							0.0,
							0.0
						],
						"angular": [
							0.0,
							0.0,
							0.0010576567146927118
						]
					},
					"aabb": [
						123.73543903561273,
						140.7691168690367,
						-0.013631541696458855,
						124.7157148807768,
						141.70207025172206,
						0.1628659152837387
					],
					"joint_state": {
						"position": [
							-1.3694,
							4.9031,
							0.957,
							-5.7996,
							0.9965,
							-0.993,
							0.0
						],
						"velocity": [
							0.0134,
							-0.0158,
							0.0171,
							-0.0266,
							-0.0702,
							0.0397,
							0.0
						],
						"effort": [
							0.0,
							0.0,
							0.0,
							0.0,
							0.0,
							0.0,
							0.0
						]
					},
					"lift_state": "lift_down"
				}
			}
		},
		"objects": {
			"Rack": {
				"Rack_02": {
					"name": "Rack_02",
					"pose": {
						"translation": [
							133.05699157714844,
							143.09999084472656,
							0.19921104609966278
						],
						"rotation": [
							0.983835756778717,
							0.1790735274553299,
							-4.97384462505579e-08,
							9.080395102500916e-09
						]
					}
				}
			}
		},
		"relationships": {
			"L-Rack": [
				[
					"AMR_LIFT01",
					"none"
				]
			]
		}
	},
	"timestamp_2": {
		"robots": {
			"ARMLIFT": {
				"AMR_LIFT01": {
					"name": "AMR_LIFT01",
					"pose": {
						"translation": [
							139.61846923828125,
							142.42799377441406,
							0.06200176104903221
						],
						"rotation": [
							-0.009405058808624744,
							-0.0035411114804446697,
							-0.9359569549560547,
							0.3519713282585144
						]
					},
					"odometry": {
						"position": [
							0.5894275291942737,
							-7.871331926198331,
							-0.01332848463174081
						],
						"orientation": [
							-0.019815944887698132,
							0.00038831997003930646,
							-0.9357850421334469,
							0.35201354015877234
						],
						"linear": [
							1.6454023352707736e-05,
							0.0,
							0.0
						],
						"angular": [
							0.0,
							0.0,
							-0.0002705474616959691
						]
					},
					"aabb": [
						123.73553288715482,
						140.76945724149925,
						-0.013608644818045777,
						124.71596506024645,
						141.70218752428391,
						0.16286599410181193
					],
					"joint_state": {
						"position": [
							-1.3682,
							4.9042,
							0.9536,
							-5.7985,
							0.9939,
							-0.996,
							0.0
						],
						"velocity": [
							0.0002,
							0.0,
							-0.0227,
							0.0231,
							-0.0117,
							-0.0104,
							0.0
						],
						"effort": [
							0.0,
							0.0,
							0.0,
							0.0,
							0.0,
							0.0,
							0.0
						]
					},
					"lift_state": "lift_down"
				}
			}
		},
		"objects": {
			"Rack": {
				"Rack_02": {
					"name": "Rack_02",
					"pose": {
						"translation": [
							133.05699157714844,
							143.09999084472656,
							0.19921104609966278
						],
						"rotation": [
							0.983835756778717,
							0.1790735274553299,
							-4.97384462505579e-08,
							9.080395102500916e-09
						]
					}
				}
			}
		},
		"relationships": {
			"L-Rack": [
				[
					"AMR_LIFT01",
					"none"
				]
			]
		}
	},
	"timestamp_3": {
		"robots": {
			"ARMLIFT": {
				"AMR_LIFT01": {
					"name": "AMR_LIFT01",
					"pose": {
						"translation": [
							139.6187286376953,
							142.42787170410156,
							0.06200344115495682
						],
						"rotation": [
							-0.009409448131918907,
							-0.0035501818638294935,
							-0.935901403427124,
							0.3521186113357544
						]
					},
					"odometry": {
						"position": [
							0.5896911794890138,
							-7.871449096593216,
							-0.013332667918726147
						],
						"orientation": [
							-0.01981971951063181,
							0.0003808893313191502,
							-0.9357294322540616,
							0.3521611325165353
						],
						"linear": [
							-0.0011000570375472307,
							0.0,
							0.0
						],
						"angular": [
							0.0,
							0.0,
							-0.001210528309457004
						]
					},
					"aabb": [
						123.73535336278928,
						140.76961058982772,
						-0.01366165792742129,
						124.71569845410336,
						141.70246784506676,
						0.16287320640306494
					],
					"joint_state": {
						"position": [
							-1.3675,
							4.9058,
							0.9681,
							-5.8082,
							1.0021,
							-0.9998,
							0.0
						],
						"velocity": [
							-0.0034,
							0.024,
							0.4159,
							-0.2192,
							0.4224,
							-0.2327,
							0.0
						],
						"effort": [
							0.0,
							0.0,
							0.0,
							0.0,
							0.0,
							0.0,
							0.0
						]
					},
					"lift_state": "lift_down"
				}
			}
		},
		"objects": {
			"Rack": {
				"Rack_02": {
					"name": "Rack_02",
					"pose": {
						"translation": [
							133.05699157714844,
							143.09999084472656,
							0.19921104609966278
						],
						"rotation": [
							0.983835756778717,
							0.1790735274553299,
							-4.97384462505579e-08,
							9.080395102500916e-09
						]
					}
				}
			}
		},
		"relationships": {
			"L-Rack": [
				[
					"AMR_LIFT01",
					"none"
				]
			]
		}
	},
	"timestamp_4": {
		"robots": {
			"ARMLIFT": {
				"AMR_LIFT01": {
					"name": "AMR_LIFT01",
					"pose": {
						"translation": [
							139.6183624267578,
							142.42724609375,
							0.06200149282813072
						],
						"rotation": [
							-0.009407328441739082,
							-0.0035403845831751823,
							-0.9358705282211304,
							0.35220107436180115
						]
					},