{
	"timestamp_0": {
		"robots": {
			"ARMLIFT": {
				"AMR_LIFT01": {
					"name": "AMR_LIFT01",
					"pose": {
						"translation": [
							139.62380981445312,
							142.4145050048828,
							0.06200534850358963
						],
						"rotation": [
							-0.009440346620976925,
							-0.0035031079314649105,
							-0.937043309211731,
							0.349068284034729
						]
					},
					"odometry": {
						"position": [
							0.5947687901449636,
							-7.884817990263921,
							-0.013444185089945113
						],
						"orientation": [
							-0.019863361560732148,
							0.00039402701912374705,
							-0.9368709914764353,
							0.34911035066319246
						],
						"linear": [
							0.0005560127319768071,
							0.0,
							0.0
						],
						"angular": [
							0.0,
							0.0,
							0.0015405532903969288
						]
					},
					"aabb": [
						123.72824411137118,
						140.78531166868527,
						-0.01174540122166814,
						124.71051364186185,
						141.7153806738882,
						0.16284866860702735
					],
					"joint_state": {
						"position": [
							-1.2678,
							4.9902,
							1.0304,
							-5.9883,
							0.9941,
							-1.1137,
							0.0
						],
						"velocity": [
							-0.024,
							-0.0434,
							-0.4326,
							0.0815,
							-0.4347,
							0.082,
							0.0
						],
						"effort": [
							0.0,
							0.0,
							0.0,
							0.0,
							0.0,
							0.0,
							0.0
						]
					},
					"lift_state": "lift_down"
				}
			}
		},
		"objects": {
			"Rack": {
				"Rack_02": {
					"name": "Rack_02",
					"pose": {
						"translation": [
							133.05699157714844,
							143.09999084472656,
							0.19921104609966278
						],
						"rotation": [
							0.983835756778717,
							0.1790735274553299,
							-4.97384462505579e-08,
							9.080395102500916e-09
						]
					}
				}
			}
		},
		"relationships": {
			"L-Rack": [
				[
					"AMR_LIFT01",
					"none"
				]
			]
		}
	},
	"timestamp_1": {
		"robots": {
			"ARMLIFT": {
				"AMR_LIFT01": {
					"name": "AMR_LIFT01",
					"pose": {
						"translation": [
							139.6240692138672,
							142.41436767578125,
							0.062002334743738174
						],
						"rotation": [
							-0.009433189406991005,
							-0.0035168023314327,
							-0.9371524453163147,
							0.34877514839172363
						]
					},
					"odometry": {
						"position": [
							0.595032338216938,
							-7.884964466795223,
							-0.013453030099596195
						],
						"orientation": [
							-0.019857426054775484,
							0.00037707338706872425,
							-0.9369801947170125,
							0.3488175098159628
						],
						"linear": [
							0.0003003450110554695,
							0.0,
							0.0
						],
						"angular": [
							0.0,
							0.0,
							-0.001338258502073586
						]
					},
					"aabb": [
						123.72779512745514,
						140.78584629383056,
						-0.011645843260149781,
						124.71018570118302,
						141.7157377453376,
						0.1628534949843622
					],
					"joint_state": {
						"position": [
							-1.2682,
							4.9905,
							1.0397,
							-5.9935,
							1.0074,
							-1.1211,
							0.0
						],
						"velocity": [
							0.0182,
							-0.0101,
							0.017,
							-0.0107,
							0.0073,
							0.0038,
							0.0
						],
						"effort": [
							0.0,
							0.0,
							0.0,
							0.0,
							0.0,
							0.0,
							0.0
						]
					},
					"lift_state": "lift_down"
				}
			}
		},
		"objects": {
			"Rack": {
				"Rack_02": {
					"name": "Rack_02",
					"pose": {
						"translation": [
							133.05699157714844,
							143.09999084472656,
							0.19921104609966278
						],
						"rotation": [
							0.983835756778717,
							0.1790735274553299,
							-4.97384462505579e-08,
							9.080395102500916e-09
						]
					}
				}
			}
		},
		"relationships": {
			"L-Rack": [
				[
					"AMR_LIFT01",
					"none"
				]
			]
		}
	},
	"timestamp_2": {
		"robots": {
			"ARMLIFT": {
				"AMR_LIFT01": {
					"name": "AMR_LIFT01",
					"pose": {
						"translation": [
							139.62408447265625,
							142.4142608642578,
							0.06200450658798218
						],
						"rotation": [
							-0.009444214403629303,
							-0.0034991700667887926,
							-0.9371107816696167,
							0.34888705611228943
						]
					},
					"odometry": {
						"position": [
							0.5950519180330369,
							-7.885071883608697,
							-0.013451322205255741
						],
						"orientation": [
							-0.01986798234136923,
							0.00039594847235137424,
							-0.9369384254197037,
							0.34892906653722133
						],
						"linear": [
							-0.0016587027348577976,
							0.0,
							0.0
						],
						"angular": [
							0.0,
							0.0,
							0.0007155514904297888
						]
					},
					"aabb": [
						123.72765269115493,
						140.78607681331613,
						-0.011616173608770883,
						124.710038927258,
						141.71597263949315,
						0.16284636136474695
					],
					"joint_state": {
						"position": [
							-1.268,
							4.9922,
							1.031,
							-5.988,
							1.0022,
							-1.1175,
							0.0
						],
						"velocity": [
							0.0,
							0.0002,
							-0.053,
							0.0246,
							-0.2515,
							0.2087,
							0.0
						],
						"effort": [
							0.0,
							0.0,
							0.0,
							0.0,
							0.0,
							0.0,
							0.0
						]
					},
					"lift_state": "lift_down"
				}
			}
		},
		"objects": {
			"Rack": {
				"Rack_02": {
					"name": "Rack_02",
					"pose": {
						"translation": [
							133.05699157714844,
							143.09999084472656,
							0.19921104609966278
						],
						"rotation": [
							0.983835756778717,
							0.1790735274553299,
							-4.97384462505579e-08,
							9.080395102500916e-09
						]
					}
				}
			}
		},
		"relationships": {
			"L-Rack": [
				[
					"AMR_LIFT01",
					"none"
				]
			]
		}
	},
	"timestamp_3": {
		"robots": {
			"ARMLIFT": {
				"AMR_LIFT01": {
					"name": "AMR_LIFT01",
					"pose": {
						"translation": [
							139.6238555908203,
							142.41419982910156,
							0.06200271472334862
						],
						"rotation": [
							-0.00942838191986084,
							-0.003518099896609783,
							-0.9371487498283386,
							0.34878531098365784
						]
					},
					"odometry": {
						"position": [
							0.5948565620805536,
							-7.8851207305760544,
							-0.013451217048738136
						],
						"orientation": [
							-0.019854308629571472,
							0.00038435519091383825,
							-0.9369771366484861,
							0.34882589367467104
						],
						"linear": [
							0.0019856742583215237,
							0.0,
							0.0
						],
						"angular": [
							0.0,
							0.0,
							0.0013693578075617552
						]
					},
					"aabb": [
						123.72803046083834,
						140.78592012915567,
						-0.011687742063552262,
						124.71047033295702,
						141.71573765494546,
						0.16285364427977775
					],
					"joint_state": {
						"position": [
							-1.2676,
							4.9933,
							1.0288,
							-5.9876,
							0.9966,
							-1.1178,
							0.0
						],
						"velocity": [
							0.001,
							0.0012,
							0.0063,
							-0.0631,
							-0.0193,
							-0.0016,
							0.0
						],
						"effort": [
							0.0,
							0.0,
							0.0,
							0.0,
							0.0,
							0.0,
							0.0
						]
					},
					"lift_state": "lift_down"
				}
			}
		},
		"objects": {
			"Rack": {
				"Rack_02": {
					"name": "Rack_02",
					"pose": {
						"translation": [
							133.05699157714844,
							143.09999084472656,
							0.19921104609966278
						],
						"rotation": [
							0.983835756778717,
							0.1790735274553299,
							-4.97384462505579e-08,
							9.080395102500916e-09
						]
					}
				}
			}
		},
		"relationships": {
			"L-Rack": [
				[
					"AMR_LIFT01",
					"none"
				]
			]
		}
	},
	"timestamp_4": {
		"robots": {
			"ARMLIFT": {
				"AMR_LIFT01": {
					"name": "AMR_LIFT01",
					"pose": {
						"translation": [
							139.62387084960938,
							142.4138641357422,
							0.06199916824698448
						],
						"rotation": [
							-0.009428410790860653,
							-0.003504939144477248,
							-0.9372199773788452,
							0.3485938310623169
						]
					},