{
	"timestamp_0": {
		"robots": {
			"ARMLIFT": {
				"AMR_LIFT01": {
					"name": "AMR_LIFT01",
					"pose": {
						"translation": [
							139.6162109375,
							142.4738311767578,
							0.061999548226594925
						],
						"rotation": [
							-0.00940237008035183,
							-0.003616608679294586,
							-0.9332364797592163,
							0.3591216206550598
						]
					},
					"odometry": {
						"position": [
							0.5871795356595026,
							-7.825492115484021,
							-0.013279445375766816
						],
						"orientation": [
							-0.019782888051740246,
							0.0003923673277433512,
							-0.9330645602017663,
							0.3591643215628426
						],
						"linear": [
							-0.0050514936447143555,
							0.0,
							0.0
						],
						"angular": [
							0.0,
							0.0,
							-0.0020302371121942997
						]
					},
					"aabb": [
						123.74223874202096,
						140.71816497072905,
						-0.014943523740133732,
						124.71792329484879,
						141.65739797904342,
						0.16295828489665434
					],
					"joint_state": {
						"position": [
							-1.7387,
							4.6351,
							1.0327,
							-5.4908,
							1.0446,
							-0.6465,
							0.0
						],
						"velocity": [
							0.0159,
							-0.0188,
							0.0244,
							-0.0193,
							0.0641,
							-0.0268,
							0.0
						],
						"effort": [
							0.0,
							0.0,
							0.0,
							0.0,
							0.0,
							0.0,
							0.0
						]
					},
					"lift_state": "lift_down"
				}
			}
		},
		"objects": {
			"Rack": {
				"Rack_02": {
					"name": "Rack_02",
					"pose": {
						"translation": [
							133.05699157714844,
							143.09999084472656,
							0.19921104609966278
						],
						"rotation": [
							0.983835756778717,
							0.1790735274553299,
							-4.97384462505579e-08,
							9.080395102500916e-09
						]
					}
				}
			}
		},
		"relationships": {
			"L-Rack": [
				[
					"AMR_LIFT01",
					"none"
				]
			]
		}
	},
	"timestamp_1": {
		"robots": {
			"ARMLIFT": {
				"AMR_LIFT01": {
					"name": "AMR_LIFT01",
					"pose": {
						"translation": [
							139.6165008544922,
							142.47364807128906,
							0.062002867460250854
						],
						"rotation": [
							-0.009408623911440372,
							-0.0036295040044933558,
							-0.9331512451171875,
							0.3593427538871765
						]
					},
					"odometry": {
						"position": [
							0.5874529717119932,
							-7.8256776431884525,
							-0.013282996099306301
						],
						"orientation": [
							-0.01978863387024197,
							0.00038061636592641505,
							-0.9330036185863082,
							0.35932229656060394
						],
						"linear": [
							-0.0021728056017309427,
							0.0,
							0.0
						],
						"angular": [
							0.0,
							0.0,
							0.0021278797648847103
						]
					},
					"aabb": [
						123.74173934207914,
						140.71843986252347,
						-0.014954029403820644,
						124.7174874380657,
						141.6575935895562,
						0.16296205416693268
					],
					"joint_state": {
						"position": [
							-1.7378,
							4.6348,
							1.0567,
							-5.501,
							1.0543,
							-0.6524,
							0.0
						],
						"velocity": [
							-0.0036,
							-0.021,
							-0.1336,
							0.0626,
							-0.2021,
							0.0775,
							0.0
						],
						"effort": [
							0.0,
							0.0,
							0.0,
							0.0,
							0.0,
							0.0,
							0.0
						]
					},
					"lift_state": "lift_down"
				}
			}
		},
		"objects": {
			"Rack": {
				"Rack_02": {
					"name": "Rack_02",
					"pose": {
						"translation": [
							133.05699157714844,
							143.09999084472656,
							0.19921104609966278
						],
						"rotation": [
							0.983835756778717,
							0.1790735274553299,
							-4.97384462505579e-08,
							9.080395102500916e-09
						]
					}
				}
			}
		},
		"relationships": {
			"L-Rack": [
				[
					"AMR_LIFT01",
					"none"
				]
			]
		}
	},
	"timestamp_2": {
		"robots": {
			"ARMLIFT": {
				"AMR_LIFT01": {
					"name": "AMR_LIFT01",
					"pose": {
						"translation": [
							139.61692810058594,
							142.47288513183594,
							0.06200046464800835
						],
						"rotation": [
							-0.009409774094820023,
							-0.003623786149546504,
							-0.9331185221672058,
							0.35942763090133667
						]
					},
					"odometry": {
						"position": [
							0.5878825557827699,
							-7.826439343904626,
							-0.013294241482396722
						],
						"orientation": [
							-0.019788977773514203,
							0.0003885946603334606,
							-0.9329465122535582,
							0.3594705142661786
						],
						"linear": [
							-0.00048087540199048817,
							0.0,
							0.0
						],
						"angular": [
							0.0,
							0.0,
							0.000977011164650321
						]
					},
					"aabb": [
						123.74183407119716,
						140.71877509935598,
						-0.01495274149395734,
						124.7174304557455,
						141.65812535343545,
						0.16295790639341237
					],
					"joint_state": {
						"position": [
							-1.7365,
							4.6354,
							1.0568,
							-5.4995,
							1.0566,
							-0.6511,
							0.0
						],
						"velocity": [
							-0.001,
							-0.0009,
							0.0189,
							0.001,
							0.0041,
							0.0006,
							0.0
						],
						"effort": [
							0.0,
							0.0,
							0.0,
							0.0,
							0.0,
							0.0,
							0.0
						]
					},
					"lift_state": "lift_down"
				}
			}
		},
		"objects": {
			"Rack": {
				"Rack_02": {
					"name": "Rack_02",
					"pose": {
						"translation": [
							133.05699157714844,
							143.09999084472656,
							0.19921104609966278
						],
						"rotation": [
							0.983835756778717,
							0.1790735274553299,
							-4.97384462505579e-08,
							9.080395102500916e-09
						]
					}
				}
			}
		},
		"relationships": {
			"L-Rack": [
				[
					"AMR_LIFT01",
					"none"
				]
			]
		}
	},
	"timestamp_3": {
		"robots": {
			"ARMLIFT": {
				"AMR_LIFT01": {
					"name": "AMR_LIFT01",
					"pose": {
						"translation": [
							139.61605834960938,
							142.47352600097656,
							0.06199989095330238
						],
						"rotation": [
							-0.009412619285285473,
							-0.003622551681473851,
							-0.933256208896637,
							0.3590701222419739
						]
					},
					"odometry": {
						"position": [
							0.5870135846918795,
							-7.825804624286771,
							-0.01327543915210123
						],
						"orientation": [
							-0.019793354502245935,
							0.0003858512183966522,
							-0.9330841695870666,
							0.3591128049825012
						],
						"linear": [
							0.0003140353364869952,
							0.0,
							0.0
						],
						"angular": [
							0.0,
							0.0,
							-0.0027132027316838503
						]
					},
					"aabb": [
						123.74224057874368,
						140.71856565282286,
						-0.014955100107239074,
						124.71804735043138,
						141.65764281353927,
						0.1629613022477216
					],
					"joint_state": {
						"position": [
							-1.7361,
							4.6362,
							1.0643,
							-5.5058,
							1.0675,
							-0.6599,
							0.0
						],
						"velocity": [
							-0.0018,
							-0.0108,
							0.0151,
							-0.0125,
							0.0213,
							0.0022,
							0.0
						],
						"effort": [
							0.0,
							0.0,
							0.0,
							0.0,
							0.0,
							0.0,
							0.0
						]
					},
					"lift_state": "lift_down"
				}
			}
		},
		"objects": {
			"Rack": {
				"Rack_02": {
					"name": "Rack_02",
					"pose": {
						"translation": [
							133.05699157714844,
							143.09999084472656,
							0.19921104609966278
						],
						"rotation": [
							0.983835756778717,
							0.1790735274553299,
							-4.97384462505579e-08,
							9.080395102500916e-09
						]
					}
				}
			}
		},
		"relationships": {
			"L-Rack": [
				[
					"AMR_LIFT01",
					"none"
				]
			]
		}
	},
	"timestamp_4": {
		"robots": {
			"ARMLIFT": {
				"AMR_LIFT01": {
					"name": "AMR_LIFT01",
					"pose": {
						"translation": [
							139.6165313720703,
							142.47296142578125,
							0.062002599239349365
						],
						"rotation": [
							-0.009416777640581131,
							-0.0036201979964971542,
							-0.9333182573318481,
							0.35890865325927734
						]
					},