{
	"timestamp_0": {
		"robots": {
			"ARMLIFT": {
				"AMR_LIFT01": {
					"name": "AMR_LIFT01",
					"pose": {
						"translation": [
							139.61920166015625,
							142.43417358398438,
							0.062000080943107605
						],
						"rotation": [
							-0.009418805129826069,
							-0.003544122213497758,
							-0.9358874559402466,
							0.35215550661087036
						]
					},
					"odometry": {
						"position": [
							0.5901594080607602,
							-7.865160003426145,
							-0.013346300093154613
						],
						"orientation": [
							-0.01982891949390637,
							0.0003873585687943894,
							-0.935715386506646,
							0.35219792639900865
						],
						"linear": [
							0.00023596902610734105,
							0.0,
							0.0
						],
						"angular": [
							0.0,
							0.0,
							0.004999002907425165
						]
					},
					"aabb": [
						123.7351266003986,
						140.76286831138194,
						-0.01403660966563929,
						124.71542345637003,
						141.6957976865564,
						0.16288629164695367
					],
					"joint_state": {
						"position": [
							-1.4298,
							4.8688,
							1.0013,
							-5.8051,
							1.0166,
							-0.9578,
							0.0
						],
						"velocity": [
							0.0158,
							-0.0225,
							0.0451,
							-0.075,
							0.018,
							-0.0899,
							0.0
						],
						"effort": [
							0.0,
							0.0,
							0.0,
							0.0,
							0.0,
							0.0,
							0.0
						]
					},
					"lift_state": "lift_down"
				}
			}
		},
		"objects": {
			"Rack": {
				"Rack_02": {
					"name": "Rack_02",
					"pose": {
						"translation": [
							133.05699157714844,
							143.09999084472656,
							0.19921104609966278
						],
						"rotation": [
							0.983835756778717,
							0.1790735274553299,
							-4.97384462505579e-08,
							9.080395102500916e-09
						]
					}
				}
			}
		},
		"relationships": {
			"L-Rack": [
				[
					"AMR_LIFT01",
					"none"
				]
			]
		}
	},
	"timestamp_1": {
		"robots": {
			"ARMLIFT": {
				"AMR_LIFT01": {
					"name": "AMR_LIFT01",
					"pose": {
						"translation": [
							139.619140625,
							142.43431091308594,
							0.061999090015888214
						],
						"rotation": [
							-0.009415806271135807,
							-0.0035430307034403086,
							-0.9358272552490234,
							0.3523155152797699
						]
					},
					"odometry": {
						"position": [
							0.5901007995351452,
							-7.865023289478973,
							-0.013345985514006517
						],
						"orientation": [
							-0.019825249245299475,
							0.0003902300452667288,
							-0.935655219732903,
							0.35235793874900345
						],
						"linear": [
							0.0031636275816708803,
							0.0,
							0.0
						],
						"angular": [
							0.0,
							0.0,
							0.0035849432460963726
						]
					},
					"aabb": [
						123.73471220160823,
						140.76328797519443,
						-0.014094522471636005,
						124.71492188172041,
						141.69634134696113,
						0.16288508439447147
					],
					"joint_state": {
						"position": [
							-1.4285,
							4.8688,
							0.9948,
							-5.7978,
							1.0101,
							-0.9517,
							0.0
						],
						"velocity": [
							0.0075,
							-0.0164,
							-0.0284,
							-0.0045,
							0.0183,
							0.0056,
							0.0
						],
						"effort": [
							0.0,
							0.0,
							0.0,
							0.0,
							0.0,
							0.0,
							0.0
						]
					},
					"lift_state": "lift_down"
				}
			}
		},
		"objects": {
			"Rack": {
				"Rack_02": {
					"name": "Rack_02",
					"pose": {
						"translation": [
							133.05699157714844,
							143.09999084472656,
							0.19921104609966278
						],
						"rotation": [
							0.983835756778717,
							0.1790735274553299,
							-4.97384462505579e-08,
							9.080395102500916e-09
						]
					}
				}
			}
		},
		"relationships": {
			"L-Rack": [
				[
					"AMR_LIFT01",
					"none"
				]
			]
		}
	},
	"timestamp_2": {
		"robots": {
			"ARMLIFT": {
				"AMR_LIFT01": {
					"name": "AMR_LIFT01",
					"pose": {
						"translation": [
							139.61880493164062,
							142.4345245361328,
							0.06200271472334862
						],
						"rotation": [
							-0.009415638633072376,
							-0.0035457999911159277,
							-0.9357579946517944,
							0.352499395608902
						]
					},
					"odometry": {
						"position": [
							0.5897689201130991,
							-7.86480845576586,
							-0.013334957777314704
						],
						"orientation": [
							-0.019824309225197553,
							0.0003895066022896018,
							-0.9355859576564759,
							0.35254185692533796
						],
						"linear": [
							-0.00015453272499144077,
							0.0,
							0.0
						],
						"angular": [
							0.0,
							0.0,
							0.005110589787364006
						]
					},
					"aabb": [
						123.73524937180935,
						140.76284245773672,
						-0.014005513155911215,
						124.71539775763051,
						141.69598140143415,
						0.16288163241443004
					],
					"joint_state": {
						"position": [
							-1.4278,
							4.8698,
							0.9859,
							-5.7913,
							1.0217,
							-0.9578,
							0.0
						],
						"velocity": [
							-0.0077,
							0.0096,
							-0.1074,
							0.1029,
							0.0083,
							0.0007,
							0.0
						],
						"effort": [
							0.0,
							0.0,
							0.0,
							0.0,
							0.0,
							0.0,
							0.0
						]
					},
					"lift_state": "lift_down"
				}
			}
		},
		"objects": {
			"Rack": {
				"Rack_02": {
					"name": "Rack_02",
					"pose": {
						"translation": [
							133.05699157714844,
							143.09999084472656,
							0.19921104609966278
						],
						"rotation": [
							0.983835756778717,
							0.1790735274553299,
							-4.97384462505579e-08,
							9.080395102500916e-09
						]
					}
				}
			}
		},
		"relationships": {
			"L-Rack": [
				[
					"AMR_LIFT01",
					"none"
				]
			]
		}
	},
	"timestamp_3": {
		"robots": {
			"ARMLIFT": {
				"AMR_LIFT01": {
					"name": "AMR_LIFT01",
					"pose": {
						"translation": [
							139.61819458007812,
							142.43516540527344,
							0.06200069189071655
						],
						"rotation": [
							-0.009413517080247402,
							-0.0035408250987529755,
							-0.9357441067695618,
							0.35253652930259705
						]
					},
					"odometry": {
						"position": [
							0.5891537602228718,
							-7.864163959825496,
							-0.013323227334855739
						],
						"orientation": [
							-0.019822028095912235,
							0.00039489359518630183,
							-0.9355720982259418,
							0.3525787575596725
						],
						"linear": [
							-0.0013613566989079118,
							0.0,
							0.0
						],
						"angular": [
							0.0,
							0.0,
							0.0017382868099957705
						]
					},
					"aabb": [
						123.73600947636587,
						140.762017361478,
						-0.014023267487350556,
						124.7160984001003,
						141.69524048376442,
						0.16288212130962404
					],
					"joint_state": {
						"position": [
							-1.4272,
							4.8705,
							0.9834,
							-5.7918,
							1.0146,
							-0.956,
							0.0
						],
						"velocity": [
							0.0305,
							0.017,
							-0.0099,
							0.0027,
							-0.0288,
							0.0084,
							0.0
						],
						"effort": [
							0.0,
							0.0,
							0.0,
							0.0,
							0.0,
							0.0,
							0.0
						]
					},
					"lift_state": "lift_down"
				}
			}
		},
		"objects": {
			"Rack": {
				"Rack_02": {
					"name": "Rack_02",
					"pose": {
						"translation": [
							133.05699157714844,
							143.09999084472656,
							0.19921104609966278
						],
						"rotation": [
							0.983835756778717,
							0.1790735274553299,
							-4.97384462505579e-08,
							9.080395102500916e-09
						]
					}
				}
			}
		},
		"relationships": {
			"L-Rack": [
				[
					"AMR_LIFT01",
					"none"
				]
			]
		}
	},
	"timestamp_4": {
		"robots": {
			"ARMLIFT": {
				"AMR_LIFT01": {
					"name": "AMR_LIFT01",
					"pose": {
						"translation": [
							139.61813354492188,
							142.4350128173828,
							0.06200271472334862
						],
						"rotation": [
							-0.009414678439497948,
							-0.003546964842826128,
							-0.9357216358184814,
							0.3525959551334381
						]
					},