{
	"timestamp_0": {
		"robots": {
			"ARMLIFT": {
				"AMR_LIFT01": {
					"name": "AMR_LIFT01",
					"pose": {
						"translation": [
							139.62022399902344,
							142.45565795898438,
							0.06200031191110611
						],
						"rotation": [
							-0.009429875761270523,
							-0.003577899420633912,
							-0.9348925352096558,
							0.3547878563404083
						]
					},
					"odometry": {
						"position": [
							0.5911834219436112,
							-7.843675531022335,
							-0.013368288821664144
						],
						"orientation": [
							-0.019828879732247204,
							0.00038286535889060384,
							-0.9347203008599752,
							0.3548304216142112
						],
						"linear": [
							-0.0041285487823188305,
							0.0,
							0.0
						],
						"angular": [
							0.0,
							0.0,
							-0.0006776038208045065
						]
					},
					"aabb": [
						123.7353841689083,
						140.73984241982657,
						-0.014803632751428524,
						124.71401612019008,
						141.67511456190812,
						0.16292937219393985
					],
					"joint_state": {
						"position": [
							-1.5758,
							4.7601,
							1.0634,
							-5.7008,
							1.0696,
							-0.813,
							0.0
						],
						"velocity": [
							0.0303,
							0.03,
							0.046,
							-0.0102,
							0.0486,
							-0.0223,
							0.0
						],
						"effort": [
							0.0,
							0.0,
							0.0,
							0.0,
							0.0,
							0.0,
							0.0
						]
					},
					"lift_state": "lift_down"
				}
			}
		},
		"objects": {
			"Rack": {
				"Rack_02": {
					"name": "Rack_02",
					"pose": {
						"translation": [
							133.05699157714844,
							143.09999084472656,
							0.19921104609966278
						],
						"rotation": [
							0.983835756778717,
							0.1790735274553299,
							-4.97384462505579e-08,
							9.080395102500916e-09
						]
					}
				}
			}
		},
		"relationships": {
			"L-Rack": [
				[
					"AMR_LIFT01",
					"none"
				]
			]
		}
	},
	"timestamp_1": {
		"robots": {
			"ARMLIFT": {
				"AMR_LIFT01": {
					"name": "AMR_LIFT01",
					"pose": {
						"translation": [
							139.6204376220703,
							142.45518493652344,
							0.06200023368000984
						],
						"rotation": [
							-0.009426675736904144,
							-0.0035826810635626316,
							-0.9347107410430908,
							0.35526663064956665
						]
					},
					"odometry": {
						"position": [
							0.5913982351437815,
							-7.844134505021426,
							-0.013373147216543256
						],
						"orientation": [
							-0.01982364955727408,
							0.0003834095158191136,
							-0.9345385361210949,
							0.35530916174511296
						],
						"linear": [
							0.00035389515687711537,
							0.0,
							0.0
						],
						"angular": [
							0.0,
							0.0,
							0.0010220431722700596
						]
					},
					"aabb": [
						123.73568026358069,
						140.7397023340264,
						-0.014807702429725858,
						124.7140736867535,
						141.67530293816242,
						0.16292944915865373
					],
					"joint_state": {
						"position": [
							-1.575,
							4.7605,
							1.0607,
							-5.6948,
							1.0681,
							-0.8124,
							0.0
						],
						"velocity": [
							0.0033,
							0.0013,
							0.1003,
							-0.0532,
							0.0798,
							-0.0546,
							0.0
						],
						"effort": [
							0.0,
							0.0,
							0.0,
							0.0,
							0.0,
							0.0,
							0.0
						]
					},
					"lift_state": "lift_down"
				}
			}
		},
		"objects": {
			"Rack": {
				"Rack_02": {
					"name": "Rack_02",
					"pose": {
						"translation": [
							133.05699157714844,
							143.09999084472656,
							0.19921104609966278
						],
						"rotation": [
							0.983835756778717,
							0.1790735274553299,
							-4.97384462505579e-08,
							9.080395102500916e-09
						]
					}
				}
			}
		},
		"relationships": {
			"L-Rack": [
				[
					"AMR_LIFT01",
					"none"
				]
			]
		}
	},
	"timestamp_2": {
		"robots": {
			"ARMLIFT": {
				"AMR_LIFT01": {
					"name": "AMR_LIFT01",
					"pose": {
						"translation": [
							139.6203155517578,
							142.4555206298828,
							0.0619998537003994
						],
						"rotation": [
							-0.009424540214240551,
							-0.003581094788387418,
							-0.9347351789474487,
							0.3552022874355316
						]
					},
					"odometry": {
						"position": [
							0.5912712872933121,
							-7.843812246322347,
							-0.013370728506801476
						],
						"orientation": [
							-0.01982178978700884,
							0.0003842804224157783,
							-0.9345629995206008,
							0.35524491397520996
						],
						"linear": [
							-0.0027721377555280924,
							0.0,
							0.0
						],
						"angular": [
							0.0,
							0.0,
							-0.0016400601016357541
						]
					},
					"aabb": [
						123.73551928558626,
						140.7396038890201,
						-0.014803639149290022,
						124.71388697352727,
						141.675238911756,
						0.16292795341415559
					],
					"joint_state": {
						"position": [
							-1.5745,
							4.7614,
							1.0537,
							-5.695,
							1.0653,
							-0.8107,
							0.0
						],
						"velocity": [
							0.0316,
							0.027,
							0.0098,
							0.0131,
							0.0165,
							0.002,
							0.0
						],
						"effort": [
							0.0,
							0.0,
							0.0,
							0.0,
							0.0,
							0.0,
							0.0
						]
					},
					"lift_state": "lift_down"
				}
			}
		},
		"objects": {
			"Rack": {
				"Rack_02": {
					"name": "Rack_02",
					"pose": {
						"translation": [
							133.05699157714844,
							143.09999084472656,
							0.19921104609966278
						],
						"rotation": [
							0.983835756778717,
							0.1790735274553299,
							-4.97384462505579e-08,
							9.080395102500916e-09
						]
					}
				}
			}
		},
		"relationships": {
			"L-Rack": [
				[
					"AMR_LIFT01",
					"none"
				]
			]
		}
	},
	"timestamp_3": {
		"robots": {
			"ARMLIFT": {
				"AMR_LIFT01": {
					"name": "AMR_LIFT01",
					"pose": {
						"translation": [
							139.62091064453125,
							142.45494079589844,
							0.06200023368000984
						],
						"rotation": [
							-0.0094208475202322,
							-0.003580124117434025,
							-0.9347444176673889,
							0.3551780581474304
						]
					},
					"odometry": {
						"position": [
							0.5919059379440242,
							-7.844446978697878,
							-0.013384471777678656
						],
						"orientation": [
							-0.019817289064390765,
							0.00038509530915977765,
							-0.9345569697579276,
							0.35526102661651693
						],
						"linear": [
							0.002954817609861493,
							0.0,
							0.0
						],
						"angular": [
							0.0,
							0.0,
							-0.004404221195727587
						]
					},
					"aabb": [
						123.73524044663492,
						140.7398531054859,
						-0.01480680219108566,
						124.71356250179878,
						141.6755493390853,
						0.16292671352667326
					],
					"joint_state": {
						"position": [
							-1.5743,
							4.7616,
							1.0422,
							-5.6914,
							1.0558,
							-0.8063,
							0.0
						],
						"velocity": [
							0.0239,
							0.014,
							0.03,
							-0.0321,
							0.0374,
							-0.0139,
							0.0
						],
						"effort": [
							0.0,
							0.0,
							0.0,
							0.0,
							0.0,
							0.0,
							0.0
						]
					},
					"lift_state": "lift_down"
				}
			}
		},
		"objects": {
			"Rack": {
				"Rack_02": {
					"name": "Rack_02",
					"pose": {
						"translation": [
							133.05699157714844,
							143.09999084472656,
							0.19921104609966278
						],
						"rotation": [
							0.983835756778717,
							0.1790735274553299,
							-4.97384462505579e-08,
							9.080395102500916e-09
						]
					}
				}
			}
		},
		"relationships": {
			"L-Rack": [
				[
					"AMR_LIFT01",
					"none"
				]
			]
		}
	},
	"timestamp_4": {
		"robots": {
			"ARMLIFT": {
				"AMR_LIFT01": {
					"name": "AMR_LIFT01",
					"pose": {
						"translation": [
							139.62025451660156,
							142.45506286621094,
							0.06200065463781357
						],
						"rotation": [
							-0.00942285731434822,
							-0.0035812652204185724,
							-0.9347177743911743,
							0.35524827241897583
						]
					},