{
	"timestamp_0": {
		"robots": {
			"ARMLIFT": {
				"AMR_LIFT01": {
					"name": "AMR_LIFT01",
					"pose": {
						"translation": [
							139.619384765625,
							142.4630889892578,
							0.062001876533031464
						],
						"rotation": [
							-0.009414372965693474,
							-0.003605699399486184,
							-0.9339407682418823,
							0.35728591680526733
						]
					},
					"odometry": {
						"position": [
							0.5903531934302125,
							-7.836243916756422,
							-0.0133480735765759
						],
						"orientation": [
							-0.01980274917246062,
							0.00038285516002586363,
							-0.9337687311282251,
							0.35732850615970163
						],
						"linear": [
							0.011621281504631042,
							0.0,
							0.0
						],
						"angular": [
							0.0,
							0.0,
							0.0005460493848659098
						]
					},
					"aabb": [
						123.73773257045895,
						140.7304223093467,
						-0.014751166662393598,
						124.71473998185988,
						141.66790359374218,
						0.16294074344384663
					],
					"joint_state": {
						"position": [
							-1.6429,
							4.6851,
							1.0451,
							-5.5917,
							1.0522,
							-0.6955,
							0.0
						],
						"velocity": [
							-0.0816,
							-0.0802,
							0.1753,
							0.0405,
							0.1923,
							0.0403,
							0.0
						],
						"effort": [
							0.0,
							0.0,
							0.0,
							0.0,
							0.0,
							0.0,
							0.0
						]
					},
					"lift_state": "lift_down"
				}
			}
		},
		"objects": {
			"Rack": {
				"Rack_02": {
					"name": "Rack_02",
					"pose": {
						"translation": [
							133.05699157714844,
							143.09999084472656,
							0.19921104609966278
						],
						"rotation": [
							0.983835756778717,
							0.1790735274553299,
							-4.97384462505579e-08,
							9.080395102500916e-09
						]
					}
				}
			}
		},
		"relationships": {
			"L-Rack": [
				[
					"AMR_LIFT01",
					"none"
				]
			]
		}
	},
	"timestamp_1": {
		"robots": {
			"ARMLIFT": {
				"AMR_LIFT01": {
					"name": "AMR_LIFT01",
					"pose": {
						"translation": [
							139.6193389892578,
							142.46336364746094,
							0.06200031191110611
						],
						"rotation": [
							-0.009407524019479752,
							-0.0036035964731127024,
							-0.9338561296463013,
							0.3575073480606079
						]
					},
					"odometry": {
						"position": [
							0.5902945644295717,
							-7.835960719278553,
							-0.013348329193909192
						],
						"orientation": [
							-0.019794954572333462,
							0.0003874212326507822,
							-0.9336841701978134,
							0.3575498286956499
						],
						"linear": [
							-0.0032446428667753935,
							0.0,
							0.0
						],
						"angular": [
							0.0,
							0.0,
							-0.00035114336060360074
						]
					},
					"aabb": [
						123.73781566674866,
						140.73011370054107,
						-0.01479516135740941,
						124.71463257410305,
						141.6678469698967,
						0.16293719530301523
					],
					"joint_state": {
						"position": [
							-1.6411,
							4.6865,
							1.0304,
							-5.5842,
							1.0594,
							-0.6942,
							0.0
						],
						"velocity": [
							0.009,
							0.046,
							0.0429,
							-0.0306,
							0.0778,
							-0.0304,
							0.0
						],
						"effort": [
							0.0,
							0.0,
							0.0,
							0.0,
							0.0,
							0.0,
							0.0
						]
					},
					"lift_state": "lift_down"
				}
			}
		},
		"objects": {
			"Rack": {
				"Rack_02": {
					"name": "Rack_02",
					"pose": {
						"translation": [
							133.05699157714844,
							143.09999084472656,
							0.19921104609966278
						],
						"rotation": [
							0.983835756778717,
							0.1790735274553299,
							-4.97384462505579e-08,
							9.080395102500916e-09
						]
					}
				}
			}
		},
		"relationships": {
			"L-Rack": [
				[
					"AMR_LIFT01",
					"none"
				]
			]
		}
	},
	"timestamp_2": {
		"robots": {
			"ARMLIFT": {
				"AMR_LIFT01": {
					"name": "AMR_LIFT01",
					"pose": {
						"translation": [
							139.61985778808594,
							142.46229553222656,
							0.062000349164009094
						],
						"rotation": [
							-0.009409810416400433,
							-0.003600416239351034,
							-0.9338781833648682,
							0.3574496805667877
						]
					},
					"odometry": {
						"position": [
							0.5908218353953598,
							-7.837034912017626,
							-0.013360030458369929
						],
						"orientation": [
							-0.01979748776158452,
							0.00038995983357738024,
							-0.933706201769811,
							0.3574921484260197
						],
						"linear": [
							0.003919114358723164,
							0.0,
							0.0
						],
						"angular": [
							0.0,
							0.0,
							-0.0008754142327234149
						]
					},
					"aabb": [
						123.73736634834151,
						140.7310883987624,
						-0.014764392863150672,
						124.71426579883948,
						141.66871223610326,
						0.1629376209195816
					],
					"joint_state": {
						"position": [
							-1.6407,
							4.6863,
							1.0341,
							-5.5894,
							1.0687,
							-0.7018,
							0.0
						],
						"velocity": [
							-0.0133,
							0.017,
							0.0337,
							-0.1467,
							-0.025,
							0.0246,
							0.0
						],
						"effort": [
							0.0,
							0.0,
							0.0,
							0.0,
							0.0,
							0.0,
							0.0
						]
					},
					"lift_state": "lift_down"
				}
			}
		},
		"objects": {
			"Rack": {
				"Rack_02": {
					"name": "Rack_02",
					"pose": {
						"translation": [
							133.05699157714844,
							143.09999084472656,
							0.19921104609966278
						],
						"rotation": [
							0.983835756778717,
							0.1790735274553299,
							-4.97384462505579e-08,
							9.080395102500916e-09
						]
					}
				}
			}
		},
		"relationships": {
			"L-Rack": [
				[
					"AMR_LIFT01",
					"none"
				]
			]
		}
	},
	"timestamp_3": {
		"robots": {
			"ARMLIFT": {
				"AMR_LIFT01": {
					"name": "AMR_LIFT01",
					"pose": {
						"translation": [
							139.61981201171875,
							142.46197509765625,
							0.062000080943107605
						],
						"rotation": [
							-0.009413804858922958,
							-0.0036027859896421432,
							-0.9339198470115662,
							0.3573405146598816
						]
					},
					"odometry": {
						"position": [
							0.5907730304799055,
							-7.8373474156982175,
							-0.013359190183081827
						],
						"orientation": [
							-0.019801951431358326,
							0.0003863761585042441,
							-0.9337478188921879,
							0.3573831895137995
						],
						"linear": [
							-0.004173039924353361,
							0.0,
							0.0
						],
						"angular": [
							0.0,
							0.0,
							0.0018853190122172236
						]
					},
					"aabb": [
						123.73750617180225,
						140.73118236313746,
						-0.014737430931935629,
						124.71445383741988,
						141.6687436648611,
						0.1629382356116745
					],
					"joint_state": {
						"position": [
							-1.6394,
							4.6873,
							1.0477,
							-5.5964,
							1.0711,
							-0.7065,
							0.0
						],
						"velocity": [
							0.038,
							0.0381,
							0.0509,
							0.012,
							0.0434,
							-0.0021,
							0.0
						],
						"effort": [
							0.0,
							0.0,
							0.0,
							0.0,
							0.0,
							0.0,
							0.0
						]
					},
					"lift_state": "lift_down"
				}
			}
		},
		"objects": {
			"Rack": {
				"Rack_02": {
					"name": "Rack_02",
					"pose": {
						"translation": [
							133.05699157714844,
							143.09999084472656,
							0.19921104609966278
						],
						"rotation": [
							0.983835756778717,
							0.1790735274553299,
							-4.97384462505579e-08,
							9.080395102500916e-09
						]
					}
				}
			}
		},
		"relationships": {
			"L-Rack": [
				[
					"AMR_LIFT01",
					"none"
				]
			]
		}
	},
	"timestamp_4": {
		"robots": {
			"ARMLIFT": {
				"AMR_LIFT01": {
					"name": "AMR_LIFT01",
					"pose": {
						"translation": [
							139.62017822265625,
							142.46168518066406,
							0.06200038641691208
						],
						"rotation": [
							-0.00941137969493866,
							-0.00359971821308136,
							-0.9339466094970703,
							0.35727062821388245
						]
					},