{
	"timestamp_0": {
		"robots": {
			"ARMLIFT": {
				"AMR_LIFT01": {
					"name": "AMR_LIFT01",
					"pose": {
						"translation": [
							139.62008666992188,
							142.4244384765625,
							0.06199932098388672
						],
						"rotation": [
							-0.009441487491130829,
							-0.003542108926922083,
							-0.9362010955810547,
							0.3513200879096985
						]
					},
					"odometry": {
						"position": [
							0.5910777265129218,
							-7.874886530514261,
							-0.013364016373234928
						],
						"orientation": [
							-0.01985965930636206,
							0.0003809994219344285,
							-0.9360280133134423,
							0.3513644931750588
						],
						"linear": [
							0.0005117501132190228,
							0.0,
							0.0
						],
						"angular": [
							0.0,
							0.0,
							-0.0007971646264195442
						]
					},
					"aabb": [
						123.73360792081525,
						140.77335885822168,
						-0.012734373551321511,
						124.71446922459283,
						141.70548822384347,
						0.16287512839571217
					],
					"joint_state": {
						"position": [
							-1.346,
							4.9222,
							1.0622,
							-5.893,
							1.0974,
							-1.0586,
							0.0
						],
						"velocity": [
							0.0139,
							-0.0142,
							-0.006,
							-0.0004,
							0.0256,
							-0.0221,
							0.0
						],
						"effort": [
							0.0,
							0.0,
							0.0,
							0.0,
							0.0,
							0.0,
							0.0
						]
					},
					"lift_state": "lift_down"
				}
			}
		},
		"objects": {
			"Rack": {
				"Rack_02": {
					"name": "Rack_02",
					"pose": {
						"translation": [
							133.05699157714844,
							143.09999084472656,
							0.19921104609966278
						],
						"rotation": [
							0.983835756778717,
							0.1790735274553299,
							-4.97384462505579e-08,
							9.080395102500916e-09
						]
					}
				}
			}
		},
		"relationships": {
			"L-Rack": [
				[
					"AMR_LIFT01",
					"none"
				]
			]
		}
	},
	"timestamp_1": {
		"robots": {
			"ARMLIFT": {
				"AMR_LIFT01": {
					"name": "AMR_LIFT01",
					"pose": {
						"translation": [
							139.62022399902344,
							142.42396545410156,
							0.06200317293405533
						],
						"rotation": [
							-0.009444859810173512,
							-0.0035433643497526646,
							-0.9361742734909058,
							0.35139161348342896
						]
					},
					"odometry": {
						"position": [
							0.5911949128406626,
							-7.8753650406192826,
							-0.013366514970965013
						],
						"orientation": [
							-0.019858174651784397,
							0.0003796182486190966,
							-0.9360019173975904,
							0.35143408972027573
						],
						"linear": [
							0.0042587220668792725,
							0.0,
							0.0
						],
						"angular": [
							0.0,
							0.0,
							0.001788082648999989
						]
					},
					"aabb": [
						123.73322490892765,
						140.7740786876057,
						-0.012585571328671805,
						124.71403773975081,
						141.70627878950862,
						0.16287359607683358
					],
					"joint_state": {
						"position": [
							-1.3457,
							4.9235,
							1.0604,
							-5.8985,
							1.0913,
							-1.0656,
							0.0
						],
						"velocity": [
							-0.0083,
							0.014,
							-0.1008,
							0.0224,
							-0.0428,
							0.0104,
							0.0
						],
						"effort": [
							0.0,
							0.0,
							0.0,
							0.0,
							0.0,
							0.0,
							0.0
						]
					},
					"lift_state": "lift_down"
				}
			}
		},
		"objects": {
			"Rack": {
				"Rack_02": {
					"name": "Rack_02",
					"pose": {
						"translation": [
							133.05699157714844,
							143.09999084472656,
							0.19921104609966278
						],
						"rotation": [
							0.983835756778717,
							0.1790735274553299,
							-4.97384462505579e-08,
							9.080395102500916e-09
						]
					}
				}
			}
		},
		"relationships": {
			"L-Rack": [
				[
					"AMR_LIFT01",
					"none"
				]
			]
		}
	},
	"timestamp_2": {
		"robots": {
			"ARMLIFT": {
				"AMR_LIFT01": {
					"name": "AMR_LIFT01",
					"pose": {
						"translation": [
							139.6204376220703,
							142.42327880859375,
							0.06199939548969269
						],
						"rotation": [
							-0.009439692832529545,
							-0.003545170184224844,
							-0.9360673427581787,
							0.3516765236854553
						]
					},
					"odometry": {
						"position": [
							0.5913998917682897,
							-7.87604863230566,
							-0.013374884269940683
						],
						"orientation": [
							-0.019851813044044566,
							0.00038098174988756097,
							-0.9358950414439094,
							0.35171896703543554
						],
						"linear": [
							0.00023725410574115813,
							0.0,
							0.0
						],
						"angular": [
							0.0,
							0.0,
							0.0027871746569871902
						]
					},
					"aabb": [
						123.73332053343694,
						140.77456684323374,
						-0.012661089593551101,
						124.71402382643853,
						141.70692455842845,
						0.1628723326446889
					],
					"joint_state": {
						"position": [
							-1.3449,
							4.9251,
							1.0605,
							-5.8939,
							1.0875,
							-1.0622,
							0.0
						],
						"velocity": [
							-0.0098,
							0.001,
							0.0165,
							0.0103,
							0.1043,
							-0.0532,
							0.0
						],
						"effort": [
							0.0,
							0.0,
							0.0,
							0.0,
							0.0,
							0.0,
							0.0
						]
					},
					"lift_state": "lift_down"
				}
			}
		},
		"objects": {
			"Rack": {
				"Rack_02": {
					"name": "Rack_02",
					"pose": {
						"translation": [
							133.05699157714844,
							143.09999084472656,
							0.19921104609966278
						],
						"rotation": [
							0.983835756778717,
							0.1790735274553299,
							-4.97384462505579e-08,
							9.080395102500916e-09
						]
					}
				}
			}
		},
		"relationships": {
			"L-Rack": [
				[
					"AMR_LIFT01",
					"none"
				]
			]
		}
	},
	"timestamp_3": {
		"robots": {
			"ARMLIFT": {
				"AMR_LIFT01": {
					"name": "AMR_LIFT01",
					"pose": {
						"translation": [
							139.62059020996094,
							142.42298889160156,
							0.06200092285871506
						],
						"rotation": [
							-0.009441007860004902,
							-0.0035518466029316187,
							-0.9360487461090088,
							0.35172614455223083
						]
					},
					"odometry": {
						"position": [
							0.5915561528264287,
							-7.876331824597265,
							-0.013376802142770938
						],
						"orientation": [
							-0.019852914774142735,
							0.00037485711413962964,
							-0.9358764234710297,
							0.35176844834093424
						],
						"linear": [
							-0.0014251340180635452,
							0.0,
							0.0
						],
						"angular": [
							0.0,
							0.0,
							-0.003026795107871294
						]
					},
					"aabb": [
						123.73307694791569,
						140.77485426122442,
						-0.012691412479649097,
						124.71365777110172,
						141.70738702836357,
						0.1628683622714167
					],
					"joint_state": {
						"position": [
							-1.3441,
							4.9256,
							1.0635,
							-5.8954,
							1.0811,
							-1.0604,
							0.0
						],
						"velocity": [
							0.0117,
							-0.0132,
							0.0207,
							-0.0099,
							0.0316,
							-0.0284,
							0.0
						],
						"effort": [
							0.0,
							0.0,
							0.0,
							0.0,
							0.0,
							0.0,
							0.0
						]
					},
					"lift_state": "lift_down"
				}
			}
		},
		"objects": {
			"Rack": {
				"Rack_02": {
					"name": "Rack_02",
					"pose": {
						"translation": [
							133.05699157714844,
							143.09999084472656,
							0.19921104609966278
						],
						"rotation": [
							0.983835756778717,
							0.1790735274553299,
							-4.97384462505579e-08,
							9.080395102500916e-09
						]
					}
				}
			}
		},
		"relationships": {
			"L-Rack": [
				[
					"AMR_LIFT01",
					"none"
				]
			]
		}
	},
	"timestamp_4": {
		"robots": {
			"ARMLIFT": {
				"AMR_LIFT01": {
					"name": "AMR_LIFT01",
					"pose": {
						"translation": [
							139.62109375,
							142.42263793945312,
							0.06200195103883743
						],
						"rotation": [
							-0.009442168287932873,
							-0.0035416290629655123,
							-0.9360839128494263,
							0.35163232684135437
						]
					},