{
	"timestamp_0": {
		"robots": {
			"ARMLIFT": {
				"AMR_LIFT01": {
					"name": "AMR_LIFT01",
					"pose": {
						"translation": [
							139.6194305419922,
							142.42510986328125,
							0.062003325670957565
						],
						"rotation": [
							-0.009432589635252953,
							-0.003548183012753725,
							-0.9362127184867859,
							0.3512893319129944
						]
					},
					"odometry": {
						"position": [
							0.5903942721744461,
							-7.874212736878081,
							-0.013348538794505217
						],
						"orientation": [
							-0.01984633768730733,
							0.00037366298827444305,
							-0.9360404944899886,
							0.3513320024297679
						],
						"linear": [
							-0.006853978615254164,
							0.0,
							0.0
						],
						"angular": [
							0.0,
							0.0,
							0.0005637090071104467
						]
					},
					"aabb": [
						123.73405079192118,
						140.7731739546743,
						-0.013031915617345534,
						124.71491805834812,
						141.70529136017893,
						0.16286927932570636
					],
					"joint_state": {
						"position": [
							-1.3461,
							4.9219,
							1.0285,
							-5.8739,
							1.0679,
							-1.0372,
							0.0
						],
						"velocity": [
							-0.0016,
							-0.0011,
							0.0391,
							0.0101,
							0.1878,
							0.0325,
							0.0
						],
						"effort": [
							0.0,
							0.0,
							0.0,
							0.0,
							0.0,
							0.0,
							0.0
						]
					},
					"lift_state": "lift_down"
				}
			}
		},
		"objects": {
			"Rack": {
				"Rack_02": {
					"name": "Rack_02",
					"pose": {
						"translation": [
							133.05699157714844,
							143.09999084472656,
							0.19921104609966278
						],
						"rotation": [
							0.983835756778717,
							0.1790735274553299,
							-4.97384462505579e-08,
							9.080395102500916e-09
						]
					}
				}
			}
		},
		"relationships": {
			"L-Rack": [
				[
					"AMR_LIFT01",
					"none"
				]
			]
		}
	},
	"timestamp_1": {
		"robots": {
			"ARMLIFT": {
				"AMR_LIFT01": {
					"name": "AMR_LIFT01",
					"pose": {
						"translation": [
							139.61972045898438,
							142.42478942871094,
							0.06200363114476204
						],
						"rotation": [
							-0.009444819763302803,
							-0.0035369787365198135,
							-0.9362203478813171,
							0.3512689173221588
						]
					},
					"odometry": {
						"position": [
							0.5905016360775793,
							-7.874554533097357,
							-0.01335315390322117
						],
						"orientation": [
							-0.019850975590492134,
							0.0003776640539177936,
							-0.9360507601039387,
							0.3513043846108484
						],
						"linear": [
							0.007595922332257032,
							0.0,
							0.0
						],
						"angular": [
							0.0,
							0.0,
							0.00020026240963488817
						]
					},
					"aabb": [
						123.73360377395494,
						140.77356166297113,
						-0.012953129605124108,
						124.71443871989486,
						141.70572732021049,
						0.16287225739150102
					],
					"joint_state": {
						"position": [
							-1.3455,
							4.9221,
							1.0528,
							-5.8869,
							1.0892,
							-1.0488,
							0.0
						],
						"velocity": [
							0.0596,
							0.0718,
							0.4646,
							-0.1741,
							0.4254,
							-0.1766,
							0.0
						],
						"effort": [
							0.0,
							0.0,
							0.0,
							0.0,
							0.0,
							0.0,
							0.0
						]
					},
					"lift_state": "lift_down"
				}
			}
		},
		"objects": {
			"Rack": {
				"Rack_02": {
					"name": "Rack_02",
					"pose": {
						"translation": [
							133.05699157714844,
							143.09999084472656,
							0.19921104609966278
						],
						"rotation": [
							0.983835756778717,
							0.1790735274553299,
							-4.97384462505579e-08,
							9.080395102500916e-09
						]
					}
				}
			}
		},
		"relationships": {
			"L-Rack": [
				[
					"AMR_LIFT01",
					"none"
				]
			]
		}
	},
	"timestamp_2": {
		"robots": {
			"ARMLIFT": {
				"AMR_LIFT01": {
					"name": "AMR_LIFT01",
					"pose": {
						"translation": [
							139.6200408935547,
							142.42466735839844,
							0.06200767308473587
						],
						"rotation": [
							-0.00944996252655983,
							-0.0035353631246834993,
							-0.9362044334411621,
							0.3513112962245941
						]
					},
					"odometry": {
						"position": [
							0.5910094746667872,
							-7.874661915243933,
							-0.013357889515696884
						],
						"orientation": [
							-0.019863611600592145,
							0.0003867247685848438,
							-0.9360320287545005,
							0.3513535662603526
						],
						"linear": [
							8.08603799669072e-05,
							0.0,
							0.0
						],
						"angular": [
							0.0,
							0.0,
							0.002391719026491046
						]
					},
					"aabb": [
						123.73344295275422,
						140.77345456338253,
						-0.01282746389524371,
						124.71430301434519,
						141.70558640034355,
						0.16287346321807067
					],
					"joint_state": {
						"position": [
							-1.3463,
							4.9219,
							1.0537,
							-5.8857,
							1.0822,
							-1.0508,
							0.0
						],
						"velocity": [
							0.0001,
							0.0057,
							-0.0279,
							0.0125,
							-0.0032,
							0.0136,
							0.0
						],
						"effort": [
							0.0,
							0.0,
							0.0,
							0.0,
							0.0,
							0.0,
							0.0
						]
					},
					"lift_state": "lift_down"
				}
			}
		},
		"objects": {
			"Rack": {
				"Rack_02": {
					"name": "Rack_02",
					"pose": {
						"translation": [
							133.05699157714844,
							143.09999084472656,
							0.19921104609966278
						],
						"rotation": [
							0.983835756778717,
							0.1790735274553299,
							-4.97384462505579e-08,
							9.080395102500916e-09
						]
					}
				}
			}
		},
		"relationships": {
			"L-Rack": [
				[
					"AMR_LIFT01",
					"none"
				]
			]
		}
	},
	"timestamp_3": {
		"robots": {
			"ARMLIFT": {
				"AMR_LIFT01": {
					"name": "AMR_LIFT01",
					"pose": {
						"translation": [
							139.62008666992188,
							142.4244384765625,
							0.06199932098388672
						],
						"rotation": [
							-0.009441487491130829,
							-0.003542108926922083,
							-0.9362010955810547,
							0.3513200879096985
						]
					},
					"odometry": {
						"position": [
							0.5910777265129218,
							-7.874886530514261,
							-0.013364016373234928
						],
						"orientation": [
							-0.01985965930636206,
							0.0003809994219344285,
							-0.9360280133134423,
							0.3513644931750588
						],
						"linear": [
							0.0005117501132190228,
							0.0,
							0.0
						],
						"angular": [
							0.0,
							0.0,
							-0.0007971646264195442
						]
					},
					"aabb": [
						123.73360792081525,
						140.77335885822168,
						-0.012734373551321511,
						124.71446922459283,
						141.70548822384347,
						0.16287512839571217
					],
					"joint_state": {
						"position": [
							-1.346,
							4.9222,
							1.0622,
							-5.893,
							1.0974,
							-1.0586,
							0.0
						],
						"velocity": [
							0.0139,
							-0.0142,
							-0.006,
							-0.0004,
							0.0256,
							-0.0221,
							0.0
						],
						"effort": [
							0.0,
							0.0,
							0.0,
							0.0,
							0.0,
							0.0,
							0.0
						]
					},
					"lift_state": "lift_down"
				}
			}
		},
		"objects": {
			"Rack": {
				"Rack_02": {
					"name": "Rack_02",
					"pose": {
						"translation": [
							133.05699157714844,
							143.09999084472656,
							0.19921104609966278
						],
						"rotation": [
							0.983835756778717,
							0.1790735274553299,
							-4.97384462505579e-08,
							9.080395102500916e-09
						]
					}
				}
			}
		},
		"relationships": {
			"L-Rack": [
				[
					"AMR_LIFT01",
					"none"
				]
			]
		}
	},
	"timestamp_4": {
		"robots": {
			"ARMLIFT": {
				"AMR_LIFT01": {
					"name": "AMR_LIFT01",
					"pose": {
						"translation": [
							139.62022399902344,
							142.42396545410156,
							0.06200317293405533
						],
						"rotation": [
							-0.009444859810173512,
							-0.0035433643497526646,
							-0.9361742734909058,
							0.35139161348342896
						]
					},