{
	"timestamp_0": {
		"robots": {
			"ARMLIFT": {
				"AMR_LIFT01": {
					"name": "AMR_LIFT01",
					"pose": {
						"translation": [
							139.58116149902344,
							142.5725555419922,
							0.06200065463781357
						],
						"rotation": [
							-0.009326380677521229,
							-0.003734674770385027,
							-0.9282974004745483,
							0.3717031180858612
						]
					},
					"odometry": {
						"position": [
							0.5521342288715149,
							-7.726773076580681,
							-0.012495662523444832
						],
						"orientation": [
							-0.019651765775631953,
							0.00041426387239187125,
							-0.9281263004718,
							0.37174615917299497
						],
						"linear": [
							0.0022801400627940893,
							0.0,
							0.0
						],
						"angular": [
							0.0,
							0.0,
							0.0023137268144637346
						]
					},
					"aabb": [
						123.78542465157032,
						140.61010954119024,
						-0.012593333287523188,
						124.75243444511199,
						141.5599067710124,
						0.1631423201706438
					],
					"joint_state": {
						"position": [
							-2.3844,
							4.1711,
							0.9492,
							-4.8794,
							0.9567,
							0.001,
							0.0
						],
						"velocity": [
							-0.0394,
							-0.0498,
							-0.4564,
							0.0617,
							-0.4432,
							0.0696,
							0.0
						],
						"effort": [
							0.0,
							0.0,
							0.0,
							0.0,
							0.0,
							0.0,
							0.0
						]
					},
					"lift_state": "lift_down"
				}
			}
		},
		"objects": {
			"Rack": {
				"Rack_02": {
					"name": "Rack_02",
					"pose": {
						"translation": [
							133.05699157714844,
							143.09999084472656,
							0.19921104609966278
						],
						"rotation": [
							0.983835756778717,
							0.1790735274553299,
							-4.97384462505579e-08,
							9.080395102500916e-09
						]
					}
				}
			}
		},
		"relationships": {
			"L-Rack": [
				[
					"AMR_LIFT01",
					"none"
				]
			]
		}
	},
	"timestamp_1": {
		"robots": {
			"ARMLIFT": {
				"AMR_LIFT01": {
					"name": "AMR_LIFT01",
					"pose": {
						"translation": [
							139.58128356933594,
							142.5725555419922,
							0.06201007589697838
						],
						"rotation": [
							-0.00932528730481863,
							-0.0037486799992620945,
							-0.9282071590423584,
							0.371928334236145
						]
					},
					"odometry": {
						"position": [
							0.5522025556277181,
							-7.726743777272092,
							-0.01249781858202474
						],
						"orientation": [
							-0.019645498650781766,
							0.00041674039794831793,
							-0.9280460130551093,
							0.37194687572651935
						],
						"linear": [
							0.0021944742184132338,
							0.0,
							0.0
						],
						"angular": [
							0.0,
							0.0,
							0.0031644725240767
						]
					},
					"aabb": [
						123.7852117374165,
						140.61008122931722,
						-0.012603752063780721,
						124.752113257319,
						141.55999754533877,
						0.1631298420213752
					],
					"joint_state": {
						"position": [
							-2.3835,
							4.1718,
							0.9352,
							-4.8705,
							0.9352,
							0.013,
							0.0
						],
						"velocity": [
							0.0124,
							0.0168,
							-0.0447,
							0.0224,
							-0.165,
							0.0875,
							0.0
						],
						"effort": [
							0.0,
							0.0,
							0.0,
							0.0,
							0.0,
							0.0,
							0.0
						]
					},
					"lift_state": "lift_down"
				}
			}
		},
		"objects": {
			"Rack": {
				"Rack_02": {
					"name": "Rack_02",
					"pose": {
						"translation": [
							133.05699157714844,
							143.09999084472656,
							0.19921104609966278
						],
						"rotation": [
							0.983835756778717,
							0.1790735274553299,
							-4.97384462505579e-08,
							9.080395102500916e-09
						]
					}
				}
			}
		},
		"relationships": {
			"L-Rack": [
				[
					"AMR_LIFT01",
					"none"
				]
			]
		}
	},
	"timestamp_2": {
		"robots": {
			"ARMLIFT": {
				"AMR_LIFT01": {
					"name": "AMR_LIFT01",
					"pose": {
						"translation": [
							139.5817413330078,
							142.57215881347656,
							0.062006108462810516
						],
						"rotation": [
							-0.009326379746198654,
							-0.00373821216635406,
							-0.9282311201095581,
							0.37186866998672485
						]
					},
					"odometry": {
						"position": [
							0.5527006388269712,
							-7.727173427007025,
							-0.01250275474033253
						],
						"orientation": [
							-0.019651022371691276,
							0.0004125678387036666,
							-0.9280600163575197,
							0.3719116469620257
						],
						"linear": [
							0.0013233753852546215,
							0.0,
							0.0
						],
						"angular": [
							0.0,
							0.0,
							0.002875985810533166
						]
					},
					"aabb": [
						123.784866238595,
						140.61034566944633,
						-0.012606307522108957,
						124.75174046540151,
						141.5602937184934,
						0.16313846733489712
					],
					"joint_state": {
						"position": [
							-2.3832,
							4.1718,
							0.9365,
							-4.8747,
							0.9356,
							0.0128,
							0.0
						],
						"velocity": [
							-0.0209,
							-0.0055,
							0.0279,
							-0.018,
							0.0296,
							-0.0172,
							0.0
						],
						"effort": [
							0.0,
							0.0,
							0.0,
							0.0,
							0.0,
							0.0,
							0.0
						]
					},
					"lift_state": "lift_down"
				}
			}
		},
		"objects": {
			"Rack": {
				"Rack_02": {
					"name": "Rack_02",
					"pose": {
						"translation": [
							133.05699157714844,
							143.09999084472656,
							0.19921104609966278
						],
						"rotation": [
							0.983835756778717,
							0.1790735274553299,
							-4.97384462505579e-08,
							9.080395102500916e-09
						]
					}
				}
			}
		},
		"relationships": {
			"L-Rack": [
				[
					"AMR_LIFT01",
					"none"
				]
			]
		}
	},
	"timestamp_3": {
		"robots": {
			"ARMLIFT": {
				"AMR_LIFT01": {
					"name": "AMR_LIFT01",
					"pose": {
						"translation": [
							139.5820770263672,
							142.5714569091797,
							0.06200961768627167
						],
						"rotation": [
							-0.009313822723925114,
							-0.003761925036087632,
							-0.9282656908035278,
							0.37178221344947815
						]
					},
					"odometry": {
						"position": [
							0.5531400112631066,
							-7.727925359283153,
							-0.012513064008091095
						],
						"orientation": [
							-0.01965106384724023,
							0.0004303207516042239,
							-0.9280879327450018,
							0.3718419551460427
						],
						"linear": [
							0.0017534613143652678,
							0.0,
							0.0
						],
						"angular": [
							0.0,
							0.0,
							0.0030779922381043434
						]
					},
					"aabb": [
						123.78444731809785,
						140.611067022494,
						-0.012608930296031716,
						124.75140432719607,
						141.56091814797654,
						0.16312543371636162
					],
					"joint_state": {
						"position": [
							-2.3824,
							4.1729,
							0.921,
							-4.8697,
							0.9281,
							0.014,
							0.0
						],
						"velocity": [
							0.009,
							0.0133,
							0.0944,
							-0.1219,
							0.103,
							-0.1054,
							0.0
						],
						"effort": [
							0.0,
							0.0,
							0.0,
							0.0,
							0.0,
							0.0,
							0.0
						]
					},
					"lift_state": "lift_down"
				}
			}
		},
		"objects": {
			"Rack": {
				"Rack_02": {
					"name": "Rack_02",
					"pose": {
						"translation": [
							133.05699157714844,
							143.09999084472656,
							0.19921104609966278
						],
						"rotation": [
							0.983835756778717,
							0.1790735274553299,
							-4.97384462505579e-08,
							9.080395102500916e-09
						]
					}
				}
			}
		},
		"relationships": {
			"L-Rack": [
				[
					"AMR_LIFT01",
					"none"
				]
			]
		}
	},
	"timestamp_4": {
		"robots": {
			"ARMLIFT": {
				"AMR_LIFT01": {
					"name": "AMR_LIFT01",
					"pose": {
						"translation": [
							139.5821075439453,
							142.5713348388672,
							0.061999548226594925
						],
						"rotation": [
							-0.00932063814252615,
							-0.0037266495637595654,
							-0.9284812808036804,
							0.37124377489089966
						]
					},