{
	"timestamp_0": {
		"robots": {
			"ARMLIFT": {
				"AMR_LIFT01": {
					"name": "AMR_LIFT01",
					"pose": {
						"translation": [
							139.61767578125,
							142.4680938720703,
							0.06200099736452103
						],
						"rotation": [
							-0.009421993046998978,
							-0.0036027906462550163,
							-0.9339346289634705,
							0.3573015630245209
						]
					},
					"odometry": {
						"position": [
							0.5886345866660005,
							-7.831234234235863,
							-0.01331055819823889
						],
						"orientation": [
							-0.019810307150517154,
							0.00038593841503678966,
							-0.9337625097971772,
							0.3573443410485445
						],
						"linear": [
							0.00043264939449727535,
							0.0,
							0.0
						],
						"angular": [
							0.0,
							0.0,
							0.001882933429442346
						]
					},
					"aabb": [
						123.73966393553818,
						140.7252056788146,
						-0.014866226804804554,
						124.71670471447662,
						141.66264442516433,
						0.1629525729635296
					],
					"joint_state": {
						"position": [
							-1.6934,
							4.6603,
							1.0684,
							-5.5619,
							1.0654,
							-0.6806,
							0.0
						],
						"velocity": [
							0.0037,
							-0.0128,
							-0.0208,
							0.0364,
							-0.0482,
							0.022,
							0.0
						],
						"effort": [
							0.0,
							0.0,
							0.0,
							0.0,
							0.0,
							0.0,
							0.0
						]
					},
					"lift_state": "lift_down"
				}
			}
		},
		"objects": {
			"Rack": {
				"Rack_02": {
					"name": "Rack_02",
					"pose": {
						"translation": [
							133.05699157714844,
							143.09999084472656,
							0.19921104609966278
						],
						"rotation": [
							0.983835756778717,
							0.1790735274553299,
							-4.97384462505579e-08,
							9.080395102500916e-09
						]
					}
				}
			}
		},
		"relationships": {
			"L-Rack": [
				[
					"AMR_LIFT01",
					"none"
				]
			]
		}
	},
	"timestamp_1": {
		"robots": {
			"ARMLIFT": {
				"AMR_LIFT01": {
					"name": "AMR_LIFT01",
					"pose": {
						"translation": [
							139.6175994873047,
							142.46804809570312,
							0.06200084462761879
						],
						"rotation": [
							-0.009421594440937042,
							-0.0036088568158447742,
							-0.9339223504066467,
							0.35733363032341003
						]
					},
					"odometry": {
						"position": [
							0.5885564796100708,
							-7.831273301269084,
							-0.013308975949232093
						],
						"orientation": [
							-0.01980977048208019,
							0.00038022925477201983,
							-0.9337502296073668,
							0.35737646414859414
						],
						"linear": [
							0.001411915523931384,
							0.0,
							0.0
						],
						"angular": [
							0.0,
							0.0,
							-0.003272242611274123
						]
					},
					"aabb": [
						123.73943864333167,
						140.72545466869303,
						-0.014835031844659573,
						124.71645993149349,
						141.66292133733663,
						0.16295709873110972
					],
					"joint_state": {
						"position": [
							-1.6917,
							4.6603,
							1.075,
							-5.5731,
							1.0721,
							-0.6887,
							0.0
						],
						"velocity": [
							0.0147,
							-0.008,
							-0.0879,
							-0.055,
							0.1548,
							-0.1917,
							0.0
						],
						"effort": [
							0.0,
							0.0,
							0.0,
							0.0,
							0.0,
							0.0,
							0.0
						]
					},
					"lift_state": "lift_down"
				}
			}
		},
		"objects": {
			"Rack": {
				"Rack_02": {
					"name": "Rack_02",
					"pose": {
						"translation": [
							133.05699157714844,
							143.09999084472656,
							0.19921104609966278
						],
						"rotation": [
							0.983835756778717,
							0.1790735274553299,
							-4.97384462505579e-08,
							9.080395102500916e-09
						]
					}
				}
			}
		},
		"relationships": {
			"L-Rack": [
				[
					"AMR_LIFT01",
					"none"
				]
			]
		}
	},
	"timestamp_2": {
		"robots": {
			"ARMLIFT": {
				"AMR_LIFT01": {
					"name": "AMR_LIFT01",
					"pose": {
						"translation": [
							139.617431640625,
							142.4682159423828,
							0.062001798301935196
						],
						"rotation": [
							-0.00942287314683199,
							-0.0036057261750102043,
							-0.9340378046035767,
							0.35703176259994507
						]
					},
					"odometry": {
						"position": [
							0.5882831200445436,
							-7.830990109882466,
							-0.013301756430920159
						],
						"orientation": [
							-0.019814049623277444,
							0.0003815326040706193,
							-0.9338701866881317,
							0.35706264476345406
						],
						"linear": [
							0.0018860677955672145,
							0.0,
							0.0
						],
						"angular": [
							0.0,
							0.0,
							0.00039731545257382095
						]
					},
					"aabb": [
						123.7396666931502,
						140.72526408719233,
						-0.014820373616623504,
						124.71680729591112,
						141.66256923734736,
						0.1629532692973347
					],
					"joint_state": {
						"position": [
							-1.6907,
							4.6612,
							1.0761,
							-5.5752,
							1.0706,
							-0.6903,
							0.0
						],
						"velocity": [
							0.007,
							0.0164,
							-0.129,
							0.0225,
							-0.0229,
							-0.0018,
							0.0
						],
						"effort": [
							0.0,
							0.0,
							0.0,
							0.0,
							0.0,
							0.0,
							0.0
						]
					},
					"lift_state": "lift_down"
				}
			}
		},
		"objects": {
			"Rack": {
				"Rack_02": {
					"name": "Rack_02",
					"pose": {
						"translation": [
							133.05699157714844,
							143.09999084472656,
							0.19921104609966278
						],
						"rotation": [
							0.983835756778717,
							0.1790735274553299,
							-4.97384462505579e-08,
							9.080395102500916e-09
						]
					}
				}
			}
		},
		"relationships": {
			"L-Rack": [
				[
					"AMR_LIFT01",
					"none"
				]
			]
		}
	},
	"timestamp_3": {
		"robots": {
			"ARMLIFT": {
				"AMR_LIFT01": {
					"name": "AMR_LIFT01",
					"pose": {
						"translation": [
							139.61766052246094,
							142.46824645996094,
							0.06200042739510536
						],
						"rotation": [
							-0.009427432902157307,
							-0.0036006479058414698,
							-0.9341354370117188,
							0.3567761778831482
						]
					},
					"odometry": {
						"position": [
							0.5886150399917287,
							-7.831087751723591,
							-0.013310684162325497
						],
						"orientation": [
							-0.019817986708814548,
							0.0003822361444951821,
							-0.9339632609806237,
							0.35681890145671735
						],
						"linear": [
							-0.003316541900858283,
							0.0,
							0.0
						],
						"angular": [
							0.0,
							0.0,
							0.002853150013834238
						]
					},
					"aabb": [
						123.7391268986417,
						140.72568884283922,
						-0.014809530240581435,
						124.71645540655932,
						141.66274291940502,
						0.16295459703994827
					],
					"joint_state": {
						"position": [
							-1.6903,
							4.6625,
							1.0803,
							-5.5776,
							1.0907,
							-0.6974,
							0.0
						],
						"velocity": [
							0.0222,
							0.0224,
							-0.0606,
							-0.0028,
							-0.0016,
							0.0056,
							0.0
						],
						"effort": [
							0.0,
							0.0,
							0.0,
							0.0,
							0.0,
							0.0,
							0.0
						]
					},
					"lift_state": "lift_down"
				}
			}
		},
		"objects": {
			"Rack": {
				"Rack_02": {
					"name": "Rack_02",
					"pose": {
						"translation": [
							133.05699157714844,
							143.09999084472656,
							0.19921104609966278
						],
						"rotation": [
							0.983835756778717,
							0.1790735274553299,
							-4.97384462505579e-08,
							9.080395102500916e-09
						]
					}
				}
			}
		},
		"relationships": {
			"L-Rack": [
				[
					"AMR_LIFT01",
					"none"
				]
			]
		}
	},
	"timestamp_4": {
		"robots": {
			"ARMLIFT": {
				"AMR_LIFT01": {
					"name": "AMR_LIFT01",
					"pose": {
						"translation": [
							139.6173095703125,
							142.46847534179688,
							0.06200077012181282
						],
						"rotation": [
							-0.00943669117987156,
							-0.0035986583679914474,
							-0.9342519044876099,
							0.3564707636833191
						]
					},