{
	"timestamp_0": {
		"robots": {
			"ARMLIFT": {
				"AMR_LIFT01": {
					"name": "AMR_LIFT01",
					"pose": {
						"translation": [
							139.61953735351562,
							142.4477996826172,
							0.06199951097369194
						],
						"rotation": [
							-0.009415820240974426,
							-0.003573262831196189,
							-0.9348781704902649,
							0.3548259139060974
						]
					},
					"odometry": {
						"position": [
							0.5905003917642483,
							-7.851527146948051,
							-0.013354101107534924
						],
						"orientation": [
							-0.019814670461700483,
							0.0003879259299721235,
							-0.934706096947235,
							0.3548686245325628
						],
						"linear": [
							-0.003713780315592885,
							0.0,
							0.0
						],
						"angular": [
							0.0,
							0.0,
							0.000801091839093715
						]
					},
					"aabb": [
						123.73591962757196,
						140.74782828510996,
						-0.014770251838652609,
						124.71460435830846,
						141.6830245337102,
						0.1629147995551451
					],
					"joint_state": {
						"position": [
							-1.523,
							4.8109,
							1.0306,
							-5.7382,
							1.0243,
							-0.8341,
							0.0
						],
						"velocity": [
							-0.0019,
							-0.0018,
							0.0112,
							0.0033,
							0.0562,
							0.0092,
							0.0
						],
						"effort": [
							0.0,
							0.0,
							0.0,
							0.0,
							0.0,
							0.0,
							0.0
						]
					},
					"lift_state": "lift_down"
				}
			}
		},
		"objects": {
			"Rack": {
				"Rack_02": {
					"name": "Rack_02",
					"pose": {
						"translation": [
							133.05699157714844,
							143.09999084472656,
							0.19921104609966278
						],
						"rotation": [
							0.983835756778717,
							0.1790735274553299,
							-4.97384462505579e-08,
							9.080395102500916e-09
						]
					}
				}
			}
		},
		"relationships": {
			"L-Rack": [
				[
					"AMR_LIFT01",
					"none"
				]
			]
		}
	},
	"timestamp_1": {
		"robots": {
			"ARMLIFT": {
				"AMR_LIFT01": {
					"name": "AMR_LIFT01",
					"pose": {
						"translation": [
							139.61912536621094,
							142.44775390625,
							0.06200004369020462
						],
						"rotation": [
							-0.0094134621322155,
							-0.0035742863547056913,
							-0.9348462224006653,
							0.35491031408309937
						]
					},
					"odometry": {
						"position": [
							0.5901099098512104,
							-7.851742008760168,
							-0.013343839255325026
						],
						"orientation": [
							-0.019813595159984217,
							0.0003896892074490721,
							-0.9346719516837058,
							0.35495860649508204
						],
						"linear": [
							0.003647943725809455,
							0.0,
							0.0
						],
						"angular": [
							0.0,
							0.0,
							-0.00024307961575686932
						]
					},
					"aabb": [
						123.73640489868845,
						140.74760611821767,
						-0.01478372851916783,
						124.71500025508807,
						141.68292273502144,
						0.1629069092461025
					],
					"joint_state": {
						"position": [
							-1.5222,
							4.8109,
							1.0257,
							-5.7371,
							1.017,
							-0.8328,
							0.0
						],
						"velocity": [
							0.0614,
							0.0395,
							0.0374,
							0.0171,
							0.0318,
							0.0049,
							0.0
						],
						"effort": [
							0.0,
							0.0,
							0.0,
							0.0,
							0.0,
							0.0,
							0.0
						]
					},
					"lift_state": "lift_down"
				}
			}
		},
		"objects": {
			"Rack": {
				"Rack_02": {
					"name": "Rack_02",
					"pose": {
						"translation": [
							133.05699157714844,
							143.09999084472656,
							0.19921104609966278
						],
						"rotation": [
							0.983835756778717,
							0.1790735274553299,
							-4.97384462505579e-08,
							9.080395102500916e-09
						]
					}
				}
			}
		},
		"relationships": {
			"L-Rack": [
				[
					"AMR_LIFT01",
					"none"
				]
			]
		}
	},
	"timestamp_2": {
		"robots": {
			"ARMLIFT": {
				"AMR_LIFT01": {
					"name": "AMR_LIFT01",
					"pose": {
						"translation": [
							139.61904907226562,
							142.44740295410156,
							0.062000881880521774
						],
						"rotation": [
							-0.009415367618203163,
							-0.003570126835256815,
							-0.9348844885826111,
							0.35480940341949463
						]
					},
					"odometry": {
						"position": [
							0.5900122830623301,
							-7.851927561585072,
							-0.013341871845338834
						],
						"orientation": [
							-0.019814286075335624,
							0.00039087767920970067,
							-0.9347124232495695,
							0.3548519791474783
						],
						"linear": [
							0.002401947043836117,
							0.0,
							0.0
						],
						"angular": [
							0.0,
							0.0,
							0.0047265007160604
						]
					},
					"aabb": [
						123.73653759236134,
						140.74802620967958,
						-0.014778662680100595,
						124.71515774122423,
						141.68330893063091,
						0.16291029371975335
					],
					"joint_state": {
						"position": [
							-1.5214,
							4.8103,
							1.0171,
							-5.7348,
							1.0185,
							-0.8341,
							0.0
						],
						"velocity": [
							-0.0075,
							0.0083,
							-0.0121,
							0.0061,
							-0.0684,
							0.0099,
							0.0
						],
						"effort": [
							0.0,
							0.0,
							0.0,
							0.0,
							0.0,
							0.0,
							0.0
						]
					},
					"lift_state": "lift_down"
				}
			}
		},
		"objects": {
			"Rack": {
				"Rack_02": {
					"name": "Rack_02",
					"pose": {
						"translation": [
							133.05699157714844,
							143.09999084472656,
							0.19921104609966278
						],
						"rotation": [
							0.983835756778717,
							0.1790735274553299,
							-4.97384462505579e-08,
							9.080395102500916e-09
						]
					}
				}
			}
		},
		"relationships": {
			"L-Rack": [
				[
					"AMR_LIFT01",
					"none"
				]
			]
		}
	},
	"timestamp_3": {
		"robots": {
			"ARMLIFT": {
				"AMR_LIFT01": {
					"name": "AMR_LIFT01",
					"pose": {
						"translation": [
							139.61927795410156,
							142.44720458984375,
							0.06200023368000984
						],
						"rotation": [
							-0.009411775507032871,
							-0.003570207394659519,
							-0.9349122643470764,
							0.35473647713661194
						]
					},
					"odometry": {
						"position": [
							0.5902465953915861,
							-7.852122863342574,
							-0.013347761292187692
						],
						"orientation": [
							-0.019810999283682917,
							0.00038998530863159476,
							-0.9347402391918762,
							0.3547788852994993
						],
						"linear": [
							0.003809068351984024,
							0.0,
							0.0
						],
						"angular": [
							0.0,
							0.0,
							-0.00624316930770874
						]
					},
					"aabb": [
						123.73638213276348,
						140.74812942064398,
						-0.014773240949598134,
						124.71506261955568,
						141.68332741894324,
						0.16290757522034022
					],
					"joint_state": {
						"position": [
							-1.5221,
							4.8119,
							1.0099,
							-5.7376,
							1.0359,
							-0.8345,
							0.0
						],
						"velocity": [
							-0.033,
							-0.0272,
							-0.0256,
							-0.0154,
							-0.02,
							-0.0034,
							0.0
						],
						"effort": [
							0.0,
							0.0,
							0.0,
							0.0,
							0.0,
							0.0,
							0.0
						]
					},
					"lift_state": "lift_down"
				}
			}
		},
		"objects": {
			"Rack": {
				"Rack_02": {
					"name": "Rack_02",
					"pose": {
						"translation": [
							133.05699157714844,
							143.09999084472656,
							0.19921104609966278
						],
						"rotation": [
							0.983835756778717,
							0.1790735274553299,
							-4.97384462505579e-08,
							9.080395102500916e-09
						]
					}
				}
			}
		},
		"relationships": {
			"L-Rack": [
				[
					"AMR_LIFT01",
					"none"
				]
			]
		}
	},
	"timestamp_4": {
		"robots": {
			"ARMLIFT": {
				"AMR_LIFT01": {
					"name": "AMR_LIFT01",
					"pose": {
						"translation": [
							139.6195068359375,
							142.44662475585938,
							0.062000080943107605
						],
						"rotation": [
							-0.009409518912434578,
							-0.003571694018319249,
							-0.9348813891410828,
							0.35481786727905273
						]
					},