{
	"timestamp_0": {
		"robots": {
			"ARMLIFT": {
				"AMR_LIFT01": {
					"name": "AMR_LIFT01",
					"pose": {
						"translation": [
							139.60787963867188,
							142.49740600585938,
							0.06200576573610306
						],
						"rotation": [
							-0.009398390538990498,
							-0.0036654521245509386,
							-0.931723952293396,
							0.3630273640155792
						]
					},
					"odometry": {
						"position": [
							0.5788406580737749,
							-7.801918280802174,
							-0.0130869834786599
						],
						"orientation": [
							-0.0197620227593898,
							0.0003869735769442571,
							-0.931552078205503,
							0.3630702938811114
						],
						"linear": [
							-0.006246465723961592,
							0.0,
							0.0
						],
						"angular": [
							0.0,
							0.0,
							-0.003640532959252596
						]
					},
					"aabb": [
						123.75305441894957,
						140.69172767447944,
						-0.01417850191621587,
						124.72616452274056,
						141.63426090391764,
						0.1630015095012812
					],
					"joint_state": {
						"position": [
							-1.9108,
							4.5064,
							1.0504,
							-5.3548,
							1.0785,
							-0.4889,
							0.0
						],
						"velocity": [
							0.0288,
							0.0339,
							0.0709,
							-0.0495,
							0.1249,
							-0.0488,
							0.0
						],
						"effort": [
							0.0,
							0.0,
							0.0,
							0.0,
							0.0,
							0.0,
							0.0
						]
					},
					"lift_state": "lift_down"
				}
			}
		},
		"objects": {
			"Rack": {
				"Rack_02": {
					"name": "Rack_02",
					"pose": {
						"translation": [
							133.05699157714844,
							143.09999084472656,
							0.19921104609966278
						],
						"rotation": [
							0.983835756778717,
							0.1790735274553299,
							-4.97384462505579e-08,
							9.080395102500916e-09
						]
					}
				}
			}
		},
		"relationships": {
			"L-Rack": [
				[
					"AMR_LIFT01",
					"none"
				]
			]
		}
	},
	"timestamp_1": {
		"robots": {
			"ARMLIFT": {
				"AMR_LIFT01": {
					"name": "AMR_LIFT01",
					"pose": {
						"translation": [
							139.60806274414062,
							142.4974365234375,
							0.06200698763132095
						],
						"rotation": [
							-0.009396154433488846,
							-0.003665592987090349,
							-0.9317837357521057,
							0.36287397146224976
						]
					},
					"odometry": {
						"position": [
							0.579026184263899,
							-7.8018889716365205,
							-0.013089907593556101
						],
						"orientation": [
							-0.01976045279677304,
							0.00038512645603242803,
							-0.9316118868050065,
							0.3629168893100669
						],
						"linear": [
							0.0004145179991610348,
							0.0,
							0.0
						],
						"angular": [
							0.0,
							0.0,
							0.0005525766755454242
						]
					},
					"aabb": [
						123.75265869965241,
						140.6917267935206,
						-0.014164662435320895,
						124.72590938470564,
						141.63408378320193,
						0.16300224124566728
					],
					"joint_state": {
						"position": [
							-1.9098,
							4.506,
							1.0407,
							-5.3469,
							1.0674,
							-0.4821,
							0.0
						],
						"velocity": [
							0.0001,
							-0.0149,
							-0.4661,
							0.2389,
							-0.3761,
							0.2488,
							0.0
						],
						"effort": [
							0.0,
							0.0,
							0.0,
							0.0,
							0.0,
							0.0,
							0.0
						]
					},
					"lift_state": "lift_down"
				}
			}
		},
		"objects": {
			"Rack": {
				"Rack_02": {
					"name": "Rack_02",
					"pose": {
						"translation": [
							133.05699157714844,
							143.09999084472656,
							0.19921104609966278
						],
						"rotation": [
							0.983835756778717,
							0.1790735274553299,
							-4.97384462505579e-08,
							9.080395102500916e-09
						]
					}
				}
			}
		},
		"relationships": {
			"L-Rack": [
				[
					"AMR_LIFT01",
					"none"
				]
			]
		}
	},
	"timestamp_2": {
		"robots": {
			"ARMLIFT": {
				"AMR_LIFT01": {
					"name": "AMR_LIFT01",
					"pose": {
						"translation": [
							139.60838317871094,
							142.49700927734375,
							0.06200237199664116
						],
						"rotation": [
							-0.009400158189237118,
							-0.0036511432845145464,
							-0.9318901896476746,
							0.36260053515434265
						]
					},
					"odometry": {
						"position": [
							0.5793482899132161,
							-7.802318651980862,
							-0.013101705298711222
						],
						"orientation": [
							-0.01976564491459961,
							0.00039653330784871404,
							-0.93171831108597,
							0.36264328317170486
						],
						"linear": [
							-7.160252425819635e-05,
							0.0,
							0.0
						],
						"angular": [
							0.0,
							0.0,
							-0.00395565340295434
						]
					},
					"aabb": [
						123.75220269058808,
						140.69228929646133,
						-0.01419223192018715,
						124.72557512136467,
						141.63449582550297,
						0.16300920509500044
					],
					"joint_state": {
						"position": [
							-1.9088,
							4.5071,
							1.0541,
							-5.3565,
							1.0826,
							-0.4892,
							0.0
						],
						"velocity": [
							-0.0114,
							-0.0272,
							0.067,
							-0.078,
							0.1218,
							-0.0638,
							0.0
						],
						"effort": [
							0.0,
							0.0,
							0.0,
							0.0,
							0.0,
							0.0,
							0.0
						]
					},
					"lift_state": "lift_down"
				}
			}
		},
		"objects": {
			"Rack": {
				"Rack_02": {
					"name": "Rack_02",
					"pose": {
						"translation": [
							133.05699157714844,
							143.09999084472656,
							0.19921104609966278
						],
						"rotation": [
							0.983835756778717,
							0.1790735274553299,
							-4.97384462505579e-08,
							9.080395102500916e-09
						]
					}
				}
			}
		},
		"relationships": {
			"L-Rack": [
				[
					"AMR_LIFT01",
					"none"
				]
			]
		}
	},
	"timestamp_3": {
		"robots": {
			"ARMLIFT": {
				"AMR_LIFT01": {
					"name": "AMR_LIFT01",
					"pose": {
						"translation": [
							139.6088409423828,
							142.496826171875,
							0.06200221925973892
						],
						"rotation": [
							-0.00939999334514141,
							-0.003664896823465824,
							-0.9318857789039612,
							0.36261188983917236
						]
					},
					"odometry": {
						"position": [
							0.5797389053872328,
							-7.802582297121606,
							-0.013107109448142936
						],
						"orientation": [
							-0.019770870148001395,
							0.000386172736387344,
							-0.9317295693932134,
							0.36261408285192936
						],
						"linear": [
							-0.007543206214904785,
							0.0,
							0.0
						],
						"angular": [
							0.0,
							0.0,
							0.010226979851722717
						]
					},
					"aabb": [
						123.75169596440381,
						140.69268755683194,
						-0.014294783568085294,
						124.72518170386802,
						141.6347523216785,
						0.16300991150694247
					],
					"joint_state": {
						"position": [
							-1.9052,
							4.5077,
							1.0641,
							-5.3657,
							1.0958,
							-0.5019,
							0.0
						],
						"velocity": [
							-0.0158,
							0.0145,
							0.0131,
							0.0735,
							-0.0515,
							0.0537,
							0.0
						],
						"effort": [
							0.0,
							0.0,
							0.0,
							0.0,
							0.0,
							0.0,
							0.0
						]
					},
					"lift_state": "lift_down"
				}
			}
		},
		"objects": {
			"Rack": {
				"Rack_02": {
					"name": "Rack_02",
					"pose": {
						"translation": [
							133.05699157714844,
							143.09999084472656,
							0.19921104609966278
						],
						"rotation": [
							0.983835756778717,
							0.1790735274553299,
							-4.97384462505579e-08,
							9.080395102500916e-09
						]
					}
				}
			}
		},
		"relationships": {
			"L-Rack": [
				[
					"AMR_LIFT01",
					"none"
				]
			]
		}
	},
	"timestamp_4": {
		"robots": {
			"ARMLIFT": {
				"AMR_LIFT01": {
					"name": "AMR_LIFT01",
					"pose": {
						"translation": [
							139.60894775390625,
							142.49664306640625,
							0.06200622394680977
						],
						"rotation": [
							-0.009400654584169388,
							-0.0036749406717717648,
							-0.9318580031394958,
							0.3626830279827118
						]
					},