{
	"timestamp_0": {
		"robots": {
			"ARMLIFT": {
				"AMR_LIFT01": {
					"name": "AMR_LIFT01",
					"pose": {
						"translation": [
							139.57797241210938,
							142.5791473388672,
							0.06200729310512543
						],
						"rotation": [
							-0.009263680316507816,
							-0.0037362973671406507,
							-0.9281977415084839,
							0.37195348739624023
						]
					},
					"odometry": {
						"position": [
							0.548941462893427,
							-7.720181423100678,
							-0.01241774082927385
						],
						"orientation": [
							-0.01958795605256491,
							0.00041542801966042435,
							-0.9280273372140202,
							0.3719965064092655
						],
						"linear": [
							0.005059863440692425,
							0.0,
							0.0
						],
						"angular": [
							0.0,
							0.0,
							-0.0005583998281508684
						]
					},
					"aabb": [
						123.78868971929298,
						140.60323568265414,
						-0.012429618523326334,
						124.7555349780848,
						141.55319399214466,
						0.16312188113561116
					],
					"joint_state": {
						"position": [
							-2.4183,
							4.1347,
							0.7247,
							-4.7405,
							0.7803,
							0.1317,
							0.0
						],
						"velocity": [
							-0.0285,
							-0.0282,
							0.0484,
							0.0407,
							0.435,
							-0.1747,
							0.0
						],
						"effort": [
							0.0,
							0.0,
							0.0,
							0.0,
							0.0,
							0.0,
							0.0
						]
					},
					"lift_state": "lift_down"
				}
			}
		},
		"objects": {
			"Rack": {
				"Rack_02": {
					"name": "Rack_02",
					"pose": {
						"translation": [
							133.05699157714844,
							143.09999084472656,
							0.19921104609966278
						],
						"rotation": [
							0.983835756778717,
							0.1790735274553299,
							-4.97384462505579e-08,
							9.080395102500916e-09
						]
					}
				}
			}
		},
		"relationships": {
			"L-Rack": [
				[
					"AMR_LIFT01",
					"none"
				]
			]
		}
	},
	"timestamp_1": {
		"robots": {
			"ARMLIFT": {
				"AMR_LIFT01": {
					"name": "AMR_LIFT01",
					"pose": {
						"translation": [
							139.5782470703125,
							142.5785675048828,
							0.06200149282813072
						],
						"rotation": [
							-0.009261496365070343,
							-0.003716295352205634,
							-0.9281478524208069,
							0.3720780611038208
						]
					},
					"odometry": {
						"position": [
							0.5492147336159988,
							-7.720757593061196,
							-0.012429650217030224
						],
						"orientation": [
							-0.019585219354690573,
							0.0004368147748613832,
							-0.9279774919027852,
							0.37212095197327655
						],
						"linear": [
							-0.0008670337265357375,
							0.0,
							0.0
						],
						"angular": [
							0.0,
							0.0,
							0.004009397234767675
						]
					},
					"aabb": [
						123.7885152326773,
						140.60384250208048,
						-0.012430771633327266,
						124.75530679294674,
						141.55386488330177,
						0.1631389957908379
					],
					"joint_state": {
						"position": [
							-2.4165,
							4.1357,
							0.7234,
							-4.7431,
							0.7853,
							0.1273,
							0.0
						],
						"velocity": [
							-0.0069,
							0.0006,
							-0.0133,
							0.0147,
							-0.0411,
							0.0276,
							0.0
						],
						"effort": [
							0.0,
							0.0,
							0.0,
							0.0,
							0.0,
							0.0,
							0.0
						]
					},
					"lift_state": "lift_down"
				}
			}
		},
		"objects": {
			"Rack": {
				"Rack_02": {
					"name": "Rack_02",
					"pose": {
						"translation": [
							133.05699157714844,
							143.09999084472656,
							0.19921104609966278
						],
						"rotation": [
							0.983835756778717,
							0.1790735274553299,
							-4.97384462505579e-08,
							9.080395102500916e-09
						]
					}
				}
			}
		},
		"relationships": {
			"L-Rack": [
				[
					"AMR_LIFT01",
					"none"
				]
			]
		}
	},
	"timestamp_2": {
		"robots": {
			"ARMLIFT": {
				"AMR_LIFT01": {
					"name": "AMR_LIFT01",
					"pose": {
						"translation": [
							139.57818603515625,
							142.57846069335938,
							0.06199962645769119
						],
						"rotation": [
							-0.00926333386451006,
							-0.003715334227308631,
							-0.928099513053894,
							0.3721984624862671
						]
					},
					"odometry": {
						"position": [
							0.5491463563814551,
							-7.720874788055248,
							-0.012429971351426271
						],
						"orientation": [
							-0.01958651957020432,
							0.0004391156598623017,
							-0.9279291327945048,
							0.3722414538170108
						],
						"linear": [
							0.0003322469419799745,
							0.0,
							0.0
						],
						"angular": [
							0.0,
							0.0,
							-0.0026975381188094616
						]
					},
					"aabb": [
						123.78862764864527,
						140.60383772298462,
						-0.012442415070894856,
						124.7552863939881,
						141.55400785531296,
						0.16312069949586655
					],
					"joint_state": {
						"position": [
							-2.4158,
							4.1365,
							0.737,
							-4.749,
							0.7807,
							0.1252,
							0.0
						],
						"velocity": [
							-0.0038,
							0.0198,
							0.0579,
							-0.0234,
							-0.1739,
							0.0307,
							0.0
						],
						"effort": [
							0.0,
							0.0,
							0.0,
							0.0,
							0.0,
							0.0,
							0.0
						]
					},
					"lift_state": "lift_down"
				}
			}
		},
		"objects": {
			"Rack": {
				"Rack_02": {
					"name": "Rack_02",
					"pose": {
						"translation": [
							133.05699157714844,
							143.09999084472656,
							0.19921104609966278
						],
						"rotation": [
							0.983835756778717,
							0.1790735274553299,
							-4.97384462505579e-08,
							9.080395102500916e-09
						]
					}
				}
			}
		},
		"relationships": {
			"L-Rack": [
				[
					"AMR_LIFT01",
					"none"
				]
			]
		}
	},
	"timestamp_3": {
		"robots": {
			"ARMLIFT": {
				"AMR_LIFT01": {
					"name": "AMR_LIFT01",
					"pose": {
						"translation": [
							139.57823181152344,
							142.5783233642578,
							0.062000006437301636
						],
						"rotation": [
							-0.009266609326004982,
							-0.0037156343460083008,
							-0.9281502962112427,
							0.3720718324184418
						]
					},
					"odometry": {
						"position": [
							0.549185619077727,
							-7.720933361503925,
							-0.01242155311805802
						],
						"orientation": [
							-0.01959603161687092,
							0.0004201019368507531,
							-0.9279780704499401,
							0.3721189592364778
						],
						"linear": [
							0.0015419945120811462,
							0.0,
							0.0
						],
						"angular": [
							0.0,
							0.0,
							-0.0008562439470551908
						]
					},
					"aabb": [
						123.78844633223885,
						140.60398611385543,
						-0.012446389879014107,
						124.75519615983455,
						141.55405544643293,
						0.16313246841184334
					],
					"joint_state": {
						"position": [
							-2.4154,
							4.1367,
							0.7473,
							-4.7517,
							0.7767,
							0.1272,
							0.0
						],
						"velocity": [
							-0.0002,
							-0.0002,
							0.032,
							0.0001,
							0.0326,
							0.0004,
							0.0
						],
						"effort": [
							0.0,
							0.0,
							0.0,
							0.0,
							0.0,
							0.0,
							0.0
						]
					},
					"lift_state": "lift_down"
				}
			}
		},
		"objects": {
			"Rack": {
				"Rack_02": {
					"name": "Rack_02",
					"pose": {
						"translation": [
							133.05699157714844,
							143.09999084472656,
							0.19921104609966278
						],
						"rotation": [
							0.983835756778717,
							0.1790735274553299,
							-4.97384462505579e-08,
							9.080395102500916e-09
						]
					}
				}
			}
		},
		"relationships": {
			"L-Rack": [
				[
					"AMR_LIFT01",
					"none"
				]
			]
		}
	},
	"timestamp_4": {
		"robots": {
			"ARMLIFT": {
				"AMR_LIFT01": {
					"name": "AMR_LIFT01",
					"pose": {
						"translation": [
							139.57815551757812,
							142.57827758789062,
							0.06200733035802841
						],
						"rotation": [
							-0.00927014835178852,
							-0.003738464554771781,
							-0.9282094836235046,
							0.3719240128993988
						]
					},