{
	"timestamp_0": {
		"robots": {
			"ARMLIFT": {
				"AMR_LIFT01": {
					"name": "AMR_LIFT01",
					"pose": {
						"translation": [
							139.58294677734375,
							142.5668182373047,
							0.06200019642710686
						],
						"rotation": [
							-0.009348075836896896,
							-0.0037200343795120716,
							-0.9291348457336426,
							0.3696042597293854
						]
					},
					"odometry": {
						"position": [
							0.5539114240736446,
							-7.732505416217413,
							-0.012535792955980136
						],
						"orientation": [
							-0.019682810602308243,
							0.000405555988881674,
							-0.9289635226804788,
							0.36964739417478537
						],
						"linear": [
							-0.0012057219864800572,
							0.0,
							0.0
						],
						"angular": [
							0.0,
							0.0,
							0.0022636274807155132
						]
					},
					"aabb": [
						123.78233578514035,
						140.61724786090596,
						-0.012665004424367559,
						124.75094184960666,
						141.5652149225194,
						0.16313444808493652
					],
					"joint_state": {
						"position": [
							-2.3666,
							4.1906,
							0.994,
							-4.9484,
							1.0045,
							-0.0507,
							0.0
						],
						"velocity": [
							-0.0454,
							-0.0235,
							-0.1901,
							0.1417,
							-0.4709,
							0.1899,
							0.0
						],
						"effort": [
							0.0,
							0.0,
							0.0,
							0.0,
							0.0,
							0.0,
							0.0
						]
					},
					"lift_state": "lift_down"
				}
			}
		},
		"objects": {
			"Rack": {
				"Rack_02": {
					"name": "Rack_02",
					"pose": {
						"translation": [
							133.05699157714844,
							143.09999084472656,
							0.19921104609966278
						],
						"rotation": [
							0.983835756778717,
							0.1790735274553299,
							-4.97384462505579e-08,
							9.080395102500916e-09
						]
					}
				}
			}
		},
		"relationships": {
			"L-Rack": [
				[
					"AMR_LIFT01",
					"none"
				]
			]
		}
	},
	"timestamp_1": {
		"robots": {
			"ARMLIFT": {
				"AMR_LIFT01": {
					"name": "AMR_LIFT01",
					"pose": {
						"translation": [
							139.58323669433594,
							142.5664825439453,
							0.062003668397665024
						],
						"rotation": [
							-0.009354052133858204,
							-0.0037317080423235893,
							-0.9291793704032898,
							0.3694920539855957
						]
					},
					"odometry": {
						"position": [
							0.5541946523956058,
							-7.732847191861892,
							-0.012538628332833297
						],
						"orientation": [
							-0.019689283233631595,
							0.0003926349486994152,
							-0.9290079695476656,
							0.36953534402065885
						],
						"linear": [
							-0.00016997412603814155,
							0.0,
							0.0
						],
						"angular": [
							0.0,
							0.0,
							-0.0004931093426421285
						]
					},
					"aabb": [
						123.78191946440657,
						140.6175167910017,
						-0.012662207972145723,
						124.75052148624196,
						141.56548917926327,
						0.16312907181121983
					],
					"joint_state": {
						"position": [
							-2.367,
							4.1916,
							1.0134,
							-4.9582,
							1.0172,
							-0.0549,
							0.0
						],
						"velocity": [
							-0.0007,
							-0.003,
							-0.0179,
							0.0116,
							-0.0121,
							0.0079,
							0.0
						],
						"effort": [
							0.0,
							0.0,
							0.0,
							0.0,
							0.0,
							0.0,
							0.0
						]
					},
					"lift_state": "lift_down"
				}
			}
		},
		"objects": {
			"Rack": {
				"Rack_02": {
					"name": "Rack_02",
					"pose": {
						"translation": [
							133.05699157714844,
							143.09999084472656,
							0.19921104609966278
						],
						"rotation": [
							0.983835756778717,
							0.1790735274553299,
							-4.97384462505579e-08,
							9.080395102500916e-09
						]
					}
				}
			}
		},
		"relationships": {
			"L-Rack": [
				[
					"AMR_LIFT01",
					"none"
				]
			]
		}
	},
	"timestamp_2": {
		"robots": {
			"ARMLIFT": {
				"AMR_LIFT01": {
					"name": "AMR_LIFT01",
					"pose": {
						"translation": [
							139.5836639404297,
							142.56614685058594,
							0.062003135681152344
						],
						"rotation": [
							-0.009355174377560616,
							-0.0037292554043233395,
							-0.9292228817939758,
							0.3693825900554657
						]
					},
					"odometry": {
						"position": [
							0.5546340023400373,
							-7.733179201472155,
							-0.012548945919481039
						],
						"orientation": [
							-0.01969089130402008,
							0.0003938698258778103,
							-0.9290514710850042,
							0.36942587584115333
						],
						"linear": [
							-0.003133856924250722,
							0.0,
							0.0
						],
						"angular": [
							0.0,
							0.0,
							0.0008431010064668953
						]
					},
					"aabb": [
						123.78142681349665,
						140.61803106603477,
						-0.012657709817464089,
						124.75014934940344,
						141.5658647602818,
						0.16312880663934556
					],
					"joint_state": {
						"position": [
							-2.3659,
							4.1923,
							1.0166,
							-4.9624,
							1.0186,
							-0.0588,
							0.0
						],
						"velocity": [
							0.0217,
							0.0204,
							-0.0414,
							0.0053,
							-0.0554,
							-0.0093,
							0.0
						],
						"effort": [
							0.0,
							0.0,
							0.0,
							0.0,
							0.0,
							0.0,
							0.0
						]
					},
					"lift_state": "lift_down"
				}
			}
		},
		"objects": {
			"Rack": {
				"Rack_02": {
					"name": "Rack_02",
					"pose": {
						"translation": [
							133.05699157714844,
							143.09999084472656,
							0.19921104609966278
						],
						"rotation": [
							0.983835756778717,
							0.1790735274553299,
							-4.97384462505579e-08,
							9.080395102500916e-09
						]
					}
				}
			}
		},
		"relationships": {
			"L-Rack": [
				[
					"AMR_LIFT01",
					"none"
				]
			]
		}
	},
	"timestamp_3": {
		"robots": {
			"ARMLIFT": {
				"AMR_LIFT01": {
					"name": "AMR_LIFT01",
					"pose": {
						"translation": [
							139.58412170410156,
							142.56521606445312,
							0.062000539153814316
						],
						"rotation": [
							-0.009350398555397987,
							-0.0037194443866610527,
							-0.9291426539421082,
							0.3695846199989319
						]
					},
					"odometry": {
						"position": [
							0.5550928649607343,
							-7.734116684030282,
							-0.0125617599332348
						],
						"orientation": [
							-0.019685219221310578,
							0.00040592735031489866,
							-0.9289713056748617,
							0.3696277054009047
						],
						"linear": [
							0.00034080856130458415,
							0.0,
							0.0
						],
						"angular": [
							0.0,
							0.0,
							0.000657043419778347
						]
					},
					"aabb": [
						123.78110570802428,
						140.6189129305838,
						-0.012666175347750774,
						124.74966914177516,
						141.56692957715933,
						0.16312518984833121
					],
					"joint_state": {
						"position": [
							-2.3656,
							4.1936,
							0.9993,
							-4.9508,
							1.0177,
							-0.0641,
							0.0
						],
						"velocity": [
							-0.0083,
							-0.0079,
							-0.087,
							0.0543,
							-0.0055,
							0.0071,
							0.0
						],
						"effort": [
							0.0,
							0.0,
							0.0,
							0.0,
							0.0,
							0.0,
							0.0
						]
					},
					"lift_state": "lift_down"
				}
			}
		},
		"objects": {
			"Rack": {
				"Rack_02": {
					"name": "Rack_02",
					"pose": {
						"translation": [
							133.05699157714844,
							143.09999084472656,
							0.19921104609966278
						],
						"rotation": [
							0.983835756778717,
							0.1790735274553299,
							-4.97384462505579e-08,
							9.080395102500916e-09
						]
					}
				}
			}
		},
		"relationships": {
			"L-Rack": [
				[
					"AMR_LIFT01",
					"none"
				]
			]
		}
	},
	"timestamp_4": {
		"robots": {
			"ARMLIFT": {
				"AMR_LIFT01": {
					"name": "AMR_LIFT01",
					"pose": {
						"translation": [
							139.58352661132812,
							142.5657196044922,
							0.062002867460250854
						],
						"rotation": [
							-0.009349017404019833,
							-0.0037293853238224983,
							-0.9291495680809021,
							0.36956700682640076
						]
					},