{
	"timestamp_0": {
		"robots": {
			"ARMLIFT": {
				"AMR_LIFT01": {
					"name": "AMR_LIFT01",
					"pose": {
						"translation": [
							139.60777282714844,
							142.49722290039062,
							0.06199966371059418
						],
						"rotation": [
							-0.009381191805005074,
							-0.0036605731584131718,
							-0.9314976930618286,
							0.3636079728603363
						]
					},
					"odometry": {
						"position": [
							0.5787331364819837,
							-7.802103845818237,
							-0.013090710024142182
						],
						"orientation": [
							-0.01974229965774499,
							0.0003983114974671203,
							-0.931326013755805,
							0.3636508477288301
						],
						"linear": [
							-0.0026233189273625612,
							0.0,
							0.0
						],
						"angular": [
							0.0,
							0.0,
							0.002040636260062456
						]
					},
					"aabb": [
						123.75338858650628,
						140.6915052586416,
						-0.014270270073664335,
						124.72615284575095,
						141.63446765694053,
						0.16299786771453317
					],
					"joint_state": {
						"position": [
							-1.8911,
							4.5235,
							1.025,
							-5.3635,
							1.0207,
							-0.488,
							0.0
						],
						"velocity": [
							-0.0017,
							-0.0016,
							-0.007,
							0.0144,
							-0.0415,
							0.0092,
							0.0
						],
						"effort": [
							0.0,
							0.0,
							0.0,
							0.0,
							0.0,
							0.0,
							0.0
						]
					},
					"lift_state": "lift_down"
				}
			}
		},
		"objects": {
			"Rack": {
				"Rack_02": {
					"name": "Rack_02",
					"pose": {
						"translation": [
							133.05699157714844,
							143.09999084472656,
							0.19921104609966278
						],
						"rotation": [
							0.983835756778717,
							0.1790735274553299,
							-4.97384462505579e-08,
							9.080395102500916e-09
						]
					}
				}
			}
		},
		"relationships": {
			"L-Rack": [
				[
					"AMR_LIFT01",
					"none"
				]
			]
		}
	},
	"timestamp_1": {
		"robots": {
			"ARMLIFT": {
				"AMR_LIFT01": {
					"name": "AMR_LIFT01",
					"pose": {
						"translation": [
							139.60777282714844,
							142.49681091308594,
							0.06199992820620537
						],
						"rotation": [
							-0.009383242577314377,
							-0.003658994333818555,
							-0.9315904378890991,
							0.3633701801300049
						]
					},
					"odometry": {
						"position": [
							0.578733164598405,
							-7.802523767985196,
							-0.013090449044658087
						],
						"orientation": [
							-0.01974538805778045,
							0.00039724539024220146,
							-0.931418737871566,
							0.36341312110088514
						],
						"linear": [
							-0.0006572527927346528,
							0.0,
							0.0
						],
						"angular": [
							0.0,
							0.0,
							-4.814120984519832e-05
						]
					},
					"aabb": [
						123.75321799176113,
						140.69216306453652,
						-0.014292361121993802,
						124.72616386279786,
						141.63490051014662,
						0.16300013988520154
					],
					"joint_state": {
						"position": [
							-1.8908,
							4.523,
							1.0254,
							-5.3666,
							1.0283,
							-0.493,
							0.0
						],
						"velocity": [
							-0.0177,
							-0.0218,
							-0.0639,
							0.0423,
							-0.0854,
							0.0387,
							0.0
						],
						"effort": [
							0.0,
							0.0,
							0.0,
							0.0,
							0.0,
							0.0,
							0.0
						]
					},
					"lift_state": "lift_down"
				}
			}
		},
		"objects": {
			"Rack": {
				"Rack_02": {
					"name": "Rack_02",
					"pose": {
						"translation": [
							133.05699157714844,
							143.09999084472656,
							0.19921104609966278
						],
						"rotation": [
							0.983835756778717,
							0.1790735274553299,
							-4.97384462505579e-08,
							9.080395102500916e-09
						]
					}
				}
			}
		},
		"relationships": {
			"L-Rack": [
				[
					"AMR_LIFT01",
					"none"
				]
			]
		}
	},
	"timestamp_2": {
		"robots": {
			"ARMLIFT": {
				"AMR_LIFT01": {
					"name": "AMR_LIFT01",
					"pose": {
						"translation": [
							139.60752868652344,
							142.49671936035156,
							0.061999738216400146
						],
						"rotation": [
							-0.009380943141877651,
							-0.0036593033000826836,
							-0.9315218925476074,
							0.36354607343673706
						]
					},
					"odometry": {
						"position": [
							0.5784988478120958,
							-7.8026019059370775,
							-0.013085412273444641
						],
						"orientation": [
							-0.019742319483008666,
							0.00039889266671290757,
							-0.9313502174321728,
							0.36358885323276313
						],
						"linear": [
							0.0005561662837862968,
							0.0,
							0.0
						],
						"angular": [
							0.0,
							0.0,
							0.004444906022399664
						]
					},
					"aabb": [
						123.75361621371168,
						140.69197701575632,
						-0.014263743142809513,
						124.72641871625618,
						141.6348919241902,
						0.16299717662946658
					],
					"joint_state": {
						"position": [
							-1.8899,
							4.5242,
							1.0197,
							-5.3647,
							1.0285,
							-0.4947,
							0.0
						],
						"velocity": [
							-0.0018,
							0.0058,
							0.2692,
							-0.0884,
							0.2477,
							-0.0949,
							0.0
						],
						"effort": [
							0.0,
							0.0,
							0.0,
							0.0,
							0.0,
							0.0,
							0.0
						]
					},
					"lift_state": "lift_down"
				}
			}
		},
		"objects": {
			"Rack": {
				"Rack_02": {
					"name": "Rack_02",
					"pose": {
						"translation": [
							133.05699157714844,
							143.09999084472656,
							0.19921104609966278
						],
						"rotation": [
							0.983835756778717,
							0.1790735274553299,
							-4.97384462505579e-08,
							9.080395102500916e-09
						]
					}
				}
			}
		},
		"relationships": {
			"L-Rack": [
				[
					"AMR_LIFT01",
					"none"
				]
			]
		}
	},
	"timestamp_3": {
		"robots": {
			"ARMLIFT": {
				"AMR_LIFT01": {
					"name": "AMR_LIFT01",
					"pose": {
						"translation": [
							139.6073760986328,
							142.4964599609375,
							0.06200847402215004
						],
						"rotation": [
							-0.009377955459058285,
							-0.0036786068230867386,
							-0.9313770532608032,
							0.36391663551330566
						]
					},
					"odometry": {
						"position": [
							0.578333081330606,
							-7.80286556992716,
							-0.013073002476925007
						],
						"orientation": [
							-0.019737722127408906,
							0.0003837132960927514,
							-0.9312053913647953,
							0.36395987990775314
						],
						"linear": [
							-0.0008060703985393047,
							0.0,
							0.0
						],
						"angular": [
							0.0,
							0.0,
							-0.000671082001645118
						]
					},
					"aabb": [
						123.7539109829003,
						140.6919818008738,
						-0.014215070939574588,
						124.72644086214065,
						141.6352340802461,
						0.1629950953671669
					],
					"joint_state": {
						"position": [
							-1.8877,
							4.5235,
							1.0095,
							-5.3581,
							1.0082,
							-0.4852,
							0.0
						],
						"velocity": [
							0.0159,
							0.0007,
							0.0194,
							-0.0345,
							0.0709,
							-0.0259,
							0.0
						],
						"effort": [
							0.0,
							0.0,
							0.0,
							0.0,
							0.0,
							0.0,
							0.0
						]
					},
					"lift_state": "lift_down"
				}
			}
		},
		"objects": {
			"Rack": {
				"Rack_02": {
					"name": "Rack_02",
					"pose": {
						"translation": [
							133.05699157714844,
							143.09999084472656,
							0.19921104609966278
						],
						"rotation": [
							0.983835756778717,
							0.1790735274553299,
							-4.97384462505579e-08,
							9.080395102500916e-09
						]
					}
				}
			}
		},
		"relationships": {
			"L-Rack": [
				[
					"AMR_LIFT01",
					"none"
				]
			]
		}
	},
	"timestamp_4": {
		"robots": {
			"ARMLIFT": {
				"AMR_LIFT01": {
					"name": "AMR_LIFT01",
					"pose": {
						"translation": [
							139.607666015625,
							142.4969024658203,
							0.06200599670410156
						],
						"rotation": [
							-0.009378297254443169,
							-0.0036788973957300186,
							-0.9314697980880737,
							0.363679438829422
						]
					},