{
	"timestamp_0": {
		"robots": {
			"ARMLIFT": {
				"AMR_LIFT01": {
					"name": "AMR_LIFT01",
					"pose": {
						"translation": [
							139.6201171875,
							142.44725036621094,
							0.062000274658203125
						],
						"rotation": [
							-0.009405135177075863,
							-0.0035784824285656214,
							-0.934587299823761,
							0.35559165477752686
						]
					},
					"odometry": {
						"position": [
							0.591076466538528,
							-7.852073990929397,
							-0.01336617971971808
						],
						"orientation": [
							-0.019800736698990788,
							0.00039122488087242054,
							-0.9344153377145468,
							0.3556342987017417
						],
						"linear": [
							0.0039039989933371544,
							0.0,
							0.0
						],
						"angular": [
							0.0,
							0.0,
							-0.0018549388041719794
						]
					},
					"aabb": [
						123.73595775850389,
						140.74756556268696,
						-0.014793004304565427,
						124.71406984554454,
						141.68354394466726,
						0.1629050458809764
					],
					"joint_state": {
						"position": [
							-1.5394,
							4.7968,
							1.003,
							-5.7339,
							0.9996,
							-0.8275,
							0.0
						],
						"velocity": [
							-0.03,
							-0.0299,
							-0.147,
							0.0476,
							-0.1118,
							0.0475,
							0.0
						],
						"effort": [
							0.0,
							0.0,
							0.0,
							0.0,
							0.0,
							0.0,
							0.0
						]
					},
					"lift_state": "lift_down"
				}
			}
		},
		"objects": {
			"Rack": {
				"Rack_02": {
					"name": "Rack_02",
					"pose": {
						"translation": [
							133.05699157714844,
							143.09999084472656,
							0.19921104609966278
						],
						"rotation": [
							0.983835756778717,
							0.1790735274553299,
							-4.97384462505579e-08,
							9.080395102500916e-09
						]
					}
				}
			}
		},
		"relationships": {
			"L-Rack": [
				[
					"AMR_LIFT01",
					"none"
				]
			]
		}
	},
	"timestamp_1": {
		"robots": {
			"ARMLIFT": {
				"AMR_LIFT01": {
					"name": "AMR_LIFT01",
					"pose": {
						"translation": [
							139.61990356445312,
							142.4476776123047,
							0.06200019642710686
						],
						"rotation": [
							-0.009403657168149948,
							-0.0035804675426334143,
							-0.934513509273529,
							0.3557857573032379
						]
					},
					"odometry": {
						"position": [
							0.5908616518223,
							-7.851654079823928,
							-0.013361482635144039
						],
						"orientation": [
							-0.019798429116875616,
							0.00039139837717574023,
							-0.9343415611326803,
							0.35582821157401295
						],
						"linear": [
							0.0020503303967416286,
							0.0,
							0.0
						],
						"angular": [
							0.0,
							0.0,
							0.00026360841002315283
						]
					},
					"aabb": [
						123.73618654771744,
						140.74707459604667,
						-0.01479149596756928,
						124.71418151725699,
						141.68321262792193,
						0.16290509983889914
					],
					"joint_state": {
						"position": [
							-1.5382,
							4.7977,
							0.9971,
							-5.7328,
							1.004,
							-0.8296,
							0.0
						],
						"velocity": [
							-0.0197,
							-0.0195,
							0.1309,
							-0.1407,
							0.1051,
							-0.1399,
							0.0
						],
						"effort": [
							0.0,
							0.0,
							0.0,
							0.0,
							0.0,
							0.0,
							0.0
						]
					},
					"lift_state": "lift_down"
				}
			}
		},
		"objects": {
			"Rack": {
				"Rack_02": {
					"name": "Rack_02",
					"pose": {
						"translation": [
							133.05699157714844,
							143.09999084472656,
							0.19921104609966278
						],
						"rotation": [
							0.983835756778717,
							0.1790735274553299,
							-4.97384462505579e-08,
							9.080395102500916e-09
						]
					}
				}
			}
		},
		"relationships": {
			"L-Rack": [
				[
					"AMR_LIFT01",
					"none"
				]
			]
		}
	},
	"timestamp_2": {
		"robots": {
			"ARMLIFT": {
				"AMR_LIFT01": {
					"name": "AMR_LIFT01",
					"pose": {
						"translation": [
							139.6200714111328,
							142.44784545898438,
							0.06199977919459343
						],
						"rotation": [
							-0.00940551608800888,
							-0.0035813208669424057,
							-0.9345425963401794,
							0.35570934414863586
						]
					},
					"odometry": {
						"position": [
							0.5910276079902687,
							-7.851478290216938,
							-0.013365581493954804
						],
						"orientation": [
							-0.019800611227796604,
							0.000389694853190076,
							-0.9343706269177938,
							0.3557517610443777
						],
						"linear": [
							-0.0013491320423781872,
							0.0,
							0.0
						],
						"angular": [
							0.0,
							0.0,
							-0.00108180136885494
						]
					},
					"aabb": [
						123.73607960258985,
						140.74687826945308,
						-0.014788136263853195,
						124.71411527366011,
						141.6829615807512,
						0.16290551181018187
					],
					"joint_state": {
						"position": [
							-1.5379,
							4.799,
							1.0043,
							-5.7341,
							1.0042,
							-0.8296,
							0.0
						],
						"velocity": [
							0.0158,
							0.0247,
							0.0769,
							-0.048,
							0.0403,
							-0.0738,
							0.0
						],
						"effort": [
							0.0,
							0.0,
							0.0,
							0.0,
							0.0,
							0.0,
							0.0
						]
					},
					"lift_state": "lift_down"
				}
			}
		},
		"objects": {
			"Rack": {
				"Rack_02": {
					"name": "Rack_02",
					"pose": {
						"translation": [
							133.05699157714844,
							143.09999084472656,
							0.19921104609966278
						],
						"rotation": [
							0.983835756778717,
							0.1790735274553299,
							-4.97384462505579e-08,
							9.080395102500916e-09
						]
					}
				}
			}
		},
		"relationships": {
			"L-Rack": [
				[
					"AMR_LIFT01",
					"none"
				]
			]
		}
	},
	"timestamp_3": {
		"robots": {
			"ARMLIFT": {
				"AMR_LIFT01": {
					"name": "AMR_LIFT01",
					"pose": {
						"translation": [
							139.6198272705078,
							142.44818115234375,
							0.06200077012181282
						],
						"rotation": [
							-0.009409736841917038,
							-0.0035787795204669237,
							-0.9345654249191284,
							0.35564902424812317
						]
					},
					"odometry": {
						"position": [
							0.5907640152613781,
							-7.85102908126325,
							-0.01335802008616012
						],
						"orientation": [
							-0.019805362863567755,
							0.00039255463664038704,
							-0.9343966878996494,
							0.3556830374713774
						],
						"linear": [
							-0.003423241898417473,
							0.0,
							0.0
						],
						"angular": [
							0.0,
							0.0,
							0.0004382494371384382
						]
					},
					"aabb": [
						123.73576396863253,
						140.7470831859778,
						-0.014760733006662006,
						124.71379284447643,
						141.68317790310073,
						0.16291087998918194
					],
					"joint_state": {
						"position": [
							-1.5381,
							4.7996,
							1.0191,
							-5.7365,
							1.009,
							-0.8376,
							0.0
						],
						"velocity": [
							-0.0323,
							-0.0309,
							0.0561,
							0.0268,
							0.2493,
							-0.1808,
							0.0
						],
						"effort": [
							0.0,
							0.0,
							0.0,
							0.0,
							0.0,
							0.0,
							0.0
						]
					},
					"lift_state": "lift_down"
				}
			}
		},
		"objects": {
			"Rack": {
				"Rack_02": {
					"name": "Rack_02",
					"pose": {
						"translation": [
							133.05699157714844,
							143.09999084472656,
							0.19921104609966278
						],
						"rotation": [
							0.983835756778717,
							0.1790735274553299,
							-4.97384462505579e-08,
							9.080395102500916e-09
						]
					}
				}
			}
		},
		"relationships": {
			"L-Rack": [
				[
					"AMR_LIFT01",
					"none"
				]
			]
		}
	},
	"timestamp_4": {
		"robots": {
			"ARMLIFT": {
				"AMR_LIFT01": {
					"name": "AMR_LIFT01",
					"pose": {
						"translation": [
							139.61953735351562,
							142.44845581054688,
							0.062000006437301636
						],
						"rotation": [
							-0.009409909136593342,
							-0.003583489917218685,
							-0.9345518350601196,
							0.3556850850582123
						]
					},