{
	"timestamp_0": {
		"robots": {
			"ARMLIFT": {
				"AMR_LIFT01": {
					"name": "AMR_LIFT01",
					"pose": {
						"translation": [
							139.6195068359375,
							142.46104431152344,
							0.06199989095330238
						],
						"rotation": [
							-0.009426623582839966,
							-0.0035974725615233183,
							-0.9342412352561951,
							0.3564990758895874
						]
					},
					"odometry": {
						"position": [
							0.5904801902598623,
							-7.838275166823888,
							-0.01335237006996885
						],
						"orientation": [
							-0.01981928618284811,
							0.0003836584680784389,
							-0.9340632805930603,
							0.356556919087419
						],
						"linear": [
							-0.0006810984341427684,
							0.0,
							0.0
						],
						"angular": [
							0.0,
							0.0,
							-0.006440812721848488
						]
					},
					"aabb": [
						123.73721159857517,
						140.73296773379806,
						-0.014649175416309088,
						124.71471573007553,
						141.66978314034208,
						0.16293961412587216
					],
					"joint_state": {
						"position": [
							-1.6232,
							4.6951,
							1.1129,
							-5.6616,
							1.0759,
							-0.7226,
							0.0
						],
						"velocity": [
							0.018,
							-0.0053,
							0.0275,
							-0.0132,
							0.0357,
							-0.0119,
							0.0
						],
						"effort": [
							0.0,
							0.0,
							0.0,
							0.0,
							0.0,
							0.0,
							0.0
						]
					},
					"lift_state": "lift_down"
				}
			}
		},
		"objects": {
			"Rack": {
				"Rack_02": {
					"name": "Rack_02",
					"pose": {
						"translation": [
							133.05699157714844,
							143.09999084472656,
							0.19921104609966278
						],
						"rotation": [
							0.983835756778717,
							0.1790735274553299,
							-4.97384462505579e-08,
							9.080395102500916e-09
						]
					}
				}
			}
		},
		"relationships": {
			"L-Rack": [
				[
					"AMR_LIFT01",
					"none"
				]
			]
		}
	},
	"timestamp_1": {
		"robots": {
			"ARMLIFT": {
				"AMR_LIFT01": {
					"name": "AMR_LIFT01",
					"pose": {
						"translation": [
							139.619873046875,
							142.46067810058594,
							0.06200164556503296
						],
						"rotation": [
							-0.00942476000636816,
							-0.0036033792421221733,
							-0.9341148734092712,
							0.35683009028434753
						]
					},
					"odometry": {
						"position": [
							0.5908317116428536,
							-7.8386560059770165,
							-0.013359038198888876
						],
						"orientation": [
							-0.019815083455955743,
							0.00038010476686715813,
							-0.933942724279678,
							0.3568728145334883
						],
						"linear": [
							-0.0010818660957738757,
							0.0,
							0.0
						],
						"angular": [
							0.0,
							0.0,
							0.0014391501899808645
						]
					},
					"aabb": [
						123.737149574553,
						140.73303496493472,
						-0.014643892227495705,
						124.71446232586574,
						141.67010846790066,
						0.1629388079294991
					],
					"joint_state": {
						"position": [
							-1.6225,
							4.6955,
							1.1093,
							-5.6624,
							1.0736,
							-0.7234,
							0.0
						],
						"velocity": [
							-0.0044,
							-0.0017,
							-0.0734,
							0.0473,
							-0.0801,
							0.0466,
							0.0
						],
						"effort": [
							0.0,
							0.0,
							0.0,
							0.0,
							0.0,
							0.0,
							0.0
						]
					},
					"lift_state": "lift_down"
				}
			}
		},
		"objects": {
			"Rack": {
				"Rack_02": {
					"name": "Rack_02",
					"pose": {
						"translation": [
							133.05699157714844,
							143.09999084472656,
							0.19921104609966278
						],
						"rotation": [
							0.983835756778717,
							0.1790735274553299,
							-4.97384462505579e-08,
							9.080395102500916e-09
						]
					}
				}
			}
		},
		"relationships": {
			"L-Rack": [
				[
					"AMR_LIFT01",
					"none"
				]
			]
		}
	},
	"timestamp_2": {
		"robots": {
			"ARMLIFT": {
				"AMR_LIFT01": {
					"name": "AMR_LIFT01",
					"pose": {
						"translation": [
							139.62014770507812,
							142.4600372314453,
							0.06199977919459343
						],
						"rotation": [
							-0.00942365825176239,
							-0.0036013885401189327,
							-0.9340932965278625,
							0.35688671469688416
						]
					},
					"odometry": {
						"position": [
							0.5910172407140818,
							-7.839154043804331,
							-0.013363091223075612
						],
						"orientation": [
							-0.019814618809174105,
							0.0003775991277509364,
							-0.9339350963573678,
							0.3568928047639798
						],
						"linear": [
							0.0007715591345913708,
							0.0,
							0.0
						],
						"angular": [
							0.0,
							0.0,
							-0.0010092303855344653
						]
					},
					"aabb": [
						123.73670106057286,
						140.73378647329798,
						-0.014644810863182754,
						124.71397196720774,
						141.67091633841244,
						0.16293660746599772
					],
					"joint_state": {
						"position": [
							-1.6213,
							4.6951,
							1.1039,
							-5.6635,
							1.0723,
							-0.721,
							0.0
						],
						"velocity": [
							-0.0091,
							0.0176,
							-0.0782,
							0.0271,
							-0.0958,
							0.0264,
							0.0
						],
						"effort": [
							0.0,
							0.0,
							0.0,
							0.0,
							0.0,
							0.0,
							0.0
						]
					},
					"lift_state": "lift_down"
				}
			}
		},
		"objects": {
			"Rack": {
				"Rack_02": {
					"name": "Rack_02",
					"pose": {
						"translation": [
							133.05699157714844,
							143.09999084472656,
							0.19921104609966278
						],
						"rotation": [
							0.983835756778717,
							0.1790735274553299,
							-4.97384462505579e-08,
							9.080395102500916e-09
						]
					}
				}
			}
		},
		"relationships": {
			"L-Rack": [
				[
					"AMR_LIFT01",
					"none"
				]
			]
		}
	},
	"timestamp_3": {
		"robots": {
			"ARMLIFT": {
				"AMR_LIFT01": {
					"name": "AMR_LIFT01",
					"pose": {
						"translation": [
							139.62017822265625,
							142.46022033691406,
							0.06200122833251953
						],
						"rotation": [
							-0.009421776980161667,
							-0.003606836311519146,
							-0.9339801073074341,
							0.35718274116516113
						]
					},
					"odometry": {
						"position": [
							0.5911343857428375,
							-7.839105210324011,
							-0.013366186631050249
						],
						"orientation": [
							-0.019810595483208373,
							0.0003805708092362756,
							-0.933807986936495,
							0.3572254736242511
						],
						"linear": [
							-0.004945741500705481,
							0.0,
							0.0
						],
						"angular": [
							0.0,
							0.0,
							0.0018646317766979337
						]
					},
					"aabb": [
						123.73681111206083,
						140.7333680501179,
						-0.01460726051749961,
						124.71388413115123,
						141.67076421221128,
						0.16293740370184243
					],
					"joint_state": {
						"position": [
							-1.6201,
							4.6963,
							1.0981,
							-5.6604,
							1.0694,
							-0.7148,
							0.0
						],
						"velocity": [
							0.0335,
							0.0211,
							-0.0228,
							-0.0123,
							-0.0168,
							0.0017,
							0.0
						],
						"effort": [
							0.0,
							0.0,
							0.0,
							0.0,
							0.0,
							0.0,
							0.0
						]
					},
					"lift_state": "lift_down"
				}
			}
		},
		"objects": {
			"Rack": {
				"Rack_02": {
					"name": "Rack_02",
					"pose": {
						"translation": [
							133.05699157714844,
							143.09999084472656,
							0.19921104609966278
						],
						"rotation": [
							0.983835756778717,
							0.1790735274553299,
							-4.97384462505579e-08,
							9.080395102500916e-09
						]
					}
				}
			}
		},
		"relationships": {
			"L-Rack": [
				[
					"AMR_LIFT01",
					"none"
				]
			]
		}
	},
	"timestamp_4": {
		"robots": {
			"ARMLIFT": {
				"AMR_LIFT01": {
					"name": "AMR_LIFT01",
					"pose": {
						"translation": [
							139.6203155517578,
							142.45947265625,
							0.0619998537003994
						],
						"rotation": [
							-0.009419492445886135,
							-0.0036020262632519007,
							-0.9339409470558167,
							0.3572854697704315
						]
					},