{
	"timestamp_0": {
		"robots": {
			"ARMLIFT": {
				"AMR_LIFT01": {
					"name": "AMR_LIFT01",
					"pose": {
						"translation": [
							139.61253356933594,
							142.4821319580078,
							0.06199962645769119
						],
						"rotation": [
							-0.009398800320923328,
							-0.0036275049205869436,
							-0.9329178333282471,
							0.35994860529899597
						]
					},
					"odometry": {
						"position": [
							0.5834886094707848,
							-7.817191513737772,
							-0.013196994241363549
						],
						"orientation": [
							-0.01977576054780912,
							0.0003906710153135355,
							-0.9327459404871513,
							0.3599913570846572
						],
						"linear": [
							-0.00580034963786602,
							0.0,
							0.0
						],
						"angular": [
							0.0,
							0.0,
							-0.006842370145022869
						]
					},
					"aabb": [
						123.74662235225556,
						140.70887099355343,
						-0.014870514907366099,
						124.7217711240205,
						141.6488015698116,
						0.162973075794158
					],
					"joint_state": {
						"position": [
							-1.7961,
							4.5949,
							1.0336,
							-5.4619,
							1.0368,
							-0.6461,
							0.0
						],
						"velocity": [
							0.047,
							0.0555,
							0.1257,
							-0.0873,
							0.1695,
							-0.0697,
							0.0
						],
						"effort": [
							0.0,
							0.0,
							0.0,
							0.0,
							0.0,
							0.0,
							0.0
						]
					},
					"lift_state": "lift_down"
				}
			}
		},
		"objects": {
			"Rack": {
				"Rack_02": {
					"name": "Rack_02",
					"pose": {
						"translation": [
							133.05699157714844,
							143.09999084472656,
							0.19921104609966278
						],
						"rotation": [
							0.983835756778717,
							0.1790735274553299,
							-4.97384462505579e-08,
							9.080395102500916e-09
						]
					}
				}
			}
		},
		"relationships": {
			"L-Rack": [
				[
					"AMR_LIFT01",
					"none"
				]
			]
		}
	},
	"timestamp_1": {
		"robots": {
			"ARMLIFT": {
				"AMR_LIFT01": {
					"name": "AMR_LIFT01",
					"pose": {
						"translation": [
							139.61268615722656,
							142.48187255859375,
							0.06199958547949791
						],
						"rotation": [
							-0.009404107928276062,
							-0.0036273756995797157,
							-0.9329130053520203,
							0.3599611520767212
						]
					},
					"odometry": {
						"position": [
							0.5836545962870752,
							-7.817455177452738,
							-0.013200764993230635
						],
						"orientation": [
							-0.019781010034561217,
							0.000390938931193603,
							-0.9327410535846502,
							0.36000373021200943
						],
						"linear": [
							0.00028681528056040406,
							0.0,
							0.0
						],
						"angular": [
							0.0,
							0.0,
							0.000202620736672543
						]
					},
					"aabb": [
						123.74603347875009,
						140.7096673594975,
						-0.014901152528281503,
						124.72125805404787,
						141.64950293759395,
						0.16297824272705413
					],
					"joint_state": {
						"position": [
							-1.7955,
							4.5946,
							1.0507,
							-5.4709,
							1.0474,
							-0.6536,
							0.0
						],
						"velocity": [
							0.0234,
							0.0086,
							-0.0466,
							0.051,
							-0.0421,
							0.0247,
							0.0
						],
						"effort": [
							0.0,
							0.0,
							0.0,
							0.0,
							0.0,
							0.0,
							0.0
						]
					},
					"lift_state": "lift_down"
				}
			}
		},
		"objects": {
			"Rack": {
				"Rack_02": {
					"name": "Rack_02",
					"pose": {
						"translation": [
							133.05699157714844,
							143.09999084472656,
							0.19921104609966278
						],
						"rotation": [
							0.983835756778717,
							0.1790735274553299,
							-4.97384462505579e-08,
							9.080395102500916e-09
						]
					}
				}
			}
		},
		"relationships": {
			"L-Rack": [
				[
					"AMR_LIFT01",
					"none"
				]
			]
		}
	},
	"timestamp_2": {
		"robots": {
			"ARMLIFT": {
				"AMR_LIFT01": {
					"name": "AMR_LIFT01",
					"pose": {
						"translation": [
							139.61264038085938,
							142.4817657470703,
							0.06200210377573967
						],
						"rotation": [
							-0.009405255317687988,
							-0.003636089153587818,
							-0.9329298734664917,
							0.35991716384887695
						]
					},
					"odometry": {
						"position": [
							0.5835960787350615,
							-7.8175625976809835,
							-0.01319694646663853
						],
						"orientation": [
							-0.019782348902109465,
							0.00038173741193565155,
							-0.932757900412252,
							0.35996001467800687
						],
						"linear": [
							0.0021765746641904116,
							0.0,
							0.0
						],
						"angular": [
							0.0,
							0.0,
							-0.00036471791099756956
						]
					},
					"aabb": [
						123.74625432857296,
						140.7094532230598,
						-0.014911054471035957,
						124.72146202400559,
						141.6493103127431,
						0.1629741881721385
					],
					"joint_state": {
						"position": [
							-1.7949,
							4.5945,
							1.0565,
							-5.4793,
							1.0556,
							-0.6579,
							0.0
						],
						"velocity": [
							0.0167,
							-0.0142,
							-0.0056,
							-0.013,
							0.2388,
							-0.1708,
							0.0
						],
						"effort": [
							0.0,
							0.0,
							0.0,
							0.0,
							0.0,
							0.0,
							0.0
						]
					},
					"lift_state": "lift_down"
				}
			}
		},
		"objects": {
			"Rack": {
				"Rack_02": {
					"name": "Rack_02",
					"pose": {
						"translation": [
							133.05699157714844,
							143.09999084472656,
							0.19921104609966278
						],
						"rotation": [
							0.983835756778717,
							0.1790735274553299,
							-4.97384462505579e-08,
							9.080395102500916e-09
						]
					}
				}
			}
		},
		"relationships": {
			"L-Rack": [
				[
					"AMR_LIFT01",
					"none"
				]
			]
		}
	},
	"timestamp_3": {
		"robots": {
			"ARMLIFT": {
				"AMR_LIFT01": {
					"name": "AMR_LIFT01",
					"pose": {
						"translation": [
							139.6119842529297,
							142.48245239257812,
							0.061999548226594925
						],
						"rotation": [
							-0.009409862570464611,
							-0.003629126586019993,
							-0.9329236149787903,
							0.3599332273006439
						]
					},
					"odometry": {
						"position": [
							0.582941851201945,
							-7.816869276680698,
							-0.013184895821245997
						],
						"orientation": [
							-0.01978688897476588,
							0.0003888783740425314,
							-0.9327515974476038,
							0.35997608984105317
						],
						"linear": [
							-0.0015999349998310208,
							0.0,
							0.0
						],
						"angular": [
							0.0,
							0.0,
							-0.0005341474898159504
						]
					},
					"aabb": [
						123.7468830080978,
						140.7089990372009,
						-0.014921270067941942,
						124.72213841213275,
						141.64879529211498,
						0.16297656272513314
					],
					"joint_state": {
						"position": [
							-1.7937,
							4.5951,
							1.0673,
							-5.4864,
							1.0639,
							-0.6634,
							0.0
						],
						"velocity": [
							0.0152,
							0.0152,
							0.0082,
							-0.0251,
							0.2837,
							-0.1556,
							0.0
						],
						"effort": [
							0.0,
							0.0,
							0.0,
							0.0,
							0.0,
							0.0,
							0.0
						]
					},
					"lift_state": "lift_down"
				}
			}
		},
		"objects": {
			"Rack": {
				"Rack_02": {
					"name": "Rack_02",
					"pose": {
						"translation": [
							133.05699157714844,
							143.09999084472656,
							0.19921104609966278
						],
						"rotation": [
							0.983835756778717,
							0.1790735274553299,
							-4.97384462505579e-08,
							9.080395102500916e-09
						]
					}
				}
			}
		},
		"relationships": {
			"L-Rack": [
				[
					"AMR_LIFT01",
					"none"
				]
			]
		}
	},
	"timestamp_4": {
		"robots": {
			"ARMLIFT": {
				"AMR_LIFT01": {
					"name": "AMR_LIFT01",
					"pose": {
						"translation": [
							139.61227416992188,
							142.48191833496094,
							0.062002524733543396
						],
						"rotation": [
							-0.009414090774953365,
							-0.0036245076917111874,
							-0.9329438805580139,
							0.3598807752132416
						]
					},