{
	"timestamp_0": {
		"robots": {
			"ARMLIFT": {
				"AMR_LIFT01": {
					"name": "AMR_LIFT01",
					"pose": {
						"translation": [
							139.59776306152344,
							142.5410919189453,
							0.06200595572590828
						],
						"rotation": [
							-0.009398148395121098,
							-0.003720215754583478,
							-0.9299382567405701,
							0.36757704615592957
						]
					},
					"odometry": {
						"position": [
							0.568733449917492,
							-7.758237090300563,
							-0.012860671098307302
						],
						"orientation": [
							-0.019741843128156997,
							0.00038282275136777947,
							-0.9297663804946702,
							0.3676201718873497
						],
						"linear": [
							-0.0007104246760718524,
							0.0,
							0.0
						],
						"angular": [
							0.0,
							0.0,
							-0.0034487678203731775
						]
					},
					"aabb": [
						123.76610576106894,
						140.6445353230856,
						-0.012325853386339278,
						124.7360884604237,
						141.59089617630906,
						0.16309103207731185
					],
					"joint_state": {
						"position": [
							-2.2325,
							4.2892,
							1.1082,
							-5.1402,
							1.1077,
							-0.236,
							0.0
						],
						"velocity": [
							0.0056,
							-0.0016,
							0.0169,
							-0.0371,
							0.0513,
							-0.0234,
							0.0
						],
						"effort": [
							0.0,
							0.0,
							0.0,
							0.0,
							0.0,
							0.0,
							0.0
						]
					},
					"lift_state": "lift_down"
				}
			}
		},
		"objects": {
			"Rack": {
				"Rack_02": {
					"name": "Rack_02",
					"pose": {
						"translation": [
							133.05699157714844,
							143.09999084472656,
							0.19921104609966278
						],
						"rotation": [
							0.983835756778717,
							0.1790735274553299,
							-4.97384462505579e-08,
							9.080395102500916e-09
						]
					}
				}
			}
		},
		"relationships": {
			"L-Rack": [
				[
					"AMR_LIFT01",
					"none"
				]
			]
		}
	},
	"timestamp_1": {
		"robots": {
			"ARMLIFT": {
				"AMR_LIFT01": {
					"name": "AMR_LIFT01",
					"pose": {
						"translation": [
							139.5975341796875,
							142.5411376953125,
							0.06200389564037323
						],
						"rotation": [
							-0.009394044987857342,
							-0.0037254532799124718,
							-0.9299193620681763,
							0.3676247298717499
						]
					},
					"odometry": {
						"position": [
							0.5684990848358089,
							-7.758188278568958,
							-0.012857500809892002
						],
						"orientation": [
							-0.019737533541223828,
							0.0003781167836347146,
							-0.9297475261644519,
							0.36766808997856887
						],
						"linear": [
							0.0026478893123567104,
							0.0,
							0.0
						],
						"angular": [
							0.0,
							0.0,
							-0.00016756363038439304
						]
					},
					"aabb": [
						123.76616014268483,
						140.64445734940614,
						-0.012308055126720124,
						124.73614768564222,
						141.590818630191,
						0.16310687802448492
					],
					"joint_state": {
						"position": [
							-2.2325,
							4.289,
							1.1035,
							-5.1376,
							1.1211,
							-0.245,
							0.0
						],
						"velocity": [
							0.0014,
							0.0013,
							0.0954,
							-0.118,
							0.0769,
							-0.1217,
							0.0
						],
						"effort": [
							0.0,
							0.0,
							0.0,
							0.0,
							0.0,
							0.0,
							0.0
						]
					},
					"lift_state": "lift_down"
				}
			}
		},
		"objects": {
			"Rack": {
				"Rack_02": {
					"name": "Rack_02",
					"pose": {
						"translation": [
							133.05699157714844,
							143.09999084472656,
							0.19921104609966278
						],
						"rotation": [
							0.983835756778717,
							0.1790735274553299,
							-4.97384462505579e-08,
							9.080395102500916e-09
						]
					}
				}
			}
		},
		"relationships": {
			"L-Rack": [
				[
					"AMR_LIFT01",
					"none"
				]
			]
		}
	},
	"timestamp_2": {
		"robots": {
			"ARMLIFT": {
				"AMR_LIFT01": {
					"name": "AMR_LIFT01",
					"pose": {
						"translation": [
							139.59690856933594,
							142.54177856445312,
							0.06200191378593445
						],
						"rotation": [
							-0.009394500404596329,
							-0.003708405653014779,
							-0.9298669695854187,
							0.3677574396133423
						]
					},
					"odometry": {
						"position": [
							0.5678643986402088,
							-7.757543783656434,
							-0.012845330902219293
						],
						"orientation": [
							-0.019737402885429484,
							0.00039663923886402893,
							-0.9296951451718908,
							0.36780050930969327
						],
						"linear": [
							0.003170493757352233,
							0.0,
							0.0
						],
						"angular": [
							0.0,
							0.0,
							0.0024017675314098597
						]
					},
					"aabb": [
						123.76648440481158,
						140.64419617793604,
						-0.012328224309233762,
						124.73638595158212,
						141.5906525761955,
						0.16309151366102706
					],
					"joint_state": {
						"position": [
							-2.2313,
							4.2893,
							1.0991,
							-5.1354,
							1.1067,
							-0.2359,
							0.0
						],
						"velocity": [
							0.0008,
							0.0009,
							-0.0202,
							0.0125,
							0.0483,
							-0.0755,
							0.0
						],
						"effort": [
							0.0,
							0.0,
							0.0,
							0.0,
							0.0,
							0.0,
							0.0
						]
					},
					"lift_state": "lift_down"
				}
			}
		},
		"objects": {
			"Rack": {
				"Rack_02": {
					"name": "Rack_02",
					"pose": {
						"translation": [
							133.05699157714844,
							143.09999084472656,
							0.19921104609966278
						],
						"rotation": [
							0.983835756778717,
							0.1790735274553299,
							-4.97384462505579e-08,
							9.080395102500916e-09
						]
					}
				}
			}
		},
		"relationships": {
			"L-Rack": [
				[
					"AMR_LIFT01",
					"none"
				]
			]
		}
	},
	"timestamp_3": {
		"robots": {
			"ARMLIFT": {
				"AMR_LIFT01": {
					"name": "AMR_LIFT01",
					"pose": {
						"translation": [
							139.59686279296875,
							142.54188537597656,
							0.06200435385107994
						],
						"rotation": [
							-0.009397439658641815,
							-0.0037046149373054504,
							-0.9298962354660034,
							0.36768320202827454
						]
					},
					"odometry": {
						"position": [
							0.5679231220781038,
							-7.7574363451663215,
							-0.012839901097601258
						],
						"orientation": [
							-0.01974918713259968,
							0.0004121112351986749,
							-0.9297015272266983,
							0.36778372726954156
						],
						"linear": [
							-0.001937178778462112,
							0.0,
							0.0
						],
						"angular": [
							0.0,
							0.0,
							-0.010060029104351997
						]
					},
					"aabb": [
						123.76705878482828,
						140.6436074147121,
						-0.012303410538617948,
						124.73694085362747,
						141.59008983515417,
						0.16309892710959414
					],
					"joint_state": {
						"position": [
							-2.2307,
							4.2901,
							1.0962,
							-5.1324,
							1.1024,
							-0.2327,
							0.0
						],
						"velocity": [
							-0.0141,
							-0.0471,
							-0.0502,
							-0.0056,
							-0.0167,
							-0.0018,
							0.0
						],
						"effort": [
							0.0,
							0.0,
							0.0,
							0.0,
							0.0,
							0.0,
							0.0
						]
					},
					"lift_state": "lift_down"
				}
			}
		},
		"objects": {
			"Rack": {
				"Rack_02": {
					"name": "Rack_02",
					"pose": {
						"translation": [
							133.05699157714844,
							143.09999084472656,
							0.19921104609966278
						],
						"rotation": [
							0.983835756778717,
							0.1790735274553299,
							-4.97384462505579e-08,
							9.080395102500916e-09
						]
					}
				}
			}
		},
		"relationships": {
			"L-Rack": [
				[
					"AMR_LIFT01",
					"none"
				]
			]
		}
	},
	"timestamp_4": {
		"robots": {
			"ARMLIFT": {
				"AMR_LIFT01": {
					"name": "AMR_LIFT01",
					"pose": {
						"translation": [
							139.5968780517578,
							142.54205322265625,
							0.06199970096349716
						],
						"rotation": [
							-0.009387101046741009,
							-0.003711859229952097,
							-0.9299114942550659,
							0.3676448464393616
						]
					},