{
	"timestamp_0": {
		"robots": {
			"ARMLIFT": {
				"AMR_LIFT01": {
					"name": "AMR_LIFT01",
					"pose": {
						"translation": [
							139.5992431640625,
							142.5272674560547,
							0.06199905276298523
						],
						"rotation": [
							-0.00943915918469429,
							-0.0037291559856384993,
							-0.9299986958503723,
							0.36742275953292847
						]
					},
					"odometry": {
						"position": [
							0.5702082669625035,
							-7.772065177904422,
							-0.012900749002858683
						],
						"orientation": [
							-0.01978353206154334,
							0.00037216654967695174,
							-0.9298263546590441,
							0.36746622094105874
						],
						"linear": [
							-0.007861075922846794,
							0.0,
							0.0
						],
						"angular": [
							0.0,
							0.0,
							0.0020982541609555483
						]
					},
					"aabb": [
						123.76423035877627,
						140.65866825026035,
						-0.013235694084490662,
						124.73431990499675,
						141.6049177204668,
						0.1630796787524957
					],
					"joint_state": {
						"position": [
							-2.1145,
							4.3629,
							1.2566,
							-5.2755,
							1.2332,
							-0.3977,
							0.0
						],
						"velocity": [
							0.071,
							0.0734,
							-0.1961,
							-0.0143,
							0.0856,
							0.0174,
							0.0
						],
						"effort": [
							0.0,
							0.0,
							0.0,
							0.0,
							0.0,
							0.0,
							0.0
						]
					},
					"lift_state": "lift_down"
				}
			}
		},
		"objects": {
			"Rack": {
				"Rack_02": {
					"name": "Rack_02",
					"pose": {
						"translation": [
							133.05699157714844,
							143.09999084472656,
							0.19921104609966278
						],
						"rotation": [
							0.983835756778717,
							0.1790735274553299,
							-4.97384462505579e-08,
							9.080395102500916e-09
						]
					}
				}
			}
		},
		"relationships": {
			"L-Rack": [
				[
					"AMR_LIFT01",
					"none"
				]
			]
		}
	},
	"timestamp_1": {
		"robots": {
			"ARMLIFT": {
				"AMR_LIFT01": {
					"name": "AMR_LIFT01",
					"pose": {
						"translation": [
							139.5988006591797,
							142.52711486816406,
							0.06200679764151573
						],
						"rotation": [
							-0.009450031444430351,
							-0.003730613039806485,
							-0.9300428628921509,
							0.36731085181236267
						]
					},
					"odometry": {
						"position": [
							0.5697691018382676,
							-7.772211670700381,
							-0.012883271164992292
						],
						"orientation": [
							-0.019794890972710682,
							0.0003694637639115984,
							-0.9298703995776793,
							0.3673541421804753
						],
						"linear": [
							0.0005601363372988999,
							0.0,
							0.0
						],
						"angular": [
							0.0,
							0.0,
							-0.001604710821993649
						]
					},
					"aabb": [
						123.76489481547945,
						140.65859963699992,
						-0.013411307362615364,
						124.73508951657887,
						141.60472813277548,
						0.16309415711869035
					],
					"joint_state": {
						"position": [
							-2.1141,
							4.363,
							1.2487,
							-5.2862,
							1.2378,
							-0.4012,
							0.0
						],
						"velocity": [
							-0.0161,
							-0.009,
							-0.0442,
							-0.0541,
							-0.0073,
							0.0158,
							0.0
						],
						"effort": [
							0.0,
							0.0,
							0.0,
							0.0,
							0.0,
							0.0,
							0.0
						]
					},
					"lift_state": "lift_down"
				}
			}
		},
		"objects": {
			"Rack": {
				"Rack_02": {
					"name": "Rack_02",
					"pose": {
						"translation": [
							133.05699157714844,
							143.09999084472656,
							0.19921104609966278
						],
						"rotation": [
							0.983835756778717,
							0.1790735274553299,
							-4.97384462505579e-08,
							9.080395102500916e-09
						]
					}
				}
			}
		},
		"relationships": {
			"L-Rack": [
				[
					"AMR_LIFT01",
					"none"
				]
			]
		}
	},
	"timestamp_2": {
		"robots": {
			"ARMLIFT": {
				"AMR_LIFT01": {
					"name": "AMR_LIFT01",
					"pose": {
						"translation": [
							139.59902954101562,
							142.52691650390625,
							0.061999473720788956
						],
						"rotation": [
							-0.009441390633583069,
							-0.003729139221832156,
							-0.9300197958946228,
							0.36736929416656494
						]
					},
					"odometry": {
						"position": [
							0.5699935047115513,
							-7.7724167516385405,
							-0.01289553608073526
						],
						"orientation": [
							-0.0197859994196042,
							0.00037158834385122544,
							-0.929847429996087,
							0.36741275573766113
						],
						"linear": [
							0.002126934938132763,
							0.0,
							0.0
						],
						"angular": [
							0.0,
							0.0,
							-0.002799463924020529
						]
					},
					"aabb": [
						123.76449722014317,
						140.65891947061405,
						-0.013338557527044461,
						124.73475127036814,
						141.60497377273586,
						0.1630794898017718
					],
					"joint_state": {
						"position": [
							-2.1128,
							4.3626,
							1.24,
							-5.279,
							1.2375,
							-0.3962,
							0.0
						],
						"velocity": [
							-0.0105,
							-0.0154,
							0.0174,
							-0.0806,
							0.039,
							-0.0427,
							0.0
						],
						"effort": [
							0.0,
							0.0,
							0.0,
							0.0,
							0.0,
							0.0,
							0.0
						]
					},
					"lift_state": "lift_down"
				}
			}
		},
		"objects": {
			"Rack": {
				"Rack_02": {
					"name": "Rack_02",
					"pose": {
						"translation": [
							133.05699157714844,
							143.09999084472656,
							0.19921104609966278
						],
						"rotation": [
							0.983835756778717,
							0.1790735274553299,
							-4.97384462505579e-08,
							9.080395102500916e-09
						]
					}
				}
			}
		},
		"relationships": {
			"L-Rack": [
				[
					"AMR_LIFT01",
					"none"
				]
			]
		}
	},
	"timestamp_3": {
		"robots": {
			"ARMLIFT": {
				"AMR_LIFT01": {
					"name": "AMR_LIFT01",
					"pose": {
						"translation": [
							139.5994873046875,
							142.5264434814453,
							0.06200633943080902
						],
						"rotation": [
							-0.009457102976739407,
							-0.003724551759660244,
							-0.9300659894943237,
							0.3672519624233246
						]
					},
					"odometry": {
						"position": [
							0.570452551825547,
							-7.772885464722508,
							-0.012898944198144488
						],
						"orientation": [
							-0.01980222531487664,
							0.0003748701782746596,
							-0.9298934535356936,
							0.3672953803363025
						],
						"linear": [
							-0.0002925992594100535,
							0.0,
							0.0
						],
						"angular": [
							0.0,
							0.0,
							-0.0015339449746534228
						]
					},
					"aabb": [
						123.76406655046416,
						140.65943255275874,
						-0.01342895497980554,
						124.73427997378138,
						141.60553562029924,
						0.16307975316524725
					],
					"joint_state": {
						"position": [
							-2.1115,
							4.3638,
							1.2532,
							-5.2885,
							1.2465,
							-0.3997,
							0.0
						],
						"velocity": [
							0.0015,
							0.0011,
							0.0321,
							-0.0133,
							0.0351,
							-0.0149,
							0.0
						],
						"effort": [
							0.0,
							0.0,
							0.0,
							0.0,
							0.0,
							0.0,
							0.0
						]
					},
					"lift_state": "lift_down"
				}
			}
		},
		"objects": {
			"Rack": {
				"Rack_02": {
					"name": "Rack_02",
					"pose": {
						"translation": [
							133.05699157714844,
							143.09999084472656,
							0.19921104609966278
						],
						"rotation": [
							0.983835756778717,
							0.1790735274553299,
							-4.97384462505579e-08,
							9.080395102500916e-09
						]
					}
				}
			}
		},
		"relationships": {
			"L-Rack": [
				[
					"AMR_LIFT01",
					"none"
				]
			]
		}
	},
	"timestamp_4": {
		"robots": {
			"ARMLIFT": {
				"AMR_LIFT01": {
					"name": "AMR_LIFT01",
					"pose": {
						"translation": [
							139.5997772216797,
							142.5255889892578,
							0.06200607120990753
						],
						"rotation": [
							-0.009448903612792492,
							-0.0037473838310688734,
							-0.9301590323448181,
							0.36701640486717224
						]
					},