{
	"timestamp_0": {
		"robots": {
			"ARMLIFT": {
				"AMR_LIFT01": {
					"name": "AMR_LIFT01",
					"pose": {
						"translation": [
							139.59901428222656,
							142.54066467285156,
							0.0620075985789299
						],
						"rotation": [
							-0.009390478953719139,
							-0.0037358945701271296,
							-0.9297736287117004,
							0.36799338459968567
						]
					},
					"odometry": {
						"position": [
							0.5699831991466467,
							-7.758656943353462,
							-0.01288684831041609
						],
						"orientation": [
							-0.019732334772845066,
							0.00037177629783653163,
							-0.9296018214808901,
							0.368036615360766
						],
						"linear": [
							-0.0005415622144937515,
							0.0,
							0.0
						],
						"angular": [
							0.0,
							0.0,
							0.0008079506806097925
						]
					},
					"aabb": [
						123.76529262029598,
						140.64449177455842,
						-0.01246740599510771,
						124.73498510100268,
						141.59119818468074,
						0.16310167750141588
					],
					"joint_state": {
						"position": [
							-2.2513,
							4.2754,
							1.1145,
							-5.1649,
							1.1059,
							-0.2656,
							0.0
						],
						"velocity": [
							0.0075,
							0.0076,
							-0.0569,
							0.0652,
							-0.0462,
							0.0368,
							0.0
						],
						"effort": [
							0.0,
							0.0,
							0.0,
							0.0,
							0.0,
							0.0,
							0.0
						]
					},
					"lift_state": "lift_down"
				}
			}
		},
		"objects": {
			"Rack": {
				"Rack_02": {
					"name": "Rack_02",
					"pose": {
						"translation": [
							133.05699157714844,
							143.09999084472656,
							0.19921104609966278
						],
						"rotation": [
							0.983835756778717,
							0.1790735274553299,
							-4.97384462505579e-08,
							9.080395102500916e-09
						]
					}
				}
			}
		},
		"relationships": {
			"L-Rack": [
				[
					"AMR_LIFT01",
					"none"
				]
			]
		}
	},
	"timestamp_1": {
		"robots": {
			"ARMLIFT": {
				"AMR_LIFT01": {
					"name": "AMR_LIFT01",
					"pose": {
						"translation": [
							139.59922790527344,
							142.54115295410156,
							0.06200042739510536
						],
						"rotation": [
							-0.00938990619033575,
							-0.0037166853435337543,
							-0.9297618865966797,
							0.36802318692207336
						]
					},
					"odometry": {
						"position": [
							0.570305175828178,
							-7.75802217495029,
							-0.012901899251730476
						],
						"orientation": [
							-0.019732541748246284,
							0.0003917853619229976,
							-0.9295911084012647,
							0.3680636418904915
						],
						"linear": [
							-0.006999503821134567,
							0.0,
							0.0
						],
						"angular": [
							0.0,
							0.0,
							-0.000931672693695873
						]
					},
					"aabb": [
						123.7649033301278,
						140.64435257073288,
						-0.01246234790736513,
						124.73456231530663,
						141.5910947919518,
						0.16308887931873403
					],
					"joint_state": {
						"position": [
							-2.2513,
							4.2739,
							1.1116,
							-5.1493,
							1.0993,
							-0.2461,
							0.0
						],
						"velocity": [
							-0.0915,
							-0.0912,
							0.2065,
							0.0529,
							-0.1406,
							0.0035,
							0.0
						],
						"effort": [
							0.0,
							0.0,
							0.0,
							0.0,
							0.0,
							0.0,
							0.0
						]
					},
					"lift_state": "lift_down"
				}
			}
		},
		"objects": {
			"Rack": {
				"Rack_02": {
					"name": "Rack_02",
					"pose": {
						"translation": [
							133.05699157714844,
							143.09999084472656,
							0.19921104609966278
						],
						"rotation": [
							0.983835756778717,
							0.1790735274553299,
							-4.97384462505579e-08,
							9.080395102500916e-09
						]
					}
				}
			}
		},
		"relationships": {
			"L-Rack": [
				[
					"AMR_LIFT01",
					"none"
				]
			]
		}
	},
	"timestamp_2": {
		"robots": {
			"ARMLIFT": {
				"AMR_LIFT01": {
					"name": "AMR_LIFT01",
					"pose": {
						"translation": [
							139.59915161132812,
							142.54132080078125,
							0.06201152503490448
						],
						"rotation": [
							-0.009393335320055485,
							-0.0037281250115484,
							-0.9296633005142212,
							0.36827191710472107
						]
					},
					"odometry": {
						"position": [
							0.5701199377038884,
							-7.7580026301158655,
							-0.012885918795288937
						],
						"orientation": [
							-0.01973396210154112,
							0.00038264386187612304,
							-0.9294914685537092,
							0.36831512894438523
						],
						"linear": [
							0.00032816972816362977,
							0.0,
							0.0
						],
						"angular": [
							0.0,
							0.0,
							0.00035498657962307334
						]
					},
					"aabb": [
						123.76502093907501,
						140.6438524241751,
						-0.012444030492993726,
						124.73452214873703,
						141.59078446164847,
						0.16310141064607891
					],
					"joint_state": {
						"position": [
							-2.2494,
							4.2754,
							1.1032,
							-5.1399,
							1.0864,
							-0.2397,
							0.0
						],
						"velocity": [
							0.0004,
							0.0005,
							0.0014,
							0.0142,
							-0.0262,
							-0.0005,
							0.0
						],
						"effort": [
							0.0,
							0.0,
							0.0,
							0.0,
							0.0,
							0.0,
							0.0
						]
					},
					"lift_state": "lift_down"
				}
			}
		},
		"objects": {
			"Rack": {
				"Rack_02": {
					"name": "Rack_02",
					"pose": {
						"translation": [
							133.05699157714844,
							143.09999084472656,
							0.19921104609966278
						],
						"rotation": [
							0.983835756778717,
							0.1790735274553299,
							-4.97384462505579e-08,
							9.080395102500916e-09
						]
					}
				}
			}
		},
		"relationships": {
			"L-Rack": [
				[
					"AMR_LIFT01",
					"none"
				]
			]
		}
	},
	"timestamp_3": {
		"robots": {
			"ARMLIFT": {
				"AMR_LIFT01": {
					"name": "AMR_LIFT01",
					"pose": {
						"translation": [
							139.59857177734375,
							142.5415802001953,
							0.06200813129544258
						],
						"rotation": [
							-0.009402597323060036,
							-0.003719281405210495,
							-0.9297788143157959,
							0.36797985434532166
						]
					},
					"odometry": {
						"position": [
							0.5695340548173751,
							-7.757748761329924,
							-0.0128763390905849
						],
						"orientation": [
							-0.01974451788822219,
							0.00038823829904632384,
							-0.9296068885649538,
							0.3680231460342823
						],
						"linear": [
							0.00029152000206522644,
							0.0,
							0.0
						],
						"angular": [
							0.0,
							0.0,
							0.001160399871878326
						]
					},
					"aabb": [
						123.76515692468028,
						140.6440768287334,
						-0.012445347996852554,
						124.73488980987244,
						141.5907340234141,
						0.16309237084736442
					],
					"joint_state": {
						"position": [
							-2.2483,
							4.2758,
							1.109,
							-5.1458,
							1.1073,
							-0.2497,
							0.0
						],
						"velocity": [
							0.0047,
							0.0077,
							-0.0115,
							0.0079,
							-0.215,
							0.1222,
							0.0
						],
						"effort": [
							0.0,
							0.0,
							0.0,
							0.0,
							0.0,
							0.0,
							0.0
						]
					},
					"lift_state": "lift_down"
				}
			}
		},
		"objects": {
			"Rack": {
				"Rack_02": {
					"name": "Rack_02",
					"pose": {
						"translation": [
							133.05699157714844,
							143.09999084472656,
							0.19921104609966278
						],
						"rotation": [
							0.983835756778717,
							0.1790735274553299,
							-4.97384462505579e-08,
							9.080395102500916e-09
						]
					}
				}
			}
		},
		"relationships": {
			"L-Rack": [
				[
					"AMR_LIFT01",
					"none"
				]
			]
		}
	},
	"timestamp_4": {
		"robots": {
			"ARMLIFT": {
				"AMR_LIFT01": {
					"name": "AMR_LIFT01",
					"pose": {
						"translation": [
							139.5977783203125,
							142.54246520996094,
							0.062004126608371735
						],
						"rotation": [
							-0.009396587498486042,
							-0.003706594929099083,
							-0.9297534823417664,
							0.3680441975593567
						]
					},