{
	"timestamp_0": {
		"robots": {
			"ARMLIFT": {
				"AMR_LIFT01": {
					"name": "AMR_LIFT01",
					"pose": {
						"translation": [
							139.61367797851562,
							142.47760009765625,
							0.062002066522836685
						],
						"rotation": [
							-0.009408784098923206,
							-0.003628660226240754,
							-0.9329416155815125,
							0.35988670587539673
						]
					},
					"odometry": {
						"position": [
							0.5845432769981544,
							-7.821742247763394,
							-0.013220487426750471
						],
						"orientation": [
							-0.01978162977213515,
							0.0003887544115404148,
							-0.9327754419046904,
							0.3599145884415849
						],
						"linear": [
							-0.004880968481302261,
							0.0,
							0.0
						],
						"angular": [
							0.0,
							0.0,
							0.0004463871009647846
						]
					},
					"aabb": [
						123.74529238672316,
						140.7141935152957,
						-0.014925928832237065,
						124.72063966812064,
						141.65386804415115,
						0.16296470242809707
					],
					"joint_state": {
						"position": [
							-1.7676,
							4.6128,
							1.0532,
							-5.4778,
							1.0682,
							-0.6422,
							0.0
						],
						"velocity": [
							0.1444,
							0.1445,
							0.333,
							-0.0838,
							0.3276,
							-0.0855,
							0.0
						],
						"effort": [
							0.0,
							0.0,
							0.0,
							0.0,
							0.0,
							0.0,
							0.0
						]
					},
					"lift_state": "lift_down"
				}
			}
		},
		"objects": {
			"Rack": {
				"Rack_02": {
					"name": "Rack_02",
					"pose": {
						"translation": [
							133.05699157714844,
							143.09999084472656,
							0.19921104609966278
						],
						"rotation": [
							0.983835756778717,
							0.1790735274553299,
							-4.97384462505579e-08,
							9.080395102500916e-09
						]
					}
				}
			}
		},
		"relationships": {
			"L-Rack": [
				[
					"AMR_LIFT01",
					"none"
				]
			]
		}
	},
	"timestamp_1": {
		"robots": {
			"ARMLIFT": {
				"AMR_LIFT01": {
					"name": "AMR_LIFT01",
					"pose": {
						"translation": [
							139.61331176757812,
							142.47735595703125,
							0.062001876533031464
						],
						"rotation": [
							-0.009397576563060284,
							-0.00363600580021739,
							-0.932787299156189,
							0.3602868616580963
						]
					},
					"odometry": {
						"position": [
							0.584269966592562,
							-7.82197663357507,
							-0.013212294684354666
						],
						"orientation": [
							-0.019773075583868982,
							0.00038593279389542056,
							-0.9326154106794037,
							0.36032953292940134
						],
						"linear": [
							-0.006786009296774864,
							0.0,
							0.0
						],
						"angular": [
							0.0,
							0.0,
							-0.004123426973819733
						]
					},
					"aabb": [
						123.74559016171752,
						140.71389881325007,
						-0.014909088023269661,
						124.72060141736327,
						141.65400921439345,
						0.16296355455938008
					],
					"joint_state": {
						"position": [
							-1.7683,
							4.6116,
							1.0302,
							-5.4714,
							1.0477,
							-0.6359,
							0.0
						],
						"velocity": [
							0.0301,
							0.0298,
							0.2375,
							-0.1377,
							0.1312,
							-0.0873,
							0.0
						],
						"effort": [
							0.0,
							0.0,
							0.0,
							0.0,
							0.0,
							0.0,
							0.0
						]
					},
					"lift_state": "lift_down"
				}
			}
		},
		"objects": {
			"Rack": {
				"Rack_02": {
					"name": "Rack_02",
					"pose": {
						"translation": [
							133.05699157714844,
							143.09999084472656,
							0.19921104609966278
						],
						"rotation": [
							0.983835756778717,
							0.1790735274553299,
							-4.97384462505579e-08,
							9.080395102500916e-09
						]
					}
				}
			}
		},
		"relationships": {
			"L-Rack": [
				[
					"AMR_LIFT01",
					"none"
				]
			]
		}
	},
	"timestamp_2": {
		"robots": {
			"ARMLIFT": {
				"AMR_LIFT01": {
					"name": "AMR_LIFT01",
					"pose": {
						"translation": [
							139.6136932373047,
							142.47669982910156,
							0.062001265585422516
						],
						"rotation": [
							-0.009394107386469841,
							-0.0036251202691346407,
							-0.9327880144119263,
							0.3602849841117859
						]
					},
					"odometry": {
						"position": [
							0.5846507532900489,
							-7.822630912641993,
							-0.01322135899881293
						],
						"orientation": [
							-0.01976962006274962,
							0.00039679757600991994,
							-0.9326161752270263,
							0.3603277319041245
						],
						"linear": [
							0.00613352470099926,
							0.0,
							0.0
						],
						"angular": [
							0.0,
							0.0,
							0.0006667827256023884
						]
					},
					"aabb": [
						123.74520435719103,
						140.71453182926007,
						-0.014899861349531062,
						124.72022056280969,
						141.6546328255504,
						0.16296020237574
					],
					"joint_state": {
						"position": [
							-1.7681,
							4.6109,
							1.0148,
							-5.4679,
							1.0515,
							-0.6454,
							0.0
						],
						"velocity": [
							-0.0377,
							-0.0367,
							0.1068,
							0.0347,
							0.3165,
							-0.199,
							0.0
						],
						"effort": [
							0.0,
							0.0,
							0.0,
							0.0,
							0.0,
							0.0,
							0.0
						]
					},
					"lift_state": "lift_down"
				}
			}
		},
		"objects": {
			"Rack": {
				"Rack_02": {
					"name": "Rack_02",
					"pose": {
						"translation": [
							133.05699157714844,
							143.09999084472656,
							0.19921104609966278
						],
						"rotation": [
							0.983835756778717,
							0.1790735274553299,
							-4.97384462505579e-08,
							9.080395102500916e-09
						]
					}
				}
			}
		},
		"relationships": {
			"L-Rack": [
				[
					"AMR_LIFT01",
					"none"
				]
			]
		}
	},
	"timestamp_3": {
		"robots": {
			"ARMLIFT": {
				"AMR_LIFT01": {
					"name": "AMR_LIFT01",
					"pose": {
						"translation": [
							139.6138458251953,
							142.47694396972656,
							0.062001265585422516
						],
						"rotation": [
							-0.00939631275832653,
							-0.0036237984895706177,
							-0.9328085780143738,
							0.3602316677570343
						]
					},
					"odometry": {
						"position": [
							0.5848069512932206,
							-7.82238676327799,
							-0.013224850954000148
						],
						"orientation": [
							-0.019772055366725643,
							0.0003975261294349139,
							-0.9326367157288991,
							0.3602744291147575
						],
						"linear": [
							0.004518559202551842,
							0.0,
							0.0
						],
						"angular": [
							0.0,
							0.0,
							-0.0009089104132726789
						]
					},
					"aabb": [
						123.74543577723112,
						140.7141742089432,
						-0.014896450522636395,
						124.72041378465929,
						141.65432675698406,
						0.16296257649824675
					],
					"joint_state": {
						"position": [
							-1.7673,
							4.6113,
							1.0207,
							-5.464,
							1.0602,
							-0.6427,
							0.0
						],
						"velocity": [
							-0.0303,
							-0.031,
							0.0518,
							-0.0281,
							-0.0266,
							-0.0645,
							0.0
						],
						"effort": [
							0.0,
							0.0,
							0.0,
							0.0,
							0.0,
							0.0,
							0.0
						]
					},
					"lift_state": "lift_down"
				}
			}
		},
		"objects": {
			"Rack": {
				"Rack_02": {
					"name": "Rack_02",
					"pose": {
						"translation": [
							133.05699157714844,
							143.09999084472656,
							0.19921104609966278
						],
						"rotation": [
							0.983835756778717,
							0.1790735274553299,
							-4.97384462505579e-08,
							9.080395102500916e-09
						]
					}
				}
			}
		},
		"relationships": {
			"L-Rack": [
				[
					"AMR_LIFT01",
					"none"
				]
			]
		}
	},
	"timestamp_4": {
		"robots": {
			"ARMLIFT": {
				"AMR_LIFT01": {
					"name": "AMR_LIFT01",
					"pose": {
						"translation": [
							139.61402893066406,
							142.47666931152344,
							0.062002599239349365
						],
						"rotation": [
							-0.009392531588673592,
							-0.0036331547889858484,
							-0.9328203201293945,
							0.3602011501789093
						]
					},