{
	"timestamp_0": {
		"robots": {
			"ARMLIFT": {
				"AMR_LIFT01": {
					"name": "AMR_LIFT01",
					"pose": {
						"translation": [
							139.61810302734375,
							142.46800231933594,
							0.06200103461742401
						],
						"rotation": [
							-0.00944437924772501,
							-0.003602324053645134,
							-0.9344414472579956,
							0.35597339272499084
						]
					},
					"odometry": {
						"position": [
							0.5890641730557485,
							-7.831331867840804,
							-0.013320114853152057
						],
						"orientation": [
							-0.019838349781612002,
							0.00037163006162517433,
							-0.934269083359384,
							0.3560162659877442
						],
						"linear": [
							-0.000477066554594785,
							0.0,
							0.0
						],
						"angular": [
							0.0,
							0.0,
							-0.0014129095943644643
						]
					},
					"aabb": [
						123.73820686909131,
						140.72654206059372,
						-0.014774928326211943,
						124.71602032097911,
						141.6629440899593,
						0.1629602452191093
					],
					"joint_state": {
						"position": [
							-1.6811,
							4.6699,
							1.1206,
							-5.585,
							1.1346,
							-0.694,
							0.0
						],
						"velocity": [
							0.0151,
							-0.0152,
							-0.1129,
							0.077,
							0.0069,
							-0.0121,
							0.0
						],
						"effort": [
							0.0,
							0.0,
							0.0,
							0.0,
							0.0,
							0.0,
							0.0
						]
					},
					"lift_state": "lift_down"
				}
			}
		},
		"objects": {
			"Rack": {
				"Rack_02": {
					"name": "Rack_02",
					"pose": {
						"translation": [
							133.05699157714844,
							143.09999084472656,
							0.19921104609966278
						],
						"rotation": [
							0.983835756778717,
							0.1790735274553299,
							-4.97384462505579e-08,
							9.080395102500916e-09
						]
					}
				}
			}
		},
		"relationships": {
			"L-Rack": [
				[
					"AMR_LIFT01",
					"none"
				]
			]
		}
	},
	"timestamp_1": {
		"robots": {
			"ARMLIFT": {
				"AMR_LIFT01": {
					"name": "AMR_LIFT01",
					"pose": {
						"translation": [
							139.61830139160156,
							142.46762084960938,
							0.061999548226594925
						],
						"rotation": [
							-0.009453839622437954,
							-0.0036015231162309647,
							-0.9344137907028198,
							0.3560457229614258
						]
					},
					"odometry": {
						"position": [
							0.5892594238294641,
							-7.831702954863552,
							-0.013325946609566978
						],
						"orientation": [
							-0.01984750120074316,
							0.0003732352293306498,
							-0.9342413220946898,
							0.35608859779880103
						],
						"linear": [
							0.0010384841589257121,
							0.0,
							0.0
						],
						"angular": [
							0.0,
							0.0,
							0.0016266058664768934
						]
					},
					"aabb": [
						123.73827265163031,
						140.72652914878515,
						-0.014765831075636069,
						124.71615063068008,
						141.6628453572077,
						0.16296476177573446
					],
					"joint_state": {
						"position": [
							-1.6805,
							4.6716,
							1.1494,
							-5.5927,
							1.1546,
							-0.6935,
							0.0
						],
						"velocity": [
							-0.0071,
							-0.0066,
							-0.0267,
							0.0255,
							-0.0315,
							0.0279,
							0.0
						],
						"effort": [
							0.0,
							0.0,
							0.0,
							0.0,
							0.0,
							0.0,
							0.0
						]
					},
					"lift_state": "lift_down"
				}
			}
		},
		"objects": {
			"Rack": {
				"Rack_02": {
					"name": "Rack_02",
					"pose": {
						"translation": [
							133.05699157714844,
							143.09999084472656,
							0.19921104609966278
						],
						"rotation": [
							0.983835756778717,
							0.1790735274553299,
							-4.97384462505579e-08,
							9.080395102500916e-09
						]
					}
				}
			}
		},
		"relationships": {
			"L-Rack": [
				[
					"AMR_LIFT01",
					"none"
				]
			]
		}
	},
	"timestamp_2": {
		"robots": {
			"ARMLIFT": {
				"AMR_LIFT01": {
					"name": "AMR_LIFT01",
					"pose": {
						"translation": [
							139.61788940429688,
							142.4673614501953,
							0.062000881880521774
						],
						"rotation": [
							-0.009454423561692238,
							-0.0035995100624859333,
							-0.934454083442688,
							0.35594019293785095
						]
					},
					"odometry": {
						"position": [
							0.5889274942932883,
							-7.8319275816359415,
							-0.013318218590699999
						],
						"orientation": [
							-0.019847414424993208,
							0.00037421474562154253,
							-0.9342757214420979,
							0.35599833767563344
						],
						"linear": [
							0.005015332717448473,
							0.0,
							0.0
						],
						"angular": [
							0.0,
							0.0,
							-0.004486203659325838
						]
					},
					"aabb": [
						123.73817927160665,
						140.72693970399354,
						-0.014737150399071546,
						124.71600137548486,
						141.66333401558535,
						0.16296267228843764
					],
					"joint_state": {
						"position": [
							-1.679,
							4.6707,
							1.1451,
							-5.5949,
							1.1543,
							-0.6957,
							0.0
						],
						"velocity": [
							0.0113,
							-0.0116,
							-0.0527,
							-0.0708,
							-0.069,
							-0.0641,
							0.0
						],
						"effort": [
							0.0,
							0.0,
							0.0,
							0.0,
							0.0,
							0.0,
							0.0
						]
					},
					"lift_state": "lift_down"
				}
			}
		},
		"objects": {
			"Rack": {
				"Rack_02": {
					"name": "Rack_02",
					"pose": {
						"translation": [
							133.05699157714844,
							143.09999084472656,
							0.19921104609966278
						],
						"rotation": [
							0.983835756778717,
							0.1790735274553299,
							-4.97384462505579e-08,
							9.080395102500916e-09
						]
					}
				}
			}
		},
		"relationships": {
			"L-Rack": [
				[
					"AMR_LIFT01",
					"none"
				]
			]
		}
	},
	"timestamp_3": {
		"robots": {
			"ARMLIFT": {
				"AMR_LIFT01": {
					"name": "AMR_LIFT01",
					"pose": {
						"translation": [
							139.61781311035156,
							142.46788024902344,
							0.06200172379612923
						],
						"rotation": [
							-0.009450327605009079,
							-0.0036008860915899277,
							-0.9342935085296631,
							0.356361448764801
						]
					},
					"odometry": {
						"position": [
							0.588781061231073,
							-7.8314393035933545,
							-0.013313118362339608
						],
						"orientation": [
							-0.019842643445785742,
							0.0003773839256592183,
							-0.9341210787256768,
							0.3564041769716427
						],
						"linear": [
							0.006051871459931135,
							0.0,
							0.0
						],
						"angular": [
							0.0,
							0.0,
							0.0037292896304279566
						]
					},
					"aabb": [
						123.73862225802702,
						140.7263766424558,
						-0.014804564453201339,
						124.71638947750137,
						141.66284534283454,
						0.16296465127029933
					],
					"joint_state": {
						"position": [
							-1.678,
							4.6721,
							1.1345,
							-5.579,
							1.1511,
							-0.6839,
							0.0
						],
						"velocity": [
							-0.0165,
							0.0193,
							-0.0346,
							0.0524,
							-0.0716,
							0.0517,
							0.0
						],
						"effort": [
							0.0,
							0.0,
							0.0,
							0.0,
							0.0,
							0.0,
							0.0
						]
					},
					"lift_state": "lift_down"
				}
			}
		},
		"objects": {
			"Rack": {
				"Rack_02": {
					"name": "Rack_02",
					"pose": {
						"translation": [
							133.05699157714844,
							143.09999084472656,
							0.19921104609966278
						],
						"rotation": [
							0.983835756778717,
							0.1790735274553299,
							-4.97384462505579e-08,
							9.080395102500916e-09
						]
					}
				}
			}
		},
		"relationships": {
			"L-Rack": [
				[
					"AMR_LIFT01",
					"none"
				]
			]
		}
	},
	"timestamp_4": {
		"robots": {
			"ARMLIFT": {
				"AMR_LIFT01": {
					"name": "AMR_LIFT01",
					"pose": {
						"translation": [
							139.61798095703125,
							142.4678955078125,
							0.06200031191110611
						],
						"rotation": [
							-0.009447702206671238,
							-0.003603506600484252,
							-0.9342017769813538,
							0.3566020131111145
						]
					},