{
	"timestamp_0": {
		"robots": {
			"ARMLIFT": {
				"AMR_LIFT01": {
					"name": "AMR_LIFT01",
					"pose": {
						"translation": [
							139.620361328125,
							142.44802856445312,
							0.062000881880521774
						],
						"rotation": [
							-0.009432469494640827,
							-0.0035824961960315704,
							-0.9347315430641174,
							0.35521161556243896
						]
					},
					"odometry": {
						"position": [
							0.5913302834237999,
							-7.851302490299256,
							-0.013371178672338816
						],
						"orientation": [
							-0.019829677896201128,
							0.0003829828001504681,
							-0.934559273986752,
							0.3552542759827992
						],
						"linear": [
							0.0013134784530848265,
							0.0,
							0.0
						],
						"angular": [
							0.0,
							0.0,
							-0.0014514836948364973
						]
					},
					"aabb": [
						123.73546532726763,
						140.74708614536695,
						-0.0147130853647769,
						124.71382847462277,
						141.68273040808367,
						0.1629173033096936
					],
					"joint_state": {
						"position": [
							-1.529,
							4.8067,
							1.088,
							-5.7578,
							1.0725,
							-0.8551,
							0.0
						],
						"velocity": [
							-0.0238,
							0.0008,
							-0.0032,
							-0.0023,
							-0.0352,
							0.0244,
							0.0
						],
						"effort": [
							0.0,
							0.0,
							0.0,
							0.0,
							0.0,
							0.0,
							0.0
						]
					},
					"lift_state": "lift_down"
				}
			}
		},
		"objects": {
			"Rack": {
				"Rack_02": {
					"name": "Rack_02",
					"pose": {
						"translation": [
							133.05699157714844,
							143.09999084472656,
							0.19921104609966278
						],
						"rotation": [
							0.983835756778717,
							0.1790735274553299,
							-4.97384462505579e-08,
							9.080395102500916e-09
						]
					}
				}
			}
		},
		"relationships": {
			"L-Rack": [
				[
					"AMR_LIFT01",
					"none"
				]
			]
		}
	},
	"timestamp_1": {
		"robots": {
			"ARMLIFT": {
				"AMR_LIFT01": {
					"name": "AMR_LIFT01",
					"pose": {
						"translation": [
							139.62020874023438,
							142.44822692871094,
							0.062000807374715805
						],
						"rotation": [
							-0.009431634098291397,
							-0.0035818666219711304,
							-0.9347463846206665,
							0.35517263412475586
						]
					},
					"odometry": {
						"position": [
							0.5911642956069441,
							-7.8510974208117625,
							-0.013367592679756903
						],
						"orientation": [
							-0.01982900706524708,
							0.00038317861478681615,
							-0.9345741255943742,
							0.35521524097716634
						],
						"linear": [
							0.0017879102379083633,
							0.0,
							0.0
						],
						"angular": [
							0.0,
							0.0,
							-0.00019154911569785327
						]
					},
					"aabb": [
						123.7355053296796,
						140.74698479585086,
						-0.014707340481776219,
						124.71385712055185,
						141.68264458135735,
						0.1629158614110185
					],
					"joint_state": {
						"position": [
							-1.529,
							4.8086,
							1.0888,
							-5.7593,
							1.0698,
							-0.8517,
							0.0
						],
						"velocity": [
							0.001,
							0.0009,
							0.0056,
							0.0019,
							0.0101,
							0.0011,
							0.0
						],
						"effort": [
							0.0,
							0.0,
							0.0,
							0.0,
							0.0,
							0.0,
							0.0
						]
					},
					"lift_state": "lift_down"
				}
			}
		},
		"objects": {
			"Rack": {
				"Rack_02": {
					"name": "Rack_02",
					"pose": {
						"translation": [
							133.05699157714844,
							143.09999084472656,
							0.19921104609966278
						],
						"rotation": [
							0.983835756778717,
							0.1790735274553299,
							-4.97384462505579e-08,
							9.080395102500916e-09
						]
					}
				}
			}
		},
		"relationships": {
			"L-Rack": [
				[
					"AMR_LIFT01",
					"none"
				]
			]
		}
	},
	"timestamp_2": {
		"robots": {
			"ARMLIFT": {
				"AMR_LIFT01": {
					"name": "AMR_LIFT01",
					"pose": {
						"translation": [
							139.62022399902344,
							142.44808959960938,
							0.06200019642710686
						],
						"rotation": [
							-0.009433192200958729,
							-0.003582584671676159,
							-0.9348043203353882,
							0.35501986742019653
						]
					},
					"odometry": {
						"position": [
							0.5911935790614066,
							-7.851243905149327,
							-0.013368871092764655
						],
						"orientation": [
							-0.0198312173265906,
							0.0003807619864373329,
							-0.9346320436677084,
							0.35506269979987815
						],
						"linear": [
							0.0012893928214907646,
							0.0,
							0.0
						],
						"angular": [
							0.0,
							0.0,
							0.0011994248488917947
						]
					},
					"aabb": [
						123.73548385684023,
						140.74717612849392,
						-0.014711470288197047,
						124.71397088050033,
						141.68265017998448,
						0.162916322912786
					],
					"joint_state": {
						"position": [
							-1.5287,
							4.8097,
							1.0856,
							-5.7587,
							1.0773,
							-0.8556,
							0.0
						],
						"velocity": [
							0.0006,
							-0.024,
							-0.0663,
							0.0282,
							-0.0672,
							0.0257,
							0.0
						],
						"effort": [
							0.0,
							0.0,
							0.0,
							0.0,
							0.0,
							0.0,
							0.0
						]
					},
					"lift_state": "lift_down"
				}
			}
		},
		"objects": {
			"Rack": {
				"Rack_02": {
					"name": "Rack_02",
					"pose": {
						"translation": [
							133.05699157714844,
							143.09999084472656,
							0.19921104609966278
						],
						"rotation": [
							0.983835756778717,
							0.1790735274553299,
							-4.97384462505579e-08,
							9.080395102500916e-09
						]
					}
				}
			}
		},
		"relationships": {
			"L-Rack": [
				[
					"AMR_LIFT01",
					"none"
				]
			]
		}
	},
	"timestamp_3": {
		"robots": {
			"ARMLIFT": {
				"AMR_LIFT01": {
					"name": "AMR_LIFT01",
					"pose": {
						"translation": [
							139.62010192871094,
							142.44775390625,
							0.06200042739510536
						],
						"rotation": [
							-0.009425666183233261,
							-0.0035787385422736406,
							-0.934779167175293,
							0.35508647561073303
						]
					},
					"odometry": {
						"position": [
							0.5912619544697586,
							-7.851839605671733,
							-0.013370333062853896
						],
						"orientation": [
							-0.01982127945921805,
							0.00038439486506078503,
							-0.9346172542838919,
							0.35510217841633485
						],
						"linear": [
							0.0019754229579120874,
							0.0,
							0.0
						],
						"angular": [
							0.0,
							0.0,
							0.0031237199436873198
						]
					},
					"aabb": [
						123.73548676577573,
						140.74764235389736,
						-0.014706549831476267,
						124.71392969622845,
						141.68317510119996,
						0.16291613150820453
					],
					"joint_state": {
						"position": [
							-1.5274,
							4.8105,
							1.0616,
							-5.7591,
							1.0512,
							-0.8531,
							0.0
						],
						"velocity": [
							0.0079,
							0.0078,
							0.1921,
							-0.136,
							0.1985,
							-0.1241,
							0.0
						],
						"effort": [
							0.0,
							0.0,
							0.0,
							0.0,
							0.0,
							0.0,
							0.0
						]
					},
					"lift_state": "lift_down"
				}
			}
		},
		"objects": {
			"Rack": {
				"Rack_02": {
					"name": "Rack_02",
					"pose": {
						"translation": [
							133.05699157714844,
							143.09999084472656,
							0.19921104609966278
						],
						"rotation": [
							0.983835756778717,
							0.1790735274553299,
							-4.97384462505579e-08,
							9.080395102500916e-09
						]
					}
				}
			}
		},
		"relationships": {
			"L-Rack": [
				[
					"AMR_LIFT01",
					"none"
				]
			]
		}
	},
	"timestamp_4": {
		"robots": {
			"ARMLIFT": {
				"AMR_LIFT01": {
					"name": "AMR_LIFT01",
					"pose": {
						"translation": [
							139.61961364746094,
							142.4479217529297,
							0.06200065463781357
						],
						"rotation": [
							-0.009426143951714039,
							-0.003575081005692482,
							-0.934872567653656,
							0.35484060645103455
						]
					},