{
	"timestamp_0": {
		"robots": {
			"ARMLIFT": {
				"AMR_LIFT01": {
					"name": "AMR_LIFT01",
					"pose": {
						"translation": [
							139.62010192871094,
							142.4567108154297,
							0.06199989095330238
						],
						"rotation": [
							-0.009441779926419258,
							-0.0035840426571667194,
							-0.9347953796386719,
							0.3550434410572052
						]
					},
					"odometry": {
						"position": [
							0.5909295152655177,
							-7.842406010451448,
							-0.013362453141403411
						],
						"orientation": [
							-0.01984012793151214,
							0.0003756825396157308,
							-0.9346368278610193,
							0.3550496137051581
						],
						"linear": [
							0.0028885703068226576,
							0.0,
							0.0
						],
						"angular": [
							0.0,
							0.0,
							0.003452477278187871
						]
					},
					"aabb": [
						123.73556031331307,
						140.7385838952569,
						-0.01481690095203935,
						124.71405965112847,
						141.67404531579973,
						0.16293713063585166
					],
					"joint_state": {
						"position": [
							-1.6113,
							4.7132,
							1.1016,
							-5.705,
							1.1184,
							-0.7992,
							0.0
						],
						"velocity": [
							-0.0248,
							0.015,
							-0.0116,
							0.0413,
							0.4198,
							-0.3012,
							0.0
						],
						"effort": [
							0.0,
							0.0,
							0.0,
							0.0,
							0.0,
							0.0,
							0.0
						]
					},
					"lift_state": "lift_down"
				}
			}
		},
		"objects": {
			"Rack": {
				"Rack_02": {
					"name": "Rack_02",
					"pose": {
						"translation": [
							133.05699157714844,
							143.09999084472656,
							0.19921104609966278
						],
						"rotation": [
							0.983835756778717,
							0.1790735274553299,
							-4.97384462505579e-08,
							9.080395102500916e-09
						]
					}
				}
			}
		},
		"relationships": {
			"L-Rack": [
				[
					"AMR_LIFT01",
					"none"
				]
			]
		}
	},
	"timestamp_1": {
		"robots": {
			"ARMLIFT": {
				"AMR_LIFT01": {
					"name": "AMR_LIFT01",
					"pose": {
						"translation": [
							139.61996459960938,
							142.45663452148438,
							0.062001075595617294
						],
						"rotation": [
							-0.00943458266556263,
							-0.00358582753688097,
							-0.9347588419914246,
							0.3551398813724518
						]
					},
					"odometry": {
						"position": [
							0.5909197797439762,
							-7.842698979208135,
							-0.0133616912970538
						],
						"orientation": [
							-0.019832090517604317,
							0.0003788531035031639,
							-0.9345865463899055,
							0.35518239252955214
						],
						"linear": [
							-0.0011234652483835816,
							0.0,
							0.0
						],
						"angular": [
							0.0,
							0.0,
							-0.0006281071109697223
						]
					},
					"aabb": [
						123.73583127779997,
						140.73853750144613,
						-0.014810855934210913,
						124.71424083911832,
						141.6741190295886,
						0.16293441477042664
					],
					"joint_state": {
						"position": [
							-1.6104,
							4.7143,
							1.0812,
							-5.7029,
							1.0944,
							-0.8002,
							0.0
						],
						"velocity": [
							-0.0001,
							0.008,
							-0.0138,
							-0.0056,
							-0.0198,
							-0.0096,
							0.0
						],
						"effort": [
							0.0,
							0.0,
							0.0,
							0.0,
							0.0,
							0.0,
							0.0
						]
					},
					"lift_state": "lift_down"
				}
			}
		},
		"objects": {
			"Rack": {
				"Rack_02": {
					"name": "Rack_02",
					"pose": {
						"translation": [
							133.05699157714844,
							143.09999084472656,
							0.19921104609966278
						],
						"rotation": [
							0.983835756778717,
							0.1790735274553299,
							-4.97384462505579e-08,
							9.080395102500916e-09
						]
					}
				}
			}
		},
		"relationships": {
			"L-Rack": [
				[
					"AMR_LIFT01",
					"none"
				]
			]
		}
	},
	"timestamp_2": {
		"robots": {
			"ARMLIFT": {
				"AMR_LIFT01": {
					"name": "AMR_LIFT01",
					"pose": {
						"translation": [
							139.62045288085938,
							142.4561309814453,
							0.06200198829174042
						],
						"rotation": [
							-0.00943311769515276,
							-0.0035861157812178135,
							-0.9348568916320801,
							0.35488152503967285
						]
					},
					"odometry": {
						"position": [
							0.5913493832963785,
							-7.843245833020986,
							-0.013371548919457524
						],
						"orientation": [
							-0.01983042333265956,
							0.0003794579610355578,
							-0.9346755100102816,
							0.35494830793951304
						],
						"linear": [
							-0.005775328725576401,
							0.0,
							0.0
						],
						"angular": [
							0.0,
							0.0,
							-0.0033800958190113306
						]
					},
					"aabb": [
						123.73555303371995,
						140.7390457943651,
						-0.014811527608428066,
						124.71401851921999,
						141.67454834464476,
						0.1629314880433647
					],
					"joint_state": {
						"position": [
							-1.6098,
							4.7165,
							1.0731,
							-5.6962,
							1.0929,
							-0.7969,
							0.0
						],
						"velocity": [
							0.0066,
							-0.0111,
							0.11,
							0.0317,
							0.06,
							-0.0227,
							0.0
						],
						"effort": [
							0.0,
							0.0,
							0.0,
							0.0,
							0.0,
							0.0,
							0.0
						]
					},
					"lift_state": "lift_down"
				}
			}
		},
		"objects": {
			"Rack": {
				"Rack_02": {
					"name": "Rack_02",
					"pose": {
						"translation": [
							133.05699157714844,
							143.09999084472656,
							0.19921104609966278
						],
						"rotation": [
							0.983835756778717,
							0.1790735274553299,
							-4.97384462505579e-08,
							9.080395102500916e-09
						]
					}
				}
			}
		},
		"relationships": {
			"L-Rack": [
				[
					"AMR_LIFT01",
					"none"
				]
			]
		}
	},
	"timestamp_3": {
		"robots": {
			"ARMLIFT": {
				"AMR_LIFT01": {
					"name": "AMR_LIFT01",
					"pose": {
						"translation": [
							139.6208953857422,
							142.45603942871094,
							0.06199996918439865
						],
						"rotation": [
							-0.009432383812963963,
							-0.0035824482329189777,
							-0.9348099231719971,
							0.3550054430961609
						]
					},
					"odometry": {
						"position": [
							0.5918570558426587,
							-7.843294635756675,
							-0.013383603315598973
						],
						"orientation": [
							-0.019830462933619182,
							0.00038073685182166004,
							-0.9346376557783421,
							0.3550479688442863
						],
						"linear": [
							0.0027055346872657537,
							0.0,
							0.0
						],
						"angular": [
							0.0,
							0.0,
							0.0016446261433884501
						]
					},
					"aabb": [
						123.73481090011182,
						140.73923814745785,
						-0.01481379556511709,
						124.71330705131791,
						141.6746993167657,
						0.16293167120307753
					],
					"joint_state": {
						"position": [
							-1.6103,
							4.7171,
							1.0755,
							-5.6973,
							1.0862,
							-0.7956,
							0.0
						],
						"velocity": [
							0.001,
							-0.0236,
							0.4661,
							-0.3126,
							-0.0148,
							-0.0183,
							0.0
						],
						"effort": [
							0.0,
							0.0,
							0.0,
							0.0,
							0.0,
							0.0,
							0.0
						]
					},
					"lift_state": "lift_down"
				}
			}
		},
		"objects": {
			"Rack": {
				"Rack_02": {
					"name": "Rack_02",
					"pose": {
						"translation": [
							133.05699157714844,
							143.09999084472656,
							0.19921104609966278
						],
						"rotation": [
							0.983835756778717,
							0.1790735274553299,
							-4.97384462505579e-08,
							9.080395102500916e-09
						]
					}
				}
			}
		},
		"relationships": {
			"L-Rack": [
				[
					"AMR_LIFT01",
					"none"
				]
			]
		}
	},
	"timestamp_4": {
		"robots": {
			"ARMLIFT": {
				"AMR_LIFT01": {
					"name": "AMR_LIFT01",
					"pose": {
						"translation": [
							139.62139892578125,
							142.45591735839844,
							0.062000881880521774
						],
						"rotation": [
							-0.009440585039556026,
							-0.0035871181171387434,
							-0.9347978234291077,
							0.35503679513931274
						]
					},