{
	"timestamp_0": {
		"robots": {
			"ARMLIFT": {
				"AMR_LIFT01": {
					"name": "AMR_LIFT01",
					"pose": {
						"translation": [
							139.5765838623047,
							142.58157348632812,
							0.06200382113456726
						],
						"rotation": [
							-0.009251898154616356,
							-0.0037179982755333185,
							-0.9281759262084961,
							0.37200847268104553
						]
					},
					"odometry": {
						"position": [
							0.5475548831455735,
							-7.717749858130312,
							-0.012390262467849052
						],
						"orientation": [
							-0.019575928581824355,
							0.0004343374973374303,
							-0.928005671020915,
							0.37205116439022107
						],
						"linear": [
							-0.005049898289144039,
							0.0,
							0.0
						],
						"angular": [
							0.0,
							0.0,
							8.291050471598282e-05
						]
					},
					"aabb": [
						123.78991006752386,
						140.60099941677768,
						-0.012355364632664609,
						124.75672358713278,
						141.55099024527135,
						0.16312229368063794
					],
					"joint_state": {
						"position": [
							-2.4283,
							4.1292,
							0.6779,
							-4.7268,
							0.7087,
							0.1521,
							0.0
						],
						"velocity": [
							0.0378,
							0.0197,
							-0.3268,
							0.0984,
							-0.0113,
							-0.0363,
							0.0
						],
						"effort": [
							0.0,
							0.0,
							0.0,
							0.0,
							0.0,
							0.0,
							0.0
						]
					},
					"lift_state": "lift_down"
				}
			}
		},
		"objects": {
			"Rack": {
				"Rack_02": {
					"name": "Rack_02",
					"pose": {
						"translation": [
							133.05699157714844,
							143.09999084472656,
							0.19921104609966278
						],
						"rotation": [
							0.983835756778717,
							0.1790735274553299,
							-4.97384462505579e-08,
							9.080395102500916e-09
						]
					}
				}
			}
		},
		"relationships": {
			"L-Rack": [
				[
					"AMR_LIFT01",
					"none"
				]
			]
		}
	},
	"timestamp_1": {
		"robots": {
			"ARMLIFT": {
				"AMR_LIFT01": {
					"name": "AMR_LIFT01",
					"pose": {
						"translation": [
							139.57701110839844,
							142.581298828125,
							0.062013816088438034
						],
						"rotation": [
							-0.009262657724320889,
							-0.0037126068491488695,
							-0.9281826615333557,
							0.37199148535728455
						]
					},
					"odometry": {
						"position": [
							0.5478965970451156,
							-7.718023279141794,
							-0.012398445862556774
						],
						"orientation": [
							-0.01957277215345082,
							0.00043375537641676253,
							-0.9280141111399087,
							0.37203027829964036
						],
						"linear": [
							-0.004182796459645033,
							0.0,
							0.0
						],
						"angular": [
							0.0,
							0.0,
							0.0004904334782622755
						]
					},
					"aabb": [
						123.78982494611434,
						140.6011437370945,
						-0.012369567989181983,
						124.75663545359828,
						141.55113694271355,
						0.1631220097493352
					],
					"joint_state": {
						"position": [
							-2.427,
							4.1289,
							0.6686,
							-4.7226,
							0.7128,
							0.1546,
							0.0
						],
						"velocity": [
							-0.0002,
							-0.0003,
							0.0003,
							0.0138,
							0.2245,
							0.0142,
							0.0
						],
						"effort": [
							0.0,
							0.0,
							0.0,
							0.0,
							0.0,
							0.0,
							0.0
						]
					},
					"lift_state": "lift_down"
				}
			}
		},
		"objects": {
			"Rack": {
				"Rack_02": {
					"name": "Rack_02",
					"pose": {
						"translation": [
							133.05699157714844,
							143.09999084472656,
							0.19921104609966278
						],
						"rotation": [
							0.983835756778717,
							0.1790735274553299,
							-4.97384462505579e-08,
							9.080395102500916e-09
						]
					}
				}
			}
		},
		"relationships": {
			"L-Rack": [
				[
					"AMR_LIFT01",
					"none"
				]
			]
		}
	},
	"timestamp_2": {
		"robots": {
			"ARMLIFT": {
				"AMR_LIFT01": {
					"name": "AMR_LIFT01",
					"pose": {
						"translation": [
							139.5767059326172,
							142.5811767578125,
							0.061999473720788956
						],
						"rotation": [
							-0.00923849269747734,
							-0.003703746013343334,
							-0.9281463623046875,
							0.37208256125450134
						]
					},
					"odometry": {
						"position": [
							0.5476719658480531,
							-7.7181502519084875,
							-0.012397229461910322
						],
						"orientation": [
							-0.01956219731603924,
							0.00044941383318420003,
							-0.9279762701932889,
							0.3721251945535628
						],
						"linear": [
							-0.00031718864920549095,
							0.0,
							0.0
						],
						"angular": [
							0.0,
							0.0,
							-0.0009702182724140584
						]
					},
					"aabb": [
						123.78986624116109,
						140.60128693336668,
						-0.012349859622063409,
						124.7565792138435,
						141.55139368080222,
						0.16313706680528245
					],
					"joint_state": {
						"position": [
							-2.426,
							4.1288,
							0.6303,
							-4.7165,
							0.6881,
							0.163,
							0.0
						],
						"velocity": [
							-0.0004,
							-0.0004,
							-0.0249,
							0.0003,
							-0.1767,
							0.0607,
							0.0
						],
						"effort": [
							0.0,
							0.0,
							0.0,
							0.0,
							0.0,
							0.0,
							0.0
						]
					},
					"lift_state": "lift_down"
				}
			}
		},
		"objects": {
			"Rack": {
				"Rack_02": {
					"name": "Rack_02",
					"pose": {
						"translation": [
							133.05699157714844,
							143.09999084472656,
							0.19921104609966278
						],
						"rotation": [
							0.983835756778717,
							0.1790735274553299,
							-4.97384462505579e-08,
							9.080395102500916e-09
						]
					}
				}
			}
		},
		"relationships": {
			"L-Rack": [
				[
					"AMR_LIFT01",
					"none"
				]
			]
		}
	},
	"timestamp_3": {
		"robots": {
			"ARMLIFT": {
				"AMR_LIFT01": {
					"name": "AMR_LIFT01",
					"pose": {
						"translation": [
							139.57650756835938,
							142.5814208984375,
							0.062002599239349365
						],
						"rotation": [
							-0.009250141680240631,
							-0.0036994165275245905,
							-0.9281368255615234,
							0.37210601568222046
						]
					},
					"odometry": {
						"position": [
							0.5475354070609977,
							-7.717857277291279,
							-0.012387823425693228
						],
						"orientation": [
							-0.019568887485426657,
							0.00042627079884347875,
							-0.9279636539719895,
							0.372156329843713
						],
						"linear": [
							-0.003804657142609358,
							0.0,
							0.0
						],
						"angular": [
							0.0,
							0.0,
							-0.004958495497703552
						]
					},
					"aabb": [
						123.79016615512812,
						140.60101050173012,
						-0.012381723012602657,
						124.75688192505574,
						141.55110905771033,
						0.16311975804790924
					],
					"joint_state": {
						"position": [
							-2.4252,
							4.1284,
							0.6571,
							-4.7245,
							0.7144,
							0.1549,
							0.0
						],
						"velocity": [
							-0.0317,
							-0.0549,
							0.2625,
							-0.1211,
							0.2497,
							-0.108,
							0.0
						],
						"effort": [
							0.0,
							0.0,
							0.0,
							0.0,
							0.0,
							0.0,
							0.0
						]
					},
					"lift_state": "lift_down"
				}
			}
		},
		"objects": {
			"Rack": {
				"Rack_02": {
					"name": "Rack_02",
					"pose": {
						"translation": [
							133.05699157714844,
							143.09999084472656,
							0.19921104609966278
						],
						"rotation": [
							0.983835756778717,
							0.1790735274553299,
							-4.97384462505579e-08,
							9.080395102500916e-09
						]
					}
				}
			}
		},
		"relationships": {
			"L-Rack": [
				[
					"AMR_LIFT01",
					"none"
				]
			]
		}
	},
	"timestamp_4": {
		"robots": {
			"ARMLIFT": {
				"AMR_LIFT01": {
					"name": "AMR_LIFT01",
					"pose": {
						"translation": [
							139.57664489746094,
							142.58152770996094,
							0.06200283020734787
						],
						"rotation": [
							-0.009251690469682217,
							-0.003700227476656437,
							-0.9281229376792908,
							0.3721405565738678
						]
					},