{
	"timestamp_0": {
		"robots": {
			"ARMLIFT": {
				"AMR_LIFT01": {
					"name": "AMR_LIFT01",
					"pose": {
						"translation": [
							139.60731506347656,
							142.50340270996094,
							0.06200183555483818
						],
						"rotation": [
							-0.009397038258612156,
							-0.0036936381366103888,
							-0.9308799505233765,
							0.36518600583076477
						]
					},
					"odometry": {
						"position": [
							0.5782739896790192,
							-7.795931978740754,
							-0.01307817132482664
						],
						"orientation": [
							-0.019751246482403697,
							0.0003828014489947642,
							-0.9307080585341578,
							0.3652290397887617
						],
						"linear": [
							0.001512216287665069,
							0.0,
							0.0
						],
						"angular": [
							0.0,
							0.0,
							0.0007040959317237139
						]
					},
					"aabb": [
						123.754846162872,
						140.68409107607368,
						-0.013949009167815133,
						124.72651360789705,
						141.62841676320025,
						0.1630162780598171
					],
					"joint_state": {
						"position": [
							-1.9497,
							4.4766,
							1.0866,
							-5.3307,
							1.1088,
							-0.4806,
							0.0
						],
						"velocity": [
							0.0012,
							0.0159,
							0.0104,
							-0.0352,
							0.2529,
							-0.185,
							0.0
						],
						"effort": [
							0.0,
							0.0,
							0.0,
							0.0,
							0.0,
							0.0,
							0.0
						]
					},
					"lift_state": "lift_down"
				}
			}
		},
		"objects": {
			"Rack": {
				"Rack_02": {
					"name": "Rack_02",
					"pose": {
						"translation": [
							133.05699157714844,
							143.09999084472656,
							0.19921104609966278
						],
						"rotation": [
							0.983835756778717,
							0.1790735274553299,
							-4.97384462505579e-08,
							9.080395102500916e-09
						]
					}
				}
			}
		},
		"relationships": {
			"L-Rack": [
				[
					"AMR_LIFT01",
					"none"
				]
			]
		}
	},
	"timestamp_1": {
		"robots": {
			"ARMLIFT": {
				"AMR_LIFT01": {
					"name": "AMR_LIFT01",
					"pose": {
						"translation": [
							139.6081085205078,
							142.50270080566406,
							0.06200229376554489
						],
						"rotation": [
							-0.009407776407897472,
							-0.0036802426911890507,
							-0.9309338331222534,
							0.3650484085083008
						]
					},
					"odometry": {
						"position": [
							0.579113619537209,
							-7.796615532941663,
							-0.013098756670269853
						],
						"orientation": [
							-0.019758116654509775,
							0.0003885847688256326,
							-0.9307613423779072,
							0.36509285033128275
						],
						"linear": [
							0.002009744057431817,
							0.0,
							0.0
						],
						"angular": [
							0.0,
							0.0,
							-0.0034353684168308973
						]
					},
					"aabb": [
						123.75406531643901,
						140.68467753671104,
						-0.014072482445779104,
						124.72581657926794,
						141.628902826103,
						0.1630275121207219
					],
					"joint_state": {
						"position": [
							-1.9494,
							4.4768,
							1.1039,
							-5.3446,
							1.1213,
							-0.4865,
							0.0
						],
						"velocity": [
							0.0114,
							-0.0202,
							-0.0335,
							0.0116,
							-0.0314,
							0.0127,
							0.0
						],
						"effort": [
							0.0,
							0.0,
							0.0,
							0.0,
							0.0,
							0.0,
							0.0
						]
					},
					"lift_state": "lift_down"
				}
			}
		},
		"objects": {
			"Rack": {
				"Rack_02": {
					"name": "Rack_02",
					"pose": {
						"translation": [
							133.05699157714844,
							143.09999084472656,
							0.19921104609966278
						],
						"rotation": [
							0.983835756778717,
							0.1790735274553299,
							-4.97384462505579e-08,
							9.080395102500916e-09
						]
					}
				}
			}
		},
		"relationships": {
			"L-Rack": [
				[
					"AMR_LIFT01",
					"none"
				]
			]
		}
	},
	"timestamp_2": {
		"robots": {
			"ARMLIFT": {
				"AMR_LIFT01": {
					"name": "AMR_LIFT01",
					"pose": {
						"translation": [
							139.6079559326172,
							142.502685546875,
							0.06200401112437248
						],
						"rotation": [
							-0.009416612796485424,
							-0.0036869568284600973,
							-0.9310215711593628,
							0.3648243546485901
						]
					},
					"odometry": {
						"position": [
							0.5789184478358931,
							-7.796644832186556,
							-0.013090328402588197
						],
						"orientation": [
							-0.019772400167827078,
							0.0003854591131829894,
							-0.9308494687783033,
							0.36486733217434786
						],
						"linear": [
							-0.0014461815590038896,
							0.0,
							0.0
						],
						"angular": [
							0.0,
							0.0,
							-0.0006883976748213172
						]
					},
					"aabb": [
						123.75401433326122,
						140.68501731668854,
						-0.01419299337036508,
						124.72587210820237,
						141.62911265142975,
						0.1630187989459032
					],
					"joint_state": {
						"position": [
							-1.948,
							4.4779,
							1.1252,
							-5.3571,
							1.1343,
							-0.4966,
							0.0
						],
						"velocity": [
							-0.0007,
							0.0142,
							0.2343,
							-0.1461,
							0.1901,
							-0.1715,
							0.0
						],
						"effort": [
							0.0,
							0.0,
							0.0,
							0.0,
							0.0,
							0.0,
							0.0
						]
					},
					"lift_state": "lift_down"
				}
			}
		},
		"objects": {
			"Rack": {
				"Rack_02": {
					"name": "Rack_02",
					"pose": {
						"translation": [
							133.05699157714844,
							143.09999084472656,
							0.19921104609966278
						],
						"rotation": [
							0.983835756778717,
							0.1790735274553299,
							-4.97384462505579e-08,
							9.080395102500916e-09
						]
					}
				}
			}
		},
		"relationships": {
			"L-Rack": [
				[
					"AMR_LIFT01",
					"none"
				]
			]
		}
	},
	"timestamp_3": {
		"robots": {
			"ARMLIFT": {
				"AMR_LIFT01": {
					"name": "AMR_LIFT01",
					"pose": {
						"translation": [
							139.60765075683594,
							142.50302124023438,
							0.06200523301959038
						],
						"rotation": [
							-0.009417098946869373,
							-0.0036771988961845636,
							-0.9309927821159363,
							0.36489778757095337
						]
					},
					"odometry": {
						"position": [
							0.5786840292282073,
							-7.7963714143375435,
							-0.01308902653159643
						],
						"orientation": [
							-0.019763064917297186,
							0.0003867070118196431,
							-0.9307977692688865,
							0.36499970472156085
						],
						"linear": [
							0.004869683180004358,
							0.0,
							0.0
						],
						"angular": [
							0.0,
							0.0,
							-0.0026611629873514175
						]
					},
					"aabb": [
						123.75421873220458,
						140.68466475575377,
						-0.01423068772006208,
						124.7260147859869,
						141.62883888210814,
						0.16302712244132628
					],
					"joint_state": {
						"position": [
							-1.9477,
							4.4782,
							1.1158,
							-5.3594,
							1.1252,
							-0.4946,
							0.0
						],
						"velocity": [
							0.0278,
							0.0224,
							-0.0261,
							-0.2341,
							0.1118,
							-0.0531,
							0.0
						],
						"effort": [
							0.0,
							0.0,
							0.0,
							0.0,
							0.0,
							0.0,
							0.0
						]
					},
					"lift_state": "lift_down"
				}
			}
		},
		"objects": {
			"Rack": {
				"Rack_02": {
					"name": "Rack_02",
					"pose": {
						"translation": [
							133.05699157714844,
							143.09999084472656,
							0.19921104609966278
						],
						"rotation": [
							0.983835756778717,
							0.1790735274553299,
							-4.97384462505579e-08,
							9.080395102500916e-09
						]
					}
				}
			}
		},
		"relationships": {
			"L-Rack": [
				[
					"AMR_LIFT01",
					"none"
				]
			]
		}
	},
	"timestamp_4": {
		"robots": {
			"ARMLIFT": {
				"AMR_LIFT01": {
					"name": "AMR_LIFT01",
					"pose": {
						"translation": [
							139.60752868652344,
							142.50283813476562,
							0.062002409249544144
						],
						"rotation": [
							-0.009416363202035427,
							-0.003683275543153286,
							-0.9309643507003784,
							0.364970326423645
						]
					},