{
	"timestamp_0": {
		"robots": {
			"ARMLIFT": {
				"AMR_LIFT01": {
					"name": "AMR_LIFT01",
					"pose": {
						"translation": [
							139.597412109375,
							142.5370330810547,
							0.06200221925973892
						],
						"rotation": [
							-0.00940187182277441,
							-0.0037322696298360825,
							-0.9291354417800903,
							0.3696014881134033
						]
					},
					"odometry": {
						"position": [
							0.5684407213837435,
							-7.762260555182372,
							-0.012856220919897897
						],
						"orientation": [
							-0.019739664910790856,
							0.00039787462673233556,
							-0.9289515557289791,
							0.3696744438471516
						],
						"linear": [
							-0.0009546105866320431,
							0.0,
							0.0
						],
						"angular": [
							0.0,
							0.0,
							-0.000342501763952896
						]
					},
					"aabb": [
						123.76754049314626,
						140.6471889719449,
						-0.011741123826625052,
						124.73609593476755,
						141.59523480577488,
						0.16309619416725077
					],
					"joint_state": {
						"position": [
							-2.1732,
							4.3183,
							1.1401,
							-5.1501,
							1.1728,
							-0.3148,
							0.0
						],
						"velocity": [
							-0.0301,
							-0.015,
							0.0098,
							-0.0432,
							0.1602,
							-0.1078,
							0.0
						],
						"effort": [
							0.0,
							0.0,
							0.0,
							0.0,
							0.0,
							0.0,
							0.0
						]
					},
					"lift_state": "lift_down"
				}
			}
		},
		"objects": {
			"Rack": {
				"Rack_02": {
					"name": "Rack_02",
					"pose": {
						"translation": [
							133.05699157714844,
							143.09999084472656,
							0.19921104609966278
						],
						"rotation": [
							0.983835756778717,
							0.1790735274553299,
							-4.97384462505579e-08,
							9.080395102500916e-09
						]
					}
				}
			}
		},
		"relationships": {
			"L-Rack": [
				[
					"AMR_LIFT01",
					"none"
				]
			]
		}
	},
	"timestamp_1": {
		"robots": {
			"ARMLIFT": {
				"AMR_LIFT01": {
					"name": "AMR_LIFT01",
					"pose": {
						"translation": [
							139.59791564941406,
							142.53643798828125,
							0.06200805678963661
						],
						"rotation": [
							-0.009404588490724564,
							-0.0037492995616048574,
							-0.9291642904281616,
							0.3695286512374878
						]
					},
					"odometry": {
						"position": [
							0.5688801897507487,
							-7.762885524982295,
							-0.012861918071426469
						],
						"orientation": [
							-0.01973964518913318,
							0.00037544997048084605,
							-0.9289923097865841,
							0.3695720414242864
						],
						"linear": [
							-0.0017901021055877209,
							0.0,
							0.0
						],
						"angular": [
							0.0,
							0.0,
							-0.004819158464670181
						]
					},
					"aabb": [
						123.76732554858914,
						140.6474487673157,
						-0.011725164913504685,
						124.7359334576042,
						141.59543332987448,
						0.16309207694134248
					],
					"joint_state": {
						"position": [
							-2.1725,
							4.3207,
							1.141,
							-5.1504,
							1.1617,
							-0.3081,
							0.0
						],
						"velocity": [
							0.0031,
							0.0289,
							0.0859,
							-0.0448,
							0.1027,
							-0.044,
							0.0
						],
						"effort": [
							0.0,
							0.0,
							0.0,
							0.0,
							0.0,
							0.0,
							0.0
						]
					},
					"lift_state": "lift_down"
				}
			}
		},
		"objects": {
			"Rack": {
				"Rack_02": {
					"name": "Rack_02",
					"pose": {
						"translation": [
							133.05699157714844,
							143.09999084472656,
							0.19921104609966278
						],
						"rotation": [
							0.983835756778717,
							0.1790735274553299,
							-4.97384462505579e-08,
							9.080395102500916e-09
						]
					}
				}
			}
		},
		"relationships": {
			"L-Rack": [
				[
					"AMR_LIFT01",
					"none"
				]
			]
		}
	},
	"timestamp_2": {
		"robots": {
			"ARMLIFT": {
				"AMR_LIFT01": {
					"name": "AMR_LIFT01",
					"pose": {
						"translation": [
							139.597900390625,
							142.5363006591797,
							0.06200084462761879
						],
						"rotation": [
							-0.009402547031641006,
							-0.003739959793165326,
							-0.9292868375778198,
							0.3692205846309662
						]
					},
					"odometry": {
						"position": [
							0.5688118014487406,
							-7.763041783717168,
							-0.012862829562420842
						],
						"orientation": [
							-0.019746165891408186,
							0.00039048489418395764,
							-0.9290926420217261,
							0.36931937262378406
						],
						"linear": [
							0.0020256999414414167,
							0.0,
							0.0
						],
						"angular": [
							0.0,
							0.0,
							0.0006870215875096619
						]
					},
					"aabb": [
						123.76709316857392,
						140.64804397092146,
						-0.011751846261280391,
						124.73587777847925,
						141.59582003525568,
						0.1630845958995009
					],
					"joint_state": {
						"position": [
							-2.1721,
							4.3216,
							1.1503,
							-5.1583,
							1.1666,
							-0.3103,
							0.0
						],
						"velocity": [
							0.0176,
							0.0474,
							0.0747,
							-0.0723,
							0.1038,
							-0.0732,
							0.0
						],
						"effort": [
							0.0,
							0.0,
							0.0,
							0.0,
							0.0,
							0.0,
							0.0
						]
					},
					"lift_state": "lift_down"
				}
			}
		},
		"objects": {
			"Rack": {
				"Rack_02": {
					"name": "Rack_02",
					"pose": {
						"translation": [
							133.05699157714844,
							143.09999084472656,
							0.19921104609966278
						],
						"rotation": [
							0.983835756778717,
							0.1790735274553299,
							-4.97384462505579e-08,
							9.080395102500916e-09
						]
					}
				}
			}
		},
		"relationships": {
			"L-Rack": [
				[
					"AMR_LIFT01",
					"none"
				]
			]
		}
	},
	"timestamp_3": {
		"robots": {
			"ARMLIFT": {
				"AMR_LIFT01": {
					"name": "AMR_LIFT01",
					"pose": {
						"translation": [
							139.597900390625,
							142.5360565185547,
							0.062004394829273224
						],
						"rotation": [
							-0.009401295334100723,
							-0.0037466951180249453,
							-0.9292870759963989,
							0.36921989917755127
						]
					},
					"odometry": {
						"position": [
							0.5688703649084792,
							-7.763266392869724,
							-0.012865378208312041
						],
						"orientation": [
							-0.019737721492049266,
							0.0003746196987713177,
							-0.9291151352016481,
							0.36926324966019414
						],
						"linear": [
							0.0004140421515330672,
							0.0,
							0.0
						],
						"angular": [
							0.0,
							0.0,
							0.0018372168997302651
						]
					},
					"aabb": [
						123.76664307475738,
						140.64864012738997,
						-0.011721595438565683,
						124.73555492887851,
						141.5962738324746,
						0.16309659839994828
					],
					"joint_state": {
						"position": [
							-2.1719,
							4.3221,
							1.141,
							-5.1486,
							1.1678,
							-0.3131,
							0.0
						],
						"velocity": [
							0.0005,
							0.0004,
							-0.0147,
							0.0132,
							0.122,
							-0.0548,
							0.0
						],
						"effort": [
							0.0,
							0.0,
							0.0,
							0.0,
							0.0,
							0.0,
							0.0
						]
					},
					"lift_state": "lift_down"
				}
			}
		},
		"objects": {
			"Rack": {
				"Rack_02": {
					"name": "Rack_02",
					"pose": {
						"translation": [
							133.05699157714844,
							143.09999084472656,
							0.19921104609966278
						],
						"rotation": [
							0.983835756778717,
							0.1790735274553299,
							-4.97384462505579e-08,
							9.080395102500916e-09
						]
					}
				}
			}
		},
		"relationships": {
			"L-Rack": [
				[
					"AMR_LIFT01",
					"none"
				]
			]
		}
	},
	"timestamp_4": {
		"robots": {
			"ARMLIFT": {
				"AMR_LIFT01": {
					"name": "AMR_LIFT01",
					"pose": {
						"translation": [
							139.59776306152344,
							142.5360870361328,
							0.062000006437301636
						],
						"rotation": [
							-0.009400997310876846,
							-0.003734331112354994,
							-0.9292790293693542,
							0.3692403733730316
						]
					},