{
	"timestamp_0": {
		"robots": {
			"ARMLIFT": {
				"AMR_LIFT01": {
					"name": "AMR_LIFT01",
					"pose": {
						"translation": [
							139.61219787597656,
							142.48106384277344,
							0.062004584819078445
						],
						"rotation": [
							-0.009419349022209644,
							-0.00364174647256732,
							-0.9331548810005188,
							0.35933300852775574
						]
					},
					"odometry": {
						"position": [
							0.5831568266935634,
							-7.8182559768145055,
							-0.013184677858104543
						],
						"orientation": [
							-0.019798952569486567,
							0.00036958191739520354,
							-0.9329827471302274,
							0.359375929137848
						],
						"linear": [
							-0.0005704039358533919,
							0.0,
							0.0
						],
						"angular": [
							0.0,
							0.0,
							1.7026615751092322e-05
						]
					},
					"aabb": [
						123.74615264201358,
						140.71095645146923,
						-0.014919754910500314,
						124.72179883866087,
						141.65024734754107,
						0.16297881535199513
					],
					"joint_state": {
						"position": [
							-1.7856,
							4.5978,
							1.0972,
							-5.5282,
							1.0916,
							-0.685,
							0.0
						],
						"velocity": [
							0.0003,
							0.0001,
							-0.0636,
							-0.0011,
							-0.0588,
							0.0129,
							0.0
						],
						"effort": [
							0.0,
							0.0,
							0.0,
							0.0,
							0.0,
							0.0,
							0.0
						]
					},
					"lift_state": "lift_down"
				}
			}
		},
		"objects": {
			"Rack": {
				"Rack_02": {
					"name": "Rack_02",
					"pose": {
						"translation": [
							133.05699157714844,
							143.09999084472656,
							0.19921104609966278
						],
						"rotation": [
							0.983835756778717,
							0.1790735274553299,
							-4.97384462505579e-08,
							9.080395102500916e-09
						]
					}
				}
			}
		},
		"relationships": {
			"L-Rack": [
				[
					"AMR_LIFT01",
					"none"
				]
			]
		}
	},
	"timestamp_1": {
		"robots": {
			"ARMLIFT": {
				"AMR_LIFT01": {
					"name": "AMR_LIFT01",
					"pose": {
						"translation": [
							139.61270141601562,
							142.48056030273438,
							0.06200012192130089
						],
						"rotation": [
							-0.009417393244802952,
							-0.0036296681500971317,
							-0.9330375790596008,
							0.3596375584602356
						]
					},
					"odometry": {
						"position": [
							0.5836644413557488,
							-7.8187735377942476,
							-0.01320045090361439
						],
						"orientation": [
							-0.019795689583375294,
							0.00038504751673327364,
							-0.9328654780148327,
							0.35968038915193384
						],
						"linear": [
							-0.0007551886956207454,
							0.0,
							0.0
						],
						"angular": [
							0.0,
							0.0,
							0.0023006394039839506
						]
					},
					"aabb": [
						123.74612171614619,
						140.71090472092513,
						-0.014935327081761087,
						124.72154229308423,
						141.65048796244852,
						0.16297577905200417
					],
					"joint_state": {
						"position": [
							-1.7845,
							4.598,
							1.0837,
							-5.5206,
							1.0831,
							-0.6746,
							0.0
						],
						"velocity": [
							-0.0054,
							-0.0138,
							0.0359,
							0.0408,
							-0.0123,
							0.0267,
							0.0
						],
						"effort": [
							0.0,
							0.0,
							0.0,
							0.0,
							0.0,
							0.0,
							0.0
						]
					},
					"lift_state": "lift_down"
				}
			}
		},
		"objects": {
			"Rack": {
				"Rack_02": {
					"name": "Rack_02",
					"pose": {
						"translation": [
							133.05699157714844,
							143.09999084472656,
							0.19921104609966278
						],
						"rotation": [
							0.983835756778717,
							0.1790735274553299,
							-4.97384462505579e-08,
							9.080395102500916e-09
						]
					}
				}
			}
		},
		"relationships": {
			"L-Rack": [
				[
					"AMR_LIFT01",
					"none"
				]
			]
		}
	},
	"timestamp_2": {
		"robots": {
			"ARMLIFT": {
				"AMR_LIFT01": {
					"name": "AMR_LIFT01",
					"pose": {
						"translation": [
							139.6129150390625,
							142.4804229736328,
							0.06199977919459343
						],
						"rotation": [
							-0.009412957355380058,
							-0.0036280073691159487,
							-0.9329961538314819,
							0.3597453534603119
						]
					},
					"odometry": {
						"position": [
							0.5838792395462181,
							-7.81888094829234,
							-0.013205144644627608
						],
						"orientation": [
							-0.019790215116074455,
							0.00038657702012615436,
							-0.9328240489864477,
							0.35978812039365177
						],
						"linear": [
							8.129704656312242e-05,
							0.0,
							0.0
						],
						"angular": [
							0.0,
							0.0,
							0.0010354506084695458
						]
					},
					"aabb": [
						123.74584498583694,
						140.7111266898321,
						-0.014939980080391237,
						124.72123806010637,
						141.6507464439266,
						0.16297890398269513
					],
					"joint_state": {
						"position": [
							-1.7844,
							4.5985,
							1.0716,
							-5.5143,
							1.076,
							-0.6678,
							0.0
						],
						"velocity": [
							0.0001,
							0.0007,
							0.1011,
							-0.0918,
							0.1323,
							-0.0941,
							0.0
						],
						"effort": [
							0.0,
							0.0,
							0.0,
							0.0,
							0.0,
							0.0,
							0.0
						]
					},
					"lift_state": "lift_down"
				}
			}
		},
		"objects": {
			"Rack": {
				"Rack_02": {
					"name": "Rack_02",
					"pose": {
						"translation": [
							133.05699157714844,
							143.09999084472656,
							0.19921104609966278
						],
						"rotation": [
							0.983835756778717,
							0.1790735274553299,
							-4.97384462505579e-08,
							9.080395102500916e-09
						]
					}
				}
			}
		},
		"relationships": {
			"L-Rack": [
				[
					"AMR_LIFT01",
					"none"
				]
			]
		}
	},
	"timestamp_3": {
		"robots": {
			"ARMLIFT": {
				"AMR_LIFT01": {
					"name": "AMR_LIFT01",
					"pose": {
						"translation": [
							139.61288452148438,
							142.48069763183594,
							0.0619998537003994
						],
						"rotation": [
							-0.00941584911197424,
							-0.0036259968765079975,
							-0.933127760887146,
							0.3594035804271698
						]
					},
					"odometry": {
						"position": [
							0.5838401657932678,
							-7.818636809978626,
							-0.013204632856522342
						],
						"orientation": [
							-0.019795152884489266,
							0.0003861160018327908,
							-0.9329556812836827,
							0.3594463793074182
						],
						"linear": [
							-0.0005280899931676686,
							0.0,
							0.0
						],
						"angular": [
							0.0,
							0.0,
							0.0002451674663461745
						]
					},
					"aabb": [
						123.7456507389274,
						140.71101871412438,
						-0.014937643229720203,
						124.7211977824178,
						141.6504388698622,
						0.1629805692129226
					],
					"joint_state": {
						"position": [
							-1.7835,
							4.5998,
							1.0775,
							-5.5138,
							1.0886,
							-0.674,
							0.0
						],
						"velocity": [
							0.0077,
							0.0079,
							-0.013,
							0.0183,
							-0.0482,
							0.0207,
							0.0
						],
						"effort": [
							0.0,
							0.0,
							0.0,
							0.0,
							0.0,
							0.0,
							0.0
						]
					},
					"lift_state": "lift_down"
				}
			}
		},
		"objects": {
			"Rack": {
				"Rack_02": {
					"name": "Rack_02",
					"pose": {
						"translation": [
							133.05699157714844,
							143.09999084472656,
							0.19921104609966278
						],
						"rotation": [
							0.983835756778717,
							0.1790735274553299,
							-4.97384462505579e-08,
							9.080395102500916e-09
						]
					}
				}
			}
		},
		"relationships": {
			"L-Rack": [
				[
					"AMR_LIFT01",
					"none"
				]
			]
		}
	},
	"timestamp_4": {
		"robots": {
			"ARMLIFT": {
				"AMR_LIFT01": {
					"name": "AMR_LIFT01",
					"pose": {
						"translation": [
							139.61334228515625,
							142.4800262451172,
							0.06200012192130089
						],
						"rotation": [
							-0.009417453780770302,
							-0.0036258376203477383,
							-0.9331504702568054,
							0.3593445122241974
						]
					},