{
	"timestamp_0": {
		"robots": {
			"ARMLIFT": {
				"AMR_LIFT01": {
					"name": "AMR_LIFT01",
					"pose": {
						"translation": [
							139.6016082763672,
							142.52256774902344,
							0.0619998537003994
						],
						"rotation": [
							-0.009430505335330963,
							-0.003736113663762808,
							-0.9296234846115112,
							0.36837145686149597
						]
					},
					"odometry": {
						"position": [
							0.5725712269762909,
							-7.7767623257482805,
							-0.012952687114791875
						],
						"orientation": [
							-0.01977068375486958,
							0.0003757617297672026,
							-0.9294512309388481,
							0.36841469592464354
						],
						"linear": [
							0.004806778393685818,
							0.0,
							0.0
						],
						"angular": [
							0.0,
							0.0,
							0.004004126414656639
						]
					},
					"aabb": [
						123.76243383477063,
						140.66268367998833,
						-0.013522332883227453,
						124.73190463182117,
						141.60966773113466,
						0.16308501550991392
					],
					"joint_state": {
						"position": [
							-2.0959,
							4.3713,
							1.2179,
							-5.2941,
							1.2337,
							-0.4157,
							0.0
						],
						"velocity": [
							-0.016,
							-0.0296,
							-0.0087,
							0.0462,
							-0.1484,
							0.1871,
							0.0
						],
						"effort": [
							0.0,
							0.0,
							0.0,
							0.0,
							0.0,
							0.0,
							0.0
						]
					},
					"lift_state": "lift_down"
				}
			}
		},
		"objects": {
			"Rack": {
				"Rack_02": {
					"name": "Rack_02",
					"pose": {
						"translation": [
							133.05699157714844,
							143.09999084472656,
							0.19921104609966278
						],
						"rotation": [
							0.983835756778717,
							0.1790735274553299,
							-4.97384462505579e-08,
							9.080395102500916e-09
						]
					}
				}
			}
		},
		"relationships": {
			"L-Rack": [
				[
					"AMR_LIFT01",
					"none"
				]
			]
		}
	},
	"timestamp_1": {
		"robots": {
			"ARMLIFT": {
				"AMR_LIFT01": {
					"name": "AMR_LIFT01",
					"pose": {
						"translation": [
							139.6016082763672,
							142.52276611328125,
							0.06200191378593445
						],
						"rotation": [
							-0.009431498125195503,
							-0.0037442229222506285,
							-0.9295958280563354,
							0.3684409558773041
						]
					},
					"odometry": {
						"position": [
							0.5725712613080897,
							-7.7765572432175505,
							-0.012950655591202757
						],
						"orientation": [
							-0.019771373196366102,
							0.0003684266817224747,
							-0.9294235551265044,
							0.3684844803240972
						],
						"linear": [
							0.001952867372892797,
							0.0,
							0.0
						],
						"angular": [
							0.0,
							0.0,
							0.0018511844100430608
						]
					},
					"aabb": [
						123.76300461702098,
						140.6623104408611,
						-0.013559003463477041,
						124.73249083858194,
						141.6092756048725,
						0.16306886234183526
					],
					"joint_state": {
						"position": [
							-2.0953,
							4.3733,
							1.2213,
							-5.2946,
							1.2334,
							-0.4186,
							0.0
						],
						"velocity": [
							-0.0553,
							-0.0226,
							-0.2184,
							0.0501,
							-0.261,
							0.0458,
							0.0
						],
						"effort": [
							0.0,
							0.0,
							0.0,
							0.0,
							0.0,
							0.0,
							0.0
						]
					},
					"lift_state": "lift_down"
				}
			}
		},
		"objects": {
			"Rack": {
				"Rack_02": {
					"name": "Rack_02",
					"pose": {
						"translation": [
							133.05699157714844,
							143.09999084472656,
							0.19921104609966278
						],
						"rotation": [
							0.983835756778717,
							0.1790735274553299,
							-4.97384462505579e-08,
							9.080395102500916e-09
						]
					}
				}
			}
		},
		"relationships": {
			"L-Rack": [
				[
					"AMR_LIFT01",
					"none"
				]
			]
		}
	},
	"timestamp_2": {
		"robots": {
			"ARMLIFT": {
				"AMR_LIFT01": {
					"name": "AMR_LIFT01",
					"pose": {
						"translation": [
							139.60183715820312,
							142.52330017089844,
							0.06200607120990753
						],
						"rotation": [
							-0.00943323876708746,
							-0.0037567117251455784,
							-0.9296584725379944,
							0.3682830333709717
						]
					},
					"odometry": {
						"position": [
							0.572805696137215,
							-7.776029873065175,
							-0.012949318006285581
						],
						"orientation": [
							-0.019776043012782983,
							0.00035118138067942125,
							-0.9295024150897586,
							0.36828527683943674
						],
						"linear": [
							-0.001488257898017764,
							0.0,
							0.0
						],
						"angular": [
							0.0,
							0.0,
							0.008233360014855862
						]
					},
					"aabb": [
						123.76244871556668,
						140.66215723472223,
						-0.013480136374177727,
						124.73205067420025,
						141.60898624009843,
						0.16308447943040258
					],
					"joint_state": {
						"position": [
							-2.0944,
							4.3733,
							1.227,
							-5.289,
							1.2335,
							-0.4166,
							0.0
						],
						"velocity": [
							-0.0173,
							0.0152,
							-0.0182,
							0.0552,
							-0.0469,
							0.0399,
							0.0
						],
						"effort": [
							0.0,
							0.0,
							0.0,
							0.0,
							0.0,
							0.0,
							0.0
						]
					},
					"lift_state": "lift_down"
				}
			}
		},
		"objects": {
			"Rack": {
				"Rack_02": {
					"name": "Rack_02",
					"pose": {
						"translation": [
							133.05699157714844,
							143.09999084472656,
							0.19921104609966278
						],
						"rotation": [
							0.983835756778717,
							0.1790735274553299,
							-4.97384462505579e-08,
							9.080395102500916e-09
						]
					}
				}
			}
		},
		"relationships": {
			"L-Rack": [
				[
					"AMR_LIFT01",
					"none"
				]
			]
		}
	},
	"timestamp_3": {
		"robots": {
			"ARMLIFT": {
				"AMR_LIFT01": {
					"name": "AMR_LIFT01",
					"pose": {
						"translation": [
							139.60203552246094,
							142.52293395996094,
							0.06200256198644638
						],
						"rotation": [
							-0.009439846500754356,
							-0.003732266603037715,
							-0.9296956658363342,
							0.3681887984275818
						]
					},
					"odometry": {
						"position": [
							0.5729910856440702,
							-7.776400969304468,
							-0.012959337288961557
						],
						"orientation": [
							-0.01978083737324812,
							0.00037757722453725856,
							-0.9295233123037475,
							0.36823224708344415
						],
						"linear": [
							0.002748499857261777,
							0.0,
							0.0
						],
						"angular": [
							0.0,
							0.0,
							0.009140207432210445
						]
					},
					"aabb": [
						123.7623142395342,
						140.66196556278737,
						-0.013460601701253317,
						124.73188142308499,
						141.60883506372616,
						0.163070867640719
					],
					"joint_state": {
						"position": [
							-2.0946,
							4.3735,
							1.2303,
							-5.2915,
							1.2313,
							-0.4188,
							0.0
						],
						"velocity": [
							0.0061,
							0.0019,
							-0.0553,
							-0.1396,
							0.1148,
							-0.2499,
							0.0
						],
						"effort": [
							0.0,
							0.0,
							0.0,
							0.0,
							0.0,
							0.0,
							0.0
						]
					},
					"lift_state": "lift_down"
				}
			}
		},
		"objects": {
			"Rack": {
				"Rack_02": {
					"name": "Rack_02",
					"pose": {
						"translation": [
							133.05699157714844,
							143.09999084472656,
							0.19921104609966278
						],
						"rotation": [
							0.983835756778717,
							0.1790735274553299,
							-4.97384462505579e-08,
							9.080395102500916e-09
						]
					}
				}
			}
		},
		"relationships": {
			"L-Rack": [
				[
					"AMR_LIFT01",
					"none"
				]
			]
		}
	},
	"timestamp_4": {
		"robots": {
			"ARMLIFT": {
				"AMR_LIFT01": {
					"name": "AMR_LIFT01",
					"pose": {
						"translation": [
							139.60182189941406,
							142.52293395996094,
							0.06200858950614929
						],
						"rotation": [
							-0.009436959400773048,
							-0.0037493559066206217,
							-0.9297030568122864,
							0.3681701719760895
						]
					},