{
	"timestamp_0": {
		"robots": {
			"ARMLIFT": {
				"AMR_LIFT01": {
					"name": "AMR_LIFT01",
					"pose": {
						"translation": [
							139.60289001464844,
							142.5187530517578,
							0.06200435385107994
						],
						"rotation": [
							-0.009420712478458881,
							-0.0037421646993607283,
							-0.9298050999641418,
							0.3679129183292389
						]
					},
					"odometry": {
						"position": [
							0.5738505070748717,
							-7.780570850202698,
							-0.012976765319525324
						],
						"orientation": [
							-0.019762921131906048,
							0.00036461105188146466,
							-0.9296329502260225,
							0.36795634504812713
						],
						"linear": [
							-0.001562319928780198,
							0.0,
							0.0
						],
						"angular": [
							0.0,
							0.0,
							-0.0034976708702743053
						]
					},
					"aabb": [
						123.76111894216899,
						140.6666508227152,
						-0.013762786171100938,
						124.7308369343089,
						141.6133351305316,
						0.16305569029624148
					],
					"joint_state": {
						"position": [
							-2.0723,
							4.3962,
							1.1935,
							-5.3165,
							1.1929,
							-0.4467,
							0.0
						],
						"velocity": [
							-0.0006,
							-0.0011,
							0.112,
							-0.0685,
							0.1393,
							-0.0759,
							0.0
						],
						"effort": [
							0.0,
							0.0,
							0.0,
							0.0,
							0.0,
							0.0,
							0.0
						]
					},
					"lift_state": "lift_down"
				}
			}
		},
		"objects": {
			"Rack": {
				"Rack_02": {
					"name": "Rack_02",
					"pose": {
						"translation": [
							133.05699157714844,
							143.09999084472656,
							0.19921104609966278
						],
						"rotation": [
							0.983835756778717,
							0.1790735274553299,
							-4.97384462505579e-08,
							9.080395102500916e-09
						]
					}
				}
			}
		},
		"relationships": {
			"L-Rack": [
				[
					"AMR_LIFT01",
					"none"
				]
			]
		}
	},
	"timestamp_1": {
		"robots": {
			"ARMLIFT": {
				"AMR_LIFT01": {
					"name": "AMR_LIFT01",
					"pose": {
						"translation": [
							139.60264587402344,
							142.5187530517578,
							0.06199951097369194
						],
						"rotation": [
							-0.00941860768944025,
							-0.0037289257161319256,
							-0.9296971559524536,
							0.3681858479976654
						]
					},
					"odometry": {
						"position": [
							0.5736160823121049,
							-7.780570872213679,
							-0.012976392399065553
						],
						"orientation": [
							-0.019759609728525904,
							0.0003808848614433713,
							-0.9295250421536698,
							0.3682290167264351
						],
						"linear": [
							-0.0023979912512004375,
							0.0,
							0.0
						],
						"angular": [
							0.0,
							0.0,
							0.005331811029464006
						]
					},
					"aabb": [
						123.76122774275844,
						140.66667925026263,
						-0.013752407575728503,
						124.73087086225443,
						141.6134525764044,
						0.1630564911672291
					],
					"joint_state": {
						"position": [
							-2.0705,
							4.396,
							1.1832,
							-5.308,
							1.1826,
							-0.4466,
							0.0
						],
						"velocity": [
							0.053,
							0.0233,
							-0.0427,
							0.0623,
							-0.1556,
							-0.07,
							0.0
						],
						"effort": [
							0.0,
							0.0,
							0.0,
							0.0,
							0.0,
							0.0,
							0.0
						]
					},
					"lift_state": "lift_down"
				}
			}
		},
		"objects": {
			"Rack": {
				"Rack_02": {
					"name": "Rack_02",
					"pose": {
						"translation": [
							133.05699157714844,
							143.09999084472656,
							0.19921104609966278
						],
						"rotation": [
							0.983835756778717,
							0.1790735274553299,
							-4.97384462505579e-08,
							9.080395102500916e-09
						]
					}
				}
			}
		},
		"relationships": {
			"L-Rack": [
				[
					"AMR_LIFT01",
					"none"
				]
			]
		}
	},
	"timestamp_2": {
		"robots": {
			"ARMLIFT": {
				"AMR_LIFT01": {
					"name": "AMR_LIFT01",
					"pose": {
						"translation": [
							139.602294921875,
							142.51881408691406,
							0.062003325670957565
						],
						"rotation": [
							-0.009417189285159111,
							-0.0037215950433164835,
							-0.9296261668205261,
							0.36836519837379456
						]
					},
					"odometry": {
						"position": [
							0.5733331148348063,
							-7.780522044126168,
							-0.012962539030142698
						],
						"orientation": [
							-0.019765149656732504,
							0.000400426304920107,
							-0.9294528668316615,
							0.36841083976482997
						],
						"linear": [
							0.0017745086224749684,
							0.0,
							0.0
						],
						"angular": [
							0.0,
							0.0,
							0.0002408679574728012
						]
					},
					"aabb": [
						123.76177549894027,
						140.6662543246226,
						-0.01355058877338238,
						124.73121819106973,
						141.61326421600884,
						0.16306276770715072
					],
					"joint_state": {
						"position": [
							-2.0704,
							4.3964,
							1.1641,
							-5.2983,
							1.1673,
							-0.4464,
							0.0
						],
						"velocity": [
							0.0017,
							0.0002,
							-0.092,
							-0.0714,
							0.0041,
							-0.0053,
							0.0
						],
						"effort": [
							0.0,
							0.0,
							0.0,
							0.0,
							0.0,
							0.0,
							0.0
						]
					},
					"lift_state": "lift_down"
				}
			}
		},
		"objects": {
			"Rack": {
				"Rack_02": {
					"name": "Rack_02",
					"pose": {
						"translation": [
							133.05699157714844,
							143.09999084472656,
							0.19921104609966278
						],
						"rotation": [
							0.983835756778717,
							0.1790735274553299,
							-4.97384462505579e-08,
							9.080395102500916e-09
						]
					}
				}
			}
		},
		"relationships": {
			"L-Rack": [
				[
					"AMR_LIFT01",
					"none"
				]
			]
		}
	},
	"timestamp_3": {
		"robots": {
			"ARMLIFT": {
				"AMR_LIFT01": {
					"name": "AMR_LIFT01",
					"pose": {
						"translation": [
							139.6024932861328,
							142.51856994628906,
							0.06201072409749031
						],
						"rotation": [
							-0.009425271302461624,
							-0.0037336330860853195,
							-0.9295984506607056,
							0.3684345781803131
						]
					},
					"odometry": {
						"position": [
							0.5734601299316414,
							-7.780756405652478,
							-0.012961727332304817
						],
						"orientation": [
							-0.0197651764326596,
							0.00037894530050426817,
							-0.9294262574854155,
							0.36847798590648456
						],
						"linear": [
							-0.003673336235806346,
							0.0,
							0.0
						],
						"angular": [
							0.0,
							0.0,
							-0.0007603648700751364
						]
					},
					"aabb": [
						123.76217033694233,
						140.6660363751897,
						-0.013549663079841089,
						124.73153492355037,
						141.61313769730432,
						0.16306187789012455
					],
					"joint_state": {
						"position": [
							-2.0688,
							4.3983,
							1.1715,
							-5.3018,
							1.1728,
							-0.4557,
							0.0
						],
						"velocity": [
							0.0103,
							0.0369,
							0.0349,
							-0.0461,
							0.0883,
							-0.0457,
							0.0
						],
						"effort": [
							0.0,
							0.0,
							0.0,
							0.0,
							0.0,
							0.0,
							0.0
						]
					},
					"lift_state": "lift_down"
				}
			}
		},
		"objects": {
			"Rack": {
				"Rack_02": {
					"name": "Rack_02",
					"pose": {
						"translation": [
							133.05699157714844,
							143.09999084472656,
							0.19921104609966278
						],
						"rotation": [
							0.983835756778717,
							0.1790735274553299,
							-4.97384462505579e-08,
							9.080395102500916e-09
						]
					}
				}
			}
		},
		"relationships": {
			"L-Rack": [
				[
					"AMR_LIFT01",
					"none"
				]
			]
		}
	},
	"timestamp_4": {
		"robots": {
			"ARMLIFT": {
				"AMR_LIFT01": {
					"name": "AMR_LIFT01",
					"pose": {
						"translation": [
							139.60243225097656,
							142.518310546875,
							0.06200748309493065
						],
						"rotation": [
							-0.009413626976311207,
							-0.0037502271588891745,
							-0.9295703172683716,
							0.36850565671920776
						]
					},