{
	"timestamp_0": {
		"robots": {
			"ARMLIFT": {
				"AMR_LIFT01": {
					"name": "AMR_LIFT01",
					"pose": {
						"translation": [
							139.61900329589844,
							142.44227600097656,
							0.06200138106942177
						],
						"rotation": [
							-0.009376362897455692,
							-0.0035653719678521156,
							-0.9347856044769287,
							0.35507097840309143
						]
					},
					"odometry": {
						"position": [
							0.5899735106843148,
							-7.857054525922766,
							-0.013340638686483436
						],
						"orientation": [
							-0.01977417783522426,
							0.00039854300938937037,
							-0.9346139771109044,
							0.3551134140571833
						],
						"linear": [
							0.00665981974452734,
							0.0,
							0.0
						],
						"angular": [
							0.0,
							0.0,
							0.0013305506436154246
						]
					},
					"aabb": [
						123.73674357786196,
						140.7529533664742,
						-0.014795876681083113,
						124.71518753756779,
						141.68846449081474,
						0.16288490645228637
					],
					"joint_state": {
						"position": [
							-1.4695,
							4.8423,
							0.9308,
							-5.7022,
							0.9035,
							-0.8286,
							0.0
						],
						"velocity": [
							-0.0455,
							-0.0451,
							-0.0047,
							0.0111,
							0.0115,
							-0.0037,
							0.0
						],
						"effort": [
							0.0,
							0.0,
							0.0,
							0.0,
							0.0,
							0.0,
							0.0
						]
					},
					"lift_state": "lift_down"
				}
			}
		},
		"objects": {
			"Rack": {
				"Rack_02": {
					"name": "Rack_02",
					"pose": {
						"translation": [
							133.05699157714844,
							143.09999084472656,
							0.19921104609966278
						],
						"rotation": [
							0.983835756778717,
							0.1790735274553299,
							-4.97384462505579e-08,
							9.080395102500916e-09
						]
					}
				}
			}
		},
		"relationships": {
			"L-Rack": [
				[
					"AMR_LIFT01",
					"none"
				]
			]
		}
	},
	"timestamp_1": {
		"robots": {
			"ARMLIFT": {
				"AMR_LIFT01": {
					"name": "AMR_LIFT01",
					"pose": {
						"translation": [
							139.61868286132812,
							142.44241333007812,
							0.062000881880521774
						],
						"rotation": [
							-0.009375551715493202,
							-0.0035569146275520325,
							-0.9348098039627075,
							0.3550073504447937
						]
					},
					"odometry": {
						"position": [
							0.5897391622645305,
							-7.857005712713267,
							-0.01333671995064546
						],
						"orientation": [
							-0.019770774933171566,
							0.00040337206516018604,
							-0.9346361366352136,
							0.355055271535463
						],
						"linear": [
							0.002555346814915538,
							0.0,
							0.0
						],
						"angular": [
							0.0,
							0.0,
							0.0015006422763690352
						]
					},
					"aabb": [
						123.73680930103994,
						140.75291585210562,
						-0.014789730744495687,
						124.71532759841122,
						141.6883243265204,
						0.1628868395199987
					],
					"joint_state": {
						"position": [
							-1.4676,
							4.8426,
							0.9102,
							-5.7037,
							0.888,
							-0.8299,
							0.0
						],
						"velocity": [
							0.0321,
							0.0294,
							0.0422,
							0.0288,
							-0.054,
							-0.024,
							0.0
						],
						"effort": [
							0.0,
							0.0,
							0.0,
							0.0,
							0.0,
							0.0,
							0.0
						]
					},
					"lift_state": "lift_down"
				}
			}
		},
		"objects": {
			"Rack": {
				"Rack_02": {
					"name": "Rack_02",
					"pose": {
						"translation": [
							133.05699157714844,
							143.09999084472656,
							0.19921104609966278
						],
						"rotation": [
							0.983835756778717,
							0.1790735274553299,
							-4.97384462505579e-08,
							9.080395102500916e-09
						]
					}
				}
			}
		},
		"relationships": {
			"L-Rack": [
				[
					"AMR_LIFT01",
					"none"
				]
			]
		}
	},
	"timestamp_2": {
		"robots": {
			"ARMLIFT": {
				"AMR_LIFT01": {
					"name": "AMR_LIFT01",
					"pose": {
						"translation": [
							139.61888122558594,
							142.44229125976562,
							0.062000274658203125
						],
						"rotation": [
							-0.009373695589601994,
							-0.003558113006874919,
							-0.9347018599510193,
							0.35529154539108276
						]
					},
					"odometry": {
						"position": [
							0.5898465630236568,
							-7.8570350035902585,
							-0.013338933823739404
						],
						"orientation": [
							-0.01977057453430887,
							0.0004082549207323676,
							-0.934530268769965,
							0.35533383523559925
						],
						"linear": [
							-0.0019567839335650206,
							0.0,
							0.0
						],
						"angular": [
							0.0,
							0.0,
							-0.0025994465686380863
						]
					},
					"aabb": [
						123.73709897736329,
						140.75280688092363,
						-0.014786760811266468,
						124.71539579371316,
						141.68851912440422,
						0.1628862358158791
					],
					"joint_state": {
						"position": [
							-1.467,
							4.8428,
							0.9082,
							-5.7004,
							0.8849,
							-0.8306,
							0.0
						],
						"velocity": [
							0.0047,
							-0.0266,
							0.0812,
							-0.0317,
							0.0605,
							-0.033,
							0.0
						],
						"effort": [
							0.0,
							0.0,
							0.0,
							0.0,
							0.0,
							0.0,
							0.0
						]
					},
					"lift_state": "lift_down"
				}
			}
		},
		"objects": {
			"Rack": {
				"Rack_02": {
					"name": "Rack_02",
					"pose": {
						"translation": [
							133.05699157714844,
							143.09999084472656,
							0.19921104609966278
						],
						"rotation": [
							0.983835756778717,
							0.1790735274553299,
							-4.97384462505579e-08,
							9.080395102500916e-09
						]
					}
				}
			}
		},
		"relationships": {
			"L-Rack": [
				[
					"AMR_LIFT01",
					"none"
				]
			]
		}
	},
	"timestamp_3": {
		"robots": {
			"ARMLIFT": {
				"AMR_LIFT01": {
					"name": "AMR_LIFT01",
					"pose": {
						"translation": [
							139.61866760253906,
							142.4423370361328,
							0.062002599239349365
						],
						"rotation": [
							-0.009374462068080902,
							-0.003563095349818468,
							-0.9347116947174072,
							0.35526564717292786
						]
					},
					"odometry": {
						"position": [
							0.5896317762494506,
							-7.856986186218281,
							-0.013333867081830134
						],
						"orientation": [
							-0.019768993240423763,
							0.0004020838877480269,
							-0.9345457799827191,
							0.35529313299203896
						],
						"linear": [
							0.0010475459275767207,
							0.0,
							0.0
						],
						"angular": [
							0.0,
							0.0,
							0.0017203225288540125
						]
					},
					"aabb": [
						123.73696322615864,
						140.7530226538067,
						-0.01478168325619988,
						124.71531035718492,
						141.6886667034525,
						0.16288852367191217
					],
					"joint_state": {
						"position": [
							-1.4666,
							4.8433,
							0.8968,
							-5.6938,
							0.8883,
							-0.8341,
							0.0
						],
						"velocity": [
							0.0002,
							0.0004,
							-0.03,
							0.0125,
							-0.0412,
							-0.0012,
							0.0
						],
						"effort": [
							0.0,
							0.0,
							0.0,
							0.0,
							0.0,
							0.0,
							0.0
						]
					},
					"lift_state": "lift_down"
				}
			}
		},
		"objects": {
			"Rack": {
				"Rack_02": {
					"name": "Rack_02",
					"pose": {
						"translation": [
							133.05699157714844,
							143.09999084472656,
							0.19921104609966278
						],
						"rotation": [
							0.983835756778717,
							0.1790735274553299,
							-4.97384462505579e-08,
							9.080395102500916e-09
						]
					}
				}
			}
		},
		"relationships": {
			"L-Rack": [
				[
					"AMR_LIFT01",
					"none"
				]
			]
		}
	},
	"timestamp_4": {
		"robots": {
			"ARMLIFT": {
				"AMR_LIFT01": {
					"name": "AMR_LIFT01",
					"pose": {
						"translation": [
							139.61854553222656,
							142.44212341308594,
							0.06200122833251953
						],
						"rotation": [
							-0.009382521733641624,
							-0.003559261793270707,
							-0.9348154664039612,
							0.3549923896789551
						]
					},