{
	"timestamp_0": {
		"robots": {
			"ARMLIFT": {
				"AMR_LIFT01": {
					"name": "AMR_LIFT01",
					"pose": {
						"translation": [
							139.61868286132812,
							142.45785522460938,
							0.06200069189071655
						],
						"rotation": [
							-0.009428730234503746,
							-0.003580759046599269,
							-0.9348704814910889,
							0.3548460900783539
						]
					},
					"odometry": {
						"position": [
							0.5893868438998596,
							-7.841117028869251,
							-0.013328847843848954
						],
						"orientation": [
							-0.019827306445268342,
							0.00038336318790307164,
							-0.9347108998066873,
							0.354855272941469
						],
						"linear": [
							0.0009637135080993176,
							0.0,
							0.0
						],
						"angular": [
							0.0,
							0.0,
							0.00619417242705822
						]
					},
					"aabb": [
						123.73715247369259,
						140.73713694450092,
						-0.014810096870719552,
						124.71578374686013,
						141.67240952068863,
						0.16293453425495902
					],
					"joint_state": {
						"position": [
							-1.5845,
							4.7524,
							1.0627,
							-5.6741,
							1.0643,
							-0.7989,
							0.0
						],
						"velocity": [
							-0.0081,
							0.0093,
							0.027,
							-0.0262,
							0.0288,
							-0.0045,
							0.0
						],
						"effort": [
							0.0,
							0.0,
							0.0,
							0.0,
							0.0,
							0.0,
							0.0
						]
					},
					"lift_state": "lift_down"
				}
			}
		},
		"objects": {
			"Rack": {
				"Rack_02": {
					"name": "Rack_02",
					"pose": {
						"translation": [
							133.05699157714844,
							143.09999084472656,
							0.19921104609966278
						],
						"rotation": [
							0.983835756778717,
							0.1790735274553299,
							-4.97384462505579e-08,
							9.080395102500916e-09
						]
					}
				}
			}
		},
		"relationships": {
			"L-Rack": [
				[
					"AMR_LIFT01",
					"none"
				]
			]
		}
	},
	"timestamp_1": {
		"robots": {
			"ARMLIFT": {
				"AMR_LIFT01": {
					"name": "AMR_LIFT01",
					"pose": {
						"translation": [
							139.6193084716797,
							142.4572296142578,
							0.062000349164009094
						],
						"rotation": [
							-0.009436089545488358,
							-0.0035825411323457956,
							-0.9348676204681396,
							0.35485318303108215
						]
					},
					"odometry": {
						"position": [
							0.5902753613999077,
							-7.842103310508424,
							-0.013348025468534353
						],
						"orientation": [
							-0.019834818267021645,
							0.0003789508536486058,
							-0.9346953121483978,
							0.35489591407675297
						],
						"linear": [
							-0.0009002442238852382,
							0.0,
							0.0
						],
						"angular": [
							0.0,
							0.0,
							0.0011525938753038645
						]
					},
					"aabb": [
						123.7362986116871,
						140.7381646642319,
						-0.014804144256189722,
						124.71489369194197,
						141.6734907342006,
						0.16293553261227423
					],
					"joint_state": {
						"position": [
							-1.5829,
							4.752,
							1.0833,
							-5.6856,
							1.0848,
							-0.8116,
							0.0
						],
						"velocity": [
							0.0051,
							-0.0171,
							0.2264,
							-0.0794,
							0.2525,
							-0.0875,
							0.0
						],
						"effort": [
							0.0,
							0.0,
							0.0,
							0.0,
							0.0,
							0.0,
							0.0
						]
					},
					"lift_state": "lift_down"
				}
			}
		},
		"objects": {
			"Rack": {
				"Rack_02": {
					"name": "Rack_02",
					"pose": {
						"translation": [
							133.05699157714844,
							143.09999084472656,
							0.19921104609966278
						],
						"rotation": [
							0.983835756778717,
							0.1790735274553299,
							-4.97384462505579e-08,
							9.080395102500916e-09
						]
					}
				}
			}
		},
		"relationships": {
			"L-Rack": [
				[
					"AMR_LIFT01",
					"none"
				]
			]
		}
	},
	"timestamp_2": {
		"robots": {
			"ARMLIFT": {
				"AMR_LIFT01": {
					"name": "AMR_LIFT01",
					"pose": {
						"translation": [
							139.61941528320312,
							142.4569854736328,
							0.06200038641691208
						],
						"rotation": [
							-0.009433054365217686,
							-0.0035803248174488544,
							-0.9348360896110535,
							0.35493630170822144
						]
					},
					"odometry": {
						"position": [
							0.5903827702703616,
							-7.842347445841272,
							-0.013350387635245592
						],
						"orientation": [
							-0.01983143152976594,
							0.00038209173905232534,
							-0.9346638169951605,
							0.35497903815495935
						],
						"linear": [
							0.002339945873245597,
							0.0,
							0.0
						],
						"angular": [
							0.0,
							0.0,
							-0.004141502548009157
						]
					},
					"aabb": [
						123.73620830642886,
						140.73825657147677,
						-0.01480993873921483,
						124.71472390696304,
						141.67368986186042,
						0.16293300242583109
					],
					"joint_state": {
						"position": [
							-1.5816,
							4.752,
							1.0745,
							-5.6812,
							1.0729,
							-0.8082,
							0.0
						],
						"velocity": [
							0.0094,
							-0.0058,
							-0.0046,
							-0.0231,
							0.0498,
							-0.0214,
							0.0
						],
						"effort": [
							0.0,
							0.0,
							0.0,
							0.0,
							0.0,
							0.0,
							0.0
						]
					},
					"lift_state": "lift_down"
				}
			}
		},
		"objects": {
			"Rack": {
				"Rack_02": {
					"name": "Rack_02",
					"pose": {
						"translation": [
							133.05699157714844,
							143.09999084472656,
							0.19921104609966278
						],
						"rotation": [
							0.983835756778717,
							0.1790735274553299,
							-4.97384462505579e-08,
							9.080395102500916e-09
						]
					}
				}
			}
		},
		"relationships": {
			"L-Rack": [
				[
					"AMR_LIFT01",
					"none"
				]
			]
		}
	},
	"timestamp_3": {
		"robots": {
			"ARMLIFT": {
				"AMR_LIFT01": {
					"name": "AMR_LIFT01",
					"pose": {
						"translation": [
							139.619873046875,
							142.45657348632812,
							0.06200103461742401
						],
						"rotation": [
							-0.00943592470139265,
							-0.0035781224723905325,
							-0.9349445104598999,
							0.354650616645813
						]
					},
					"odometry": {
						"position": [
							0.5908319140306051,
							-7.842757577736126,
							-0.013359733995131375
						],
						"orientation": [
							-0.01983551069947006,
							0.0003811157386470545,
							-0.9347722089759946,
							0.3546932824176753
						],
						"linear": [
							-0.0046972366981208324,
							0.0,
							0.0
						],
						"angular": [
							0.0,
							0.0,
							-0.00034508283715695143
						]
					},
					"aabb": [
						123.73565662662286,
						140.73894220321995,
						-0.014806626151229036,
						124.7143614931619,
						141.67411569862645,
						0.1629344290156223
					],
					"joint_state": {
						"position": [
							-1.5813,
							4.7533,
							1.0773,
							-5.69,
							1.0766,
							-0.8109,
							0.0
						],
						"velocity": [
							0.0103,
							-0.0011,
							-0.0024,
							-0.0127,
							-0.0044,
							-0.0239,
							0.0
						],
						"effort": [
							0.0,
							0.0,
							0.0,
							0.0,
							0.0,
							0.0,
							0.0
						]
					},
					"lift_state": "lift_down"
				}
			}
		},
		"objects": {
			"Rack": {
				"Rack_02": {
					"name": "Rack_02",
					"pose": {
						"translation": [
							133.05699157714844,
							143.09999084472656,
							0.19921104609966278
						],
						"rotation": [
							0.983835756778717,
							0.1790735274553299,
							-4.97384462505579e-08,
							9.080395102500916e-09
						]
					}
				}
			}
		},
		"relationships": {
			"L-Rack": [
				[
					"AMR_LIFT01",
					"none"
				]
			]
		}
	},
	"timestamp_4": {
		"robots": {
			"ARMLIFT": {
				"AMR_LIFT01": {
					"name": "AMR_LIFT01",
					"pose": {
						"translation": [
							139.61953735351562,
							142.45681762695312,
							0.06200084462761879
						],
						"rotation": [
							-0.009431683458387852,
							-0.0035803404171019793,
							-0.9348595142364502,
							0.3548745810985565
						]
					},