{
	"timestamp_0": {
		"robots": {
			"ARMLIFT": {
				"AMR_LIFT01": {
					"name": "AMR_LIFT01",
					"pose": {
						"translation": [
							139.59585571289062,
							142.54055786132812,
							0.06200244650244713
						],
						"rotation": [
							-0.00938841700553894,
							-0.003709870157763362,
							-0.9297559261322021,
							0.36803823709487915
						]
					},
					"odometry": {
						"position": [
							0.5668198118327652,
							-7.7587645436133394,
							-0.012821564122186303
						],
						"orientation": [
							-0.019730079529466964,
							0.00039829850946419755,
							-0.9295841673902827,
							0.3680812968046236
						],
						"linear": [
							0.001878503360785544,
							0.0,
							0.0
						],
						"angular": [
							0.0,
							0.0,
							-0.003029636340215802
						]
					},
					"aabb": [
						123.76836591665361,
						140.64466855040524,
						-0.012050080720261213,
						124.73802880584239,
						141.59140774395644,
						0.16308776992027757
					],
					"joint_state": {
						"position": [
							-2.2021,
							4.3062,
							1.083,
							-5.1327,
							1.097,
							-0.2989,
							0.0
						],
						"velocity": [
							0.0166,
							0.0149,
							-0.0053,
							-0.0399,
							0.0212,
							0.0034,
							0.0
						],
						"effort": [
							0.0,
							0.0,
							0.0,
							0.0,
							0.0,
							0.0,
							0.0
						]
					},
					"lift_state": "lift_down"
				}
			}
		},
		"objects": {
			"Rack": {
				"Rack_02": {
					"name": "Rack_02",
					"pose": {
						"translation": [
							133.05699157714844,
							143.09999084472656,
							0.19921104609966278
						],
						"rotation": [
							0.983835756778717,
							0.1790735274553299,
							-4.97384462505579e-08,
							9.080395102500916e-09
						]
					}
				}
			}
		},
		"relationships": {
			"L-Rack": [
				[
					"AMR_LIFT01",
					"none"
				]
			]
		}
	},
	"timestamp_1": {
		"robots": {
			"ARMLIFT": {
				"AMR_LIFT01": {
					"name": "AMR_LIFT01",
					"pose": {
						"translation": [
							139.59619140625,
							142.53994750976562,
							0.06200404837727547
						],
						"rotation": [
							-0.009388618171215057,
							-0.0037058668676763773,
							-0.9296514391899109,
							0.3683021068572998
						]
					},
					"odometry": {
						"position": [
							0.5671615910536553,
							-7.759379757973444,
							-0.012827628884506146
						],
						"orientation": [
							-0.019729114972301696,
							0.0004052367227096393,
							-0.9294796816041466,
							0.36834510895444555
						],
						"linear": [
							0.0006462910678237677,
							0.0,
							0.0
						],
						"angular": [
							0.0,
							0.0,
							-0.0008884384296834469
						]
					},
					"aabb": [
						123.76799899676728,
						140.6452108828058,
						-0.012066127529046844,
						124.73747982313716,
						141.59216299683078,
						0.16309520254405885
					],
					"joint_state": {
						"position": [
							-2.2018,
							4.3072,
							1.077,
							-5.1273,
							1.0809,
							-0.2913,
							0.0
						],
						"velocity": [
							0.0185,
							-0.0233,
							0.0596,
							-0.0395,
							0.0919,
							-0.0251,
							0.0
						],
						"effort": [
							0.0,
							0.0,
							0.0,
							0.0,
							0.0,
							0.0,
							0.0
						]
					},
					"lift_state": "lift_down"
				}
			}
		},
		"objects": {
			"Rack": {
				"Rack_02": {
					"name": "Rack_02",
					"pose": {
						"translation": [
							133.05699157714844,
							143.09999084472656,
							0.19921104609966278
						],
						"rotation": [
							0.983835756778717,
							0.1790735274553299,
							-4.97384462505579e-08,
							9.080395102500916e-09
						]
					}
				}
			}
		},
		"relationships": {
			"L-Rack": [
				[
					"AMR_LIFT01",
					"none"
				]
			]
		}
	},
	"timestamp_2": {
		"robots": {
			"ARMLIFT": {
				"AMR_LIFT01": {
					"name": "AMR_LIFT01",
					"pose": {
						"translation": [
							139.59666442871094,
							142.53944396972656,
							0.06200912222266197
						],
						"rotation": [
							-0.009397394955158234,
							-0.003700091503560543,
							-0.9296510815620422,
							0.36830300092697144
						]
					},
					"odometry": {
						"position": [
							0.5675719257715988,
							-7.759780104629921,
							-0.012825131991043818
						],
						"orientation": [
							-0.019721101382809848,
							0.00035774362051853905,
							-0.9294685760936405,
							0.3683736095789318
						],
						"linear": [
							0.002699291566386819,
							0.0,
							0.0
						],
						"angular": [
							0.0,
							0.0,
							-0.0046517448499798775
						]
					},
					"aabb": [
						123.7674875797542,
						140.64551657926714,
						-0.012046693984902995,
						124.73697201312973,
						141.59246586208604,
						0.1630907433566729
					],
					"joint_state": {
						"position": [
							-2.2006,
							4.3063,
							1.0798,
							-5.1322,
							1.0791,
							-0.2931,
							0.0
						],
						"velocity": [
							0.0118,
							-0.0024,
							-0.1302,
							-0.0422,
							-0.1053,
							-0.0267,
							0.0
						],
						"effort": [
							0.0,
							0.0,
							0.0,
							0.0,
							0.0,
							0.0,
							0.0
						]
					},
					"lift_state": "lift_down"
				}
			}
		},
		"objects": {
			"Rack": {
				"Rack_02": {
					"name": "Rack_02",
					"pose": {
						"translation": [
							133.05699157714844,
							143.09999084472656,
							0.19921104609966278
						],
						"rotation": [
							0.983835756778717,
							0.1790735274553299,
							-4.97384462505579e-08,
							9.080395102500916e-09
						]
					}
				}
			}
		},
		"relationships": {
			"L-Rack": [
				[
					"AMR_LIFT01",
					"none"
				]
			]
		}
	},
	"timestamp_3": {
		"robots": {
			"ARMLIFT": {
				"AMR_LIFT01": {
					"name": "AMR_LIFT01",
					"pose": {
						"translation": [
							139.59603881835938,
							142.53990173339844,
							0.06199970096349716
						],
						"rotation": [
							-0.009379892610013485,
							-0.00371561455540359,
							-0.929637610912323,
							0.3683370351791382
						]
					},
					"odometry": {
						"position": [
							0.5669955227020133,
							-7.759428603563775,
							-0.012828266351477291
						],
						"orientation": [
							-0.019720238414076444,
							0.00039587878045891083,
							-0.9294659407022696,
							0.36838026623494413
						],
						"linear": [
							0.0007955761975608766,
							0.0,
							0.0
						],
						"angular": [
							0.0,
							0.0,
							-0.0013632316840812564
						]
					},
					"aabb": [
						123.76818997592878,
						140.64523273639512,
						-0.012042252383705942,
						124.7376434430738,
						141.5922154056364,
						0.16308416373959145
					],
					"joint_state": {
						"position": [
							-2.1995,
							4.3069,
							1.0805,
							-5.1314,
							1.0736,
							-0.2917,
							0.0
						],
						"velocity": [
							-0.0001,
							-0.0001,
							-0.0206,
							0.0266,
							-0.0294,
							0.0247,
							0.0
						],
						"effort": [
							0.0,
							0.0,
							0.0,
							0.0,
							0.0,
							0.0,
							0.0
						]
					},
					"lift_state": "lift_down"
				}
			}
		},
		"objects": {
			"Rack": {
				"Rack_02": {
					"name": "Rack_02",
					"pose": {
						"translation": [
							133.05699157714844,
							143.09999084472656,
							0.19921104609966278
						],
						"rotation": [
							0.983835756778717,
							0.1790735274553299,
							-4.97384462505579e-08,
							9.080395102500916e-09
						]
					}
				}
			}
		},
		"relationships": {
			"L-Rack": [
				[
					"AMR_LIFT01",
					"none"
				]
			]
		}
	},
	"timestamp_4": {
		"robots": {
			"ARMLIFT": {
				"AMR_LIFT01": {
					"name": "AMR_LIFT01",
					"pose": {
						"translation": [
							139.5962371826172,
							142.5395050048828,
							0.062008511275053024
						],
						"rotation": [
							-0.009376335889101028,
							-0.0037296160589903593,
							-0.92951500415802,
							0.368646502494812
						]
					},