{
	"timestamp_0": {
		"robots": {
			"ARMLIFT": {
				"AMR_LIFT01": {
					"name": "AMR_LIFT01",
					"pose": {
						"translation": [
							139.6017608642578,
							142.5222625732422,
							0.06200404837727547
						],
						"rotation": [
							-0.009438402950763702,
							-0.003726764116436243,
							-0.929739773273468,
							0.3680776357650757
						]
					},
					"odometry": {
						"position": [
							0.5727177846690215,
							-7.77706504463031,
							-0.012951746233386664
						],
						"orientation": [
							-0.019779882209896796,
							0.0003818422391038373,
							-0.929567441513887,
							0.36812087978487934
						],
						"linear": [
							-0.00035751936957240105,
							0.0,
							0.0
						],
						"angular": [
							0.0,
							0.0,
							-0.001082519767805934
						]
					},
					"aabb": [
						123.76286572429024,
						140.66239636032566,
						-0.013491852910191528,
						124.73246985706895,
						141.60922049923983,
						0.16306802094878559
					],
					"joint_state": {
						"position": [
							-2.0948,
							4.3751,
							1.2182,
							-5.2965,
							1.2268,
							-0.4202,
							0.0
						],
						"velocity": [
							0.0109,
							0.0009,
							-0.0018,
							-0.0016,
							-0.0205,
							-0.035,
							0.0
						],
						"effort": [
							0.0,
							0.0,
							0.0,
							0.0,
							0.0,
							0.0,
							0.0
						]
					},
					"lift_state": "lift_down"
				}
			}
		},
		"objects": {
			"Rack": {
				"Rack_02": {
					"name": "Rack_02",
					"pose": {
						"translation": [
							133.05699157714844,
							143.09999084472656,
							0.19921104609966278
						],
						"rotation": [
							0.983835756778717,
							0.1790735274553299,
							-4.97384462505579e-08,
							9.080395102500916e-09
						]
					}
				}
			}
		},
		"relationships": {
			"L-Rack": [
				[
					"AMR_LIFT01",
					"none"
				]
			]
		}
	},
	"timestamp_1": {
		"robots": {
			"ARMLIFT": {
				"AMR_LIFT01": {
					"name": "AMR_LIFT01",
					"pose": {
						"translation": [
							139.60279846191406,
							142.5211944580078,
							0.0620054230093956
						],
						"rotation": [
							-0.009443633258342743,
							-0.003732978831976652,
							-0.9297573566436768,
							0.3680330812931061
						]
					},
					"odometry": {
						"position": [
							0.573752651095085,
							-7.778100155734434,
							-0.012978754852618356
						],
						"orientation": [
							-0.019777951869619812,
							0.00037377959248706725,
							-0.9295811066487858,
							0.36808648313987063
						],
						"linear": [
							0.0012061018496751785,
							0.0,
							0.0
						],
						"angular": [
							0.0,
							0.0,
							0.001179639482870698
						]
					},
					"aabb": [
						123.76148923514745,
						140.66381614094215,
						-0.013720722584841902,
						124.73115622076641,
						141.6105704336238,
						0.163077015828615
					],
					"joint_state": {
						"position": [
							-2.0936,
							4.3756,
							1.2308,
							-5.3125,
							1.2346,
							-0.4329,
							0.0
						],
						"velocity": [
							-0.0006,
							0.0078,
							0.0192,
							-0.02,
							0.1605,
							-0.2537,
							0.0
						],
						"effort": [
							0.0,
							0.0,
							0.0,
							0.0,
							0.0,
							0.0,
							0.0
						]
					},
					"lift_state": "lift_down"
				}
			}
		},
		"objects": {
			"Rack": {
				"Rack_02": {
					"name": "Rack_02",
					"pose": {
						"translation": [
							133.05699157714844,
							143.09999084472656,
							0.19921104609966278
						],
						"rotation": [
							0.983835756778717,
							0.1790735274553299,
							-4.97384462505579e-08,
							9.080395102500916e-09
						]
					}
				}
			}
		},
		"relationships": {
			"L-Rack": [
				[
					"AMR_LIFT01",
					"none"
				]
			]
		}
	},
	"timestamp_2": {
		"robots": {
			"ARMLIFT": {
				"AMR_LIFT01": {
					"name": "AMR_LIFT01",
					"pose": {
						"translation": [
							139.60301208496094,
							142.52105712890625,
							0.06201118230819702
						],
						"rotation": [
							-0.009438066743314266,
							-0.0037602607626467943,
							-0.9297093749046326,
							0.36815425753593445
						]
					},
					"odometry": {
						"position": [
							0.5739676965154403,
							-7.778266138442214,
							-0.012972482916473179
						],
						"orientation": [
							-0.019779203284632785,
							0.0003491998292860517,
							-0.929537013706803,
							0.36819777474333437
						],
						"linear": [
							0.0006741986144334078,
							0.0,
							0.0
						],
						"angular": [
							0.0,
							0.0,
							0.0006883154856041074
						]
					},
					"aabb": [
						123.76109110518209,
						140.6641955356119,
						-0.013754172245121597,
						124.73068188406005,
						141.61103971666745,
						0.16307189459452548
					],
					"joint_state": {
						"position": [
							-2.093,
							4.3762,
							1.2333,
							-5.3138,
							1.2347,
							-0.4327,
							0.0
						],
						"velocity": [
							0.0071,
							0.0211,
							-0.1784,
							0.078,
							-0.0123,
							-0.0338,
							0.0
						],
						"effort": [
							0.0,
							0.0,
							0.0,
							0.0,
							0.0,
							0.0,
							0.0
						]
					},
					"lift_state": "lift_down"
				}
			}
		},
		"objects": {
			"Rack": {
				"Rack_02": {
					"name": "Rack_02",
					"pose": {
						"translation": [
							133.05699157714844,
							143.09999084472656,
							0.19921104609966278
						],
						"rotation": [
							0.983835756778717,
							0.1790735274553299,
							-4.97384462505579e-08,
							9.080395102500916e-09
						]
					}
				}
			}
		},
		"relationships": {
			"L-Rack": [
				[
					"AMR_LIFT01",
					"none"
				]
			]
		}
	},
	"timestamp_3": {
		"robots": {
			"ARMLIFT": {
				"AMR_LIFT01": {
					"name": "AMR_LIFT01",
					"pose": {
						"translation": [
							139.60311889648438,
							142.52088928222656,
							0.06199939548969269
						],
						"rotation": [
							-0.009435465559363365,
							-0.0037351553328335285,
							-0.9296740293502808,
							0.36824360489845276
						]
					},
					"odometry": {
						"position": [
							0.5740748393791456,
							-7.778441937541072,
							-0.012986630908943576
						],
						"orientation": [
							-0.01977621258261741,
							0.0003752981525284735,
							-0.9295017216352451,
							0.3682869941286268
						],
						"linear": [
							0.0034953393042087555,
							0.0,
							0.0
						],
						"angular": [
							0.0,
							0.0,
							-0.0012097045546397567
						]
					},
					"aabb": [
						123.76104199220883,
						140.6642200346379,
						-0.013790661338598803,
						124.73057025896347,
						141.61113486377616,
						0.1630656001802502
					],
					"joint_state": {
						"position": [
							-2.0928,
							4.377,
							1.2351,
							-5.3142,
							1.2294,
							-0.4293,
							0.0
						],
						"velocity": [
							-0.0309,
							-0.0328,
							-0.1158,
							0.1359,
							-0.1083,
							0.1365,
							0.0
						],
						"effort": [
							0.0,
							0.0,
							0.0,
							0.0,
							0.0,
							0.0,
							0.0
						]
					},
					"lift_state": "lift_down"
				}
			}
		},
		"objects": {
			"Rack": {
				"Rack_02": {
					"name": "Rack_02",
					"pose": {
						"translation": [
							133.05699157714844,
							143.09999084472656,
							0.19921104609966278
						],
						"rotation": [
							0.983835756778717,
							0.1790735274553299,
							-4.97384462505579e-08,
							9.080395102500916e-09
						]
					}
				}
			}
		},
		"relationships": {
			"L-Rack": [
				[
					"AMR_LIFT01",
					"none"
				]
			]
		}
	},
	"timestamp_4": {
		"robots": {
			"ARMLIFT": {
				"AMR_LIFT01": {
					"name": "AMR_LIFT01",
					"pose": {
						"translation": [
							139.60357666015625,
							142.5203857421875,
							0.0620034784078598
						],
						"rotation": [
							-0.009426398202776909,
							-0.0037467593792825937,
							-0.929663896560669,
							0.36826932430267334
						]
					},