{
	"timestamp_0": {
		"robots": {
			"ARMLIFT": {
				"AMR_LIFT01": {
					"name": "AMR_LIFT01",
					"pose": {
						"translation": [
							139.6195068359375,
							142.44662475585938,
							0.062000080943107605
						],
						"rotation": [
							-0.009409518912434578,
							-0.003571694018319249,
							-0.9348813891410828,
							0.35481786727905273
						]
					},
					"odometry": {
						"position": [
							0.5904711768992958,
							-7.852708790337751,
							-0.013352910795966733
						],
						"orientation": [
							-0.019808397994205997,
							0.00038940444953560843,
							-0.9347093873803716,
							0.35486030614326025
						],
						"linear": [
							0.00427321856841445,
							0.0,
							0.0
						],
						"angular": [
							0.0,
							0.0,
							0.005930317100137472
						]
					},
					"aabb": [
						123.73582026034217,
						140.74884211779457,
						-0.014760501331426298,
						124.71455731889527,
						141.6839619104482,
						0.16290632113764147
					],
					"joint_state": {
						"position": [
							-1.522,
							4.8125,
							1.0046,
							-5.7348,
							1.0239,
							-0.8293,
							0.0
						],
						"velocity": [
							-0.0099,
							-0.0403,
							-0.1567,
							0.0757,
							-0.2065,
							0.0622,
							0.0
						],
						"effort": [
							0.0,
							0.0,
							0.0,
							0.0,
							0.0,
							0.0,
							0.0
						]
					},
					"lift_state": "lift_down"
				}
			}
		},
		"objects": {
			"Rack": {
				"Rack_02": {
					"name": "Rack_02",
					"pose": {
						"translation": [
							133.05699157714844,
							143.09999084472656,
							0.19921104609966278
						],
						"rotation": [
							0.983835756778717,
							0.1790735274553299,
							-4.97384462505579e-08,
							9.080395102500916e-09
						]
					}
				}
			}
		},
		"relationships": {
			"L-Rack": [
				[
					"AMR_LIFT01",
					"none"
				]
			]
		}
	},
	"timestamp_1": {
		"robots": {
			"ARMLIFT": {
				"AMR_LIFT01": {
					"name": "AMR_LIFT01",
					"pose": {
						"translation": [
							139.62013244628906,
							142.44602966308594,
							0.06200122833251953
						],
						"rotation": [
							-0.009417545050382614,
							-0.0035706711933016777,
							-0.9349230527877808,
							0.35470786690711975
						]
					},
					"odometry": {
						"position": [
							0.5910960781710181,
							-7.85330445924634,
							-0.013365722414522292
						],
						"orientation": [
							-0.019816889813588964,
							0.00038920331030304684,
							-0.9347509630479856,
							0.35475030159220855
						],
						"linear": [
							0.004364111460745335,
							0.0,
							0.0
						],
						"angular": [
							0.0,
							0.0,
							0.0011859139194712043
						]
					},
					"aabb": [
						123.73546458102427,
						140.74938010781932,
						-0.014783935267234727,
						124.71415502715027,
						141.68456620670392,
						0.16290705849528878
					],
					"joint_state": {
						"position": [
							-1.5214,
							4.8144,
							1.0224,
							-5.7439,
							1.0326,
							-0.8312,
							0.0
						],
						"velocity": [
							-0.0303,
							-0.0302,
							0.0604,
							0.0224,
							-0.019,
							-0.0025,
							0.0
						],
						"effort": [
							0.0,
							0.0,
							0.0,
							0.0,
							0.0,
							0.0,
							0.0
						]
					},
					"lift_state": "lift_down"
				}
			}
		},
		"objects": {
			"Rack": {
				"Rack_02": {
					"name": "Rack_02",
					"pose": {
						"translation": [
							133.05699157714844,
							143.09999084472656,
							0.19921104609966278
						],
						"rotation": [
							0.983835756778717,
							0.1790735274553299,
							-4.97384462505579e-08,
							9.080395102500916e-09
						]
					}
				}
			}
		},
		"relationships": {
			"L-Rack": [
				[
					"AMR_LIFT01",
					"none"
				]
			]
		}
	},
	"timestamp_2": {
		"robots": {
			"ARMLIFT": {
				"AMR_LIFT01": {
					"name": "AMR_LIFT01",
					"pose": {
						"translation": [
							139.62017822265625,
							142.4460906982422,
							0.06200050190091133
						],
						"rotation": [
							-0.009412671439349651,
							-0.0035784055944532156,
							-0.9347635507583618,
							0.35512784123420715
						]
					},
					"odometry": {
						"position": [
							0.5911351116258192,
							-7.853236099061261,
							-0.013367298707618835
						],
						"orientation": [
							-0.01981024124540725,
							0.0003861421548795879,
							-0.9345915062619379,
							0.3551705529165918
						],
						"linear": [
							0.0011604665778577328,
							0.0,
							0.0
						],
						"angular": [
							0.0,
							0.0,
							0.0013540266081690788
						]
					},
					"aabb": [
						123.7357204660177,
						140.74893871885402,
						-0.014794206243351976,
						124.71413281810128,
						141.6845075090641,
						0.16290681496652362
					],
					"joint_state": {
						"position": [
							-1.5202,
							4.8149,
							1.0179,
							-5.7426,
							1.0321,
							-0.8298,
							0.0
						],
						"velocity": [
							0.0001,
							0.0001,
							0.0053,
							-0.001,
							0.0118,
							0.0,
							0.0
						],
						"effort": [
							0.0,
							0.0,
							0.0,
							0.0,
							0.0,
							0.0,
							0.0
						]
					},
					"lift_state": "lift_down"
				}
			}
		},
		"objects": {
			"Rack": {
				"Rack_02": {
					"name": "Rack_02",
					"pose": {
						"translation": [
							133.05699157714844,
							143.09999084472656,
							0.19921104609966278
						],
						"rotation": [
							0.983835756778717,
							0.1790735274553299,
							-4.97384462505579e-08,
							9.080395102500916e-09
						]
					}
				}
			}
		},
		"relationships": {
			"L-Rack": [
				[
					"AMR_LIFT01",
					"none"
				]
			]
		}
	},
	"timestamp_3": {
		"robots": {
			"ARMLIFT": {
				"AMR_LIFT01": {
					"name": "AMR_LIFT01",
					"pose": {
						"translation": [
							139.6202850341797,
							142.44625854492188,
							0.06200103461742401
						],
						"rotation": [
							-0.00941366609185934,
							-0.0035753727424889803,
							-0.9347191452980042,
							0.3552447259426117
						]
					},
					"odometry": {
						"position": [
							0.5912131986160886,
							-7.853070079840608,
							-0.013369479369268158
						],
						"orientation": [
							-0.019808862766955496,
							0.0003883087566309259,
							-0.9345463957513018,
							0.35528930797371433
						],
						"linear": [
							-0.0024028851184993982,
							0.0,
							0.0
						],
						"angular": [
							0.0,
							0.0,
							0.0016361851012334228
						]
					},
					"aabb": [
						123.73566260635218,
						140.7487961052016,
						-0.014792977929745271,
						124.71401288938516,
						141.6844499195433,
						0.16290866873674928
					],
					"joint_state": {
						"position": [
							-1.5192,
							4.8156,
							1.0169,
							-5.74,
							1.0269,
							-0.8261,
							0.0
						],
						"velocity": [
							-0.0005,
							-0.0005,
							-0.0035,
							0.0002,
							0.0243,
							0.0007,
							0.0
						],
						"effort": [
							0.0,
							0.0,
							0.0,
							0.0,
							0.0,
							0.0,
							0.0
						]
					},
					"lift_state": "lift_down"
				}
			}
		},
		"objects": {
			"Rack": {
				"Rack_02": {
					"name": "Rack_02",
					"pose": {
						"translation": [
							133.05699157714844,
							143.09999084472656,
							0.19921104609966278
						],
						"rotation": [
							0.983835756778717,
							0.1790735274553299,
							-4.97384462505579e-08,
							9.080395102500916e-09
						]
					}
				}
			}
		},
		"relationships": {
			"L-Rack": [
				[
					"AMR_LIFT01",
					"none"
				]
			]
		}
	},
	"timestamp_4": {
		"robots": {
			"ARMLIFT": {
				"AMR_LIFT01": {
					"name": "AMR_LIFT01",
					"pose": {
						"translation": [
							139.6202850341797,
							142.44679260253906,
							0.0619998537003994
						],
						"rotation": [
							-0.009408409707248211,
							-0.003576513845473528,
							-0.9347109198570251,
							0.3552667200565338
						]
					},