{
	"timestamp_0": {
		"robots": {
			"ARMLIFT": {
				"AMR_LIFT01": {
					"name": "AMR_LIFT01",
					"pose": {
						"translation": [
							139.61264038085938,
							142.4817657470703,
							0.06200210377573967
						],
						"rotation": [
							-0.009405255317687988,
							-0.003636089153587818,
							-0.9329298734664917,
							0.35991716384887695
						]
					},
					"odometry": {
						"position": [
							0.5835960787350615,
							-7.8175625976809835,
							-0.01319694646663853
						],
						"orientation": [
							-0.019782348902109465,
							0.00038173741193565155,
							-0.932757900412252,
							0.35996001467800687
						],
						"linear": [
							0.0021765746641904116,
							0.0,
							0.0
						],
						"angular": [
							0.0,
							0.0,
							-0.00036471791099756956
						]
					},
					"aabb": [
						123.74625432857296,
						140.7094532230598,
						-0.014911054471035957,
						124.72146202400559,
						141.6493103127431,
						0.1629741881721385
					],
					"joint_state": {
						"position": [
							-1.7949,
							4.5945,
							1.0565,
							-5.4793,
							1.0556,
							-0.6579,
							0.0
						],
						"velocity": [
							0.0167,
							-0.0142,
							-0.0056,
							-0.013,
							0.2388,
							-0.1708,
							0.0
						],
						"effort": [
							0.0,
							0.0,
							0.0,
							0.0,
							0.0,
							0.0,
							0.0
						]
					},
					"lift_state": "lift_down"
				}
			}
		},
		"objects": {
			"Rack": {
				"Rack_02": {
					"name": "Rack_02",
					"pose": {
						"translation": [
							133.05699157714844,
							143.09999084472656,
							0.19921104609966278
						],
						"rotation": [
							0.983835756778717,
							0.1790735274553299,
							-4.97384462505579e-08,
							9.080395102500916e-09
						]
					}
				}
			}
		},
		"relationships": {
			"L-Rack": [
				[
					"AMR_LIFT01",
					"none"
				]
			]
		}
	},
	"timestamp_1": {
		"robots": {
			"ARMLIFT": {
				"AMR_LIFT01": {
					"name": "AMR_LIFT01",
					"pose": {
						"translation": [
							139.6119842529297,
							142.48245239257812,
							0.061999548226594925
						],
						"rotation": [
							-0.009409862570464611,
							-0.003629126586019993,
							-0.9329236149787903,
							0.3599332273006439
						]
					},
					"odometry": {
						"position": [
							0.582941851201945,
							-7.816869276680698,
							-0.013184895821245997
						],
						"orientation": [
							-0.01978688897476588,
							0.0003888783740425314,
							-0.9327515974476038,
							0.35997608984105317
						],
						"linear": [
							-0.0015999349998310208,
							0.0,
							0.0
						],
						"angular": [
							0.0,
							0.0,
							-0.0005341474898159504
						]
					},
					"aabb": [
						123.7468830080978,
						140.7089990372009,
						-0.014921270067941942,
						124.72213841213275,
						141.64879529211498,
						0.16297656272513314
					],
					"joint_state": {
						"position": [
							-1.7937,
							4.5951,
							1.0673,
							-5.4864,
							1.0639,
							-0.6634,
							0.0
						],
						"velocity": [
							0.0152,
							0.0152,
							0.0082,
							-0.0251,
							0.2837,
							-0.1556,
							0.0
						],
						"effort": [
							0.0,
							0.0,
							0.0,
							0.0,
							0.0,
							0.0,
							0.0
						]
					},
					"lift_state": "lift_down"
				}
			}
		},
		"objects": {
			"Rack": {
				"Rack_02": {
					"name": "Rack_02",
					"pose": {
						"translation": [
							133.05699157714844,
							143.09999084472656,
							0.19921104609966278
						],
						"rotation": [
							0.983835756778717,
							0.1790735274553299,
							-4.97384462505579e-08,
							9.080395102500916e-09
						]
					}
				}
			}
		},
		"relationships": {
			"L-Rack": [
				[
					"AMR_LIFT01",
					"none"
				]
			]
		}
	},
	"timestamp_2": {
		"robots": {
			"ARMLIFT": {
				"AMR_LIFT01": {
					"name": "AMR_LIFT01",
					"pose": {
						"translation": [
							139.61227416992188,
							142.48191833496094,
							0.062002524733543396
						],
						"rotation": [
							-0.009414090774953365,
							-0.0036245076917111874,
							-0.9329438805580139,
							0.3598807752132416
						]
					},
					"odometry": {
						"position": [
							0.5832348416155279,
							-7.817416131390909,
							-0.013188487943040318
						],
						"orientation": [
							-0.019791339071024948,
							0.0003929130243059811,
							-0.932771820721794,
							0.3599234348920346
						],
						"linear": [
							0.0035667018964886665,
							0.0,
							0.0
						],
						"angular": [
							0.0,
							0.0,
							0.0021672712173312902
						]
					},
					"aabb": [
						123.74645650244746,
						140.7096910543059,
						-0.014924286249148131,
						124.72161566361756,
						141.64961089674,
						0.16297403239650682
					],
					"joint_state": {
						"position": [
							-1.7929,
							4.5963,
							1.0628,
							-5.4886,
							1.0583,
							-0.6624,
							0.0
						],
						"velocity": [
							-0.0075,
							-0.0234,
							-0.0894,
							0.0152,
							0.0915,
							-0.0078,
							0.0
						],
						"effort": [
							0.0,
							0.0,
							0.0,
							0.0,
							0.0,
							0.0,
							0.0
						]
					},
					"lift_state": "lift_down"
				}
			}
		},
		"objects": {
			"Rack": {
				"Rack_02": {
					"name": "Rack_02",
					"pose": {
						"translation": [
							133.05699157714844,
							143.09999084472656,
							0.19921104609966278
						],
						"rotation": [
							0.983835756778717,
							0.1790735274553299,
							-4.97384462505579e-08,
							9.080395102500916e-09
						]
					}
				}
			}
		},
		"relationships": {
			"L-Rack": [
				[
					"AMR_LIFT01",
					"none"
				]
			]
		}
	},
	"timestamp_3": {
		"robots": {
			"ARMLIFT": {
				"AMR_LIFT01": {
					"name": "AMR_LIFT01",
					"pose": {
						"translation": [
							139.6123046875,
							142.4817352294922,
							0.06200278922915459
						],
						"rotation": [
							-0.009420279413461685,
							-0.0036279233172535896,
							-0.9329236745834351,
							0.3599329888820648
						]
					},
					"odometry": {
						"position": [
							0.583273910539644,
							-7.817591910304423,
							-0.013189053524374755
						],
						"orientation": [
							-0.019797301220283673,
							0.0003900780819847548,
							-0.9327515423716227,
							0.3599756587699262
						],
						"linear": [
							0.00436692638322711,
							0.0,
							0.0
						],
						"angular": [
							0.0,
							0.0,
							0.004917382728308439
						]
					},
					"aabb": [
						123.74647468089053,
						140.7097364507172,
						-0.014939719775164067,
						124.72172893188711,
						141.6495380465443,
						0.16298467141547843
					],
					"joint_state": {
						"position": [
							-1.7927,
							4.5965,
							1.0824,
							-5.5034,
							1.0789,
							-0.6752,
							0.0
						],
						"velocity": [
							-0.0154,
							-0.062,
							-0.0398,
							0.0513,
							-0.4142,
							0.2866,
							0.0
						],
						"effort": [
							0.0,
							0.0,
							0.0,
							0.0,
							0.0,
							0.0,
							0.0
						]
					},
					"lift_state": "lift_down"
				}
			}
		},
		"objects": {
			"Rack": {
				"Rack_02": {
					"name": "Rack_02",
					"pose": {
						"translation": [
							133.05699157714844,
							143.09999084472656,
							0.19921104609966278
						],
						"rotation": [
							0.983835756778717,
							0.1790735274553299,
							-4.97384462505579e-08,
							9.080395102500916e-09
						]
					}
				}
			}
		},
		"relationships": {
			"L-Rack": [
				[
					"AMR_LIFT01",
					"none"
				]
			]
		}
	},
	"timestamp_4": {
		"robots": {
			"ARMLIFT": {
				"AMR_LIFT01": {
					"name": "AMR_LIFT01",
					"pose": {
						"translation": [
							139.61212158203125,
							142.48143005371094,
							0.062005117535591125
						],
						"rotation": [
							-0.009422503411769867,
							-0.003633373649790883,
							-0.9329693913459778,
							0.35981428623199463
						]
					},