{
	"timestamp_0": {
		"robots": {
			"ARMLIFT": {
				"AMR_LIFT01": {
					"name": "AMR_LIFT01",
					"pose": {
						"translation": [
							139.619140625,
							142.4404296875,
							0.06200264021754265
						],
						"rotation": [
							-0.009401769377291203,
							-0.0035589199978858232,
							-0.9352208375930786,
							0.35392242670059204
						]
					},
					"odometry": {
						"position": [
							0.5901883989401557,
							-7.8588513927653665,
							-0.01334531802720155
						],
						"orientation": [
							-0.019801545247728338,
							0.00039004372486041406,
							-0.9350428868753785,
							0.35398099719540443
						],
						"linear": [
							-0.004932608921080828,
							0.0,
							0.0
						],
						"angular": [
							0.0,
							0.0,
							-0.008058345876634121
						]
					},
					"aabb": [
						123.7357332231478,
						140.75576293620287,
						-0.014685818982706978,
						124.71486728119733,
						141.69032570608218,
						0.16289122095890213
					],
					"joint_state": {
						"position": [
							-1.4624,
							4.8492,
							0.9609,
							-5.733,
							0.9625,
							-0.8662,
							0.0
						],
						"velocity": [
							-0.0216,
							-0.0397,
							0.0694,
							-0.1897,
							0.0984,
							0.0175,
							0.0
						],
						"effort": [
							0.0,
							0.0,
							0.0,
							0.0,
							0.0,
							0.0,
							0.0
						]
					},
					"lift_state": "lift_down"
				}
			}
		},
		"objects": {
			"Rack": {
				"Rack_02": {
					"name": "Rack_02",
					"pose": {
						"translation": [
							133.05699157714844,
							143.09999084472656,
							0.19921104609966278
						],
						"rotation": [
							0.983835756778717,
							0.1790735274553299,
							-4.97384462505579e-08,
							9.080395102500916e-09
						]
					}
				}
			}
		},
		"relationships": {
			"L-Rack": [
				[
					"AMR_LIFT01",
					"none"
				]
			]
		}
	},
	"timestamp_1": {
		"robots": {
			"ARMLIFT": {
				"AMR_LIFT01": {
					"name": "AMR_LIFT01",
					"pose": {
						"translation": [
							139.61898803710938,
							142.4404296875,
							0.06200084462761879
						],
						"rotation": [
							-0.009395834058523178,
							-0.0035611395724117756,
							-0.9350926876068115,
							0.354261189699173
						]
					},
					"odometry": {
						"position": [
							0.5899443061294735,
							-7.85890023530351,
							-0.0133405698085492
						],
						"orientation": [
							-0.019797070895000025,
							0.00039376571136611084,
							-0.934920850309726,
							0.354303435756248
						],
						"linear": [
							0.002560802036896348,
							0.0,
							0.0
						],
						"angular": [
							0.0,
							0.0,
							0.003965084441006184
						]
					},
					"aabb": [
						123.73634988134698,
						140.755298650746,
						-0.014690456183714567,
						124.71539054461509,
						141.6899906133328,
						0.1628913556335557
					],
					"joint_state": {
						"position": [
							-1.4615,
							4.849,
							0.9531,
							-5.7279,
							0.9546,
							-0.8637,
							0.0
						],
						"velocity": [
							0.0101,
							0.0006,
							-0.0013,
							-0.0036,
							0.0035,
							-0.0017,
							0.0
						],
						"effort": [
							0.0,
							0.0,
							0.0,
							0.0,
							0.0,
							0.0,
							0.0
						]
					},
					"lift_state": "lift_down"
				}
			}
		},
		"objects": {
			"Rack": {
				"Rack_02": {
					"name": "Rack_02",
					"pose": {
						"translation": [
							133.05699157714844,
							143.09999084472656,
							0.19921104609966278
						],
						"rotation": [
							0.983835756778717,
							0.1790735274553299,
							-4.97384462505579e-08,
							9.080395102500916e-09
						]
					}
				}
			}
		},
		"relationships": {
			"L-Rack": [
				[
					"AMR_LIFT01",
					"none"
				]
			]
		}
	},
	"timestamp_2": {
		"robots": {
			"ARMLIFT": {
				"AMR_LIFT01": {
					"name": "AMR_LIFT01",
					"pose": {
						"translation": [
							139.61944580078125,
							142.43978881835938,
							0.06200221925973892
						],
						"rotation": [
							-0.00940349604934454,
							-0.003560386598110199,
							-0.9351083636283875,
							0.3542196452617645
						]
					},
					"odometry": {
						"position": [
							0.5904130036139139,
							-7.859534974603612,
							-0.013349659942760089
						],
						"orientation": [
							-0.019804906347028126,
							0.000394056258878709,
							-0.9349364419518973,
							0.3542618521864538
						],
						"linear": [
							-0.000521478068549186,
							0.0,
							0.0
						],
						"angular": [
							0.0,
							0.0,
							0.009640241973102093
						]
					},
					"aabb": [
						123.73581691846644,
						140.75612595661536,
						-0.014666546401271168,
						124.71486326123295,
						141.69080996178207,
						0.16288692117642023
					],
					"joint_state": {
						"position": [
							-1.4604,
							4.8505,
							0.9705,
							-5.7367,
							0.9718,
							-0.8731,
							0.0
						],
						"velocity": [
							-0.0089,
							-0.0623,
							-0.0428,
							0.2293,
							-0.0987,
							0.2318,
							0.0
						],
						"effort": [
							0.0,
							0.0,
							0.0,
							0.0,
							0.0,
							0.0,
							0.0
						]
					},
					"lift_state": "lift_down"
				}
			}
		},
		"objects": {
			"Rack": {
				"Rack_02": {
					"name": "Rack_02",
					"pose": {
						"translation": [
							133.05699157714844,
							143.09999084472656,
							0.19921104609966278
						],
						"rotation": [
							0.983835756778717,
							0.1790735274553299,
							-4.97384462505579e-08,
							9.080395102500916e-09
						]
					}
				}
			}
		},
		"relationships": {
			"L-Rack": [
				[
					"AMR_LIFT01",
					"none"
				]
			]
		}
	},
	"timestamp_3": {
		"robots": {
			"ARMLIFT": {
				"AMR_LIFT01": {
					"name": "AMR_LIFT01",
					"pose": {
						"translation": [
							139.61940002441406,
							142.43971252441406,
							0.062002941966056824
						],
						"rotation": [
							-0.009409389458596706,
							-0.003556368174031377,
							-0.9351233243942261,
							0.3541796803474426
						]
					},
					"odometry": {
						"position": [
							0.5903642080070596,
							-7.859613100903642,
							-0.013347842271279471
						],
						"orientation": [
							-0.019810975832558107,
							0.000397630868270827,
							-0.9349513411168546,
							0.35422218573947256
						],
						"linear": [
							0.0004180463729426265,
							0.0,
							0.0
						],
						"angular": [
							0.0,
							0.0,
							-0.003296923590824008
						]
					},
					"aabb": [
						123.73575744190674,
						140.75616099078695,
						-0.01463905005700579,
						124.71479485308548,
						141.69086106538435,
						0.16289209730515086
					],
					"joint_state": {
						"position": [
							-1.4602,
							4.8512,
							0.9826,
							-5.7431,
							0.9774,
							-0.8759,
							0.0
						],
						"velocity": [
							-0.0356,
							-0.0076,
							0.0068,
							0.0116,
							0.04,
							-0.0258,
							0.0
						],
						"effort": [
							0.0,
							0.0,
							0.0,
							0.0,
							0.0,
							0.0,
							0.0
						]
					},
					"lift_state": "lift_down"
				}
			}
		},
		"objects": {
			"Rack": {
				"Rack_02": {
					"name": "Rack_02",
					"pose": {
						"translation": [
							133.05699157714844,
							143.09999084472656,
							0.19921104609966278
						],
						"rotation": [
							0.983835756778717,
							0.1790735274553299,
							-4.97384462505579e-08,
							9.080395102500916e-09
						]
					}
				}
			}
		},
		"relationships": {
			"L-Rack": [
				[
					"AMR_LIFT01",
					"none"
				]
			]
		}
	},
	"timestamp_4": {
		"robots": {
			"ARMLIFT": {
				"AMR_LIFT01": {
					"name": "AMR_LIFT01",
					"pose": {
						"translation": [
							139.6192169189453,
							142.43984985351562,
							0.06200019642710686
						],
						"rotation": [
							-0.009402250871062279,
							-0.003558619413524866,
							-0.9352091550827026,
							0.3539535105228424
						]
					},