{
	"timestamp_0": {
		"robots": {
			"ARMLIFT": {
				"AMR_LIFT01": {
					"name": "AMR_LIFT01",
					"pose": {
						"translation": [
							139.58016967773438,
							142.57606506347656,
							0.062002867460250854
						],
						"rotation": [
							-0.009293616749346256,
							-0.003709841286763549,
							-0.9284899830818176,
							0.37122273445129395
						]
					},
					"odometry": {
						"position": [
							0.55112848397065,
							-7.723257493624277,
							-0.012470937794851119
						],
						"orientation": [
							-0.019621156299809792,
							0.0004337532911380471,
							-0.9283192730430994,
							0.37126560489799276
						],
						"linear": [
							-0.0017508452292531729,
							0.0,
							0.0
						],
						"angular": [
							0.0,
							0.0,
							0.0003952444822061807
						]
					},
					"aabb": [
						123.78587248000949,
						140.60712898000463,
						-0.01247873096185057,
						124.75327409949772,
						141.5564669763124,
						0.16314950941402928
					],
					"joint_state": {
						"position": [
							-2.4104,
							4.1428,
							0.817,
							-4.8009,
							0.876,
							0.0824,
							0.0
						],
						"velocity": [
							-0.0071,
							0.0177,
							-0.0544,
							0.0159,
							-0.0635,
							0.0155,
							0.0
						],
						"effort": [
							0.0,
							0.0,
							0.0,
							0.0,
							0.0,
							0.0,
							0.0
						]
					},
					"lift_state": "lift_down"
				}
			}
		},
		"objects": {
			"Rack": {
				"Rack_02": {
					"name": "Rack_02",
					"pose": {
						"translation": [
							133.05699157714844,
							143.09999084472656,
							0.19921104609966278
						],
						"rotation": [
							0.983835756778717,
							0.1790735274553299,
							-4.97384462505579e-08,
							9.080395102500916e-09
						]
					}
				}
			}
		},
		"relationships": {
			"L-Rack": [
				[
					"AMR_LIFT01",
					"none"
				]
			]
		}
	},
	"timestamp_1": {
		"robots": {
			"ARMLIFT": {
				"AMR_LIFT01": {
					"name": "AMR_LIFT01",
					"pose": {
						"translation": [
							139.57980346679688,
							142.5763397216797,
							0.06199992820620537
						],
						"rotation": [
							-0.009288240224123001,
							-0.003714504651725292,
							-0.9284238815307617,
							0.3713882863521576
						]
					},
					"odometry": {
						"position": [
							0.5507671663993394,
							-7.722984080502956,
							-0.012465790209905007
						],
						"orientation": [
							-0.019615037649574025,
							0.0004309313298078959,
							-0.9282532264695962,
							0.3714310328243716
						],
						"linear": [
							-0.0006036614649929106,
							0.0,
							0.0
						],
						"angular": [
							0.0,
							0.0,
							0.0029723215848207474
						]
					},
					"aabb": [
						123.7862850014352,
						140.6067556119347,
						-0.012477792796110377,
						124.75355643078801,
						141.55623885764328,
						0.163131084584536
					],
					"joint_state": {
						"position": [
							-2.4099,
							4.1436,
							0.816,
							-4.7991,
							0.8754,
							0.0827,
							0.0
						],
						"velocity": [
							-0.0054,
							0.0046,
							-0.0385,
							0.0151,
							-0.0205,
							0.0121,
							0.0
						],
						"effort": [
							0.0,
							0.0,
							0.0,
							0.0,
							0.0,
							0.0,
							0.0
						]
					},
					"lift_state": "lift_down"
				}
			}
		},
		"objects": {
			"Rack": {
				"Rack_02": {
					"name": "Rack_02",
					"pose": {
						"translation": [
							133.05699157714844,
							143.09999084472656,
							0.19921104609966278
						],
						"rotation": [
							0.983835756778717,
							0.1790735274553299,
							-4.97384462505579e-08,
							9.080395102500916e-09
						]
					}
				}
			}
		},
		"relationships": {
			"L-Rack": [
				[
					"AMR_LIFT01",
					"none"
				]
			]
		}
	},
	"timestamp_2": {
		"robots": {
			"ARMLIFT": {
				"AMR_LIFT01": {
					"name": "AMR_LIFT01",
					"pose": {
						"translation": [
							139.57994079589844,
							142.5759735107422,
							0.06200450658798218
						],
						"rotation": [
							-0.009299194440245628,
							-0.00370993884280324,
							-0.9283928275108337,
							0.3714655935764313
						]
					},
					"odometry": {
						"position": [
							0.5509039717643789,
							-7.723355158767249,
							-0.01246430645693521
						],
						"orientation": [
							-0.019625646159027867,
							0.00043635700035169085,
							-0.9282220548936886,
							0.3715083584717134
						],
						"linear": [
							0.0027718909550458193,
							0.0,
							0.0
						],
						"angular": [
							0.0,
							0.0,
							0.0017768387915566564
						]
					},
					"aabb": [
						123.78643808602905,
						140.60667796461362,
						-0.012471357652709443,
						124.75371294776146,
						141.55616133228733,
						0.1631316549911733
					],
					"joint_state": {
						"position": [
							-2.4104,
							4.1445,
							0.8315,
							-4.8053,
							0.8792,
							0.08,
							0.0
						],
						"velocity": [
							-0.0162,
							0.0161,
							-0.0569,
							0.0194,
							-0.0689,
							0.024,
							0.0
						],
						"effort": [
							0.0,
							0.0,
							0.0,
							0.0,
							0.0,
							0.0,
							0.0
						]
					},
					"lift_state": "lift_down"
				}
			}
		},
		"objects": {
			"Rack": {
				"Rack_02": {
					"name": "Rack_02",
					"pose": {
						"translation": [
							133.05699157714844,
							143.09999084472656,
							0.19921104609966278
						],
						"rotation": [
							0.983835756778717,
							0.1790735274553299,
							-4.97384462505579e-08,
							9.080395102500916e-09
						]
					}
				}
			}
		},
		"relationships": {
			"L-Rack": [
				[
					"AMR_LIFT01",
					"none"
				]
			]
		}
	},
	"timestamp_3": {
		"robots": {
			"ARMLIFT": {
				"AMR_LIFT01": {
					"name": "AMR_LIFT01",
					"pose": {
						"translation": [
							139.57962036132812,
							142.57594299316406,
							0.0620075985789299
						],
						"rotation": [
							-0.00929975789040327,
							-0.003699619323015213,
							-0.928465723991394,
							0.3712835907936096
						]
					},
					"odometry": {
						"position": [
							0.5505916193074489,
							-7.723384466212463,
							-0.012454271109074896
						],
						"orientation": [
							-0.019627022890846845,
							0.0004446510288464395,
							-0.9282948960148407,
							0.3713262289290924
						],
						"linear": [
							-0.00013107206905260682,
							0.0,
							0.0
						],
						"angular": [
							0.0,
							0.0,
							-0.0007605081773363054
						]
					},
					"aabb": [
						123.78655829218957,
						140.6069076348631,
						-0.012475963641649124,
						124.75368234398634,
						141.55655975582005,
						0.16313958849164908
					],
					"joint_state": {
						"position": [
							-2.4101,
							4.1458,
							0.8104,
							-4.7995,
							0.863,
							0.0862,
							0.0
						],
						"velocity": [
							0.0171,
							-0.0148,
							-0.0171,
							-0.0187,
							0.0917,
							-0.027,
							0.0
						],
						"effort": [
							0.0,
							0.0,
							0.0,
							0.0,
							0.0,
							0.0,
							0.0
						]
					},
					"lift_state": "lift_down"
				}
			}
		},
		"objects": {
			"Rack": {
				"Rack_02": {
					"name": "Rack_02",
					"pose": {
						"translation": [
							133.05699157714844,
							143.09999084472656,
							0.19921104609966278
						],
						"rotation": [
							0.983835756778717,
							0.1790735274553299,
							-4.97384462505579e-08,
							9.080395102500916e-09
						]
					}
				}
			}
		},
		"relationships": {
			"L-Rack": [
				[
					"AMR_LIFT01",
					"none"
				]
			]
		}
	},
	"timestamp_4": {
		"robots": {
			"ARMLIFT": {
				"AMR_LIFT01": {
					"name": "AMR_LIFT01",
					"pose": {
						"translation": [
							139.57972717285156,
							142.575927734375,
							0.062000080943107605
						],
						"rotation": [
							-0.009288649074733257,
							-0.003714232938364148,
							-0.9284512996673584,
							0.3713195025920868
						]
					},