{
	"timestamp_0": {
		"robots": {
			"ARMLIFT": {
				"AMR_LIFT01": {
					"name": "AMR_LIFT01",
					"pose": {
						"translation": [
							139.58912658691406,
							142.5575408935547,
							0.061999816447496414
						],
						"rotation": [
							-0.009361065924167633,
							-0.0037497864104807377,
							-0.9282810091972351,
							0.3717430531978607
						]
					},
					"odometry": {
						"position": [
							0.5600920122876047,
							-7.741782450740297,
							-0.012673996747515511
						],
						"orientation": [
							-0.019686264953240544,
							0.0003995965755511712,
							-0.9281095082295542,
							0.3717862719744543
						],
						"linear": [
							0.002766417106613517,
							0.0,
							0.0
						],
						"angular": [
							0.0,
							0.0,
							0.0027733021415770054
						]
					},
					"aabb": [
						123.77736239611518,
						140.6250679556963,
						-0.012711461881909324,
						124.74436834735896,
						141.57487980063956,
						0.16311334962211174
					],
					"joint_state": {
						"position": [
							-2.3366,
							4.2175,
							1.0639,
							-5.0145,
							1.0609,
							-0.1571,
							0.0
						],
						"velocity": [
							0.0007,
							-0.0186,
							-0.0162,
							0.0105,
							0.0423,
							-0.0112,
							0.0
						],
						"effort": [
							0.0,
							0.0,
							0.0,
							0.0,
							0.0,
							0.0,
							0.0
						]
					},
					"lift_state": "lift_down"
				}
			}
		},
		"objects": {
			"Rack": {
				"Rack_02": {
					"name": "Rack_02",
					"pose": {
						"translation": [
							133.05699157714844,
							143.09999084472656,
							0.19921104609966278
						],
						"rotation": [
							0.983835756778717,
							0.1790735274553299,
							-4.97384462505579e-08,
							9.080395102500916e-09
						]
					}
				}
			}
		},
		"relationships": {
			"L-Rack": [
				[
					"AMR_LIFT01",
					"none"
				]
			]
		}
	},
	"timestamp_1": {
		"robots": {
			"ARMLIFT": {
				"AMR_LIFT01": {
					"name": "AMR_LIFT01",
					"pose": {
						"translation": [
							139.58924865722656,
							142.5575408935547,
							0.0620020292699337
						],
						"rotation": [
							-0.009367641992866993,
							-0.003740319749340415,
							-0.9283703565597534,
							0.37151962518692017
						]
					},
					"odometry": {
						"position": [
							0.560209219779587,
							-7.741792205858278,
							-0.012674426140515702
						],
						"orientation": [
							-0.019693842209417365,
							0.0004065776605845108,
							-0.9281987921109965,
							0.3715629012661568
						],
						"linear": [
							-0.0006673999596387148,
							0.0,
							0.0
						],
						"angular": [
							0.0,
							0.0,
							-0.0012144531356170774
						]
					},
					"aabb": [
						123.77698109947694,
						140.62534464330827,
						-0.012712074379830195,
						124.74403021507112,
						141.57510904250233,
						0.16311918205058565
					],
					"joint_state": {
						"position": [
							-2.336,
							4.218,
							1.0623,
							-5.0118,
							1.0639,
							-0.1574,
							0.0
						],
						"velocity": [
							0.0358,
							0.0233,
							0.0053,
							-0.019,
							-0.0497,
							-0.0875,
							0.0
						],
						"effort": [
							0.0,
							0.0,
							0.0,
							0.0,
							0.0,
							0.0,
							0.0
						]
					},
					"lift_state": "lift_down"
				}
			}
		},
		"objects": {
			"Rack": {
				"Rack_02": {
					"name": "Rack_02",
					"pose": {
						"translation": [
							133.05699157714844,
							143.09999084472656,
							0.19921104609966278
						],
						"rotation": [
							0.983835756778717,
							0.1790735274553299,
							-4.97384462505579e-08,
							9.080395102500916e-09
						]
					}
				}
			}
		},
		"relationships": {
			"L-Rack": [
				[
					"AMR_LIFT01",
					"none"
				]
			]
		}
	},
	"timestamp_2": {
		"robots": {
			"ARMLIFT": {
				"AMR_LIFT01": {
					"name": "AMR_LIFT01",
					"pose": {
						"translation": [
							139.5894775390625,
							142.5573272705078,
							0.06199958547949791
						],
						"rotation": [
							-0.009360362775623798,
							-0.0037454450502991676,
							-0.9284138679504395,
							0.37141114473342896
						]
					},
					"odometry": {
						"position": [
							0.5604434943125809,
							-7.742007042347845,
							-0.012682059988698716
						],
						"orientation": [
							-0.01968704616688174,
							0.000400245824612669,
							-0.9282423796814213,
							0.37145436406088317
						],
						"linear": [
							-0.0029947070870548487,
							0.0,
							0.0
						],
						"angular": [
							0.0,
							0.0,
							0.003371206345036626
						]
					},
					"aabb": [
						123.77689684824743,
						140.62546720344315,
						-0.012689187430681547,
						124.74416293878012,
						141.5749857108592,
						0.16311370505439526
					],
					"joint_state": {
						"position": [
							-2.3357,
							4.2187,
							1.0756,
							-5.0183,
							1.0548,
							-0.1532,
							0.0
						],
						"velocity": [
							0.0453,
							0.0145,
							0.2771,
							-0.2341,
							-0.0321,
							-0.0044,
							0.0
						],
						"effort": [
							0.0,
							0.0,
							0.0,
							0.0,
							0.0,
							0.0,
							0.0
						]
					},
					"lift_state": "lift_down"
				}
			}
		},
		"objects": {
			"Rack": {
				"Rack_02": {
					"name": "Rack_02",
					"pose": {
						"translation": [
							133.05699157714844,
							143.09999084472656,
							0.19921104609966278
						],
						"rotation": [
							0.983835756778717,
							0.1790735274553299,
							-4.97384462505579e-08,
							9.080395102500916e-09
						]
					}
				}
			}
		},
		"relationships": {
			"L-Rack": [
				[
					"AMR_LIFT01",
					"none"
				]
			]
		}
	},
	"timestamp_3": {
		"robots": {
			"ARMLIFT": {
				"AMR_LIFT01": {
					"name": "AMR_LIFT01",
					"pose": {
						"translation": [
							139.5897979736328,
							142.55699157714844,
							0.06199989095330238
						],
						"rotation": [
							-0.009362745098769665,
							-0.003744265530258417,
							-0.9284819960594177,
							0.3712405562400818
						]
					},
					"odometry": {
						"position": [
							0.5607657035111806,
							-7.742339056609598,
							-0.01268897326791717
						],
						"orientation": [
							-0.019690193592781218,
							0.0003995281590698046,
							-0.9283104827016964,
							0.37128396728066876
						],
						"linear": [
							-0.0010781444143503904,
							0.0,
							0.0
						],
						"angular": [
							0.0,
							0.0,
							0.002736555179581046
						]
					},
					"aabb": [
						123.77634037199773,
						140.62585799849032,
						-0.01271328956542114,
						124.743712943623,
						141.5752548304339,
						0.1631211114645608
					],
					"joint_state": {
						"position": [
							-2.3358,
							4.219,
							1.0732,
							-5.0141,
							1.0593,
							-0.1515,
							0.0
						],
						"velocity": [
							0.0025,
							0.0002,
							0.0267,
							-0.0057,
							0.0015,
							-0.006,
							0.0
						],
						"effort": [
							0.0,
							0.0,
							0.0,
							0.0,
							0.0,
							0.0,
							0.0
						]
					},
					"lift_state": "lift_down"
				}
			}
		},
		"objects": {
			"Rack": {
				"Rack_02": {
					"name": "Rack_02",
					"pose": {
						"translation": [
							133.05699157714844,
							143.09999084472656,
							0.19921104609966278
						],
						"rotation": [
							0.983835756778717,
							0.1790735274553299,
							-4.97384462505579e-08,
							9.080395102500916e-09
						]
					}
				}
			}
		},
		"relationships": {
			"L-Rack": [
				[
					"AMR_LIFT01",
					"none"
				]
			]
		}
	},
	"timestamp_4": {
		"robots": {
			"ARMLIFT": {
				"AMR_LIFT01": {
					"name": "AMR_LIFT01",
					"pose": {
						"translation": [
							139.59007263183594,
							142.55699157714844,
							0.06200248748064041
						],
						"rotation": [
							-0.009367391467094421,
							-0.0037436001002788544,
							-0.9283199906349182,
							0.37164556980133057
						]
					},