{
	"timestamp_0": {
		"robots": {
			"ARMLIFT": {
				"AMR_LIFT01": {
					"name": "AMR_LIFT01",
					"pose": {
						"translation": [
							139.57327270507812,
							142.5941925048828,
							0.06200393661856651
						],
						"rotation": [
							-0.00931075494736433,
							-0.0037184827961027622,
							-0.9288021326065063,
							0.37044069170951843
						]
					},
					"odometry": {
						"position": [
							0.5442347332062727,
							-7.705132821797979,
							-0.012315903445914586
						],
						"orientation": [
							-0.019641773689316022,
							0.0004164120928460321,
							-0.9286312248337313,
							0.370483569934094
						],
						"linear": [
							-0.001461979583837092,
							0.0,
							0.0
						],
						"angular": [
							0.0,
							0.0,
							-0.00010376064165029675
						]
					},
					"aabb": [
						123.79244647814194,
						140.58930192368274,
						-0.011570205008369082,
						124.76036232435544,
						141.53805517777494,
						0.16316790391266398
					],
					"joint_state": {
						"position": [
							-2.5057,
							4.0782,
							0.8924,
							-4.7611,
							0.8769,
							0.1616,
							0.0
						],
						"velocity": [
							0.0106,
							0.0192,
							-0.094,
							0.0506,
							-0.0851,
							0.0629,
							0.0
						],
						"effort": [
							0.0,
							0.0,
							0.0,
							0.0,
							0.0,
							0.0,
							0.0
						]
					},
					"lift_state": "lift_down"
				}
			}
		},
		"objects": {
			"Rack": {
				"Rack_02": {
					"name": "Rack_02",
					"pose": {
						"translation": [
							133.05699157714844,
							143.09999084472656,
							0.19921104609966278
						],
						"rotation": [
							0.983835756778717,
							0.1790735274553299,
							-4.97384462505579e-08,
							9.080395102500916e-09
						]
					}
				}
			}
		},
		"relationships": {
			"L-Rack": [
				[
					"AMR_LIFT01",
					"none"
				]
			]
		}
	},
	"timestamp_1": {
		"robots": {
			"ARMLIFT": {
				"AMR_LIFT01": {
					"name": "AMR_LIFT01",
					"pose": {
						"translation": [
							139.57373046875,
							142.5935821533203,
							0.06200679764151573
						],
						"rotation": [
							-0.009316748939454556,
							-0.0037186387926340103,
							-0.9288185238838196,
							0.3703992962837219
						]
					},
					"odometry": {
						"position": [
							0.5446936991258743,
							-7.705748027430618,
							-0.012323308326275062
						],
						"orientation": [
							-0.019647953593857622,
							0.0004157960859417653,
							-0.9286475492947336,
							0.3704423223959086
						],
						"linear": [
							-0.0009904333855956793,
							0.0,
							0.0
						],
						"angular": [
							0.0,
							0.0,
							-0.004376559052616358
						]
					},
					"aabb": [
						123.79180630093805,
						140.59009055981642,
						-0.011580396618809757,
						124.75976007682976,
						141.53880260377227,
						0.16317701194708575
					],
					"joint_state": {
						"position": [
							-2.5047,
							4.0789,
							0.8876,
							-4.7608,
							0.8826,
							0.159,
							0.0
						],
						"velocity": [
							0.0167,
							0.0013,
							0.0752,
							-0.0449,
							0.0879,
							-0.0318,
							0.0
						],
						"effort": [
							0.0,
							0.0,
							0.0,
							0.0,
							0.0,
							0.0,
							0.0
						]
					},
					"lift_state": "lift_down"
				}
			}
		},
		"objects": {
			"Rack": {
				"Rack_02": {
					"name": "Rack_02",
					"pose": {
						"translation": [
							133.05699157714844,
							143.09999084472656,
							0.19921104609966278
						],
						"rotation": [
							0.983835756778717,
							0.1790735274553299,
							-4.97384462505579e-08,
							9.080395102500916e-09
						]
					}
				}
			}
		},
		"relationships": {
			"L-Rack": [
				[
					"AMR_LIFT01",
					"none"
				]
			]
		}
	},
	"timestamp_2": {
		"robots": {
			"ARMLIFT": {
				"AMR_LIFT01": {
					"name": "AMR_LIFT01",
					"pose": {
						"translation": [
							139.57376098632812,
							142.5934600830078,
							0.061999816447496414
						],
						"rotation": [
							-0.009311903268098831,
							-0.003713516518473625,
							-0.9288316965103149,
							0.37036657333374023
						]
					},
					"odometry": {
						"position": [
							0.5446742028316571,
							-7.7057773228658615,
							-0.01232159067615601
						],
						"orientation": [
							-0.01963976997349614,
							0.00039675001234022863,
							-0.9286664595873944,
							0.3703953683055855
						],
						"linear": [
							0.0007477789768017828,
							0.0,
							0.0
						],
						"angular": [
							0.0,
							0.0,
							0.002503590192645788
						]
					},
					"aabb": [
						123.79187955042761,
						140.59004174372754,
						-0.011607555865038177,
						124.75990310316678,
						141.53867608948056,
						0.16319774427643743
					],
					"joint_state": {
						"position": [
							-2.5043,
							4.0794,
							0.903,
							-4.769,
							0.8873,
							0.1571,
							0.0
						],
						"velocity": [
							-0.0076,
							0.0114,
							-0.0004,
							0.0133,
							-0.0051,
							0.0131,
							0.0
						],
						"effort": [
							0.0,
							0.0,
							0.0,
							0.0,
							0.0,
							0.0,
							0.0
						]
					},
					"lift_state": "lift_down"
				}
			}
		},
		"objects": {
			"Rack": {
				"Rack_02": {
					"name": "Rack_02",
					"pose": {
						"translation": [
							133.05699157714844,
							143.09999084472656,
							0.19921104609966278
						],
						"rotation": [
							0.983835756778717,
							0.1790735274553299,
							-4.97384462505579e-08,
							9.080395102500916e-09
						]
					}
				}
			}
		},
		"relationships": {
			"L-Rack": [
				[
					"AMR_LIFT01",
					"none"
				]
			]
		}
	},
	"timestamp_3": {
		"robots": {
			"ARMLIFT": {
				"AMR_LIFT01": {
					"name": "AMR_LIFT01",
					"pose": {
						"translation": [
							139.5733642578125,
							142.59378051757812,
							0.06199970096349716
						],
						"rotation": [
							-0.009309547021985054,
							-0.003711011027917266,
							-0.9288432002067566,
							0.3703378140926361
						]
					},
					"odometry": {
						"position": [
							0.5443322926659132,
							-7.705552747711927,
							-0.012322340011397348
						],
						"orientation": [
							-0.01964102353538047,
							0.0004227391221627937,
							-0.9286723134552156,
							0.37038059574963583
						],
						"linear": [
							-0.005905076861381531,
							0.0,
							0.0
						],
						"angular": [
							0.0,
							0.0,
							-0.007517279125750065
						]
					},
					"aabb": [
						123.79212548073771,
						140.58999264908473,
						-0.01160946426465836,
						124.76011392354421,
						141.53866068366972,
						0.16316646250570277
					],
					"joint_state": {
						"position": [
							-2.5028,
							4.0802,
							0.9029,
							-4.7717,
							0.8766,
							0.1574,
							0.0
						],
						"velocity": [
							0.0468,
							0.0655,
							0.1723,
							-0.0982,
							0.1054,
							-0.0716,
							0.0
						],
						"effort": [
							0.0,
							0.0,
							0.0,
							0.0,
							0.0,
							0.0,
							0.0
						]
					},
					"lift_state": "lift_down"
				}
			}
		},
		"objects": {
			"Rack": {
				"Rack_02": {
					"name": "Rack_02",
					"pose": {
						"translation": [
							133.05699157714844,
							143.09999084472656,
							0.19921104609966278
						],
						"rotation": [
							0.983835756778717,
							0.1790735274553299,
							-4.97384462505579e-08,
							9.080395102500916e-09
						]
					}
				}
			}
		},
		"relationships": {
			"L-Rack": [
				[
					"AMR_LIFT01",
					"none"
				]
			]
		}
	},
	"timestamp_4": {
		"robots": {
			"ARMLIFT": {
				"AMR_LIFT01": {
					"name": "AMR_LIFT01",
					"pose": {
						"translation": [
							139.5728759765625,
							142.59405517578125,
							0.062007177621126175
						],
						"rotation": [
							-0.009324484504759312,
							-0.003701536450535059,
							-0.9288733005523682,
							0.3702618181705475
						]
					},