{
	"timestamp_0": {
		"robots": {
			"ARMLIFT": {
				"AMR_LIFT01": {
					"name": "AMR_LIFT01",
					"pose": {
						"translation": [
							139.57281494140625,
							142.59425354003906,
							0.062000881880521774
						],
						"rotation": [
							-0.009313815273344517,
							-0.0037162445951253176,
							-0.9289144277572632,
							0.3701587915420532
						]
					},
					"odometry": {
						"position": [
							0.5437757908397775,
							-7.705074258394086,
							-0.01230876880187052
						],
						"orientation": [
							-0.019646090801730125,
							0.0004155150141531744,
							-0.9287434886374338,
							0.37020182438374344
						],
						"linear": [
							0.0006795531953684986,
							0.0,
							0.0
						],
						"angular": [
							0.0,
							0.0,
							-0.0035420875065028667
						]
					},
					"aabb": [
						123.79265481462782,
						140.58955549366942,
						-0.011668851251981532,
						124.76079977610527,
						141.53804536349162,
						0.16317328017256594
					],
					"joint_state": {
						"position": [
							-2.4992,
							4.0802,
							0.9219,
							-4.7808,
							0.8939,
							0.1535,
							0.0
						],
						"velocity": [
							-0.0052,
							0.0196,
							-0.0116,
							-0.0026,
							-0.0149,
							-0.0001,
							0.0
						],
						"effort": [
							0.0,
							0.0,
							0.0,
							0.0,
							0.0,
							0.0,
							0.0
						]
					},
					"lift_state": "lift_down"
				}
			}
		},
		"objects": {
			"Rack": {
				"Rack_02": {
					"name": "Rack_02",
					"pose": {
						"translation": [
							133.05699157714844,
							143.09999084472656,
							0.19921104609966278
						],
						"rotation": [
							0.983835756778717,
							0.1790735274553299,
							-4.97384462505579e-08,
							9.080395102500916e-09
						]
					}
				}
			}
		},
		"relationships": {
			"L-Rack": [
				[
					"AMR_LIFT01",
					"none"
				]
			]
		}
	},
	"timestamp_1": {
		"robots": {
			"ARMLIFT": {
				"AMR_LIFT01": {
					"name": "AMR_LIFT01",
					"pose": {
						"translation": [
							139.57308959960938,
							142.59378051757812,
							0.062001075595617294
						],
						"rotation": [
							-0.009322020225226879,
							-0.00370737724006176,
							-0.9290595650672913,
							0.3697943389415741
						]
					},
					"odometry": {
						"position": [
							0.5440491900589874,
							-7.7055429943694245,
							-0.012314649833704085
						],
						"orientation": [
							-0.019655913490832958,
							0.00042032696781451055,
							-0.9288885441207956,
							0.36983718173167773
						],
						"linear": [
							0.0009734488558024168,
							0.0,
							0.0
						],
						"angular": [
							0.0,
							0.0,
							-0.00012968860391993076
						]
					},
					"aabb": [
						123.79208517581571,
						140.59026913519926,
						-0.011670665274041562,
						124.76040193798417,
						141.53856110262092,
						0.1631700130760874
					],
					"joint_state": {
						"position": [
							-2.4978,
							4.0806,
							0.9238,
							-4.7842,
							0.903,
							0.1517,
							0.0
						],
						"velocity": [
							0.003,
							-0.0013,
							-0.065,
							0.0659,
							-0.0388,
							0.034,
							0.0
						],
						"effort": [
							0.0,
							0.0,
							0.0,
							0.0,
							0.0,
							0.0,
							0.0
						]
					},
					"lift_state": "lift_down"
				}
			}
		},
		"objects": {
			"Rack": {
				"Rack_02": {
					"name": "Rack_02",
					"pose": {
						"translation": [
							133.05699157714844,
							143.09999084472656,
							0.19921104609966278
						],
						"rotation": [
							0.983835756778717,
							0.1790735274553299,
							-4.97384462505579e-08,
							9.080395102500916e-09
						]
					}
				}
			}
		},
		"relationships": {
			"L-Rack": [
				[
					"AMR_LIFT01",
					"none"
				]
			]
		}
	},
	"timestamp_2": {
		"robots": {
			"ARMLIFT": {
				"AMR_LIFT01": {
					"name": "AMR_LIFT01",
					"pose": {
						"translation": [
							139.57308959960938,
							142.59375,
							0.062001608312129974
						],
						"rotation": [
							-0.009318876080214977,
							-0.0037147391121834517,
							-0.9290882349014282,
							0.36972230672836304
						]
					},
					"odometry": {
						"position": [
							0.5440492043558144,
							-7.705582055860459,
							-0.012314100834034773
						],
						"orientation": [
							-0.019653089357556715,
							0.00041216443636512813,
							-0.9289172418216041,
							0.36976525532522003
						],
						"linear": [
							0.000944211904425174,
							0.0,
							0.0
						],
						"angular": [
							0.0,
							0.0,
							-0.0004380651516839862
						]
					},
					"aabb": [
						123.79206958685137,
						140.59034588270578,
						-0.01168829610164076,
						124.76051946165659,
						141.53848561935922,
						0.16317969274438632
					],
					"joint_state": {
						"position": [
							-2.4969,
							4.0806,
							0.9265,
							-4.787,
							0.905,
							0.149,
							0.0
						],
						"velocity": [
							-0.0019,
							0.0062,
							0.0383,
							-0.0011,
							0.1334,
							-0.0781,
							0.0
						],
						"effort": [
							0.0,
							0.0,
							0.0,
							0.0,
							0.0,
							0.0,
							0.0
						]
					},
					"lift_state": "lift_down"
				}
			}
		},
		"objects": {
			"Rack": {
				"Rack_02": {
					"name": "Rack_02",
					"pose": {
						"translation": [
							133.05699157714844,
							143.09999084472656,
							0.19921104609966278
						],
						"rotation": [
							0.983835756778717,
							0.1790735274553299,
							-4.97384462505579e-08,
							9.080395102500916e-09
						]
					}
				}
			}
		},
		"relationships": {
			"L-Rack": [
				[
					"AMR_LIFT01",
					"none"
				]
			]
		}
	},
	"timestamp_3": {
		"robots": {
			"ARMLIFT": {
				"AMR_LIFT01": {
					"name": "AMR_LIFT01",
					"pose": {
						"translation": [
							139.5735321044922,
							142.59312438964844,
							0.06200023368000984
						],
						"rotation": [
							-0.009317061863839626,
							-0.003709414042532444,
							-0.9290273785591125,
							0.36987507343292236
						]
					},
					"odometry": {
						"position": [
							0.5445081008988095,
							-7.706158204887582,
							-0.012324528881022326
						],
						"orientation": [
							-0.019650590747463482,
							0.00041585269343486154,
							-0.9288660648537213,
							0.369893923865986
						],
						"linear": [
							0.002115491544827819,
							0.0,
							0.0
						],
						"angular": [
							0.0,
							0.0,
							0.004895912948995829
						]
					},
					"aabb": [
						123.79197294881962,
						140.59052652562391,
						-0.011710394871253598,
						124.76035824448954,
						141.53873727704823,
						0.16316870350015783
					],
					"joint_state": {
						"position": [
							-2.4954,
							4.0804,
							0.9106,
							-4.7768,
							0.8957,
							0.157,
							0.0
						],
						"velocity": [
							0.008,
							0.0048,
							-0.0197,
							0.0236,
							-0.0642,
							0.0144,
							0.0
						],
						"effort": [
							0.0,
							0.0,
							0.0,
							0.0,
							0.0,
							0.0,
							0.0
						]
					},
					"lift_state": "lift_down"
				}
			}
		},
		"objects": {
			"Rack": {
				"Rack_02": {
					"name": "Rack_02",
					"pose": {
						"translation": [
							133.05699157714844,
							143.09999084472656,
							0.19921104609966278
						],
						"rotation": [
							0.983835756778717,
							0.1790735274553299,
							-4.97384462505579e-08,
							9.080395102500916e-09
						]
					}
				}
			}
		},
		"relationships": {
			"L-Rack": [
				[
					"AMR_LIFT01",
					"none"
				]
			]
		}
	},
	"timestamp_4": {
		"robots": {
			"ARMLIFT": {
				"AMR_LIFT01": {
					"name": "AMR_LIFT01",
					"pose": {
						"translation": [
							139.57351684570312,
							142.59327697753906,
							0.06200408935546875
						],
						"rotation": [
							-0.009326145052909851,
							-0.0036986875347793102,
							-0.929042637348175,
							0.36983680725097656
						]
					},