{
	"timestamp_0": {
		"robots": {
			"ARMLIFT": {
				"AMR_LIFT01": {
					"name": "AMR_LIFT01",
					"pose": {
						"translation": [
							139.61770629882812,
							142.43560791015625,
							0.06200278922915459
						],
						"rotation": [
							-0.009410331957042217,
							-0.0035355384461581707,
							-0.9357971549034119,
							0.3523957133293152
						]
					},
					"odometry": {
						"position": [
							0.5886656221381767,
							-7.863724527747026,
							-0.01331031393482569
						],
						"orientation": [
							-0.019819438033670082,
							0.0003986140061014859,
							-0.9356251874528024,
							0.3524379939603731
						],
						"linear": [
							-0.0016341173322871327,
							0.0,
							0.0
						],
						"angular": [
							0.0,
							0.0,
							0.0008206056663766503
						]
					},
					"aabb": [
						123.7362011727127,
						140.7619925759294,
						-0.014173979504626549,
						124.7163546647319,
						141.69512034921104,
						0.16288042381337545
					],
					"joint_state": {
						"position": [
							-1.4255,
							4.8724,
							0.9628,
							-5.7735,
							0.994,
							-0.9463,
							0.0
						],
						"velocity": [
							-0.0188,
							0.0153,
							-0.0212,
							0.0151,
							0.0006,
							0.0133,
							0.0
						],
						"effort": [
							0.0,
							0.0,
							0.0,
							0.0,
							0.0,
							0.0,
							0.0
						]
					},
					"lift_state": "lift_down"
				}
			}
		},
		"objects": {
			"Rack": {
				"Rack_02": {
					"name": "Rack_02",
					"pose": {
						"translation": [
							133.05699157714844,
							143.09999084472656,
							0.19921104609966278
						],
						"rotation": [
							0.983835756778717,
							0.1790735274553299,
							-4.97384462505579e-08,
							9.080395102500916e-09
						]
					}
				}
			}
		},
		"relationships": {
			"L-Rack": [
				[
					"AMR_LIFT01",
					"none"
				]
			]
		}
	},
	"timestamp_1": {
		"robots": {
			"ARMLIFT": {
				"AMR_LIFT01": {
					"name": "AMR_LIFT01",
					"pose": {
						"translation": [
							139.61776733398438,
							142.43540954589844,
							0.06199932098388672
						],
						"rotation": [
							-0.00940452516078949,
							-0.0035419336054474115,
							-0.9356887936592102,
							0.352683424949646
						]
					},
					"odometry": {
						"position": [
							0.5887338974610342,
							-7.86391984386563,
							-0.013315316318026823
						],
						"orientation": [
							-0.019812421879241933,
							0.0003954201060719485,
							-0.9355168835771361,
							0.3527257746810428
						],
						"linear": [
							-0.0034856151323765516,
							0.0,
							0.0
						],
						"angular": [
							0.0,
							0.0,
							0.006276716943830252
						]
					},
					"aabb": [
						123.7365545934076,
						140.76161964531522,
						-0.01412878051510869,
						124.71653339262957,
						141.6949966416506,
						0.16288393613524996
					],
					"joint_state": {
						"position": [
							-1.4241,
							4.8737,
							0.9629,
							-5.7737,
							0.9908,
							-0.9494,
							0.0
						],
						"velocity": [
							0.0525,
							0.0418,
							-0.0031,
							0.0008,
							0.0017,
							0.0035,
							0.0
						],
						"effort": [
							0.0,
							0.0,
							0.0,
							0.0,
							0.0,
							0.0,
							0.0
						]
					},
					"lift_state": "lift_down"
				}
			}
		},
		"objects": {
			"Rack": {
				"Rack_02": {
					"name": "Rack_02",
					"pose": {
						"translation": [
							133.05699157714844,
							143.09999084472656,
							0.19921104609966278
						],
						"rotation": [
							0.983835756778717,
							0.1790735274553299,
							-4.97384462505579e-08,
							9.080395102500916e-09
						]
					}
				}
			}
		},
		"relationships": {
			"L-Rack": [
				[
					"AMR_LIFT01",
					"none"
				]
			]
		}
	},
	"timestamp_2": {
		"robots": {
			"ARMLIFT": {
				"AMR_LIFT01": {
					"name": "AMR_LIFT01",
					"pose": {
						"translation": [
							139.61793518066406,
							142.43527221679688,
							0.062001075595617294
						],
						"rotation": [
							-0.009408545680344105,
							-0.0035489345900714397,
							-0.9357497692108154,
							0.35252147912979126
						]
					},
					"odometry": {
						"position": [
							0.5888999185485565,
							-7.8640565505735385,
							-0.01331724468584592
						],
						"orientation": [
							-0.01981712210667613,
							0.0003866178665999968,
							-0.9355778080143266,
							0.35256389115895365
						],
						"linear": [
							0.0031410364899784327,
							0.0,
							0.0
						],
						"angular": [
							0.0,
							0.0,
							0.0034412650857120752
						]
					},
					"aabb": [
						123.7363545607439,
						140.76174750946512,
						-0.014111882832998105,
						124.71635860040095,
						141.69508980844748,
						0.1628851919755385
					],
					"joint_state": {
						"position": [
							-1.4249,
							4.874,
							0.9737,
							-5.777,
							1.0018,
							-0.9509,
							0.0
						],
						"velocity": [
							-0.0166,
							0.0171,
							-0.4375,
							0.1486,
							-0.4486,
							0.1501,
							0.0
						],
						"effort": [
							0.0,
							0.0,
							0.0,
							0.0,
							0.0,
							0.0,
							0.0
						]
					},
					"lift_state": "lift_down"
				}
			}
		},
		"objects": {
			"Rack": {
				"Rack_02": {
					"name": "Rack_02",
					"pose": {
						"translation": [
							133.05699157714844,
							143.09999084472656,
							0.19921104609966278
						],
						"rotation": [
							0.983835756778717,
							0.1790735274553299,
							-4.97384462505579e-08,
							9.080395102500916e-09
						]
					}
				}
			}
		},
		"relationships": {
			"L-Rack": [
				[
					"AMR_LIFT01",
					"none"
				]
			]
		}
	},
	"timestamp_3": {
		"robots": {
			"ARMLIFT": {
				"AMR_LIFT01": {
					"name": "AMR_LIFT01",
					"pose": {
						"translation": [
							139.61871337890625,
							142.43423461914062,
							0.0620027519762516
						],
						"rotation": [
							-0.009411551058292389,
							-0.00354503164999187,
							-0.9357472658157349,
							0.3525281548500061
						]
					},
					"odometry": {
						"position": [
							0.5896810667485545,
							-7.865091664063633,
							-0.013332981724210774
						],
						"orientation": [
							-0.019820097545179258,
							0.00039059435807303907,
							-0.9355752750254605,
							0.3525704410899773
						],
						"linear": [
							-0.0016974402824416757,
							0.0,
							0.0
						],
						"angular": [
							0.0,
							0.0,
							0.006574795115739107
						]
					},
					"aabb": [
						123.73546021861549,
						140.76303569124167,
						-0.01407586319456749,
						124.71558210284348,
						141.69621053081082,
						0.16287999212340193
					],
					"joint_state": {
						"position": [
							-1.423,
							4.8747,
							0.9739,
							-5.7804,
							1.0024,
							-0.9512,
							0.0
						],
						"velocity": [
							0.0482,
							0.0129,
							-0.0806,
							0.1037,
							-0.1166,
							0.0751,
							0.0
						],
						"effort": [
							0.0,
							0.0,
							0.0,
							0.0,
							0.0,
							0.0,
							0.0
						]
					},
					"lift_state": "lift_down"
				}
			}
		},
		"objects": {
			"Rack": {
				"Rack_02": {
					"name": "Rack_02",
					"pose": {
						"translation": [
							133.05699157714844,
							143.09999084472656,
							0.19921104609966278
						],
						"rotation": [
							0.983835756778717,
							0.1790735274553299,
							-4.97384462505579e-08,
							9.080395102500916e-09
						]
					}
				}
			}
		},
		"relationships": {
			"L-Rack": [
				[
					"AMR_LIFT01",
					"none"
				]
			]
		}
	},
	"timestamp_4": {
		"robots": {
			"ARMLIFT": {
				"AMR_LIFT01": {
					"name": "AMR_LIFT01",
					"pose": {
						"translation": [
							139.6189727783203,
							142.43382263183594,
							0.0620013028383255
						],
						"rotation": [
							-0.009411093778908253,
							-0.003549104556441307,
							-0.9357814788818359,
							0.3524373471736908
						]
					},