{
	"timestamp_0": {
		"robots": {
			"ARMLIFT": {
				"AMR_LIFT01": {
					"name": "AMR_LIFT01",
					"pose": {
						"translation": [
							139.57725524902344,
							142.58094787597656,
							0.06200351566076279
						],
						"rotation": [
							-0.009263078682124615,
							-0.00371961435303092,
							-0.9283746480941772,
							0.37151166796684265
						]
					},
					"odometry": {
						"position": [
							0.5482286237030786,
							-7.718462710660341,
							-0.012403395760970127
						],
						"orientation": [
							-0.01959757072780515,
							0.00045459908811908443,
							-0.9281701039004843,
							0.3716395925982617
						],
						"linear": [
							0.0015499078435823321,
							0.0,
							0.0
						],
						"angular": [
							0.0,
							0.0,
							-0.0028428558725863695
						]
					},
					"aabb": [
						123.78943322689408,
						140.60158326982528,
						-0.012276445226493205,
						124.7565098323944,
						141.55128128735774,
						0.16313577070263238
					],
					"joint_state": {
						"position": [
							-2.4388,
							4.124,
							0.72,
							-4.7457,
							0.7446,
							0.1478,
							0.0
						],
						"velocity": [
							0.0247,
							0.0323,
							0.204,
							-0.0617,
							0.3896,
							-0.1243,
							0.0
						],
						"effort": [
							0.0,
							0.0,
							0.0,
							0.0,
							0.0,
							0.0,
							0.0
						]
					},
					"lift_state": "lift_down"
				}
			}
		},
		"objects": {
			"Rack": {
				"Rack_02": {
					"name": "Rack_02",
					"pose": {
						"translation": [
							133.05699157714844,
							143.09999084472656,
							0.19921104609966278
						],
						"rotation": [
							0.983835756778717,
							0.1790735274553299,
							-4.97384462505579e-08,
							9.080395102500916e-09
						]
					}
				}
			}
		},
		"relationships": {
			"L-Rack": [
				[
					"AMR_LIFT01",
					"none"
				]
			]
		}
	},
	"timestamp_1": {
		"robots": {
			"ARMLIFT": {
				"AMR_LIFT01": {
					"name": "AMR_LIFT01",
					"pose": {
						"translation": [
							139.57693481445312,
							142.58139038085938,
							0.061999548226594925
						],
						"rotation": [
							-0.009264200925827026,
							-0.0037066959775984287,
							-0.9283974766731262,
							0.37145477533340454
						]
					},
					"odometry": {
						"position": [
							0.5478965108246403,
							-7.71794516127116,
							-0.012402132441198036
						],
						"orientation": [
							-0.019590710181685542,
							0.00043948042920860574,
							-0.928227096656305,
							0.37149760155960115
						],
						"linear": [
							-0.00047403693315573037,
							0.0,
							0.0
						],
						"angular": [
							0.0,
							0.0,
							-0.009739913046360016
						]
					},
					"aabb": [
						123.78925362914296,
						140.6015528049115,
						-0.012287714354017133,
						124.75648212771124,
						141.55107683462234,
						0.16312998037340218
					],
					"joint_state": {
						"position": [
							-2.438,
							4.124,
							0.7284,
							-4.7492,
							0.7501,
							0.145,
							0.0
						],
						"velocity": [
							-0.0005,
							-0.0003,
							0.0121,
							-0.0022,
							-0.0186,
							-0.0002,
							0.0
						],
						"effort": [
							0.0,
							0.0,
							0.0,
							0.0,
							0.0,
							0.0,
							0.0
						]
					},
					"lift_state": "lift_down"
				}
			}
		},
		"objects": {
			"Rack": {
				"Rack_02": {
					"name": "Rack_02",
					"pose": {
						"translation": [
							133.05699157714844,
							143.09999084472656,
							0.19921104609966278
						],
						"rotation": [
							0.983835756778717,
							0.1790735274553299,
							-4.97384462505579e-08,
							9.080395102500916e-09
						]
					}
				}
			}
		},
		"relationships": {
			"L-Rack": [
				[
					"AMR_LIFT01",
					"none"
				]
			]
		}
	},
	"timestamp_2": {
		"robots": {
			"ARMLIFT": {
				"AMR_LIFT01": {
					"name": "AMR_LIFT01",
					"pose": {
						"translation": [
							139.5769805908203,
							142.5815887451172,
							0.062000080943107605
						],
						"rotation": [
							-0.009265359491109848,
							-0.0037074226420372725,
							-0.9283575415611267,
							0.37155458331108093
						]
					},
					"odometry": {
						"position": [
							0.5479453275430107,
							-7.717740079131325,
							-0.012402698859079148
						],
						"orientation": [
							-0.01959142193462182,
							0.0004398637230317011,
							-0.9281871477632025,
							0.3715973646753914
						],
						"linear": [
							0.0015853258082643151,
							0.0,
							0.0
						],
						"angular": [
							0.0,
							0.0,
							-0.0015575890429317951
						]
					},
					"aabb": [
						123.78960339153197,
						140.60099941796926,
						-0.01229251713406775,
						124.7567387375465,
						141.5506293880801,
						0.16312780262397428
					],
					"joint_state": {
						"position": [
							-2.4373,
							4.1237,
							0.7321,
							-4.7493,
							0.7414,
							0.1469,
							0.0
						],
						"velocity": [
							-0.0107,
							0.0007,
							0.1348,
							-0.0394,
							0.0757,
							-0.0267,
							0.0
						],
						"effort": [
							0.0,
							0.0,
							0.0,
							0.0,
							0.0,
							0.0,
							0.0
						]
					},
					"lift_state": "lift_down"
				}
			}
		},
		"objects": {
			"Rack": {
				"Rack_02": {
					"name": "Rack_02",
					"pose": {
						"translation": [
							133.05699157714844,
							143.09999084472656,
							0.19921104609966278
						],
						"rotation": [
							0.983835756778717,
							0.1790735274553299,
							-4.97384462505579e-08,
							9.080395102500916e-09
						]
					}
				}
			}
		},
		"relationships": {
			"L-Rack": [
				[
					"AMR_LIFT01",
					"none"
				]
			]
		}
	},
	"timestamp_3": {
		"robots": {
			"ARMLIFT": {
				"AMR_LIFT01": {
					"name": "AMR_LIFT01",
					"pose": {
						"translation": [
							139.5769805908203,
							142.58163452148438,
							0.06200416386127472
						],
						"rotation": [
							-0.009267003275454044,
							-0.003719532396644354,
							-0.9283573031425476,
							0.37155503034591675
						]
					},
					"odometry": {
						"position": [
							0.547945415453808,
							-7.717691242884791,
							-0.012398633420968003
						],
						"orientation": [
							-0.01959306248021766,
							0.0004277597099756057,
							-0.9281868791047989,
							0.3715979633716667
						],
						"linear": [
							-0.0029403530061244965,
							0.0,
							0.0
						],
						"angular": [
							0.0,
							0.0,
							-0.00624870415776968
						]
					},
					"aabb": [
						123.78942414960974,
						140.60106989498962,
						-0.012302561731754355,
						124.75655298554798,
						141.55070815688924,
						0.16313812084193277
					],
					"joint_state": {
						"position": [
							-2.4364,
							4.1242,
							0.7323,
							-4.7474,
							0.7533,
							0.1466,
							0.0
						],
						"velocity": [
							0.0155,
							0.0324,
							0.3344,
							-0.0497,
							0.4032,
							-0.053,
							0.0
						],
						"effort": [
							0.0,
							0.0,
							0.0,
							0.0,
							0.0,
							0.0,
							0.0
						]
					},
					"lift_state": "lift_down"
				}
			}
		},
		"objects": {
			"Rack": {
				"Rack_02": {
					"name": "Rack_02",
					"pose": {
						"translation": [
							133.05699157714844,
							143.09999084472656,
							0.19921104609966278
						],
						"rotation": [
							0.983835756778717,
							0.1790735274553299,
							-4.97384462505579e-08,
							9.080395102500916e-09
						]
					}
				}
			}
		},
		"relationships": {
			"L-Rack": [
				[
					"AMR_LIFT01",
					"none"
				]
			]
		}
	},
	"timestamp_4": {
		"robots": {
			"ARMLIFT": {
				"AMR_LIFT01": {
					"name": "AMR_LIFT01",
					"pose": {
						"translation": [
							139.5767364501953,
							142.58224487304688,
							0.062004927545785904
						],
						"rotation": [
							-0.009271569550037384,
							-0.003694904036819935,
							-0.9283249378204346,
							0.37163612246513367
						]
					},