{
	"timestamp_0": {
		"robots": {
			"ARMLIFT": {
				"AMR_LIFT01": {
					"name": "AMR_LIFT01",
					"pose": {
						"translation": [
							139.61996459960938,
							142.4486083984375,
							0.06200015917420387
						],
						"rotation": [
							-0.009411941282451153,
							-0.0035772991832345724,
							-0.9346986413002014,
							0.3552990257740021
						]
					},
					"odometry": {
						"position": [
							0.5909201769463561,
							-7.850677512532973,
							-0.013362887117573686
						],
						"orientation": [
							-0.019808554402579986,
							0.00038900815739512654,
							-0.9345221964872451,
							0.35535297116780723
						],
						"linear": [
							0.0016981350490823388,
							0.0,
							0.0
						],
						"angular": [
							0.0,
							0.0,
							-0.0027801913674920797
						]
					},
					"aabb": [
						123.7359042239556,
						140.74636458106568,
						-0.01481333903004464,
						124.71416487160303,
						141.6821414911564,
						0.16290998149738953
					],
					"joint_state": {
						"position": [
							-1.542,
							4.792,
							1.0193,
							-5.7135,
							1.0165,
							-0.8152,
							0.0
						],
						"velocity": [
							0.0136,
							-0.002,
							-0.007,
							-0.016,
							0.0055,
							0.0012,
							0.0
						],
						"effort": [
							0.0,
							0.0,
							0.0,
							0.0,
							0.0,
							0.0,
							0.0
						]
					},
					"lift_state": "lift_down"
				}
			}
		},
		"objects": {
			"Rack": {
				"Rack_02": {
					"name": "Rack_02",
					"pose": {
						"translation": [
							133.05699157714844,
							143.09999084472656,
							0.19921104609966278
						],
						"rotation": [
							0.983835756778717,
							0.1790735274553299,
							-4.97384462505579e-08,
							9.080395102500916e-09
						]
					}
				}
			}
		},
		"relationships": {
			"L-Rack": [
				[
					"AMR_LIFT01",
					"none"
				]
			]
		}
	},
	"timestamp_1": {
		"robots": {
			"ARMLIFT": {
				"AMR_LIFT01": {
					"name": "AMR_LIFT01",
					"pose": {
						"translation": [
							139.61961364746094,
							142.44879150390625,
							0.061999738216400146
						],
						"rotation": [
							-0.009411711245775223,
							-0.0035811772104352713,
							-0.9346763491630554,
							0.35535743832588196
						]
					},
					"odometry": {
						"position": [
							0.5906663558227748,
							-7.850618929907123,
							-0.013356097847656059
						],
						"orientation": [
							-0.019810910882373346,
							0.00039157168025048903,
							-0.9345095345717568,
							0.35538613405155334
						],
						"linear": [
							0.0006750271422788501,
							0.0,
							0.0
						],
						"angular": [
							0.0,
							0.0,
							-0.001658392371609807
						]
					},
					"aabb": [
						123.73617056077175,
						140.74637268294677,
						-0.014794959010224162,
						124.71443865052456,
						141.6821402890954,
						0.1629118602991
					],
					"joint_state": {
						"position": [
							-1.5412,
							4.7927,
							1.0196,
							-5.7212,
							1.0302,
							-0.8259,
							0.0
						],
						"velocity": [
							-0.0023,
							-0.0093,
							0.1023,
							-0.0876,
							0.1064,
							-0.0734,
							0.0
						],
						"effort": [
							0.0,
							0.0,
							0.0,
							0.0,
							0.0,
							0.0,
							0.0
						]
					},
					"lift_state": "lift_down"
				}
			}
		},
		"objects": {
			"Rack": {
				"Rack_02": {
					"name": "Rack_02",
					"pose": {
						"translation": [
							133.05699157714844,
							143.09999084472656,
							0.19921104609966278
						],
						"rotation": [
							0.983835756778717,
							0.1790735274553299,
							-4.97384462505579e-08,
							9.080395102500916e-09
						]
					}
				}
			}
		},
		"relationships": {
			"L-Rack": [
				[
					"AMR_LIFT01",
					"none"
				]
			]
		}
	},
	"timestamp_2": {
		"robots": {
			"ARMLIFT": {
				"AMR_LIFT01": {
					"name": "AMR_LIFT01",
					"pose": {
						"translation": [
							139.61984252929688,
							142.44834899902344,
							0.06200096011161804
						],
						"rotation": [
							-0.0094098299741745,
							-0.0035752938129007816,
							-0.9346615672111511,
							0.35539647936820984
						]
					},
					"odometry": {
						"position": [
							0.5908030536965654,
							-7.850970486326205,
							-0.013359395964190605
						],
						"orientation": [
							-0.01980625524875999,
							0.0003922413599517593,
							-0.9344895566556753,
							0.35543892147767947
						],
						"linear": [
							-0.0012625218369066715,
							0.0,
							0.0
						],
						"angular": [
							0.0,
							0.0,
							-0.004572312347590923
						]
					},
					"aabb": [
						123.73614775217264,
						140.7464685269766,
						-0.014798583831769081,
						124.71442945163405,
						141.68221577560445,
						0.16291026391549368
					],
					"joint_state": {
						"position": [
							-1.541,
							4.7941,
							1.0078,
							-5.7153,
							1.0117,
							-0.8188,
							0.0
						],
						"velocity": [
							0.0163,
							0.0296,
							0.0506,
							0.073,
							0.0711,
							0.0598,
							0.0
						],
						"effort": [
							0.0,
							0.0,
							0.0,
							0.0,
							0.0,
							0.0,
							0.0
						]
					},
					"lift_state": "lift_down"
				}
			}
		},
		"objects": {
			"Rack": {
				"Rack_02": {
					"name": "Rack_02",
					"pose": {
						"translation": [
							133.05699157714844,
							143.09999084472656,
							0.19921104609966278
						],
						"rotation": [
							0.983835756778717,
							0.1790735274553299,
							-4.97384462505579e-08,
							9.080395102500916e-09
						]
					}
				}
			}
		},
		"relationships": {
			"L-Rack": [
				[
					"AMR_LIFT01",
					"none"
				]
			]
		}
	},
	"timestamp_3": {
		"robots": {
			"ARMLIFT": {
				"AMR_LIFT01": {
					"name": "AMR_LIFT01",
					"pose": {
						"translation": [
							139.62069702148438,
							142.44740295410156,
							0.06200164556503296
						],
						"rotation": [
							-0.00941019132733345,
							-0.0035765664651989937,
							-0.9346121549606323,
							0.3555261492729187
						]
					},
					"odometry": {
						"position": [
							0.5916622817082032,
							-7.851927472440471,
							-0.01337784584731798
						],
						"orientation": [
							-0.019806071315731835,
							0.0003924121289608534,
							-0.9344401386597913,
							0.3555688299235852
						],
						"linear": [
							0.006543498020619154,
							0.0,
							0.0
						],
						"angular": [
							0.0,
							0.0,
							0.0065613314509391785
						]
					},
					"aabb": [
						123.73535250964098,
						140.74736679143354,
						-0.014809215984843893,
						124.71349517417319,
						141.68330443175438,
						0.16290632236129723
					],
					"joint_state": {
						"position": [
							-1.5413,
							4.7943,
							1.0185,
							-5.723,
							1.0053,
							-0.8199,
							0.0
						],
						"velocity": [
							0.0024,
							-0.0009,
							-0.2181,
							-0.0891,
							-0.2231,
							-0.0439,
							0.0
						],
						"effort": [
							0.0,
							0.0,
							0.0,
							0.0,
							0.0,
							0.0,
							0.0
						]
					},
					"lift_state": "lift_down"
				}
			}
		},
		"objects": {
			"Rack": {
				"Rack_02": {
					"name": "Rack_02",
					"pose": {
						"translation": [
							133.05699157714844,
							143.09999084472656,
							0.19921104609966278
						],
						"rotation": [
							0.983835756778717,
							0.1790735274553299,
							-4.97384462505579e-08,
							9.080395102500916e-09
						]
					}
				}
			}
		},
		"relationships": {
			"L-Rack": [
				[
					"AMR_LIFT01",
					"none"
				]
			]
		}
	},
	"timestamp_4": {
		"robots": {
			"ARMLIFT": {
				"AMR_LIFT01": {
					"name": "AMR_LIFT01",
					"pose": {
						"translation": [
							139.6207275390625,
							142.44741821289062,
							0.06200023368000984
						],
						"rotation": [
							-0.009408841840922832,
							-0.0035801625344902277,
							-0.9345746040344238,
							0.35562512278556824
						]
					},