{
	"timestamp_0": {
		"robots": {
			"ARMLIFT": {
				"AMR_LIFT01": {
					"name": "AMR_LIFT01",
					"pose": {
						"translation": [
							139.58343505859375,
							142.56825256347656,
							0.06200599670410156
						],
						"rotation": [
							-0.00937504880130291,
							-0.003718556370586157,
							-0.9289945960044861,
							0.3699558973312378
						]
					},
					"odometry": {
						"position": [
							0.5543996387421025,
							-7.731079594753595,
							-0.012540815485292005
						],
						"orientation": [
							-0.019708217655197115,
							0.00041094504032010654,
							-0.9288229735426569,
							0.36999905553988394
						],
						"linear": [
							0.002532343612983823,
							0.0,
							0.0
						],
						"angular": [
							0.0,
							0.0,
							-0.002658197423443198
						]
					},
					"aabb": [
						123.78197258215269,
						140.61546638704797,
						-0.012637058371682927,
						124.75029701811746,
						141.56376803941586,
						0.16314712073034804
					],
					"joint_state": {
						"position": [
							-2.3739,
							4.1844,
							1.0498,
							-4.9481,
							1.0387,
							-0.0435,
							0.0
						],
						"velocity": [
							-0.0207,
							-0.0146,
							0.0574,
							-0.0353,
							0.0695,
							-0.0428,
							0.0
						],
						"effort": [
							0.0,
							0.0,
							0.0,
							0.0,
							0.0,
							0.0,
							0.0
						]
					},
					"lift_state": "lift_down"
				}
			}
		},
		"objects": {
			"Rack": {
				"Rack_02": {
					"name": "Rack_02",
					"pose": {
						"translation": [
							133.05699157714844,
							143.09999084472656,
							0.19921104609966278
						],
						"rotation": [
							0.983835756778717,
							0.1790735274553299,
							-4.97384462505579e-08,
							9.080395102500916e-09
						]
					}
				}
			}
		},
		"relationships": {
			"L-Rack": [
				[
					"AMR_LIFT01",
					"none"
				]
			]
		}
	},
	"timestamp_1": {
		"robots": {
			"ARMLIFT": {
				"AMR_LIFT01": {
					"name": "AMR_LIFT01",
					"pose": {
						"translation": [
							139.5830841064453,
							142.56849670410156,
							0.062008704990148544
						],
						"rotation": [
							-0.009373720735311508,
							-0.0037256740033626556,
							-0.92906653881073,
							0.3697752356529236
						]
					},
					"odometry": {
						"position": [
							0.5540482096970835,
							-7.7308257013774195,
							-0.012530302493443838
						],
						"orientation": [
							-0.01970769078637399,
							0.0004018180416581294,
							-0.9288949244780942,
							0.3698184213164159
						],
						"linear": [
							-0.0009149849065579474,
							0.0,
							0.0
						],
						"angular": [
							0.0,
							0.0,
							-0.0009554065181873739
						]
					},
					"aabb": [
						123.78202499395074,
						140.6156101232132,
						-0.01264371570038415,
						124.75042930357507,
						141.56381594991382,
						0.1631358937663228
					],
					"joint_state": {
						"position": [
							-2.373,
							4.1851,
							1.0479,
							-4.9518,
							1.0373,
							-0.0462,
							0.0
						],
						"velocity": [
							0.0006,
							0.0004,
							-0.2432,
							0.0836,
							-0.1529,
							0.0782,
							0.0
						],
						"effort": [
							0.0,
							0.0,
							0.0,
							0.0,
							0.0,
							0.0,
							0.0
						]
					},
					"lift_state": "lift_down"
				}
			}
		},
		"objects": {
			"Rack": {
				"Rack_02": {
					"name": "Rack_02",
					"pose": {
						"translation": [
							133.05699157714844,
							143.09999084472656,
							0.19921104609966278
						],
						"rotation": [
							0.983835756778717,
							0.1790735274553299,
							-4.97384462505579e-08,
							9.080395102500916e-09
						]
					}
				}
			}
		},
		"relationships": {
			"L-Rack": [
				[
					"AMR_LIFT01",
					"none"
				]
			]
		}
	},
	"timestamp_2": {
		"robots": {
			"ARMLIFT": {
				"AMR_LIFT01": {
					"name": "AMR_LIFT01",
					"pose": {
						"translation": [
							139.58358764648438,
							142.56800842285156,
							0.06200355291366577
						],
						"rotation": [
							-0.009360026568174362,
							-0.0037335494998842478,
							-0.9291040301322937,
							0.36968156695365906
						]
					},
					"odometry": {
						"position": [
							0.5545460439836992,
							-7.731313967329371,
							-0.012546559545937263
						],
						"orientation": [
							-0.019694409246816813,
							0.0003929006533091467,
							-0.9289325606813175,
							0.3697245915266475
						],
						"linear": [
							-0.00013863309868611395,
							0.0,
							0.0
						],
						"angular": [
							0.0,
							0.0,
							-0.004504703916609287
						]
					},
					"aabb": [
						123.78153431315519,
						140.616119953196,
						-0.012639133360781964,
						124.75002536579404,
						141.56422494093647,
						0.16313477069147533
					],
					"joint_state": {
						"position": [
							-2.3725,
							4.1859,
							1.0497,
							-4.9583,
							1.0327,
							-0.044,
							0.0
						],
						"velocity": [
							0.0162,
							-0.0081,
							0.2768,
							-0.0424,
							0.2744,
							-0.0535,
							0.0
						],
						"effort": [
							0.0,
							0.0,
							0.0,
							0.0,
							0.0,
							0.0,
							0.0
						]
					},
					"lift_state": "lift_down"
				}
			}
		},
		"objects": {
			"Rack": {
				"Rack_02": {
					"name": "Rack_02",
					"pose": {
						"translation": [
							133.05699157714844,
							143.09999084472656,
							0.19921104609966278
						],
						"rotation": [
							0.983835756778717,
							0.1790735274553299,
							-4.97384462505579e-08,
							9.080395102500916e-09
						]
					}
				}
			}
		},
		"relationships": {
			"L-Rack": [
				[
					"AMR_LIFT01",
					"none"
				]
			]
		}
	},
	"timestamp_3": {
		"robots": {
			"ARMLIFT": {
				"AMR_LIFT01": {
					"name": "AMR_LIFT01",
					"pose": {
						"translation": [
							139.58314514160156,
							142.56822204589844,
							0.06199977919459343
						],
						"rotation": [
							-0.009358263574540615,
							-0.0037261727266013622,
							-0.9290412664413452,
							0.369839072227478
						]
					},
					"odometry": {
						"position": [
							0.5541163685383371,
							-7.731099153346121,
							-0.012540723613782763
						],
						"orientation": [
							-0.019691953650918265,
							0.00040203025163279587,
							-0.9288698234909976,
							0.36988230065912875
						],
						"linear": [
							0.002496429719030857,
							0.0,
							0.0
						],
						"angular": [
							0.0,
							0.0,
							-0.0005177505081519485
						]
					},
					"aabb": [
						123.78191527080332,
						140.6158463139308,
						-0.012631377830016485,
						124.7503109363941,
						141.56406160047047,
						0.16313259117173748
					],
					"joint_state": {
						"position": [
							-2.372,
							4.1857,
							1.0463,
							-4.9571,
							1.0291,
							-0.0442,
							0.0
						],
						"velocity": [
							-0.0115,
							-0.0177,
							0.2588,
							-0.1497,
							0.235,
							-0.1508,
							0.0
						],
						"effort": [
							0.0,
							0.0,
							0.0,
							0.0,
							0.0,
							0.0,
							0.0
						]
					},
					"lift_state": "lift_down"
				}
			}
		},
		"objects": {
			"Rack": {
				"Rack_02": {
					"name": "Rack_02",
					"pose": {
						"translation": [
							133.05699157714844,
							143.09999084472656,
							0.19921104609966278
						],
						"rotation": [
							0.983835756778717,
							0.1790735274553299,
							-4.97384462505579e-08,
							9.080395102500916e-09
						]
					}
				}
			}
		},
		"relationships": {
			"L-Rack": [
				[
					"AMR_LIFT01",
					"none"
				]
			]
		}
	},
	"timestamp_4": {
		"robots": {
			"ARMLIFT": {
				"AMR_LIFT01": {
					"name": "AMR_LIFT01",
					"pose": {
						"translation": [
							139.58314514160156,
							142.56797790527344,
							0.06201843172311783
						],
						"rotation": [
							-0.009382056072354317,
							-0.003724368056282401,
							-0.9290404319763184,
							0.3698408007621765
						]
					},