{
	"timestamp_0": {
		"robots": {
			"ARMLIFT": {
				"AMR_LIFT01": {
					"name": "AMR_LIFT01",
					"pose": {
						"translation": [
							139.6198272705078,
							142.4452667236328,
							0.06200099736452103
						],
						"rotation": [
							-0.009385659359395504,
							-0.0035710749216377735,
							-0.9344887733459473,
							0.35585105419158936
						]
					},
					"odometry": {
						"position": [
							0.5907836907687819,
							-7.8540564308354295,
							-0.01335898117407318
						],
						"orientation": [
							-0.019780162642219306,
							0.0004015180020367041,
							-0.9343170344906526,
							0.3558936119260001
						],
						"linear": [
							-0.0006927233771421015,
							0.0,
							0.0
						],
						"angular": [
							0.0,
							0.0,
							-0.0015811716439202428
						]
					},
					"aabb": [
						123.73641410209508,
						140.74935579550015,
						-0.01479723224807339,
						124.71434408686727,
						141.68557615726766,
						0.16289940810327264
					],
					"joint_state": {
						"position": [
							-1.4804,
							4.8382,
							0.9358,
							-5.6951,
							0.9346,
							-0.8257,
							0.0
						],
						"velocity": [
							-0.0004,
							0.0096,
							0.0341,
							-0.0138,
							0.0792,
							-0.0304,
							0.0
						],
						"effort": [
							0.0,
							0.0,
							0.0,
							0.0,
							0.0,
							0.0,
							0.0
						]
					},
					"lift_state": "lift_down"
				}
			}
		},
		"objects": {
			"Rack": {
				"Rack_02": {
					"name": "Rack_02",
					"pose": {
						"translation": [
							133.05699157714844,
							143.09999084472656,
							0.19921104609966278
						],
						"rotation": [
							0.983835756778717,
							0.1790735274553299,
							-4.97384462505579e-08,
							9.080395102500916e-09
						]
					}
				}
			}
		},
		"relationships": {
			"L-Rack": [
				[
					"AMR_LIFT01",
					"none"
				]
			]
		}
	},
	"timestamp_1": {
		"robots": {
			"ARMLIFT": {
				"AMR_LIFT01": {
					"name": "AMR_LIFT01",
					"pose": {
						"translation": [
							139.62098693847656,
							142.444580078125,
							0.06200317293405533
						],
						"rotation": [
							-0.009388989768922329,
							-0.003572961315512657,
							-0.9345237612724304,
							0.3557593822479248
						]
					},
					"odometry": {
						"position": [
							0.5919553603532602,
							-7.854749725045096,
							-0.013382904088729169
						],
						"orientation": [
							-0.019783875439898003,
							0.00039861059628617667,
							-0.9343519838625411,
							0.35580164366442285
						],
						"linear": [
							-0.00510450778529048,
							0.0,
							0.0
						],
						"angular": [
							0.0,
							0.0,
							-0.0026671276427805424
						]
					},
					"aabb": [
						123.73554624511357,
						140.7499058247876,
						-0.014788172884838748,
						124.71353616868119,
						141.68604446379973,
						0.16289326876125185
					],
					"joint_state": {
						"position": [
							-1.4797,
							4.8398,
							0.9492,
							-5.6998,
							0.9386,
							-0.8264,
							0.0
						],
						"velocity": [
							-0.0175,
							0.0124,
							0.0091,
							-0.0001,
							-0.0168,
							0.0118,
							0.0
						],
						"effort": [
							0.0,
							0.0,
							0.0,
							0.0,
							0.0,
							0.0,
							0.0
						]
					},
					"lift_state": "lift_down"
				}
			}
		},
		"objects": {
			"Rack": {
				"Rack_02": {
					"name": "Rack_02",
					"pose": {
						"translation": [
							133.05699157714844,
							143.09999084472656,
							0.19921104609966278
						],
						"rotation": [
							0.983835756778717,
							0.1790735274553299,
							-4.97384462505579e-08,
							9.080395102500916e-09
						]
					}
				}
			}
		},
		"relationships": {
			"L-Rack": [
				[
					"AMR_LIFT01",
					"none"
				]
			]
		}
	},
	"timestamp_2": {
		"robots": {
			"ARMLIFT": {
				"AMR_LIFT01": {
					"name": "AMR_LIFT01",
					"pose": {
						"translation": [
							139.62071228027344,
							142.44442749023438,
							0.061999473720788956
						],
						"rotation": [
							-0.009378263726830482,
							-0.003571131732314825,
							-0.9344587922096252,
							0.35593023896217346
						]
					},
					"odometry": {
						"position": [
							0.5916819154395245,
							-7.854905997269206,
							-0.013380566992346075
						],
						"orientation": [
							-0.0197724255428032,
							0.0004023412432736112,
							-0.934287135443945,
							0.35597252401502244
						],
						"linear": [
							0.0026334018912166357,
							0.0,
							0.0
						],
						"angular": [
							0.0,
							0.0,
							0.0013617736985906959
						]
					},
					"aabb": [
						123.7353223705293,
						140.7500385379003,
						-0.01480395576131029,
						124.71324975831078,
						141.68625992778982,
						0.16289036556235886
					],
					"joint_state": {
						"position": [
							-1.4795,
							4.8393,
							0.9428,
							-5.6987,
							0.9191,
							-0.826,
							0.0
						],
						"velocity": [
							0.0008,
							0.0011,
							-0.093,
							0.0106,
							-0.0309,
							0.011,
							0.0
						],
						"effort": [
							0.0,
							0.0,
							0.0,
							0.0,
							0.0,
							0.0,
							0.0
						]
					},
					"lift_state": "lift_down"
				}
			}
		},
		"objects": {
			"Rack": {
				"Rack_02": {
					"name": "Rack_02",
					"pose": {
						"translation": [
							133.05699157714844,
							143.09999084472656,
							0.19921104609966278
						],
						"rotation": [
							0.983835756778717,
							0.1790735274553299,
							-4.97384462505579e-08,
							9.080395102500916e-09
						]
					}
				}
			}
		},
		"relationships": {
			"L-Rack": [
				[
					"AMR_LIFT01",
					"none"
				]
			]
		}
	},
	"timestamp_3": {
		"robots": {
			"ARMLIFT": {
				"AMR_LIFT01": {
					"name": "AMR_LIFT01",
					"pose": {
						"translation": [
							139.62074279785156,
							142.4442901611328,
							0.062001150101423264
						],
						"rotation": [
							-0.009383640252053738,
							-0.0035705738700926304,
							-0.9344547390937805,
							0.35594069957733154
						]
					},
					"odometry": {
						"position": [
							0.5915940686168487,
							-7.855101313778636,
							-0.013378087359215163
						],
						"orientation": [
							-0.01977335642254799,
							0.00040082874038542175,
							-0.9342909985173601,
							0.3559623348074091
						],
						"linear": [
							-0.008490929380059242,
							0.0,
							0.0
						],
						"angular": [
							0.0,
							0.0,
							0.0010733274975791574
						]
					},
					"aabb": [
						123.7357964376335,
						140.7503858438882,
						-0.014802275183520635,
						124.71360584062838,
						141.68676849566734,
						0.16289510544992308
					],
					"joint_state": {
						"position": [
							-1.477,
							4.8404,
							0.9459,
							-5.7002,
							0.926,
							-0.8231,
							0.0
						],
						"velocity": [
							-0.0057,
							-0.0003,
							0.2971,
							0.1086,
							0.2796,
							0.1098,
							0.0
						],
						"effort": [
							0.0,
							0.0,
							0.0,
							0.0,
							0.0,
							0.0,
							0.0
						]
					},
					"lift_state": "lift_down"
				}
			}
		},
		"objects": {
			"Rack": {
				"Rack_02": {
					"name": "Rack_02",
					"pose": {
						"translation": [
							133.05699157714844,
							143.09999084472656,
							0.19921104609966278
						],
						"rotation": [
							0.983835756778717,
							0.1790735274553299,
							-4.97384462505579e-08,
							9.080395102500916e-09
						]
					}
				}
			}
		},
		"relationships": {
			"L-Rack": [
				[
					"AMR_LIFT01",
					"none"
				]
			]
		}
	},
	"timestamp_4": {
		"robots": {
			"ARMLIFT": {
				"AMR_LIFT01": {
					"name": "AMR_LIFT01",
					"pose": {
						"translation": [
							139.6187744140625,
							142.4431610107422,
							0.062000349164009094
						],
						"rotation": [
							-0.00937617290765047,
							-0.0035735610872507095,
							-0.9344485402107239,
							0.3559570014476776
						]
					},