{
	"timestamp_0": {
		"robots": {
			"ARMLIFT": {
				"AMR_LIFT01": {
					"name": "AMR_LIFT01",
					"pose": {
						"translation": [
							139.60711669921875,
							142.50364685058594,
							0.06200828403234482
						],
						"rotation": [
							-0.009400653652846813,
							-0.003717391286045313,
							-0.9307835102081299,
							0.36543115973472595
						]
					},
					"odometry": {
						"position": [
							0.5780788561906314,
							-7.795678069592368,
							-0.01306735077549743
						],
						"orientation": [
							-0.01975378925302524,
							0.000361777242361915,
							-0.9306116135433801,
							0.3654745978389756
						],
						"linear": [
							0.0017813630402088165,
							0.0,
							0.0
						],
						"angular": [
							0.0,
							0.0,
							0.0006458074203692377
						]
					},
					"aabb": [
						123.75511457703605,
						140.68370953778017,
						-0.014087021767182413,
						124.72662111463453,
						141.6282345430969,
						0.16302574967978586
					],
					"joint_state": {
						"position": [
							-1.9509,
							4.4736,
							1.1092,
							-5.3434,
							1.113,
							-0.4811,
							0.0
						],
						"velocity": [
							-0.0157,
							0.0073,
							0.0178,
							0.0083,
							0.1796,
							-0.1653,
							0.0
						],
						"effort": [
							0.0,
							0.0,
							0.0,
							0.0,
							0.0,
							0.0,
							0.0
						]
					},
					"lift_state": "lift_down"
				}
			}
		},
		"objects": {
			"Rack": {
				"Rack_02": {
					"name": "Rack_02",
					"pose": {
						"translation": [
							133.05699157714844,
							143.09999084472656,
							0.19921104609966278
						],
						"rotation": [
							0.983835756778717,
							0.1790735274553299,
							-4.97384462505579e-08,
							9.080395102500916e-09
						]
					}
				}
			}
		},
		"relationships": {
			"L-Rack": [
				[
					"AMR_LIFT01",
					"none"
				]
			]
		}
	},
	"timestamp_1": {
		"robots": {
			"ARMLIFT": {
				"AMR_LIFT01": {
					"name": "AMR_LIFT01",
					"pose": {
						"translation": [
							139.60736083984375,
							142.50328063964844,
							0.0620046965777874
						],
						"rotation": [
							-0.009406443685293198,
							-0.0036758400965481997,
							-0.9308212399482727,
							0.36533546447753906
						]
					},
					"odometry": {
						"position": [
							0.5783228756681396,
							-7.796039392529869,
							-0.01307637179729361
						],
						"orientation": [
							-0.019759997787814666,
							0.0004022608291198587,
							-0.9306492604926636,
							0.3653783444843296
						],
						"linear": [
							-0.0033417881932109594,
							0.0,
							0.0
						],
						"angular": [
							0.0,
							0.0,
							-0.006951853632926941
						]
					},
					"aabb": [
						123.75509300022432,
						140.68379973771044,
						-0.01401283939872624,
						124.72659083112016,
						141.62833323714918,
						0.16301752686233414
					],
					"joint_state": {
						"position": [
							-1.9512,
							4.4766,
							1.091,
							-5.3337,
							1.1116,
							-0.4806,
							0.0
						],
						"velocity": [
							0.0314,
							0.0636,
							0.0452,
							-0.0805,
							0.1353,
							-0.0725,
							0.0
						],
						"effort": [
							0.0,
							0.0,
							0.0,
							0.0,
							0.0,
							0.0,
							0.0
						]
					},
					"lift_state": "lift_down"
				}
			}
		},
		"objects": {
			"Rack": {
				"Rack_02": {
					"name": "Rack_02",
					"pose": {
						"translation": [
							133.05699157714844,
							143.09999084472656,
							0.19921104609966278
						],
						"rotation": [
							0.983835756778717,
							0.1790735274553299,
							-4.97384462505579e-08,
							9.080395102500916e-09
						]
					}
				}
			}
		},
		"relationships": {
			"L-Rack": [
				[
					"AMR_LIFT01",
					"none"
				]
			]
		}
	},
	"timestamp_2": {
		"robots": {
			"ARMLIFT": {
				"AMR_LIFT01": {
					"name": "AMR_LIFT01",
					"pose": {
						"translation": [
							139.607177734375,
							142.50352478027344,
							0.062004849314689636
						],
						"rotation": [
							-0.009403430856764317,
							-0.0036873917561024427,
							-0.9309085607528687,
							0.3651128113269806
						]
					},
					"odometry": {
						"position": [
							0.5782154145077548,
							-7.7960296383899825,
							-0.013076917735094522
						],
						"orientation": [
							-0.019758314266182228,
							0.00039568157573405336,
							-0.9307668316770872,
							0.36507883738070385
						],
						"linear": [
							0.0030592798721045256,
							0.0,
							0.0
						],
						"angular": [
							0.0,
							0.0,
							-0.0005114523810334504
						]
					},
					"aabb": [
						123.75472039299866,
						140.68436940396666,
						-0.013992281422067075,
						124.72649121451278,
						141.62856775202283,
						0.16301630399095693
					],
					"joint_state": {
						"position": [
							-1.95,
							4.4769,
							1.0894,
							-5.3326,
							1.1105,
							-0.478,
							0.0
						],
						"velocity": [
							-0.0194,
							0.0142,
							-0.1353,
							0.1765,
							-0.102,
							0.0839,
							0.0
						],
						"effort": [
							0.0,
							0.0,
							0.0,
							0.0,
							0.0,
							0.0,
							0.0
						]
					},
					"lift_state": "lift_down"
				}
			}
		},
		"objects": {
			"Rack": {
				"Rack_02": {
					"name": "Rack_02",
					"pose": {
						"translation": [
							133.05699157714844,
							143.09999084472656,
							0.19921104609966278
						],
						"rotation": [
							0.983835756778717,
							0.1790735274553299,
							-4.97384462505579e-08,
							9.080395102500916e-09
						]
					}
				}
			}
		},
		"relationships": {
			"L-Rack": [
				[
					"AMR_LIFT01",
					"none"
				]
			]
		}
	},
	"timestamp_3": {
		"robots": {
			"ARMLIFT": {
				"AMR_LIFT01": {
					"name": "AMR_LIFT01",
					"pose": {
						"translation": [
							139.60731506347656,
							142.50340270996094,
							0.06200183555483818
						],
						"rotation": [
							-0.009397038258612156,
							-0.0036936381366103888,
							-0.9308799505233765,
							0.36518600583076477
						]
					},
					"odometry": {
						"position": [
							0.5782739896790192,
							-7.795931978740754,
							-0.01307817132482664
						],
						"orientation": [
							-0.019751246482403697,
							0.0003828014489947642,
							-0.9307080585341578,
							0.3652290397887617
						],
						"linear": [
							0.001512216287665069,
							0.0,
							0.0
						],
						"angular": [
							0.0,
							0.0,
							0.0007040959317237139
						]
					},
					"aabb": [
						123.754846162872,
						140.68409107607368,
						-0.013949009167815133,
						124.72651360789705,
						141.62841676320025,
						0.1630162780598171
					],
					"joint_state": {
						"position": [
							-1.9497,
							4.4766,
							1.0866,
							-5.3307,
							1.1088,
							-0.4806,
							0.0
						],
						"velocity": [
							0.0012,
							0.0159,
							0.0104,
							-0.0352,
							0.2529,
							-0.185,
							0.0
						],
						"effort": [
							0.0,
							0.0,
							0.0,
							0.0,
							0.0,
							0.0,
							0.0
						]
					},
					"lift_state": "lift_down"
				}
			}
		},
		"objects": {
			"Rack": {
				"Rack_02": {
					"name": "Rack_02",
					"pose": {
						"translation": [
							133.05699157714844,
							143.09999084472656,
							0.19921104609966278
						],
						"rotation": [
							0.983835756778717,
							0.1790735274553299,
							-4.97384462505579e-08,
							9.080395102500916e-09
						]
					}
				}
			}
		},
		"relationships": {
			"L-Rack": [
				[
					"AMR_LIFT01",
					"none"
				]
			]
		}
	},
	"timestamp_4": {
		"robots": {
			"ARMLIFT": {
				"AMR_LIFT01": {
					"name": "AMR_LIFT01",
					"pose": {
						"translation": [
							139.6081085205078,
							142.50270080566406,
							0.06200229376554489
						],
						"rotation": [
							-0.009407776407897472,
							-0.0036802426911890507,
							-0.9309338331222534,
							0.3650484085083008
						]
					},