{
	"timestamp_0": {
		"robots": {
			"ARMLIFT": {
				"AMR_LIFT01": {
					"name": "AMR_LIFT01",
					"pose": {
						"translation": [
							139.6083984375,
							142.49696350097656,
							0.06200221925973892
						],
						"rotation": [
							-0.009387078694999218,
							-0.003666072618216276,
							-0.9316330552101135,
							0.3632608950138092
						]
					},
					"odometry": {
						"position": [
							0.5793580523457953,
							-7.802357714289965,
							-0.013102050587765398
						],
						"orientation": [
							-0.019749695406197386,
							0.0003889512156526766,
							-0.9314613058339098,
							0.363303776449546
						],
						"linear": [
							-0.0032793672289699316,
							0.0,
							0.0
						],
						"angular": [
							0.0,
							0.0,
							-0.00420743552967906
						]
					},
					"aabb": [
						123.75253653772987,
						140.69200304038182,
						-0.014314989950157408,
						124.72553280279266,
						141.63467775146947,
						0.16300729694064453
					],
					"joint_state": {
						"position": [
							-1.8954,
							4.5203,
							1.0323,
							-5.3708,
							1.0499,
							-0.5054,
							0.0
						],
						"velocity": [
							0.0156,
							0.0423,
							0.0518,
							-0.0363,
							0.0762,
							-0.0384,
							0.0
						],
						"effort": [
							0.0,
							0.0,
							0.0,
							0.0,
							0.0,
							0.0,
							0.0
						]
					},
					"lift_state": "lift_down"
				}
			}
		},
		"objects": {
			"Rack": {
				"Rack_02": {
					"name": "Rack_02",
					"pose": {
						"translation": [
							133.05699157714844,
							143.09999084472656,
							0.19921104609966278
						],
						"rotation": [
							0.983835756778717,
							0.1790735274553299,
							-4.97384462505579e-08,
							9.080395102500916e-09
						]
					}
				}
			}
		},
		"relationships": {
			"L-Rack": [
				[
					"AMR_LIFT01",
					"none"
				]
			]
		}
	},
	"timestamp_1": {
		"robots": {
			"ARMLIFT": {
				"AMR_LIFT01": {
					"name": "AMR_LIFT01",
					"pose": {
						"translation": [
							139.60850524902344,
							142.49667358398438,
							0.06200176104903221
						],
						"rotation": [
							-0.00938273873180151,
							-0.00366681138984859,
							-0.9316332340240479,
							0.36326050758361816
						]
					},
					"odometry": {
						"position": [
							0.5794654526806847,
							-7.802660444518632,
							-0.013104935983615382
						],
						"orientation": [
							-0.019745358097123897,
							0.00038820850978946164,
							-0.9314615322116486,
							0.3633034325982857
						],
						"linear": [
							0.000770418206229806,
							0.0,
							0.0
						],
						"angular": [
							0.0,
							0.0,
							0.004444041755050421
						]
					},
					"aabb": [
						123.75218556495591,
						140.6924520200255,
						-0.014365618072360316,
						124.72519133402622,
						141.63511633051377,
						0.16300513212957074
					],
					"joint_state": {
						"position": [
							-1.895,
							4.5209,
							1.0226,
							-5.3692,
							1.0341,
							-0.5008,
							0.0
						],
						"velocity": [
							-0.0025,
							0.0095,
							-0.0156,
							0.0255,
							0.0795,
							-0.0386,
							0.0
						],
						"effort": [
							0.0,
							0.0,
							0.0,
							0.0,
							0.0,
							0.0,
							0.0
						]
					},
					"lift_state": "lift_down"
				}
			}
		},
		"objects": {
			"Rack": {
				"Rack_02": {
					"name": "Rack_02",
					"pose": {
						"translation": [
							133.05699157714844,
							143.09999084472656,
							0.19921104609966278
						],
						"rotation": [
							0.983835756778717,
							0.1790735274553299,
							-4.97384462505579e-08,
							9.080395102500916e-09
						]
					}
				}
			}
		},
		"relationships": {
			"L-Rack": [
				[
					"AMR_LIFT01",
					"none"
				]
			]
		}
	},
	"timestamp_2": {
		"robots": {
			"ARMLIFT": {
				"AMR_LIFT01": {
					"name": "AMR_LIFT01",
					"pose": {
						"translation": [
							139.60842895507812,
							142.4969940185547,
							0.06200138106942177
						],
						"rotation": [
							-0.00938516017049551,
							-0.003650520695373416,
							-0.931702733039856,
							0.3630821704864502
						]
					},
					"odometry": {
						"position": [
							0.5793970847090457,
							-7.802328416960855,
							-0.013103769122442868
						],
						"orientation": [
							-0.019748559089430656,
							0.00040251458403852444,
							-0.9315310207534616,
							0.3631250332460086
						],
						"linear": [
							-0.00465112691745162,
							0.0,
							0.0
						],
						"angular": [
							0.0,
							0.0,
							-0.0006560837500728667
						]
					},
					"aabb": [
						123.75246566213464,
						140.69191193932704,
						-0.014245946651182591,
						124.72548449224645,
						141.63455768510784,
						0.16299999055748235
					],
					"joint_state": {
						"position": [
							-1.8946,
							4.5222,
							1.0174,
							-5.366,
							1.0216,
							-0.4859,
							0.0
						],
						"velocity": [
							0.0388,
							0.0524,
							0.1595,
							-0.2263,
							0.1745,
							-0.0848,
							0.0
						],
						"effort": [
							0.0,
							0.0,
							0.0,
							0.0,
							0.0,
							0.0,
							0.0
						]
					},
					"lift_state": "lift_down"
				}
			}
		},
		"objects": {
			"Rack": {
				"Rack_02": {
					"name": "Rack_02",
					"pose": {
						"translation": [
							133.05699157714844,
							143.09999084472656,
							0.19921104609966278
						],
						"rotation": [
							0.983835756778717,
							0.1790735274553299,
							-4.97384462505579e-08,
							9.080395102500916e-09
						]
					}
				}
			}
		},
		"relationships": {
			"L-Rack": [
				[
					"AMR_LIFT01",
					"none"
				]
			]
		}
	},
	"timestamp_3": {
		"robots": {
			"ARMLIFT": {
				"AMR_LIFT01": {
					"name": "AMR_LIFT01",
					"pose": {
						"translation": [
							139.60824584960938,
							142.49691772460938,
							0.06200096011161804
						],
						"rotation": [
							-0.009383627213537693,
							-0.0036539840511977673,
							-0.9317097067832947,
							0.3630641996860504
						]
					},
					"odometry": {
						"position": [
							0.5792115780083882,
							-7.802406552846751,
							-0.013100086058449222
						],
						"orientation": [
							-0.019747105920711782,
							0.00039885192534453286,
							-0.931538008161026,
							0.3631071908903573
						],
						"linear": [
							0.0037634624168276787,
							0.0,
							0.0
						],
						"angular": [
							0.0,
							0.0,
							-0.0013601219980046153
						]
					},
					"aabb": [
						123.75215467887334,
						140.6924436267296,
						-0.014349776872086084,
						124.72544299005092,
						141.6347515638532,
						0.16300389984827043
					],
					"joint_state": {
						"position": [
							-1.8949,
							4.5221,
							1.0286,
							-5.3724,
							1.0156,
							-0.49,
							0.0
						],
						"velocity": [
							-0.0102,
							0.0154,
							-0.0214,
							0.0165,
							-0.0657,
							0.0146,
							0.0
						],
						"effort": [
							0.0,
							0.0,
							0.0,
							0.0,
							0.0,
							0.0,
							0.0
						]
					},
					"lift_state": "lift_down"
				}
			}
		},
		"objects": {
			"Rack": {
				"Rack_02": {
					"name": "Rack_02",
					"pose": {
						"translation": [
							133.05699157714844,
							143.09999084472656,
							0.19921104609966278
						],
						"rotation": [
							0.983835756778717,
							0.1790735274553299,
							-4.97384462505579e-08,
							9.080395102500916e-09
						]
					}
				}
			}
		},
		"relationships": {
			"L-Rack": [
				[
					"AMR_LIFT01",
					"none"
				]
			]
		}
	},
	"timestamp_4": {
		"robots": {
			"ARMLIFT": {
				"AMR_LIFT01": {
					"name": "AMR_LIFT01",
					"pose": {
						"translation": [
							139.60841369628906,
							142.496826171875,
							0.06201011687517166
						],
						"rotation": [
							-0.009384490549564362,
							-0.0036687550600618124,
							-0.9314282536506653,
							0.3637857139110565
						]
					},