{
	"timestamp_0": {
		"robots": {
			"ARMLIFT": {
				"AMR_LIFT01": {
					"name": "AMR_LIFT01",
					"pose": {
						"translation": [
							139.62181091308594,
							142.42172241210938,
							0.062001608312129974
						],
						"rotation": [
							-0.009438982233405113,
							-0.003540272358804941,
							-0.9361318945884705,
							0.3515048921108246
						]
					},
					"odometry": {
						"position": [
							0.5927668715958543,
							-7.877611058442359,
							-0.013403156015481933
						],
						"orientation": [
							-0.019851819144338274,
							0.0003839695696705714,
							-0.9359596066351848,
							0.3515471129042881
						],
						"linear": [
							-0.002255114959552884,
							0.0,
							0.0
						],
						"angular": [
							0.0,
							0.0,
							0.0073439087718725204
						]
					},
					"aabb": [
						123.73177778389022,
						140.7763253515063,
						-0.012610963208815164,
						124.71251085387944,
						141.70863724788416,
						0.16286316131750633
					],
					"joint_state": {
						"position": [
							-1.3233,
							4.9391,
							1.0471,
							-5.9042,
							1.0498,
							-1.0636,
							0.0
						],
						"velocity": [
							-0.0117,
							0.0109,
							0.0155,
							0.0011,
							-0.0187,
							0.1186,
							0.0
						],
						"effort": [
							0.0,
							0.0,
							0.0,
							0.0,
							0.0,
							0.0,
							0.0
						]
					},
					"lift_state": "lift_down"
				}
			}
		},
		"objects": {
			"Rack": {
				"Rack_02": {
					"name": "Rack_02",
					"pose": {
						"translation": [
							133.05699157714844,
							143.09999084472656,
							0.19921104609966278
						],
						"rotation": [
							0.983835756778717,
							0.1790735274553299,
							-4.97384462505579e-08,
							9.080395102500916e-09
						]
					}
				}
			}
		},
		"relationships": {
			"L-Rack": [
				[
					"AMR_LIFT01",
					"none"
				]
			]
		}
	},
	"timestamp_1": {
		"robots": {
			"ARMLIFT": {
				"AMR_LIFT01": {
					"name": "AMR_LIFT01",
					"pose": {
						"translation": [
							139.6220245361328,
							142.42115783691406,
							0.06200164556503296
						],
						"rotation": [
							-0.009445414878427982,
							-0.0035349440295249224,
							-0.9362388253211975,
							0.35121962428092957
						]
					},
					"odometry": {
						"position": [
							0.5929914759586679,
							-7.878148154961376,
							-0.01340716236312499
						],
						"orientation": [
							-0.019860064344720686,
							0.0003842214532502828,
							-0.9360603825657565,
							0.3512782236475073
						],
						"linear": [
							-8.330382115673274e-05,
							0.0,
							0.0
						],
						"angular": [
							0.0,
							0.0,
							-0.0045414576306939125
						]
					},
					"aabb": [
						123.73130662481411,
						140.77695008558263,
						-0.01248234540664528,
						124.7121744526688,
						141.7090713526813,
						0.16286707317012394
					],
					"joint_state": {
						"position": [
							-1.3238,
							4.9402,
							1.06,
							-5.918,
							1.0635,
							-1.0781,
							0.0
						],
						"velocity": [
							0.0056,
							-0.0102,
							0.0076,
							-0.0144,
							0.0416,
							-0.017,
							0.0
						],
						"effort": [
							0.0,
							0.0,
							0.0,
							0.0,
							0.0,
							0.0,
							0.0
						]
					},
					"lift_state": "lift_down"
				}
			}
		},
		"objects": {
			"Rack": {
				"Rack_02": {
					"name": "Rack_02",
					"pose": {
						"translation": [
							133.05699157714844,
							143.09999084472656,
							0.19921104609966278
						],
						"rotation": [
							0.983835756778717,
							0.1790735274553299,
							-4.97384462505579e-08,
							9.080395102500916e-09
						]
					}
				}
			}
		},
		"relationships": {
			"L-Rack": [
				[
					"AMR_LIFT01",
					"none"
				]
			]
		}
	},
	"timestamp_2": {
		"robots": {
			"ARMLIFT": {
				"AMR_LIFT01": {
					"name": "AMR_LIFT01",
					"pose": {
						"translation": [
							139.62240600585938,
							142.4208221435547,
							0.062004927545785904
						],
						"rotation": [
							-0.009443356655538082,
							-0.0035521984100341797,
							-0.9363455772399902,
							0.3509349226951599
						]
					},
					"odometry": {
						"position": [
							0.5933625486095292,
							-7.878499693803154,
							-0.013413078742387336
						],
						"orientation": [
							-0.019858582698559297,
							0.00036570417357422797,
							-0.9361732307092612,
							0.35097747086821207
						],
						"linear": [
							0.0011772754369303584,
							0.0,
							0.0
						],
						"angular": [
							0.0,
							0.0,
							0.00033356130006723106
						]
					},
					"aabb": [
						123.73085007232575,
						140.77756857591038,
						-0.012288247787735983,
						124.71193849311118,
						141.70937102789685,
						0.16286454352160665
					],
					"joint_state": {
						"position": [
							-1.3222,
							4.9403,
							1.0731,
							-5.9267,
							1.0648,
							-1.0849,
							0.0
						],
						"velocity": [
							-0.0014,
							0.0111,
							-0.0054,
							-0.0301,
							-0.0065,
							-0.0302,
							0.0
						],
						"effort": [
							0.0,
							0.0,
							0.0,
							0.0,
							0.0,
							0.0,
							0.0
						]
					},
					"lift_state": "lift_down"
				}
			}
		},
		"objects": {
			"Rack": {
				"Rack_02": {
					"name": "Rack_02",
					"pose": {
						"translation": [
							133.05699157714844,
							143.09999084472656,
							0.19921104609966278
						],
						"rotation": [
							0.983835756778717,
							0.1790735274553299,
							-4.97384462505579e-08,
							9.080395102500916e-09
						]
					}
				}
			}
		},
		"relationships": {
			"L-Rack": [
				[
					"AMR_LIFT01",
					"none"
				]
			]
		}
	},
	"timestamp_3": {
		"robots": {
			"ARMLIFT": {
				"AMR_LIFT01": {
					"name": "AMR_LIFT01",
					"pose": {
						"translation": [
							139.62266540527344,
							142.4206085205078,
							0.06200015917420387
						],
						"rotation": [
							-0.00945180281996727,
							-0.003541364334523678,
							-0.9363839626312256,
							0.3508323132991791
						]
					},
					"odometry": {
						"position": [
							0.5936260606439709,
							-7.878724299049246,
							-0.013423728965950808
						],
						"orientation": [
							-0.019867458094578298,
							0.00037539622259524975,
							-0.9362115331355729,
							0.35087477596783245
						],
						"linear": [
							-0.0031818817369639874,
							0.0,
							0.0
						],
						"angular": [
							0.0,
							0.0,
							-0.001295241410844028
						]
					},
					"aabb": [
						123.73051166252164,
						140.7780241065832,
						-0.012215035490182767,
						124.7117083622228,
						141.70967303588026,
						0.16287115018224596
					],
					"joint_state": {
						"position": [
							-1.3208,
							4.942,
							1.086,
							-5.9311,
							1.085,
							-1.0871,
							0.0
						],
						"velocity": [
							0.0257,
							-0.0015,
							-0.0572,
							-0.0393,
							-0.0278,
							0.0264,
							0.0
						],
						"effort": [
							0.0,
							0.0,
							0.0,
							0.0,
							0.0,
							0.0,
							0.0
						]
					},
					"lift_state": "lift_down"
				}
			}
		},
		"objects": {
			"Rack": {
				"Rack_02": {
					"name": "Rack_02",
					"pose": {
						"translation": [
							133.05699157714844,
							143.09999084472656,
							0.19921104609966278
						],
						"rotation": [
							0.983835756778717,
							0.1790735274553299,
							-4.97384462505579e-08,
							9.080395102500916e-09
						]
					}
				}
			}
		},
		"relationships": {
			"L-Rack": [
				[
					"AMR_LIFT01",
					"none"
				]
			]
		}
	},
	"timestamp_4": {
		"robots": {
			"ARMLIFT": {
				"AMR_LIFT01": {
					"name": "AMR_LIFT01",
					"pose": {
						"translation": [
							139.6223907470703,
							142.42103576660156,
							0.0620020292699337
						],
						"rotation": [
							-0.009454969316720963,
							-0.0035361209884285927,
							-0.936404287815094,
							0.35077783465385437
						]
					},