{
	"timestamp_0": {
		"robots": {
			"ARMLIFT": {
				"AMR_LIFT01": {
					"name": "AMR_LIFT01",
					"pose": {
						"translation": [
							139.62120056152344,
							142.44949340820312,
							0.062000274658203125
						],
						"rotation": [
							-0.009408446028828621,
							-0.0035806770902127028,
							-0.9345234036445618,
							0.35575932264328003
						]
					},
					"odometry": {
						"position": [
							0.5921600643995135,
							-7.849837600865007,
							-0.013390268721377243
						],
						"orientation": [
							-0.01980333719484268,
							0.00039089567353444354,
							-0.9343514019805155,
							0.3558020975957915
						],
						"linear": [
							4.882589200860821e-05,
							0.0,
							0.0
						],
						"angular": [
							0.0,
							0.0,
							-0.00046101308544166386
						]
					},
					"aabb": [
						123.73492822558022,
						140.7452550395436,
						-0.014805501355680917,
						124.7130040192347,
						141.6812849468584,
						0.16291136824763103
					],
					"joint_state": {
						"position": [
							-1.5505,
							4.7852,
							1.0139,
							-5.7157,
							1.0098,
							-0.8175,
							0.0
						],
						"velocity": [
							-0.0155,
							0.0164,
							-0.0078,
							0.0129,
							-0.0132,
							-0.0129,
							0.0
						],
						"effort": [
							0.0,
							0.0,
							0.0,
							0.0,
							0.0,
							0.0,
							0.0
						]
					},
					"lift_state": "lift_down"
				}
			}
		},
		"objects": {
			"Rack": {
				"Rack_02": {
					"name": "Rack_02",
					"pose": {
						"translation": [
							133.05699157714844,
							143.09999084472656,
							0.19921104609966278
						],
						"rotation": [
							0.983835756778717,
							0.1790735274553299,
							-4.97384462505579e-08,
							9.080395102500916e-09
						]
					}
				}
			}
		},
		"relationships": {
			"L-Rack": [
				[
					"AMR_LIFT01",
					"none"
				]
			]
		}
	},
	"timestamp_1": {
		"robots": {
			"ARMLIFT": {
				"AMR_LIFT01": {
					"name": "AMR_LIFT01",
					"pose": {
						"translation": [
							139.62098693847656,
							142.44979858398438,
							0.062000807374715805
						],
						"rotation": [
							-0.00940739270299673,
							-0.0035785813815891743,
							-0.9345681071281433,
							0.35564228892326355
						]
					},
					"odometry": {
						"position": [
							0.5919452699687702,
							-7.849534876237684,
							-0.013384940047355964
						],
						"orientation": [
							-0.01980277254262476,
							0.00039168803466815795,
							-0.9343961197286759,
							0.3556846752618152
						],
						"linear": [
							0.0006197058828547597,
							0.0,
							0.0
						],
						"angular": [
							0.0,
							0.0,
							0.0009262706735171378
						]
					},
					"aabb": [
						123.73503834447506,
						140.74506119466173,
						-0.014807791037156086,
						124.71317279803823,
						141.6810110592538,
						0.16291406080499268
					],
					"joint_state": {
						"position": [
							-1.5494,
							4.7857,
							1.0159,
							-5.7159,
							1.003,
							-0.8152,
							0.0
						],
						"velocity": [
							0.0003,
							0.0003,
							0.0127,
							-0.0144,
							0.1861,
							-0.1442,
							0.0
						],
						"effort": [
							0.0,
							0.0,
							0.0,
							0.0,
							0.0,
							0.0,
							0.0
						]
					},
					"lift_state": "lift_down"
				}
			}
		},
		"objects": {
			"Rack": {
				"Rack_02": {
					"name": "Rack_02",
					"pose": {
						"translation": [
							133.05699157714844,
							143.09999084472656,
							0.19921104609966278
						],
						"rotation": [
							0.983835756778717,
							0.1790735274553299,
							-4.97384462505579e-08,
							9.080395102500916e-09
						]
					}
				}
			}
		},
		"relationships": {
			"L-Rack": [
				[
					"AMR_LIFT01",
					"none"
				]
			]
		}
	},
	"timestamp_2": {
		"robots": {
			"ARMLIFT": {
				"AMR_LIFT01": {
					"name": "AMR_LIFT01",
					"pose": {
						"translation": [
							139.62107849121094,
							142.4497833251953,
							0.062000080943107605
						],
						"rotation": [
							-0.009401517920196056,
							-0.003577390220016241,
							-0.934599757194519,
							0.3555590510368347
						]
					},
					"odometry": {
						"position": [
							0.5920428866303199,
							-7.849544638106812,
							-0.013387828421212392
						],
						"orientation": [
							-0.019797257739945652,
							0.00039195421461201346,
							-0.934427836527693,
							0.3556016497150243
						],
						"linear": [
							-0.00030988792423158884,
							0.0,
							0.0
						],
						"angular": [
							0.0,
							0.0,
							-0.0021891677752137184
						]
					},
					"aabb": [
						123.73501898961658,
						140.74501083977893,
						-0.014811499280049007,
						124.71314270882687,
						141.68097355415196,
						0.1629119648266454
					],
					"joint_state": {
						"position": [
							-1.5487,
							4.7865,
							1.0061,
							-5.7094,
							0.9894,
							-0.8098,
							0.0
						],
						"velocity": [
							0.0015,
							0.016,
							-0.4138,
							0.1815,
							-0.4264,
							0.1883,
							0.0
						],
						"effort": [
							0.0,
							0.0,
							0.0,
							0.0,
							0.0,
							0.0,
							0.0
						]
					},
					"lift_state": "lift_down"
				}
			}
		},
		"objects": {
			"Rack": {
				"Rack_02": {
					"name": "Rack_02",
					"pose": {
						"translation": [
							133.05699157714844,
							143.09999084472656,
							0.19921104609966278
						],
						"rotation": [
							0.983835756778717,
							0.1790735274553299,
							-4.97384462505579e-08,
							9.080395102500916e-09
						]
					}
				}
			}
		},
		"relationships": {
			"L-Rack": [
				[
					"AMR_LIFT01",
					"none"
				]
			]
		}
	},
	"timestamp_3": {
		"robots": {
			"ARMLIFT": {
				"AMR_LIFT01": {
					"name": "AMR_LIFT01",
					"pose": {
						"translation": [
							139.62115478515625,
							142.4494171142578,
							0.06200149282813072
						],
						"rotation": [
							-0.009400404058396816,
							-0.0035727163776755333,
							-0.9346330761909485,
							0.35547158122062683
						]
					},
					"odometry": {
						"position": [
							0.5921210427172101,
							-7.849915725695664,
							-0.013388186913628327
						],
						"orientation": [
							-0.019796515343511043,
							0.0003956545656713621,
							-0.9344611728053295,
							0.3555140756102449
						],
						"linear": [
							-0.0011610217625275254,
							0.0,
							0.0
						],
						"angular": [
							0.0,
							0.0,
							0.0037520371843129396
						]
					},
					"aabb": [
						123.7348899215617,
						140.7453065705714,
						-0.014819048685979353,
						124.71304634640704,
						141.68122121573435,
						0.16290847551087065
					],
					"joint_state": {
						"position": [
							-1.5484,
							4.7878,
							0.9894,
							-5.7066,
							0.9759,
							-0.801,
							0.0
						],
						"velocity": [
							-0.022,
							-0.0034,
							-0.3704,
							0.2266,
							-0.0329,
							0.0567,
							0.0
						],
						"effort": [
							0.0,
							0.0,
							0.0,
							0.0,
							0.0,
							0.0,
							0.0
						]
					},
					"lift_state": "lift_down"
				}
			}
		},
		"objects": {
			"Rack": {
				"Rack_02": {
					"name": "Rack_02",
					"pose": {
						"translation": [
							133.05699157714844,
							143.09999084472656,
							0.19921104609966278
						],
						"rotation": [
							0.983835756778717,
							0.1790735274553299,
							-4.97384462505579e-08,
							9.080395102500916e-09
						]
					}
				}
			}
		},
		"relationships": {
			"L-Rack": [
				[
					"AMR_LIFT01",
					"none"
				]
			]
		}
	},
	"timestamp_4": {
		"robots": {
			"ARMLIFT": {
				"AMR_LIFT01": {
					"name": "AMR_LIFT01",
					"pose": {
						"translation": [
							139.62120056152344,
							142.44940185546875,
							0.0620005801320076
						],
						"rotation": [
							-0.00940749328583479,
							-0.0035764682106673717,
							-0.9346129298210144,
							0.3555242419242859
						]
					},