{
	"timestamp_0": {
		"robots": {
			"ARMLIFT": {
				"AMR_LIFT01": {
					"name": "AMR_LIFT01",
					"pose": {
						"translation": [
							139.5974884033203,
							142.5422821044922,
							0.06200069189071655
						],
						"rotation": [
							-0.00938998069614172,
							-0.0037152222357690334,
							-0.9298495054244995,
							0.3678015172481537
						]
					},
					"odometry": {
						"position": [
							0.5684501375650522,
							-7.7570457070979995,
							-0.01285958303941116
						],
						"orientation": [
							-0.019732691116123132,
							0.0003903140470539439,
							-0.9296777244569373,
							0.3678448004319639
						],
						"linear": [
							-0.00017798540648072958,
							0.0,
							0.0
						],
						"angular": [
							0.0,
							0.0,
							-0.004434005822986364
						]
					},
					"aabb": [
						123.76659352421945,
						140.64303697228036,
						-0.012521195353240882,
						124.73638833237081,
						141.58962253058445,
						0.16310494682834
					],
					"joint_state": {
						"position": [
							-2.2617,
							4.2714,
							1.0959,
							-5.1453,
							1.0982,
							-0.267,
							0.0
						],
						"velocity": [
							0.0085,
							-0.0053,
							0.0278,
							-0.0128,
							-0.0795,
							0.0493,
							0.0
						],
						"effort": [
							0.0,
							0.0,
							0.0,
							0.0,
							0.0,
							0.0,
							0.0
						]
					},
					"lift_state": "lift_down"
				}
			}
		},
		"objects": {
			"Rack": {
				"Rack_02": {
					"name": "Rack_02",
					"pose": {
						"translation": [
							133.05699157714844,
							143.09999084472656,
							0.19921104609966278
						],
						"rotation": [
							0.983835756778717,
							0.1790735274553299,
							-4.97384462505579e-08,
							9.080395102500916e-09
						]
					}
				}
			}
		},
		"relationships": {
			"L-Rack": [
				[
					"AMR_LIFT01",
					"none"
				]
			]
		}
	},
	"timestamp_1": {
		"robots": {
			"ARMLIFT": {
				"AMR_LIFT01": {
					"name": "AMR_LIFT01",
					"pose": {
						"translation": [
							139.59716796875,
							142.5429229736328,
							0.061999473720788956
						],
						"rotation": [
							-0.009387674741446972,
							-0.0037123369984328747,
							-0.9298838376998901,
							0.3677148222923279
						]
					},
					"odometry": {
						"position": [
							0.568127890713901,
							-7.75641095979258,
							-0.012853638728100721
						],
						"orientation": [
							-0.019730768603405384,
							0.0003922345899074216,
							-0.929712085423972,
							0.36775804700774994
						],
						"linear": [
							0.00022863280901219696,
							0.0,
							0.0
						],
						"angular": [
							0.0,
							0.0,
							-0.003490741830319166
						]
					},
					"aabb": [
						123.7665084104629,
						140.6428118943878,
						-0.012507059637636852,
						124.73638366701911,
						141.58929901900132,
						0.16309436244308692
					],
					"joint_state": {
						"position": [
							-2.2604,
							4.2714,
							1.0919,
							-5.1361,
							1.0909,
							-0.2522,
							0.0
						],
						"velocity": [
							-0.0156,
							-0.0329,
							-0.0283,
							0.043,
							0.0087,
							0.0591,
							0.0
						],
						"effort": [
							0.0,
							0.0,
							0.0,
							0.0,
							0.0,
							0.0,
							0.0
						]
					},
					"lift_state": "lift_down"
				}
			}
		},
		"objects": {
			"Rack": {
				"Rack_02": {
					"name": "Rack_02",
					"pose": {
						"translation": [
							133.05699157714844,
							143.09999084472656,
							0.19921104609966278
						],
						"rotation": [
							0.983835756778717,
							0.1790735274553299,
							-4.97384462505579e-08,
							9.080395102500916e-09
						]
					}
				}
			}
		},
		"relationships": {
			"L-Rack": [
				[
					"AMR_LIFT01",
					"none"
				]
			]
		}
	},
	"timestamp_2": {
		"robots": {
			"ARMLIFT": {
				"AMR_LIFT01": {
					"name": "AMR_LIFT01",
					"pose": {
						"translation": [
							139.59779357910156,
							142.54232788085938,
							0.062010955065488815
						],
						"rotation": [
							-0.009385322220623493,
							-0.0037417106796056032,
							-0.9299835562705994,
							0.3674624264240265
						]
					},
					"odometry": {
						"position": [
							0.5687530233419229,
							-7.757006608180104,
							-0.012856057891997459
						],
						"orientation": [
							-0.019729527200418984,
							0.00036005527193769396,
							-0.9298118017452582,
							0.36750595838963707
						],
						"linear": [
							0.0011313802096992731,
							0.0,
							0.0
						],
						"angular": [
							0.0,
							0.0,
							0.0008116207318380475
						]
					},
					"aabb": [
						123.76624448065463,
						140.6430138994673,
						-0.012518886371694541,
						124.73625771125556,
						141.58933839451478,
						0.16311338347666157
					],
					"joint_state": {
						"position": [
							-2.2582,
							4.2715,
							1.091,
							-5.1391,
							1.0945,
							-0.2522,
							0.0
						],
						"velocity": [
							0.009,
							-0.0072,
							-0.1054,
							0.0596,
							-0.0512,
							0.0725,
							0.0
						],
						"effort": [
							0.0,
							0.0,
							0.0,
							0.0,
							0.0,
							0.0,
							0.0
						]
					},
					"lift_state": "lift_down"
				}
			}
		},
		"objects": {
			"Rack": {
				"Rack_02": {
					"name": "Rack_02",
					"pose": {
						"translation": [
							133.05699157714844,
							143.09999084472656,
							0.19921104609966278
						],
						"rotation": [
							0.983835756778717,
							0.1790735274553299,
							-4.97384462505579e-08,
							9.080395102500916e-09
						]
					}
				}
			}
		},
		"relationships": {
			"L-Rack": [
				[
					"AMR_LIFT01",
					"none"
				]
			]
		}
	},
	"timestamp_3": {
		"robots": {
			"ARMLIFT": {
				"AMR_LIFT01": {
					"name": "AMR_LIFT01",
					"pose": {
						"translation": [
							139.59783935546875,
							142.542236328125,
							0.0620039738714695
						],
						"rotation": [
							-0.009388498961925507,
							-0.0037222933024168015,
							-0.9299790859222412,
							0.36747393012046814
						]
					},
					"odometry": {
						"position": [
							0.5688016880794967,
							-7.757084744524641,
							-0.012864127009596887
						],
						"orientation": [
							-0.01973265090095953,
							0.0003795986707360427,
							-0.9298073152179208,
							0.3675171219963941
						],
						"linear": [
							-0.0013991561718285084,
							0.0,
							0.0
						],
						"angular": [
							0.0,
							0.0,
							-0.0015134438872337341
						]
					},
					"aabb": [
						123.7661637585264,
						140.64318564332828,
						-0.012494646750094332,
						124.73620014431258,
						141.58948216927192,
						0.16310396879530992
					],
					"joint_state": {
						"position": [
							-2.2568,
							4.2725,
							1.0867,
							-5.1384,
							1.0981,
							-0.2541,
							0.0
						],
						"velocity": [
							0.0126,
							-0.0166,
							0.0207,
							-0.0135,
							0.4591,
							-0.2208,
							0.0
						],
						"effort": [
							0.0,
							0.0,
							0.0,
							0.0,
							0.0,
							0.0,
							0.0
						]
					},
					"lift_state": "lift_down"
				}
			}
		},
		"objects": {
			"Rack": {
				"Rack_02": {
					"name": "Rack_02",
					"pose": {
						"translation": [
							133.05699157714844,
							143.09999084472656,
							0.19921104609966278
						],
						"rotation": [
							0.983835756778717,
							0.1790735274553299,
							-4.97384462505579e-08,
							9.080395102500916e-09
						]
					}
				}
			}
		},
		"relationships": {
			"L-Rack": [
				[
					"AMR_LIFT01",
					"none"
				]
			]
		}
	},
	"timestamp_4": {
		"robots": {
			"ARMLIFT": {
				"AMR_LIFT01": {
					"name": "AMR_LIFT01",
					"pose": {
						"translation": [
							139.59788513183594,
							142.54226684570312,
							0.062000006437301636
						],
						"rotation": [
							-0.00938703864812851,
							-0.0037088626995682716,
							-0.9299923181533813,
							0.367440402507782
						]
					},