{
	"timestamp_0": {
		"robots": {
			"ARMLIFT": {
				"AMR_LIFT01": {
					"name": "AMR_LIFT01",
					"pose": {
						"translation": [
							139.62062072753906,
							142.4523162841797,
							0.062000539153814316
						],
						"rotation": [
							-0.009403207339346409,
							-0.003583763726055622,
							-0.9343855977058411,
							0.35612156987190247
						]
					},
					"odometry": {
						"position": [
							0.5915838931158739,
							-7.847015359723483,
							-0.013377095829698038
						],
						"orientation": [
							-0.01979655091985665,
							0.00039183770677726044,
							-0.9342136503124464,
							0.3561640052065666
						],
						"linear": [
							-0.00013146630953997374,
							0.0,
							0.0
						],
						"angular": [
							0.0,
							0.0,
							-0.0004360920574981719
						]
					},
					"aabb": [
						123.73577854984887,
						140.74209633070365,
						-0.014816191965511061,
						124.71354588856734,
						141.6785448961592,
						0.1629148729822699
					],
					"joint_state": {
						"position": [
							-1.5603,
							4.7758,
							1.0157,
							-5.6819,
							0.9996,
							-0.7936,
							0.0
						],
						"velocity": [
							-0.0146,
							-0.0052,
							-0.0243,
							0.0224,
							-0.0389,
							0.0205,
							0.0
						],
						"effort": [
							0.0,
							0.0,
							0.0,
							0.0,
							0.0,
							0.0,
							0.0
						]
					},
					"lift_state": "lift_down"
				}
			}
		},
		"objects": {
			"Rack": {
				"Rack_02": {
					"name": "Rack_02",
					"pose": {
						"translation": [
							133.05699157714844,
							143.09999084472656,
							0.19921104609966278
						],
						"rotation": [
							0.983835756778717,
							0.1790735274553299,
							-4.97384462505579e-08,
							9.080395102500916e-09
						]
					}
				}
			}
		},
		"relationships": {
			"L-Rack": [
				[
					"AMR_LIFT01",
					"none"
				]
			]
		}
	},
	"timestamp_1": {
		"robots": {
			"ARMLIFT": {
				"AMR_LIFT01": {
					"name": "AMR_LIFT01",
					"pose": {
						"translation": [
							139.62103271484375,
							142.45236206054688,
							0.062000807374715805
						],
						"rotation": [
							-0.00941175315529108,
							-0.0035850638523697853,
							-0.9344266653060913,
							0.3560135066509247
						]
					},
					"odometry": {
						"position": [
							0.5919939516157836,
							-7.846966509149994,
							-0.013385934657654414
						],
						"orientation": [
							-0.01980555630568848,
							0.000389335636713833,
							-0.934254621834295,
							0.35605602078667736
						],
						"linear": [
							-0.0007991403108462691,
							0.0,
							0.0
						],
						"angular": [
							0.0,
							0.0,
							0.0021341880783438683
						]
					},
					"aabb": [
						123.73530918215783,
						140.74215849083055,
						-0.01481317642050995,
						124.71309812472418,
						141.67858071989582,
						0.16291757240885768
					],
					"joint_state": {
						"position": [
							-1.5586,
							4.7765,
							1.023,
							-5.6849,
							1.0305,
							-0.8062,
							0.0
						],
						"velocity": [
							-0.0099,
							0.0022,
							-0.029,
							0.0096,
							-0.0014,
							-0.0002,
							0.0
						],
						"effort": [
							0.0,
							0.0,
							0.0,
							0.0,
							0.0,
							0.0,
							0.0
						]
					},
					"lift_state": "lift_down"
				}
			}
		},
		"objects": {
			"Rack": {
				"Rack_02": {
					"name": "Rack_02",
					"pose": {
						"translation": [
							133.05699157714844,
							143.09999084472656,
							0.19921104609966278
						],
						"rotation": [
							0.983835756778717,
							0.1790735274553299,
							-4.97384462505579e-08,
							9.080395102500916e-09
						]
					}
				}
			}
		},
		"relationships": {
			"L-Rack": [
				[
					"AMR_LIFT01",
					"none"
				]
			]
		}
	},
	"timestamp_2": {
		"robots": {
			"ARMLIFT": {
				"AMR_LIFT01": {
					"name": "AMR_LIFT01",
					"pose": {
						"translation": [
							139.62074279785156,
							142.45225524902344,
							0.06200004369020462
						],
						"rotation": [
							-0.00941434595733881,
							-0.003585225436836481,
							-0.9344971776008606,
							0.3558284044265747
						]
					},
					"odometry": {
						"position": [
							0.591701044853462,
							-7.847073948235759,
							-0.013380146204955416
						],
						"orientation": [
							-0.019808932948363903,
							0.00038711459478110537,
							-0.9343251057096723,
							0.3558708377464324
						],
						"linear": [
							0.0007405542419292033,
							0.0,
							0.0
						],
						"angular": [
							0.0,
							0.0,
							-0.002822539070621133
						]
					},
					"aabb": [
						123.73557951213053,
						140.74224237095515,
						-0.014803011115897068,
						124.71354586719599,
						141.67842333271813,
						0.16291779685783836
					],
					"joint_state": {
						"position": [
							-1.5595,
							4.7777,
							1.0314,
							-5.6921,
							1.0421,
							-0.8174,
							0.0
						],
						"velocity": [
							-0.001,
							-0.0136,
							0.1044,
							-0.0549,
							0.1118,
							-0.0548,
							0.0
						],
						"effort": [
							0.0,
							0.0,
							0.0,
							0.0,
							0.0,
							0.0,
							0.0
						]
					},
					"lift_state": "lift_down"
				}
			}
		},
		"objects": {
			"Rack": {
				"Rack_02": {
					"name": "Rack_02",
					"pose": {
						"translation": [
							133.05699157714844,
							143.09999084472656,
							0.19921104609966278
						],
						"rotation": [
							0.983835756778717,
							0.1790735274553299,
							-4.97384462505579e-08,
							9.080395102500916e-09
						]
					}
				}
			}
		},
		"relationships": {
			"L-Rack": [
				[
					"AMR_LIFT01",
					"none"
				]
			]
		}
	},
	"timestamp_3": {
		"robots": {
			"ARMLIFT": {
				"AMR_LIFT01": {
					"name": "AMR_LIFT01",
					"pose": {
						"translation": [
							139.6206512451172,
							142.45199584960938,
							0.062001075595617294
						],
						"rotation": [
							-0.009413027204573154,
							-0.003585830796509981,
							-0.9343708753585815,
							0.3561598062515259
						]
					},
					"odometry": {
						"position": [
							0.5916132117818378,
							-7.847327857664209,
							-0.013377188692945657
						],
						"orientation": [
							-0.01980620907767762,
							0.0003901962466848473,
							-0.9341988164944024,
							0.35620237659133935
						],
						"linear": [
							0.0028650248423218727,
							0.0,
							0.0
						],
						"angular": [
							0.0,
							0.0,
							-0.0022137423511594534
						]
					},
					"aabb": [
						123.73566899669946,
						140.74252285682292,
						-0.01480107623604368,
						124.71355172614975,
						141.67881878669633,
						0.16291819328497986
					],
					"joint_state": {
						"position": [
							-1.5592,
							4.7784,
							1.0262,
							-5.6906,
							1.0402,
							-0.8161,
							0.0
						],
						"velocity": [
							-0.0086,
							0.0145,
							0.001,
							0.0112,
							0.205,
							-0.1938,
							0.0
						],
						"effort": [
							0.0,
							0.0,
							0.0,
							0.0,
							0.0,
							0.0,
							0.0
						]
					},
					"lift_state": "lift_down"
				}
			}
		},
		"objects": {
			"Rack": {
				"Rack_02": {
					"name": "Rack_02",
					"pose": {
						"translation": [
							133.05699157714844,
							143.09999084472656,
							0.19921104609966278
						],
						"rotation": [
							0.983835756778717,
							0.1790735274553299,
							-4.97384462505579e-08,
							9.080395102500916e-09
						]
					}
				}
			}
		},
		"relationships": {
			"L-Rack": [
				[
					"AMR_LIFT01",
					"none"
				]
			]
		}
	},
	"timestamp_4": {
		"robots": {
			"ARMLIFT": {
				"AMR_LIFT01": {
					"name": "AMR_LIFT01",
					"pose": {
						"translation": [
							139.62078857421875,
							142.45166015625,
							0.06200012192130089
						],
						"rotation": [
							-0.009408350102603436,
							-0.0035846757236868143,
							-0.9344448447227478,
							0.3559660315513611
						]
					},