{
	"timestamp_0": {
		"robots": {
			"ARMLIFT": {
				"AMR_LIFT01": {
					"name": "AMR_LIFT01",
					"pose": {
						"translation": [
							139.61810302734375,
							142.46768188476562,
							0.062002066522836685
						],
						"rotation": [
							-0.009446071460843086,
							-0.0035996544174849987,
							-0.9344247579574585,
							0.356017142534256
						]
					},
					"odometry": {
						"position": [
							0.5890642127171373,
							-7.831644366396075,
							-0.013319078951247
						],
						"orientation": [
							-0.019839856549910165,
							0.00037478618571798136,
							-0.9342523777193823,
							0.35606001510008795
						],
						"linear": [
							-0.0015990841202437878,
							0.0,
							0.0
						],
						"angular": [
							0.0,
							0.0,
							-0.003735095029696822
						]
					},
					"aabb": [
						123.73819965860392,
						140.72659433009528,
						-0.014668132087023882,
						124.71604115353266,
						141.66295899194597,
						0.1629617267834521
					],
					"joint_state": {
						"position": [
							-1.683,
							4.6687,
							1.1268,
							-5.6035,
							1.1209,
							-0.6977,
							0.0
						],
						"velocity": [
							0.0159,
							0.0236,
							-0.0634,
							-0.0149,
							0.1401,
							-0.0904,
							0.0
						],
						"effort": [
							0.0,
							0.0,
							0.0,
							0.0,
							0.0,
							0.0,
							0.0
						]
					},
					"lift_state": "lift_down"
				}
			}
		},
		"objects": {
			"Rack": {
				"Rack_02": {
					"name": "Rack_02",
					"pose": {
						"translation": [
							133.05699157714844,
							143.09999084472656,
							0.19921104609966278
						],
						"rotation": [
							0.983835756778717,
							0.1790735274553299,
							-4.97384462505579e-08,
							9.080395102500916e-09
						]
					}
				}
			}
		},
		"relationships": {
			"L-Rack": [
				[
					"AMR_LIFT01",
					"none"
				]
			]
		}
	},
	"timestamp_1": {
		"robots": {
			"ARMLIFT": {
				"AMR_LIFT01": {
					"name": "AMR_LIFT01",
					"pose": {
						"translation": [
							139.61814880371094,
							142.46792602539062,
							0.06200198829174042
						],
						"rotation": [
							-0.009442166425287724,
							-0.003598765702918172,
							-0.9344307780265808,
							0.3560016453266144
						]
					},
					"odometry": {
						"position": [
							0.589103251402297,
							-7.831400223330896,
							-0.013320000855686255
						],
						"orientation": [
							-0.019836013166281165,
							0.00037550191764945456,
							-0.9342584422352904,
							0.35604431562948113
						],
						"linear": [
							-0.004101159516721964,
							0.0,
							0.0
						],
						"angular": [
							0.0,
							0.0,
							-0.001396592822857201
						]
					},
					"aabb": [
						123.73814242934104,
						140.72669158608744,
						-0.014740167970638913,
						124.71598241018356,
						141.6630565420393,
						0.1629587527373964
					],
					"joint_state": {
						"position": [
							-1.6818,
							4.6696,
							1.1105,
							-5.5877,
							1.1104,
							-0.6833,
							0.0
						],
						"velocity": [
							0.0073,
							0.0362,
							0.0377,
							0.0112,
							0.0346,
							0.0138,
							0.0
						],
						"effort": [
							0.0,
							0.0,
							0.0,
							0.0,
							0.0,
							0.0,
							0.0
						]
					},
					"lift_state": "lift_down"
				}
			}
		},
		"objects": {
			"Rack": {
				"Rack_02": {
					"name": "Rack_02",
					"pose": {
						"translation": [
							133.05699157714844,
							143.09999084472656,
							0.19921104609966278
						],
						"rotation": [
							0.983835756778717,
							0.1790735274553299,
							-4.97384462505579e-08,
							9.080395102500916e-09
						]
					}
				}
			}
		},
		"relationships": {
			"L-Rack": [
				[
					"AMR_LIFT01",
					"none"
				]
			]
		}
	},
	"timestamp_2": {
		"robots": {
			"ARMLIFT": {
				"AMR_LIFT01": {
					"name": "AMR_LIFT01",
					"pose": {
						"translation": [
							139.61753845214844,
							142.46852111816406,
							0.062001150101423264
						],
						"rotation": [
							-0.009441385045647621,
							-0.0036026770249009132,
							-0.9343985915184021,
							0.3560861051082611
						]
					},
					"odometry": {
						"position": [
							0.5884978820606651,
							-7.830804552895563,
							-0.013307376041749525
						],
						"orientation": [
							-0.019834873072095596,
							0.00037253022593788254,
							-0.9342262603024045,
							0.3561288160102022
						],
						"linear": [
							0.008536919951438904,
							0.0,
							0.0
						],
						"angular": [
							0.0,
							0.0,
							0.0024568927474319935
						]
					},
					"aabb": [
						123.7384556082734,
						140.72638682331277,
						-0.014798747721241633,
						124.71629487065293,
						141.66275418531916,
						0.16296336818189439
					],
					"joint_state": {
						"position": [
							-1.6824,
							4.6686,
							1.1129,
							-5.5761,
							1.1268,
							-0.6873,
							0.0
						],
						"velocity": [
							-0.0699,
							-0.0683,
							-0.0397,
							0.0013,
							-0.0248,
							-0.001,
							0.0
						],
						"effort": [
							0.0,
							0.0,
							0.0,
							0.0,
							0.0,
							0.0,
							0.0
						]
					},
					"lift_state": "lift_down"
				}
			}
		},
		"objects": {
			"Rack": {
				"Rack_02": {
					"name": "Rack_02",
					"pose": {
						"translation": [
							133.05699157714844,
							143.09999084472656,
							0.19921104609966278
						],
						"rotation": [
							0.983835756778717,
							0.1790735274553299,
							-4.97384462505579e-08,
							9.080395102500916e-09
						]
					}
				}
			}
		},
		"relationships": {
			"L-Rack": [
				[
					"AMR_LIFT01",
					"none"
				]
			]
		}
	},
	"timestamp_3": {
		"robots": {
			"ARMLIFT": {
				"AMR_LIFT01": {
					"name": "AMR_LIFT01",
					"pose": {
						"translation": [
							139.61810302734375,
							142.46800231933594,
							0.06200103461742401
						],
						"rotation": [
							-0.00944437924772501,
							-0.003602324053645134,
							-0.9344414472579956,
							0.35597339272499084
						]
					},
					"odometry": {
						"position": [
							0.5890641730557485,
							-7.831331867840804,
							-0.013320114853152057
						],
						"orientation": [
							-0.019838349781612002,
							0.00037163006162517433,
							-0.934269083359384,
							0.3560162659877442
						],
						"linear": [
							-0.000477066554594785,
							0.0,
							0.0
						],
						"angular": [
							0.0,
							0.0,
							-0.0014129095943644643
						]
					},
					"aabb": [
						123.73820686909131,
						140.72654206059372,
						-0.014774928326211943,
						124.71602032097911,
						141.6629440899593,
						0.1629602452191093
					],
					"joint_state": {
						"position": [
							-1.6811,
							4.6699,
							1.1206,
							-5.585,
							1.1346,
							-0.694,
							0.0
						],
						"velocity": [
							0.0151,
							-0.0152,
							-0.1129,
							0.077,
							0.0069,
							-0.0121,
							0.0
						],
						"effort": [
							0.0,
							0.0,
							0.0,
							0.0,
							0.0,
							0.0,
							0.0
						]
					},
					"lift_state": "lift_down"
				}
			}
		},
		"objects": {
			"Rack": {
				"Rack_02": {
					"name": "Rack_02",
					"pose": {
						"translation": [
							133.05699157714844,
							143.09999084472656,
							0.19921104609966278
						],
						"rotation": [
							0.983835756778717,
							0.1790735274553299,
							-4.97384462505579e-08,
							9.080395102500916e-09
						]
					}
				}
			}
		},
		"relationships": {
			"L-Rack": [
				[
					"AMR_LIFT01",
					"none"
				]
			]
		}
	},
	"timestamp_4": {
		"robots": {
			"ARMLIFT": {
				"AMR_LIFT01": {
					"name": "AMR_LIFT01",
					"pose": {
						"translation": [
							139.61830139160156,
							142.46762084960938,
							0.061999548226594925
						],
						"rotation": [
							-0.009453839622437954,
							-0.0036015231162309647,
							-0.9344137907028198,
							0.3560457229614258
						]
					},