{
	"timestamp_0": {
		"robots": {
			"ARMLIFT": {
				"AMR_LIFT01": {
					"name": "AMR_LIFT01",
					"pose": {
						"translation": [
							139.6120147705078,
							142.48312377929688,
							0.06200267747044563
						],
						"rotation": [
							-0.009392375126481056,
							-0.00363149237819016,
							-0.9328532218933105,
							0.36011606454849243
						]
					},
					"odometry": {
						"position": [
							0.5829809386064453,
							-7.816205204633308,
							-0.01318262726609917
						],
						"orientation": [
							-0.019768617372978317,
							0.0003885470449859319,
							-0.9326813961331019,
							0.36015894283713534
						],
						"linear": [
							-0.0009544896893203259,
							0.0,
							0.0
						],
						"angular": [
							0.0,
							0.0,
							0.0037179531063884497
						]
					},
					"aabb": [
						123.74740560057775,
						140.7076739222251,
						-0.014819433942555244,
						124.72253121503304,
						141.64763315025704,
						0.16297632474671142
					],
					"joint_state": {
						"position": [
							-1.7963,
							4.5915,
							1.026,
							-5.4531,
							1.015,
							-0.6329,
							0.0
						],
						"velocity": [
							0.0012,
							-0.0139,
							0.0322,
							-0.0183,
							0.0269,
							-0.0032,
							0.0
						],
						"effort": [
							0.0,
							0.0,
							0.0,
							0.0,
							0.0,
							0.0,
							0.0
						]
					},
					"lift_state": "lift_down"
				}
			}
		},
		"objects": {
			"Rack": {
				"Rack_02": {
					"name": "Rack_02",
					"pose": {
						"translation": [
							133.05699157714844,
							143.09999084472656,
							0.19921104609966278
						],
						"rotation": [
							0.983835756778717,
							0.1790735274553299,
							-4.97384462505579e-08,
							9.080395102500916e-09
						]
					}
				}
			}
		},
		"relationships": {
			"L-Rack": [
				[
					"AMR_LIFT01",
					"none"
				]
			]
		}
	},
	"timestamp_1": {
		"robots": {
			"ARMLIFT": {
				"AMR_LIFT01": {
					"name": "AMR_LIFT01",
					"pose": {
						"translation": [
							139.6116180419922,
							142.4835662841797,
							0.062009695917367935
						],
						"rotation": [
							-0.009397054091095924,
							-0.0036406507715582848,
							-0.9329128861427307,
							0.35996127128601074
						]
					},
					"odometry": {
						"position": [
							0.5825807802835161,
							-7.815755992359807,
							-0.013166664660590887
						],
						"orientation": [
							-0.01977396190371521,
							0.0003776673691312228,
							-0.9327409996947328,
							0.36000427120585593
						],
						"linear": [
							-0.00519840931519866,
							0.0,
							0.0
						],
						"angular": [
							0.0,
							0.0,
							-0.0003593363508116454
						]
					},
					"aabb": [
						123.74723697885105,
						140.70783583726515,
						-0.01482552907208128,
						124.72242720440487,
						141.64771102828843,
						0.1629736310939167
					],
					"joint_state": {
						"position": [
							-1.7958,
							4.5927,
							1.0163,
							-5.4506,
							1.0165,
							-0.6342,
							0.0
						],
						"velocity": [
							0.0042,
							-0.0074,
							0.0094,
							-0.0035,
							0.1929,
							-0.0088,
							0.0
						],
						"effort": [
							0.0,
							0.0,
							0.0,
							0.0,
							0.0,
							0.0,
							0.0
						]
					},
					"lift_state": "lift_down"
				}
			}
		},
		"objects": {
			"Rack": {
				"Rack_02": {
					"name": "Rack_02",
					"pose": {
						"translation": [
							133.05699157714844,
							143.09999084472656,
							0.19921104609966278
						],
						"rotation": [
							0.983835756778717,
							0.1790735274553299,
							-4.97384462505579e-08,
							9.080395102500916e-09
						]
					}
				}
			}
		},
		"relationships": {
			"L-Rack": [
				[
					"AMR_LIFT01",
					"none"
				]
			]
		}
	},
	"timestamp_2": {
		"robots": {
			"ARMLIFT": {
				"AMR_LIFT01": {
					"name": "AMR_LIFT01",
					"pose": {
						"translation": [
							139.61192321777344,
							142.48291015625,
							0.062004584819078445
						],
						"rotation": [
							-0.009387456811964512,
							-0.0036407122388482094,
							-0.9328039288520813,
							0.3602439761161804
						]
					},
					"odometry": {
						"position": [
							0.5828931231897146,
							-7.816410284046851,
							-0.0131787601898242
						],
						"orientation": [
							-0.01976314309644749,
							0.0003807502822220627,
							-0.9326321484499256,
							0.36028675923748316
						],
						"linear": [
							-8.754611917538568e-05,
							0.0,
							0.0
						],
						"angular": [
							0.0,
							0.0,
							-0.0016071563586592674
						]
					},
					"aabb": [
						123.7470264321946,
						140.70832028677484,
						-0.014817176848175658,
						124.72206724707374,
						141.64838890440421,
						0.1629711296499752
					],
					"joint_state": {
						"position": [
							-1.7963,
							4.5927,
							1.0186,
							-5.451,
							1.0082,
							-0.6332,
							0.0
						],
						"velocity": [
							0.0,
							0.0001,
							0.3074,
							-0.1669,
							-0.0204,
							0.0135,
							0.0
						],
						"effort": [
							0.0,
							0.0,
							0.0,
							0.0,
							0.0,
							0.0,
							0.0
						]
					},
					"lift_state": "lift_down"
				}
			}
		},
		"objects": {
			"Rack": {
				"Rack_02": {
					"name": "Rack_02",
					"pose": {
						"translation": [
							133.05699157714844,
							143.09999084472656,
							0.19921104609966278
						],
						"rotation": [
							0.983835756778717,
							0.1790735274553299,
							-4.97384462505579e-08,
							9.080395102500916e-09
						]
					}
				}
			}
		},
		"relationships": {
			"L-Rack": [
				[
					"AMR_LIFT01",
					"none"
				]
			]
		}
	},
	"timestamp_3": {
		"robots": {
			"ARMLIFT": {
				"AMR_LIFT01": {
					"name": "AMR_LIFT01",
					"pose": {
						"translation": [
							139.61253356933594,
							142.4821319580078,
							0.06199962645769119
						],
						"rotation": [
							-0.009398800320923328,
							-0.0036275049205869436,
							-0.9329178333282471,
							0.35994860529899597
						]
					},
					"odometry": {
						"position": [
							0.5834886094707848,
							-7.817191513737772,
							-0.013196994241363549
						],
						"orientation": [
							-0.01977576054780912,
							0.0003906710153135355,
							-0.9327459404871513,
							0.3599913570846572
						],
						"linear": [
							-0.00580034963786602,
							0.0,
							0.0
						],
						"angular": [
							0.0,
							0.0,
							-0.006842370145022869
						]
					},
					"aabb": [
						123.74662235225556,
						140.70887099355343,
						-0.014870514907366099,
						124.7217711240205,
						141.6488015698116,
						0.162973075794158
					],
					"joint_state": {
						"position": [
							-1.7961,
							4.5949,
							1.0336,
							-5.4619,
							1.0368,
							-0.6461,
							0.0
						],
						"velocity": [
							0.047,
							0.0555,
							0.1257,
							-0.0873,
							0.1695,
							-0.0697,
							0.0
						],
						"effort": [
							0.0,
							0.0,
							0.0,
							0.0,
							0.0,
							0.0,
							0.0
						]
					},
					"lift_state": "lift_down"
				}
			}
		},
		"objects": {
			"Rack": {
				"Rack_02": {
					"name": "Rack_02",
					"pose": {
						"translation": [
							133.05699157714844,
							143.09999084472656,
							0.19921104609966278
						],
						"rotation": [
							0.983835756778717,
							0.1790735274553299,
							-4.97384462505579e-08,
							9.080395102500916e-09
						]
					}
				}
			}
		},
		"relationships": {
			"L-Rack": [
				[
					"AMR_LIFT01",
					"none"
				]
			]
		}
	},
	"timestamp_4": {
		"robots": {
			"ARMLIFT": {
				"AMR_LIFT01": {
					"name": "AMR_LIFT01",
					"pose": {
						"translation": [
							139.61268615722656,
							142.48187255859375,
							0.06199958547949791
						],
						"rotation": [
							-0.009404107928276062,
							-0.0036273756995797157,
							-0.9329130053520203,
							0.3599611520767212
						]
					},