{
	"timestamp_0": {
		"robots": {
			"ARMLIFT": {
				"AMR_LIFT01": {
					"name": "AMR_LIFT01",
					"pose": {
						"translation": [
							139.60682678222656,
							142.50396728515625,
							0.06200908496975899
						],
						"rotation": [
							-0.00939257349818945,
							-0.0037012712564319372,
							-0.9302289485931396,
							0.36684101819992065
						]
					},
					"odometry": {
						"position": [
							0.5777859606849101,
							-7.7953655830188255,
							-0.01306005467811812
						],
						"orientation": [
							-0.01973951875808705,
							0.00039357947619117863,
							-0.9300570949964225,
							0.3668841731953164
						],
						"linear": [
							0.0009002971346490085,
							0.0,
							0.0
						],
						"angular": [
							0.0,
							0.0,
							0.0003026645281352103
						]
					},
					"aabb": [
						123.75641400275379,
						140.68228524615282,
						-0.013617696104572065,
						124.72692575846258,
						141.6280109912035,
						0.16302625229597484
					],
					"joint_state": {
						"position": [
							-1.9616,
							4.4617,
							1.063,
							-5.303,
							1.0868,
							-0.4564,
							0.0
						],
						"velocity": [
							-0.0315,
							-0.0312,
							0.0419,
							-0.1693,
							0.0553,
							-0.1873,
							0.0
						],
						"effort": [
							0.0,
							0.0,
							0.0,
							0.0,
							0.0,
							0.0,
							0.0
						]
					},
					"lift_state": "lift_down"
				}
			}
		},
		"objects": {
			"Rack": {
				"Rack_02": {
					"name": "Rack_02",
					"pose": {
						"translation": [
							133.05699157714844,
							143.09999084472656,
							0.19921104609966278
						],
						"rotation": [
							0.983835756778717,
							0.1790735274553299,
							-4.97384462505579e-08,
							9.080395102500916e-09
						]
					}
				}
			}
		},
		"relationships": {
			"L-Rack": [
				[
					"AMR_LIFT01",
					"none"
				]
			]
		}
	},
	"timestamp_1": {
		"robots": {
			"ARMLIFT": {
				"AMR_LIFT01": {
					"name": "AMR_LIFT01",
					"pose": {
						"translation": [
							139.60670471191406,
							142.50404357910156,
							0.06200195103883743
						],
						"rotation": [
							-0.009385018609464169,
							-0.003705189097672701,
							-0.9302433133125305,
							0.36680445075035095
						]
					},
					"odometry": {
						"position": [
							0.5776003876169139,
							-7.7952191139263265,
							-0.01305881686045338
						],
						"orientation": [
							-0.01973256982278931,
							0.00037346415698250707,
							-0.9300821903733366,
							0.36682094455340053
						],
						"linear": [
							0.004556611645966768,
							0.0,
							0.0
						],
						"angular": [
							0.0,
							0.0,
							0.0049590920098125935
						]
					},
					"aabb": [
						123.75646278654928,
						140.68204214517425,
						-0.013688154452204004,
						124.72703687727088,
						141.62768938170166,
						0.16301364413359182
					],
					"joint_state": {
						"position": [
							-1.9601,
							4.4625,
							1.0686,
							-5.3116,
							1.0914,
							-0.4651,
							0.0
						],
						"velocity": [
							0.0233,
							0.0215,
							0.0861,
							-0.0323,
							0.0627,
							-0.0472,
							0.0
						],
						"effort": [
							0.0,
							0.0,
							0.0,
							0.0,
							0.0,
							0.0,
							0.0
						]
					},
					"lift_state": "lift_down"
				}
			}
		},
		"objects": {
			"Rack": {
				"Rack_02": {
					"name": "Rack_02",
					"pose": {
						"translation": [
							133.05699157714844,
							143.09999084472656,
							0.19921104609966278
						],
						"rotation": [
							0.983835756778717,
							0.1790735274553299,
							-4.97384462505579e-08,
							9.080395102500916e-09
						]
					}
				}
			}
		},
		"relationships": {
			"L-Rack": [
				[
					"AMR_LIFT01",
					"none"
				]
			]
		}
	},
	"timestamp_2": {
		"robots": {
			"ARMLIFT": {
				"AMR_LIFT01": {
					"name": "AMR_LIFT01",
					"pose": {
						"translation": [
							139.6068115234375,
							142.50421142578125,
							0.06199958547949791
						],
						"rotation": [
							-0.009382191114127636,
							-0.003700763452798128,
							-0.93022221326828,
							0.3668585419654846
						]
					},
					"odometry": {
						"position": [
							0.5777759740593837,
							-7.795121461109871,
							-0.0130692907184789
						],
						"orientation": [
							-0.019729056935805858,
							0.00039428188930967626,
							-0.9300504757294041,
							0.3669015146462669
						],
						"linear": [
							-0.0004962602397426963,
							0.0,
							0.0
						],
						"angular": [
							0.0,
							0.0,
							-0.0026776164304465055
						]
					},
					"aabb": [
						123.75643671690463,
						140.68202872128415,
						-0.013668610446466676,
						124.72693409224777,
						141.6277682860057,
						0.1630126817930339
					],
					"joint_state": {
						"position": [
							-1.9597,
							4.4637,
							1.0645,
							-5.3071,
							1.0933,
							-0.4609,
							0.0
						],
						"velocity": [
							0.007,
							0.0066,
							0.032,
							-0.023,
							0.1314,
							-0.1645,
							0.0
						],
						"effort": [
							0.0,
							0.0,
							0.0,
							0.0,
							0.0,
							0.0,
							0.0
						]
					},
					"lift_state": "lift_down"
				}
			}
		},
		"objects": {
			"Rack": {
				"Rack_02": {
					"name": "Rack_02",
					"pose": {
						"translation": [
							133.05699157714844,
							143.09999084472656,
							0.19921104609966278
						],
						"rotation": [
							0.983835756778717,
							0.1790735274553299,
							-4.97384462505579e-08,
							9.080395102500916e-09
						]
					}
				}
			}
		},
		"relationships": {
			"L-Rack": [
				[
					"AMR_LIFT01",
					"none"
				]
			]
		}
	},
	"timestamp_3": {
		"robots": {
			"ARMLIFT": {
				"AMR_LIFT01": {
					"name": "AMR_LIFT01",
					"pose": {
						"translation": [
							139.606689453125,
							142.50413513183594,
							0.06200210377573967
						],
						"rotation": [
							-0.009387348778545856,
							-0.0036929098423570395,
							-0.9302489161491394,
							0.3667907118797302
						]
					},
					"odometry": {
						"position": [
							0.5776491119748697,
							-7.795189822394936,
							-0.013063951522622465
						],
						"orientation": [
							-0.019734513982354505,
							0.00040138052584597566,
							-0.9300771290947201,
							0.366833643204215
						],
						"linear": [
							-0.003802248975262046,
							0.0,
							0.0
						],
						"angular": [
							0.0,
							0.0,
							-0.0012437829282134771
						]
					},
					"aabb": [
						123.75645577640437,
						140.68216893787633,
						-0.013748149838847085,
						124.72698543593597,
						141.6278714063283,
						0.16302054634941093
					],
					"joint_state": {
						"position": [
							-1.9575,
							4.4638,
							1.0649,
							-5.3149,
							1.0863,
							-0.4632,
							0.0
						],
						"velocity": [
							0.0315,
							0.0415,
							-0.1081,
							-0.0547,
							-0.0714,
							-0.0431,
							0.0
						],
						"effort": [
							0.0,
							0.0,
							0.0,
							0.0,
							0.0,
							0.0,
							0.0
						]
					},
					"lift_state": "lift_down"
				}
			}
		},
		"objects": {
			"Rack": {
				"Rack_02": {
					"name": "Rack_02",
					"pose": {
						"translation": [
							133.05699157714844,
							143.09999084472656,
							0.19921104609966278
						],
						"rotation": [
							0.983835756778717,
							0.1790735274553299,
							-4.97384462505579e-08,
							9.080395102500916e-09
						]
					}
				}
			}
		},
		"relationships": {
			"L-Rack": [
				[
					"AMR_LIFT01",
					"none"
				]
			]
		}
	},
	"timestamp_4": {
		"robots": {
			"ARMLIFT": {
				"AMR_LIFT01": {
					"name": "AMR_LIFT01",
					"pose": {
						"translation": [
							139.60655212402344,
							142.50428771972656,
							0.06199924275279045
						],
						"rotation": [
							-0.00939171388745308,
							-0.0037035515997558832,
							-0.9302260875701904,
							0.36684805154800415
						]
					},