{
	"timestamp_0": {
		"robots": {
			"ARMLIFT": {
				"AMR_LIFT01": {
					"name": "AMR_LIFT01",
					"pose": {
						"translation": [
							139.60232543945312,
							142.52073669433594,
							0.06201469153165817
						],
						"rotation": [
							-0.009447256103157997,
							-0.003741020569577813,
							-0.930019736289978,
							0.3673693835735321
						]
					},
					"odometry": {
						"position": [
							0.5732941312121229,
							-7.778598199174566,
							-0.012953970611375789
						],
						"orientation": [
							-0.019791857363175343,
							0.00035970819297924015,
							-0.9298472934665367,
							0.36741279757935474
						],
						"linear": [
							-0.004524087067693472,
							0.0,
							0.0
						],
						"angular": [
							0.0,
							0.0,
							0.003724257228896022
						]
					},
					"aabb": [
						123.76147844273784,
						140.66500130382155,
						-0.014127464328505588,
						124.73169176118809,
						141.61110161439058,
						0.16306619365645525
					],
					"joint_state": {
						"position": [
							-2.0863,
							4.3851,
							1.2147,
							-5.349,
							1.2213,
							-0.4472,
							0.0
						],
						"velocity": [
							0.0664,
							0.0168,
							-0.1252,
							-0.0983,
							-0.0143,
							-0.1185,
							0.0
						],
						"effort": [
							0.0,
							0.0,
							0.0,
							0.0,
							0.0,
							0.0,
							0.0
						]
					},
					"lift_state": "lift_down"
				}
			}
		},
		"objects": {
			"Rack": {
				"Rack_02": {
					"name": "Rack_02",
					"pose": {
						"translation": [
							133.05699157714844,
							143.09999084472656,
							0.19921104609966278
						],
						"rotation": [
							0.983835756778717,
							0.1790735274553299,
							-4.97384462505579e-08,
							9.080395102500916e-09
						]
					}
				}
			}
		},
		"relationships": {
			"L-Rack": [
				[
					"AMR_LIFT01",
					"none"
				]
			]
		}
	},
	"timestamp_1": {
		"robots": {
			"ARMLIFT": {
				"AMR_LIFT01": {
					"name": "AMR_LIFT01",
					"pose": {
						"translation": [
							139.6019744873047,
							142.52099609375,
							0.06199932098388672
						],
						"rotation": [
							-0.009431454353034496,
							-0.0037281455006450415,
							-0.9299277663230896,
							0.367602676153183
						]
					},
					"odometry": {
						"position": [
							0.5729325354826191,
							-7.778324810725589,
							-0.012961317807925444
						],
						"orientation": [
							-0.019775030093280056,
							0.00037517769160253276,
							-0.929755511554899,
							0.3676458841872134
						],
						"linear": [
							0.000177428824827075,
							0.0,
							0.0
						],
						"angular": [
							0.0,
							0.0,
							0.002973616821691394
						]
					},
					"aabb": [
						123.76162589116704,
						140.66476764442746,
						-0.01411858129953385,
						124.73161813332295,
						141.6111312212706,
						0.163068077434944
					],
					"joint_state": {
						"position": [
							-2.085,
							4.3847,
							1.218,
							-5.3469,
							1.2136,
							-0.4405,
							0.0
						],
						"velocity": [
							0.0177,
							-0.0013,
							-0.0534,
							0.0138,
							-0.0162,
							0.0008,
							0.0
						],
						"effort": [
							0.0,
							0.0,
							0.0,
							0.0,
							0.0,
							0.0,
							0.0
						]
					},
					"lift_state": "lift_down"
				}
			}
		},
		"objects": {
			"Rack": {
				"Rack_02": {
					"name": "Rack_02",
					"pose": {
						"translation": [
							133.05699157714844,
							143.09999084472656,
							0.19921104609966278
						],
						"rotation": [
							0.983835756778717,
							0.1790735274553299,
							-4.97384462505579e-08,
							9.080395102500916e-09
						]
					}
				}
			}
		},
		"relationships": {
			"L-Rack": [
				[
					"AMR_LIFT01",
					"none"
				]
			]
		}
	},
	"timestamp_2": {
		"robots": {
			"ARMLIFT": {
				"AMR_LIFT01": {
					"name": "AMR_LIFT01",
					"pose": {
						"translation": [
							139.60125732421875,
							142.52186584472656,
							0.06199977919459343
						],
						"rotation": [
							-0.009430848062038422,
							-0.0037307129241526127,
							-0.9298601746559143,
							0.3677733540534973
						]
					},
					"odometry": {
						"position": [
							0.5722197869026071,
							-7.777455705259709,
							-0.012944929856440461
						],
						"orientation": [
							-0.019773676137409053,
							0.00037451000515311545,
							-0.9296879236613529,
							0.3678168376685758
						],
						"linear": [
							-0.0014936504885554314,
							0.0,
							0.0
						],
						"angular": [
							0.0,
							0.0,
							-0.0008676716242916882
						]
					},
					"aabb": [
						123.76256256870307,
						140.66392335234502,
						-0.014031962262632626,
						124.73251334613141,
						141.61033643017993,
						0.16306623892077607
					],
					"joint_state": {
						"position": [
							-2.0843,
							4.3857,
							1.2129,
							-5.338,
							1.2151,
							-0.4363,
							0.0
						],
						"velocity": [
							-0.0013,
							-0.0012,
							0.0265,
							0.0015,
							0.0989,
							0.0138,
							0.0
						],
						"effort": [
							0.0,
							0.0,
							0.0,
							0.0,
							0.0,
							0.0,
							0.0
						]
					},
					"lift_state": "lift_down"
				}
			}
		},
		"objects": {
			"Rack": {
				"Rack_02": {
					"name": "Rack_02",
					"pose": {
						"translation": [
							133.05699157714844,
							143.09999084472656,
							0.19921104609966278
						],
						"rotation": [
							0.983835756778717,
							0.1790735274553299,
							-4.97384462505579e-08,
							9.080395102500916e-09
						]
					}
				}
			}
		},
		"relationships": {
			"L-Rack": [
				[
					"AMR_LIFT01",
					"none"
				]
			]
		}
	},
	"timestamp_3": {
		"robots": {
			"ARMLIFT": {
				"AMR_LIFT01": {
					"name": "AMR_LIFT01",
					"pose": {
						"translation": [
							139.6010284423828,
							142.52203369140625,
							0.06200023368000984
						],
						"rotation": [
							-0.009431996382772923,
							-0.0037261666730046272,
							-0.9300165772438049,
							0.36737772822380066
						]
					},
					"odometry": {
						"position": [
							0.5719855458298205,
							-7.77720180304311,
							-0.012935699776460488
						],
						"orientation": [
							-0.019776808848771626,
							0.00036212013583602874,
							-0.9298421576680832,
							0.36742660290720647
						],
						"linear": [
							0.002863425062969327,
							0.0,
							0.0
						],
						"angular": [
							0.0,
							0.0,
							-0.0025143020320683718
						]
					},
					"aabb": [
						123.76257223295177,
						140.6636313668954,
						-0.01397963791764739,
						124.73269132751747,
						141.60984478209235,
						0.1630763287073935
					],
					"joint_state": {
						"position": [
							-2.0844,
							4.3856,
							1.2114,
							-5.3351,
							1.2184,
							-0.4386,
							0.0
						],
						"velocity": [
							0.0023,
							-0.0027,
							0.0032,
							-0.0026,
							-0.0063,
							-0.0133,
							0.0
						],
						"effort": [
							0.0,
							0.0,
							0.0,
							0.0,
							0.0,
							0.0,
							0.0
						]
					},
					"lift_state": "lift_down"
				}
			}
		},
		"objects": {
			"Rack": {
				"Rack_02": {
					"name": "Rack_02",
					"pose": {
						"translation": [
							133.05699157714844,
							143.09999084472656,
							0.19921104609966278
						],
						"rotation": [
							0.983835756778717,
							0.1790735274553299,
							-4.97384462505579e-08,
							9.080395102500916e-09
						]
					}
				}
			}
		},
		"relationships": {
			"L-Rack": [
				[
					"AMR_LIFT01",
					"none"
				]
			]
		}
	},
	"timestamp_4": {
		"robots": {
			"ARMLIFT": {
				"AMR_LIFT01": {
					"name": "AMR_LIFT01",
					"pose": {
						"translation": [
							139.6004180908203,
							142.5228271484375,
							0.06200489029288292
						],
						"rotation": [
							-0.009431653656065464,
							-0.003726084716618061,
							-0.9298553466796875,
							0.36778566241264343
						]
					},