{
	"timestamp_0": {
		"robots": {
			"ARMLIFT": {
				"AMR_LIFT01": {
					"name": "AMR_LIFT01",
					"pose": {
						"translation": [
							139.6101531982422,
							142.49072265625,
							0.06200298294425011
						],
						"rotation": [
							-0.00937526673078537,
							-0.0036559714935719967,
							-0.9317789077758789,
							0.36288708448410034
						]
					},
					"odometry": {
						"position": [
							0.5812035973873028,
							-7.8086759910272585,
							-0.013144768238577008
						],
						"orientation": [
							-0.01973755627107843,
							0.0003984352493224636,
							-0.9315897994558957,
							0.3629748141008166
						],
						"linear": [
							-0.006506213452666998,
							0.0,
							0.0
						],
						"angular": [
							0.0,
							0.0,
							0.0054067340679466724
						]
					},
					"aabb": [
						123.75057116236576,
						140.69844917544071,
						-0.014566244353232288,
						124.72376690994008,
						141.64086801669853,
						0.1629838530110562
					],
					"joint_state": {
						"position": [
							-1.846,
							4.5479,
							0.992,
							-5.4022,
							0.9917,
							-0.5343,
							0.0
						],
						"velocity": [
							-0.0569,
							-0.0144,
							0.0771,
							-0.0542,
							0.0806,
							-0.0352,
							0.0
						],
						"effort": [
							0.0,
							0.0,
							0.0,
							0.0,
							0.0,
							0.0,
							0.0
						]
					},
					"lift_state": "lift_down"
				}
			}
		},
		"objects": {
			"Rack": {
				"Rack_02": {
					"name": "Rack_02",
					"pose": {
						"translation": [
							133.05699157714844,
							143.09999084472656,
							0.19921104609966278
						],
						"rotation": [
							0.983835756778717,
							0.1790735274553299,
							-4.97384462505579e-08,
							9.080395102500916e-09
						]
					}
				}
			}
		},
		"relationships": {
			"L-Rack": [
				[
					"AMR_LIFT01",
					"none"
				]
			]
		}
	},
	"timestamp_1": {
		"robots": {
			"ARMLIFT": {
				"AMR_LIFT01": {
					"name": "AMR_LIFT01",
					"pose": {
						"translation": [
							139.60948181152344,
							142.49099731445312,
							0.06200065463781357
						],
						"rotation": [
							-0.009373706765472889,
							-0.0036526198964565992,
							-0.9317527413368225,
							0.3629542887210846
						]
					},
					"odometry": {
						"position": [
							0.5804518095917675,
							-7.808324467987646,
							-0.013128134672589846
						],
						"orientation": [
							-0.019737659804837118,
							0.00039899250949418364,
							-0.9315811548079065,
							0.3629969939230532
						],
						"linear": [
							-0.00040057135629467666,
							0.0,
							0.0
						],
						"angular": [
							0.0,
							0.0,
							0.001009242027066648
						]
					},
					"aabb": [
						123.7510038459715,
						140.69840984002084,
						-0.01461577705221089,
						124.72422751824543,
						141.64079605949522,
						0.1629866546101039
					],
					"joint_state": {
						"position": [
							-1.8451,
							4.548,
							0.9898,
							-5.404,
							0.9928,
							-0.5362,
							0.0
						],
						"velocity": [
							0.0006,
							-0.0002,
							-0.0069,
							0.0119,
							-0.0394,
							0.013,
							0.0
						],
						"effort": [
							0.0,
							0.0,
							0.0,
							0.0,
							0.0,
							0.0,
							0.0
						]
					},
					"lift_state": "lift_down"
				}
			}
		},
		"objects": {
			"Rack": {
				"Rack_02": {
					"name": "Rack_02",
					"pose": {
						"translation": [
							133.05699157714844,
							143.09999084472656,
							0.19921104609966278
						],
						"rotation": [
							0.983835756778717,
							0.1790735274553299,
							-4.97384462505579e-08,
							9.080395102500916e-09
						]
					}
				}
			}
		},
		"relationships": {
			"L-Rack": [
				[
					"AMR_LIFT01",
					"none"
				]
			]
		}
	},
	"timestamp_2": {
		"robots": {
			"ARMLIFT": {
				"AMR_LIFT01": {
					"name": "AMR_LIFT01",
					"pose": {
						"translation": [
							139.60992431640625,
							142.49081420898438,
							0.06200576573610306
						],
						"rotation": [
							-0.009378345683217049,
							-0.003652529325336218,
							-0.931786835193634,
							0.3628664016723633
						]
					},
					"odometry": {
						"position": [
							0.580891276707559,
							-7.80850998185812,
							-0.013132839421915083
						],
						"orientation": [
							-0.01974268405419802,
							0.00039810647525633614,
							-0.9316151972908574,
							0.3629093442091114
						],
						"linear": [
							0.001066034659743309,
							0.0,
							0.0
						],
						"angular": [
							0.0,
							0.0,
							0.004918782040476799
						]
					},
					"aabb": [
						123.75069906292156,
						140.6984406585348,
						-0.0145738159569187,
						124.72396657126515,
						141.64076938847046,
						0.1629853574438843
					],
					"joint_state": {
						"position": [
							-1.8448,
							4.5487,
							0.9853,
							-5.4027,
							0.9888,
							-0.5357,
							0.0
						],
						"velocity": [
							-0.0086,
							0.0127,
							-0.0406,
							-0.002,
							-0.0453,
							-0.0137,
							0.0
						],
						"effort": [
							0.0,
							0.0,
							0.0,
							0.0,
							0.0,
							0.0,
							0.0
						]
					},
					"lift_state": "lift_down"
				}
			}
		},
		"objects": {
			"Rack": {
				"Rack_02": {
					"name": "Rack_02",
					"pose": {
						"translation": [
							133.05699157714844,
							143.09999084472656,
							0.19921104609966278
						],
						"rotation": [
							0.983835756778717,
							0.1790735274553299,
							-4.97384462505579e-08,
							9.080395102500916e-09
						]
					}
				}
			}
		},
		"relationships": {
			"L-Rack": [
				[
					"AMR_LIFT01",
					"none"
				]
			]
		}
	},
	"timestamp_3": {
		"robots": {
			"ARMLIFT": {
				"AMR_LIFT01": {
					"name": "AMR_LIFT01",
					"pose": {
						"translation": [
							139.6095428466797,
							142.4911651611328,
							0.06200679764151573
						],
						"rotation": [
							-0.009374037384986877,
							-0.003652084618806839,
							-0.931594967842102,
							0.363358736038208
						]
					},
					"odometry": {
						"position": [
							0.5805105169362517,
							-7.808168202476066,
							-0.013123311267276103
						],
						"orientation": [
							-0.019736237579519224,
							0.00040402779078578863,
							-0.9314233770693056,
							0.3634017203269126
						],
						"linear": [
							0.0005043148994445801,
							0.0,
							0.0
						],
						"angular": [
							0.0,
							0.0,
							0.005687261000275612
						]
					},
					"aabb": [
						123.75109222000832,
						140.6979122395412,
						-0.014524220754867503,
						124.72406550097735,
						141.64060778846363,
						0.16297989586996295
					],
					"joint_state": {
						"position": [
							-1.8443,
							4.5494,
							0.9706,
							-5.3953,
							0.9692,
							-0.5274,
							0.0
						],
						"velocity": [
							-0.0033,
							0.0057,
							-0.0642,
							0.0279,
							-0.099,
							0.0295,
							0.0
						],
						"effort": [
							0.0,
							0.0,
							0.0,
							0.0,
							0.0,
							0.0,
							0.0
						]
					},
					"lift_state": "lift_down"
				}
			}
		},
		"objects": {
			"Rack": {
				"Rack_02": {
					"name": "Rack_02",
					"pose": {
						"translation": [
							133.05699157714844,
							143.09999084472656,
							0.19921104609966278
						],
						"rotation": [
							0.983835756778717,
							0.1790735274553299,
							-4.97384462505579e-08,
							9.080395102500916e-09
						]
					}
				}
			}
		},
		"relationships": {
			"L-Rack": [
				[
					"AMR_LIFT01",
					"none"
				]
			]
		}
	},
	"timestamp_4": {
		"robots": {
			"ARMLIFT": {
				"AMR_LIFT01": {
					"name": "AMR_LIFT01",
					"pose": {
						"translation": [
							139.60899353027344,
							142.4915771484375,
							0.06200302019715309
						],
						"rotation": [
							-0.009365860372781754,
							-0.003657558001577854,
							-0.9316090941429138,
							0.36332282423973083
						]
					},