{
	"timestamp_0": {
		"robots": {
			"ARMLIFT": {
				"AMR_LIFT01": {
					"name": "AMR_LIFT01",
					"pose": {
						"translation": [
							139.62405395507812,
							142.41546630859375,
							0.062005043029785156
						],
						"rotation": [
							-0.009431463666260242,
							-0.0035089938901364803,
							-0.9371599555015564,
							0.3487551808357239
						]
					},
					"odometry": {
						"position": [
							0.5950128134038295,
							-7.883860944744725,
							-0.013449890435277714
						],
						"orientation": [
							-0.019855781173655083,
							0.0003846588125606792,
							-0.9369877319198231,
							0.3487973483605169
						],
						"linear": [
							0.00032799935434013605,
							0.0,
							0.0
						],
						"angular": [
							0.0,
							0.0,
							-0.0004213610081933439
						]
					},
					"aabb": [
						123.72770144229689,
						140.7847734914747,
						-0.012202963476435019,
						124.71012776270632,
						141.7146066941069,
						0.16284615087856583
					],
					"joint_state": {
						"position": [
							-1.2763,
							4.9878,
							0.9956,
							-5.965,
							0.9836,
							-1.0918,
							0.0
						],
						"velocity": [
							0.0024,
							0.0108,
							-0.0367,
							0.0631,
							-0.0515,
							-0.0031,
							0.0
						],
						"effort": [
							0.0,
							0.0,
							0.0,
							0.0,
							0.0,
							0.0,
							0.0
						]
					},
					"lift_state": "lift_down"
				}
			}
		},
		"objects": {
			"Rack": {
				"Rack_02": {
					"name": "Rack_02",
					"pose": {
						"translation": [
							133.05699157714844,
							143.09999084472656,
							0.19921104609966278
						],
						"rotation": [
							0.983835756778717,
							0.1790735274553299,
							-4.97384462505579e-08,
							9.080395102500916e-09
						]
					}
				}
			}
		},
		"relationships": {
			"L-Rack": [
				[
					"AMR_LIFT01",
					"none"
				]
			]
		}
	},
	"timestamp_1": {
		"robots": {
			"ARMLIFT": {
				"AMR_LIFT01": {
					"name": "AMR_LIFT01",
					"pose": {
						"translation": [
							139.62388610839844,
							142.41551208496094,
							0.06200775131583214
						],
						"rotation": [
							-0.009433490224182606,
							-0.003530902788043022,
							-0.9371617436408997,
							0.3487499952316284
						]
					},
					"odometry": {
						"position": [
							0.5948565415891705,
							-7.883763301513175,
							-0.013448898486961272
						],
						"orientation": [
							-0.019862479323899493,
							0.0003863288573864859,
							-0.9369862878962479,
							0.34880084426436136
						],
						"linear": [
							0.0001524176332168281,
							0.0,
							0.0
						],
						"angular": [
							0.0,
							0.0,
							-0.0030891040805727243
						]
					},
					"aabb": [
						123.72788823355664,
						140.78469902810545,
						-0.012025170152199012,
						124.71030328049977,
						141.7145506451032,
						0.1628484742741091
					],
					"joint_state": {
						"position": [
							-1.2752,
							4.988,
							1.0179,
							-5.9795,
							1.0112,
							-1.1097,
							0.0
						],
						"velocity": [
							-0.013,
							-0.0169,
							0.3348,
							-0.1872,
							0.3527,
							-0.1766,
							0.0
						],
						"effort": [
							0.0,
							0.0,
							0.0,
							0.0,
							0.0,
							0.0,
							0.0
						]
					},
					"lift_state": "lift_down"
				}
			}
		},
		"objects": {
			"Rack": {
				"Rack_02": {
					"name": "Rack_02",
					"pose": {
						"translation": [
							133.05699157714844,
							143.09999084472656,
							0.19921104609966278
						],
						"rotation": [
							0.983835756778717,
							0.1790735274553299,
							-4.97384462505579e-08,
							9.080395102500916e-09
						]
					}
				}
			}
		},
		"relationships": {
			"L-Rack": [
				[
					"AMR_LIFT01",
					"none"
				]
			]
		}
	},
	"timestamp_2": {
		"robots": {
			"ARMLIFT": {
				"AMR_LIFT01": {
					"name": "AMR_LIFT01",
					"pose": {
						"translation": [
							139.62362670898438,
							142.415771484375,
							0.062002066522836685
						],
						"rotation": [
							-0.009435649029910564,
							-0.0035184419248253107,
							-0.9371629953384399,
							0.3487465977668762
						]
					},
					"odometry": {
						"position": [
							0.5945929136567546,
							-7.883548472236901,
							-0.013443477667531924
						],
						"orientation": [
							-0.019860006028053587,
							0.000375116599117944,
							-0.936990715819048,
							0.34878910234841176
						],
						"linear": [
							-0.001011532498523593,
							0.0,
							0.0
						],
						"angular": [
							0.0,
							0.0,
							0.0018801396945491433
						]
					},
					"aabb": [
						123.7281201368532,
						140.78470756111793,
						-0.01179476138329393,
						124.71059905821669,
						141.71447054988607,
						0.16286346792595702
					],
					"joint_state": {
						"position": [
							-1.2745,
							4.9887,
							1.0292,
							-5.9837,
							1.0175,
							-1.1145,
							0.0
						],
						"velocity": [
							-0.0016,
							-0.0003,
							-0.0141,
							0.0139,
							-0.0005,
							0.0142,
							0.0
						],
						"effort": [
							0.0,
							0.0,
							0.0,
							0.0,
							0.0,
							0.0,
							0.0
						]
					},
					"lift_state": "lift_down"
				}
			}
		},
		"objects": {
			"Rack": {
				"Rack_02": {
					"name": "Rack_02",
					"pose": {
						"translation": [
							133.05699157714844,
							143.09999084472656,
							0.19921104609966278
						],
						"rotation": [
							0.983835756778717,
							0.1790735274553299,
							-4.97384462505579e-08,
							9.080395102500916e-09
						]
					}
				}
			}
		},
		"relationships": {
			"L-Rack": [
				[
					"AMR_LIFT01",
					"none"
				]
			]
		}
	},
	"timestamp_3": {
		"robots": {
			"ARMLIFT": {
				"AMR_LIFT01": {
					"name": "AMR_LIFT01",
					"pose": {
						"translation": [
							139.6238555908203,
							142.4154510498047,
							0.06200508028268814
						],
						"rotation": [
							-0.009443734772503376,
							-0.0035047060810029507,
							-0.9370493292808533,
							0.34905189275741577
						]
					},
					"odometry": {
						"position": [
							0.5948175517146064,
							-7.883880486281669,
							-0.01344548109467208
						],
						"orientation": [
							-0.019866820550607824,
							0.00039224703007061654,
							-0.9368769722774859,
							0.34909410536365204
						],
						"linear": [
							-0.0005995007231831551,
							0.0,
							0.0
						],
						"angular": [
							0.0,
							0.0,
							-0.006129344459623098
						]
					},
					"aabb": [
						123.72819597721133,
						140.78450190708648,
						-0.011817616249028889,
						124.71053482468791,
						141.71446913515263,
						0.16284962475316966
					],
					"joint_state": {
						"position": [
							-1.2731,
							4.9889,
							1.0195,
							-5.9783,
							1.006,
							-1.1095,
							0.0
						],
						"velocity": [
							-0.0046,
							-0.0106,
							-0.0002,
							-0.0197,
							0.0443,
							-0.0036,
							0.0
						],
						"effort": [
							0.0,
							0.0,
							0.0,
							0.0,
							0.0,
							0.0,
							0.0
						]
					},
					"lift_state": "lift_down"
				}
			}
		},
		"objects": {
			"Rack": {
				"Rack_02": {
					"name": "Rack_02",
					"pose": {
						"translation": [
							133.05699157714844,
							143.09999084472656,
							0.19921104609966278
						],
						"rotation": [
							0.983835756778717,
							0.1790735274553299,
							-4.97384462505579e-08,
							9.080395102500916e-09
						]
					}
				}
			}
		},
		"relationships": {
			"L-Rack": [
				[
					"AMR_LIFT01",
					"none"
				]
			]
		}
	},
	"timestamp_4": {
		"robots": {
			"ARMLIFT": {
				"AMR_LIFT01": {
					"name": "AMR_LIFT01",
					"pose": {
						"translation": [
							139.62379455566406,
							142.41552734375,
							0.06200813129544258
						],
						"rotation": [
							-0.00945083424448967,
							-0.0034995898604393005,
							-0.9370541572570801,
							0.34903883934020996
						]
					},