{
	"timestamp_0": {
		"robots": {
			"ARMLIFT": {
				"AMR_LIFT01": {
					"name": "AMR_LIFT01",
					"pose": {
						"translation": [
							139.6186981201172,
							142.43736267089844,
							0.06200393661856651
						],
						"rotation": [
							-0.009434967301785946,
							-0.003545901505276561,
							-0.9357151389122009,
							0.3526126444339752
						]
					},
					"odometry": {
						"position": [
							0.5896614020432308,
							-7.861956890945661,
							-0.013331279084144006
						],
						"orientation": [
							-0.01984315706744466,
							0.0003906643743181655,
							-0.9355428863646662,
							0.352655078329255
						],
						"linear": [
							0.005429336801171303,
							0.0,
							0.0
						],
						"angular": [
							0.0,
							0.0,
							0.0004573540936689824
						]
					},
					"aabb": [
						123.73546546807364,
						140.7597454728695,
						-0.01432709079036468,
						124.71552143151268,
						141.69302077457158,
						0.16289200889194322
					],
					"joint_state": {
						"position": [
							-1.4498,
							4.8547,
							1.0631,
							-5.8181,
							1.0296,
							-0.9256,
							0.0
						],
						"velocity": [
							-0.0091,
							0.0174,
							-0.029,
							0.0108,
							-0.0088,
							-0.0015,
							0.0
						],
						"effort": [
							0.0,
							0.0,
							0.0,
							0.0,
							0.0,
							0.0,
							0.0
						]
					},
					"lift_state": "lift_down"
				}
			}
		},
		"objects": {
			"Rack": {
				"Rack_02": {
					"name": "Rack_02",
					"pose": {
						"translation": [
							133.05699157714844,
							143.09999084472656,
							0.19921104609966278
						],
						"rotation": [
							0.983835756778717,
							0.1790735274553299,
							-4.97384462505579e-08,
							9.080395102500916e-09
						]
					}
				}
			}
		},
		"relationships": {
			"L-Rack": [
				[
					"AMR_LIFT01",
					"none"
				]
			]
		}
	},
	"timestamp_1": {
		"robots": {
			"ARMLIFT": {
				"AMR_LIFT01": {
					"name": "AMR_LIFT01",
					"pose": {
						"translation": [
							139.61927795410156,
							142.4368438720703,
							0.06200267747044563
						],
						"rotation": [
							-0.00943184643983841,
							-0.0035485082771629095,
							-0.9357150197029114,
							0.3526131510734558
						]
					},
					"odometry": {
						"position": [
							0.5901983431107914,
							-7.86252327555539,
							-0.013346168177096579
						],
						"orientation": [
							-0.019832865543504063,
							0.0003818343193810276,
							-0.935544005623828,
							0.35265269769024743
						],
						"linear": [
							-0.004898468032479286,
							0.0,
							0.0
						],
						"angular": [
							0.0,
							0.0,
							0.0006573106511496007
						]
					},
					"aabb": [
						123.73516320861377,
						140.76044327509516,
						-0.01428182721220292,
						124.71523925530153,
						141.6936911548742,
						0.16289415418820194
					],
					"joint_state": {
						"position": [
							-1.4482,
							4.856,
							1.0483,
							-5.815,
							1.0291,
							-0.9277,
							0.0
						],
						"velocity": [
							-0.0028,
							-0.0034,
							0.1544,
							0.0538,
							0.198,
							0.0693,
							0.0
						],
						"effort": [
							0.0,
							0.0,
							0.0,
							0.0,
							0.0,
							0.0,
							0.0
						]
					},
					"lift_state": "lift_down"
				}
			}
		},
		"objects": {
			"Rack": {
				"Rack_02": {
					"name": "Rack_02",
					"pose": {
						"translation": [
							133.05699157714844,
							143.09999084472656,
							0.19921104609966278
						],
						"rotation": [
							0.983835756778717,
							0.1790735274553299,
							-4.97384462505579e-08,
							9.080395102500916e-09
						]
					}
				}
			}
		},
		"relationships": {
			"L-Rack": [
				[
					"AMR_LIFT01",
					"none"
				]
			]
		}
	},
	"timestamp_2": {
		"robots": {
			"ARMLIFT": {
				"AMR_LIFT01": {
					"name": "AMR_LIFT01",
					"pose": {
						"translation": [
							139.61990356445312,
							142.43582153320312,
							0.06199966371059418
						],
						"rotation": [
							-0.009431684389710426,
							-0.003552172100171447,
							-0.9357994198799133,
							0.3523890972137451
						]
					},
					"odometry": {
						"position": [
							0.590872026466252,
							-7.863509572473229,
							-0.013362523434828041
						],
						"orientation": [
							-0.019840811029805346,
							0.0003819070131932432,
							-0.9356271984562993,
							0.3524314711735173
						],
						"linear": [
							0.00048021887778304517,
							0.0,
							0.0
						],
						"angular": [
							0.0,
							0.0,
							0.0003102241607848555
						]
					},
					"aabb": [
						123.73465241608491,
						140.7609104843705,
						-0.014249564504905887,
						124.7147520385385,
						141.6941265090569,
						0.1628944420617069
					],
					"joint_state": {
						"position": [
							-1.4478,
							4.8551,
							1.0624,
							-5.8253,
							1.0455,
							-0.9369,
							0.0
						],
						"velocity": [
							0.0035,
							-0.0042,
							0.0233,
							-0.0342,
							0.0696,
							-0.0302,
							0.0
						],
						"effort": [
							0.0,
							0.0,
							0.0,
							0.0,
							0.0,
							0.0,
							0.0
						]
					},
					"lift_state": "lift_down"
				}
			}
		},
		"objects": {
			"Rack": {
				"Rack_02": {
					"name": "Rack_02",
					"pose": {
						"translation": [
							133.05699157714844,
							143.09999084472656,
							0.19921104609966278
						],
						"rotation": [
							0.983835756778717,
							0.1790735274553299,
							-4.97384462505579e-08,
							9.080395102500916e-09
						]
					}
				}
			}
		},
		"relationships": {
			"L-Rack": [
				[
					"AMR_LIFT01",
					"none"
				]
			]
		}
	},
	"timestamp_3": {
		"robots": {
			"ARMLIFT": {
				"AMR_LIFT01": {
					"name": "AMR_LIFT01",
					"pose": {
						"translation": [
							139.62020874023438,
							142.43557739257812,
							0.062002066522836685
						],
						"rotation": [
							-0.009436007589101791,
							-0.0035460572689771652,
							-0.9357163310050964,
							0.3526094853878021
						]
					},
					"odometry": {
						"position": [
							0.5911356625551504,
							-7.863607212748582,
							-0.01336729823918694
						],
						"orientation": [
							-0.0198407833010002,
							0.00038747459567129724,
							-0.9355464268772263,
							0.3526458228005759
						],
						"linear": [
							-0.0021007226314395666,
							0.0,
							0.0
						],
						"angular": [
							0.0,
							0.0,
							0.0003572784480638802
						]
					},
					"aabb": [
						123.73403881376446,
						140.76160455715845,
						-0.01421180904984354,
						124.7140348142774,
						141.69496557703232,
						0.1628884324929199
					],
					"joint_state": {
						"position": [
							-1.4474,
							4.8555,
							1.0571,
							-5.8245,
							1.0388,
							-0.9365,
							0.0
						],
						"velocity": [
							-0.0299,
							-0.0298,
							-0.0353,
							-0.0185,
							0.0573,
							0.0242,
							0.0
						],
						"effort": [
							0.0,
							0.0,
							0.0,
							0.0,
							0.0,
							0.0,
							0.0
						]
					},
					"lift_state": "lift_down"
				}
			}
		},
		"objects": {
			"Rack": {
				"Rack_02": {
					"name": "Rack_02",
					"pose": {
						"translation": [
							133.05699157714844,
							143.09999084472656,
							0.19921104609966278
						],
						"rotation": [
							0.983835756778717,
							0.1790735274553299,
							-4.97384462505579e-08,
							9.080395102500916e-09
						]
					}
				}
			}
		},
		"relationships": {
			"L-Rack": [
				[
					"AMR_LIFT01",
					"none"
				]
			]
		}
	},
	"timestamp_4": {
		"robots": {
			"ARMLIFT": {
				"AMR_LIFT01": {
					"name": "AMR_LIFT01",
					"pose": {
						"translation": [
							139.62030029296875,
							142.4354248046875,
							0.06200248748064041
						],
						"rotation": [
							-0.00943091232329607,
							-0.003553136484697461,
							-0.9357214570045471,
							0.35259586572647095
						]
					},