{
	"timestamp_0": {
		"robots": {
			"ARMLIFT": {
				"AMR_LIFT01": {
					"name": "AMR_LIFT01",
					"pose": {
						"translation": [
							139.60302734375,
							142.51806640625,
							0.06200752034783363
						],
						"rotation": [
							-0.009425653144717216,
							-0.0037349765188992023,
							-0.9297274947166443,
							0.3681090176105499
						]
					},
					"odometry": {
						"position": [
							0.5739970617130444,
							-7.781254431257369,
							-0.01297687044009008
						],
						"orientation": [
							-0.019766992555121026,
							0.00037397967586196875,
							-0.9295552967116435,
							0.3681522463599217
						],
						"linear": [
							-0.0010852506384253502,
							0.0,
							0.0
						],
						"angular": [
							0.0,
							0.0,
							0.0016672663623467088
						]
					},
					"aabb": [
						123.76094228409927,
						140.66731662696546,
						-0.01383839519840466,
						124.73058817038086,
						141.61408674324102,
						0.16306171455619553
					],
					"joint_state": {
						"position": [
							-2.0643,
							4.4014,
							1.181,
							-5.3175,
							1.2016,
							-0.4727,
							0.0
						],
						"velocity": [
							-0.0167,
							0.0159,
							-0.0277,
							0.2298,
							-0.0782,
							0.1416,
							0.0
						],
						"effort": [
							0.0,
							0.0,
							0.0,
							0.0,
							0.0,
							0.0,
							0.0
						]
					},
					"lift_state": "lift_down"
				}
			}
		},
		"objects": {
			"Rack": {
				"Rack_02": {
					"name": "Rack_02",
					"pose": {
						"translation": [
							133.05699157714844,
							143.09999084472656,
							0.19921104609966278
						],
						"rotation": [
							0.983835756778717,
							0.1790735274553299,
							-4.97384462505579e-08,
							9.080395102500916e-09
						]
					}
				}
			}
		},
		"relationships": {
			"L-Rack": [
				[
					"AMR_LIFT01",
					"none"
				]
			]
		}
	},
	"timestamp_1": {
		"robots": {
			"ARMLIFT": {
				"AMR_LIFT01": {
					"name": "AMR_LIFT01",
					"pose": {
						"translation": [
							139.60342407226562,
							142.51759338378906,
							0.062007103115320206
						],
						"rotation": [
							-0.009434337727725506,
							-0.0037102168425917625,
							-0.9297850728034973,
							0.3679635226726532
						]
					},
					"odometry": {
						"position": [
							0.5743876055972049,
							-7.781732927923381,
							-0.012986003036097244
						],
						"orientation": [
							-0.01977632031528461,
							0.0003971189931632978,
							-0.9296128028827524,
							0.3680064893011611
						],
						"linear": [
							-0.0019758930429816246,
							0.0,
							0.0
						],
						"angular": [
							0.0,
							0.0,
							-0.0008179654250852764
						]
					},
					"aabb": [
						123.76076532071812,
						140.66768659726733,
						-0.013827398677719841,
						124.73039111656018,
						141.6144802236707,
						0.16305485007787252
					],
					"joint_state": {
						"position": [
							-2.0636,
							4.4023,
							1.1874,
							-5.3219,
							1.2034,
							-0.4785,
							0.0
						],
						"velocity": [
							0.0627,
							0.0624,
							-0.1927,
							-0.0293,
							0.1936,
							0.1027,
							0.0
						],
						"effort": [
							0.0,
							0.0,
							0.0,
							0.0,
							0.0,
							0.0,
							0.0
						]
					},
					"lift_state": "lift_down"
				}
			}
		},
		"objects": {
			"Rack": {
				"Rack_02": {
					"name": "Rack_02",
					"pose": {
						"translation": [
							133.05699157714844,
							143.09999084472656,
							0.19921104609966278
						],
						"rotation": [
							0.983835756778717,
							0.1790735274553299,
							-4.97384462505579e-08,
							9.080395102500916e-09
						]
					}
				}
			}
		},
		"relationships": {
			"L-Rack": [
				[
					"AMR_LIFT01",
					"none"
				]
			]
		}
	},
	"timestamp_2": {
		"robots": {
			"ARMLIFT": {
				"AMR_LIFT01": {
					"name": "AMR_LIFT01",
					"pose": {
						"translation": [
							139.60374450683594,
							142.517822265625,
							0.06199970096349716
						],
						"rotation": [
							-0.009426943957805634,
							-0.003728089854121208,
							-0.9299051761627197,
							0.3676597774028778
						]
					},
					"odometry": {
						"position": [
							0.5747096145492421,
							-7.781498549939131,
							-0.013000559792981847
						],
						"orientation": [
							-0.019770272000504865,
							0.00037586922162691395,
							-0.9297329714733825,
							0.3677031368136924
						],
						"linear": [
							-0.006711161695420742,
							0.0,
							0.0
						],
						"angular": [
							0.0,
							0.0,
							-0.0010330877266824245
						]
					},
					"aabb": [
						123.76002323427093,
						140.6678015274065,
						-0.013851230857581514,
						124.72996387304772,
						141.61422373491777,
						0.1630559698907388
					],
					"joint_state": {
						"position": [
							-2.0615,
							4.4033,
							1.2017,
							-5.322,
							1.2072,
							-0.4731,
							0.0
						],
						"velocity": [
							-0.0026,
							-0.0026,
							-0.0052,
							0.0192,
							0.003,
							-0.0014,
							0.0
						],
						"effort": [
							0.0,
							0.0,
							0.0,
							0.0,
							0.0,
							0.0,
							0.0
						]
					},
					"lift_state": "lift_down"
				}
			}
		},
		"objects": {
			"Rack": {
				"Rack_02": {
					"name": "Rack_02",
					"pose": {
						"translation": [
							133.05699157714844,
							143.09999084472656,
							0.19921104609966278
						],
						"rotation": [
							0.983835756778717,
							0.1790735274553299,
							-4.97384462505579e-08,
							9.080395102500916e-09
						]
					}
				}
			}
		},
		"relationships": {
			"L-Rack": [
				[
					"AMR_LIFT01",
					"none"
				]
			]
		}
	},
	"timestamp_3": {
		"robots": {
			"ARMLIFT": {
				"AMR_LIFT01": {
					"name": "AMR_LIFT01",
					"pose": {
						"translation": [
							139.60397338867188,
							142.51756286621094,
							0.06201072409749031
						],
						"rotation": [
							-0.009434128180146217,
							-0.003750748001039028,
							-0.9299776554107666,
							0.36747613549232483
						]
					},
					"odometry": {
						"position": [
							0.5749344278677716,
							-7.781771954299733,
							-0.012994550749575458
						],
						"orientation": [
							-0.019778261753340007,
							0.0003511690921957751,
							-0.9298053488365142,
							0.3675196733744921
						],
						"linear": [
							-0.0009029186912812293,
							0.0,
							0.0
						],
						"angular": [
							0.0,
							0.0,
							-0.0015822186833247542
						]
					},
					"aabb": [
						123.76011431979767,
						140.6677497519968,
						-0.013865341181317397,
						124.73014628910192,
						141.61406509993435,
						0.16306384898927712
					],
					"joint_state": {
						"position": [
							-2.0626,
							4.4047,
							1.2133,
							-5.3268,
							1.218,
							-0.4801,
							0.0
						],
						"velocity": [
							0.0069,
							-0.0039,
							0.2761,
							-0.2228,
							0.021,
							-0.0204,
							0.0
						],
						"effort": [
							0.0,
							0.0,
							0.0,
							0.0,
							0.0,
							0.0,
							0.0
						]
					},
					"lift_state": "lift_down"
				}
			}
		},
		"objects": {
			"Rack": {
				"Rack_02": {
					"name": "Rack_02",
					"pose": {
						"translation": [
							133.05699157714844,
							143.09999084472656,
							0.19921104609966278
						],
						"rotation": [
							0.983835756778717,
							0.1790735274553299,
							-4.97384462505579e-08,
							9.080395102500916e-09
						]
					}
				}
			}
		},
		"relationships": {
			"L-Rack": [
				[
					"AMR_LIFT01",
					"none"
				]
			]
		}
	},
	"timestamp_4": {
		"robots": {
			"ARMLIFT": {
				"AMR_LIFT01": {
					"name": "AMR_LIFT01",
					"pose": {
						"translation": [
							139.60462951660156,
							142.51693725585938,
							0.06200633943080902
						],
						"rotation": [
							-0.009446607902646065,
							-0.0037181333173066378,
							-0.9299421906471252,
							0.3675656318664551
						]
					},