{
	"timestamp_0": {
		"robots": {
			"ARMLIFT": {
				"AMR_LIFT01": {
					"name": "AMR_LIFT01",
					"pose": {
						"translation": [
							139.5742950439453,
							142.58935546875,
							0.06200607120990753
						],
						"rotation": [
							-0.009300557896494865,
							-0.003694445826113224,
							-0.9286043047904968,
							0.3709368407726288
						]
					},
					"odometry": {
						"position": [
							0.5452601715937647,
							-7.709976522708823,
							-0.012336727029979018
						],
						"orientation": [
							-0.01962937043071329,
							0.00044596734632432726,
							-0.9284334736525507,
							0.3709794791239517
						],
						"linear": [
							-0.006521542090922594,
							0.0,
							0.0
						],
						"angular": [
							0.0,
							0.0,
							0.005617226008325815
						]
					},
					"aabb": [
						123.7916549730138,
						140.5940635658579,
						-0.011947748996464912,
						124.75928665399456,
						141.54313826391027,
						0.16316114101646317
					],
					"joint_state": {
						"position": [
							-2.4733,
							4.0958,
							0.8129,
							-4.7543,
							0.8103,
							0.1703,
							0.0
						],
						"velocity": [
							0.0879,
							0.046,
							-0.1487,
							0.087,
							-0.2179,
							0.0695,
							0.0
						],
						"effort": [
							0.0,
							0.0,
							0.0,
							0.0,
							0.0,
							0.0,
							0.0
						]
					},
					"lift_state": "lift_down"
				}
			}
		},
		"objects": {
			"Rack": {
				"Rack_02": {
					"name": "Rack_02",
					"pose": {
						"translation": [
							133.05699157714844,
							143.09999084472656,
							0.19921104609966278
						],
						"rotation": [
							0.983835756778717,
							0.1790735274553299,
							-4.97384462505579e-08,
							9.080395102500916e-09
						]
					}
				}
			}
		},
		"relationships": {
			"L-Rack": [
				[
					"AMR_LIFT01",
					"none"
				]
			]
		}
	},
	"timestamp_1": {
		"robots": {
			"ARMLIFT": {
				"AMR_LIFT01": {
					"name": "AMR_LIFT01",
					"pose": {
						"translation": [
							139.57395935058594,
							142.5895233154297,
							0.06200626119971275
						],
						"rotation": [
							-0.009284872561693192,
							-0.003732137382030487,
							-0.928510844707489,
							0.37117061018943787
						]
					},
					"odometry": {
						"position": [
							0.5449282164730677,
							-7.7098007584692505,
							-0.01232919286313655
						],
						"orientation": [
							-0.01961264430889166,
							0.00041087914161655,
							-0.9283402100823168,
							0.3712137251043712
						],
						"linear": [
							0.0029543559066951275,
							0.0,
							0.0
						],
						"angular": [
							0.0,
							0.0,
							0.005281268153339624
						]
					},
					"aabb": [
						123.79200286309693,
						140.59359171946645,
						-0.011968769774053725,
						124.75943831415415,
						141.54288835731504,
						0.16316632400804526
					],
					"joint_state": {
						"position": [
							-2.4731,
							4.0953,
							0.8018,
							-4.7507,
							0.8135,
							0.1682,
							0.0
						],
						"velocity": [
							-0.028,
							-0.029,
							0.0324,
							0.0416,
							0.2935,
							-0.1267,
							0.0
						],
						"effort": [
							0.0,
							0.0,
							0.0,
							0.0,
							0.0,
							0.0,
							0.0
						]
					},
					"lift_state": "lift_down"
				}
			}
		},
		"objects": {
			"Rack": {
				"Rack_02": {
					"name": "Rack_02",
					"pose": {
						"translation": [
							133.05699157714844,
							143.09999084472656,
							0.19921104609966278
						],
						"rotation": [
							0.983835756778717,
							0.1790735274553299,
							-4.97384462505579e-08,
							9.080395102500916e-09
						]
					}
				}
			}
		},
		"relationships": {
			"L-Rack": [
				[
					"AMR_LIFT01",
					"none"
				]
			]
		}
	},
	"timestamp_2": {
		"robots": {
			"ARMLIFT": {
				"AMR_LIFT01": {
					"name": "AMR_LIFT01",
					"pose": {
						"translation": [
							139.5740509033203,
							142.58938598632812,
							0.06200309470295906
						],
						"rotation": [
							-0.009279427118599415,
							-0.0037180257495492697,
							-0.9284698367118835,
							0.37127354741096497
						]
					},
					"odometry": {
						"position": [
							0.5450160237638695,
							-7.7099472446088155,
							-0.0123342638387433
						],
						"orientation": [
							-0.019606739191802534,
							0.0004261344566985135,
							-0.9282992764488651,
							0.371316371214902
						],
						"linear": [
							0.001375440158881247,
							0.0,
							0.0
						],
						"angular": [
							0.0,
							0.0,
							0.0023221527226269245
						]
					},
					"aabb": [
						123.7922172670271,
						140.59357775700101,
						-0.01196358574557814,
						124.75958982580295,
						141.54294455686014,
						0.163168810732133
					],
					"joint_state": {
						"position": [
							-2.473,
							4.096,
							0.7781,
							-4.741,
							0.7869,
							0.1763,
							0.0
						],
						"velocity": [
							-0.004,
							-0.0027,
							0.0767,
							-0.0161,
							-0.0259,
							0.0227,
							0.0
						],
						"effort": [
							0.0,
							0.0,
							0.0,
							0.0,
							0.0,
							0.0,
							0.0
						]
					},
					"lift_state": "lift_down"
				}
			}
		},
		"objects": {
			"Rack": {
				"Rack_02": {
					"name": "Rack_02",
					"pose": {
						"translation": [
							133.05699157714844,
							143.09999084472656,
							0.19921104609966278
						],
						"rotation": [
							0.983835756778717,
							0.1790735274553299,
							-4.97384462505579e-08,
							9.080395102500916e-09
						]
					}
				}
			}
		},
		"relationships": {
			"L-Rack": [
				[
					"AMR_LIFT01",
					"none"
				]
			]
		}
	},
	"timestamp_3": {
		"robots": {
			"ARMLIFT": {
				"AMR_LIFT01": {
					"name": "AMR_LIFT01",
					"pose": {
						"translation": [
							139.57411193847656,
							142.58917236328125,
							0.06199992820620537
						],
						"rotation": [
							-0.00927481334656477,
							-0.0037097821477800608,
							-0.9284563064575195,
							0.37130728363990784
						]
					},
					"odometry": {
						"position": [
							0.5450843059773942,
							-7.710152325806013,
							-0.012338979997619721
						],
						"orientation": [
							-0.0196019810232815,
							0.0004347539926552912,
							-0.9282858055387966,
							0.3713502882240923
						],
						"linear": [
							-0.0007280917488969862,
							0.0,
							0.0
						],
						"angular": [
							0.0,
							0.0,
							0.000773613981436938
						]
					},
					"aabb": [
						123.79220492739856,
						140.59373184595543,
						-0.01197590597752852,
						124.75949484317326,
						141.54318902166924,
						0.16314565942870476
					],
					"joint_state": {
						"position": [
							-2.4721,
							4.0975,
							0.7664,
							-4.7394,
							0.7861,
							0.1734,
							0.0
						],
						"velocity": [
							0.0024,
							-0.0048,
							0.0055,
							-0.0126,
							0.0093,
							0.0002,
							0.0
						],
						"effort": [
							0.0,
							0.0,
							0.0,
							0.0,
							0.0,
							0.0,
							0.0
						]
					},
					"lift_state": "lift_down"
				}
			}
		},
		"objects": {
			"Rack": {
				"Rack_02": {
					"name": "Rack_02",
					"pose": {
						"translation": [
							133.05699157714844,
							143.09999084472656,
							0.19921104609966278
						],
						"rotation": [
							0.983835756778717,
							0.1790735274553299,
							-4.97384462505579e-08,
							9.080395102500916e-09
						]
					}
				}
			}
		},
		"relationships": {
			"L-Rack": [
				[
					"AMR_LIFT01",
					"none"
				]
			]
		}
	},
	"timestamp_4": {
		"robots": {
			"ARMLIFT": {
				"AMR_LIFT01": {
					"name": "AMR_LIFT01",
					"pose": {
						"translation": [
							139.57444763183594,
							142.5887908935547,
							0.06200679764151573
						],
						"rotation": [
							-0.009285733103752136,
							-0.0036931547801941633,
							-0.9284013509750366,
							0.3714449107646942
						]
					},