{
	"timestamp_0": {
		"robots": {
			"ARMLIFT": {
				"AMR_LIFT01": {
					"name": "AMR_LIFT01",
					"pose": {
						"translation": [
							139.577392578125,
							142.58218383789062,
							0.062016066163778305
						],
						"rotation": [
							-0.009275529533624649,
							-0.0037228993605822325,
							-0.9284409284591675,
							0.37134575843811035
						]
					},
					"odometry": {
						"position": [
							0.5483847266231786,
							-7.717115046784137,
							-0.012408525651795512
						],
						"orientation": [
							-0.01959666707079115,
							0.00045085295089590635,
							-0.9282803960799444,
							0.37136407153222956
						],
						"linear": [
							0.0016830910462886095,
							0.0,
							0.0
						],
						"angular": [
							0.0,
							0.0,
							0.0020219769794493914
						]
					},
					"aabb": [
						123.78893959352341,
						140.60076642056288,
						-0.012250929990468293,
						124.756212852946,
						141.5502409047955,
						0.16315181853746352
					],
					"joint_state": {
						"position": [
							-2.4428,
							4.1202,
							0.7145,
							-4.736,
							0.7369,
							0.1658,
							0.0
						],
						"velocity": [
							0.0017,
							0.0084,
							-0.0602,
							0.0199,
							-0.0334,
							-0.054,
							0.0
						],
						"effort": [
							0.0,
							0.0,
							0.0,
							0.0,
							0.0,
							0.0,
							0.0
						]
					},
					"lift_state": "lift_down"
				}
			}
		},
		"objects": {
			"Rack": {
				"Rack_02": {
					"name": "Rack_02",
					"pose": {
						"translation": [
							133.05699157714844,
							143.09999084472656,
							0.19921104609966278
						],
						"rotation": [
							0.983835756778717,
							0.1790735274553299,
							-4.97384462505579e-08,
							9.080395102500916e-09
						]
					}
				}
			}
		},
		"relationships": {
			"L-Rack": [
				[
					"AMR_LIFT01",
					"none"
				]
			]
		}
	},
	"timestamp_1": {
		"robots": {
			"ARMLIFT": {
				"AMR_LIFT01": {
					"name": "AMR_LIFT01",
					"pose": {
						"translation": [
							139.57669067382812,
							142.58282470703125,
							0.061999816447496414
						],
						"rotation": [
							-0.00925642903894186,
							-0.003702057059854269,
							-0.9284108877182007,
							0.3714216351509094
						]
					},
					"odometry": {
						"position": [
							0.5476621240083366,
							-7.716499857827801,
							-0.012396606227407738
						],
						"orientation": [
							-0.01958308505233744,
							0.00044374998551983144,
							-0.9282405988679701,
							0.37146426002916616
						],
						"linear": [
							0.004567827098071575,
							0.0,
							0.0
						],
						"angular": [
							0.0,
							0.0,
							0.0037401318550109863
						]
					},
					"aabb": [
						123.78950935835078,
						140.6002337737494,
						-0.012248711747140291,
						124.75672501657746,
						141.54976940711433,
						0.16312741668369765
					],
					"joint_state": {
						"position": [
							-2.442,
							4.1196,
							0.693,
							-4.7319,
							0.7181,
							0.1643,
							0.0
						],
						"velocity": [
							-0.1098,
							-0.0928,
							-0.0824,
							-0.0895,
							-0.053,
							-0.0872,
							0.0
						],
						"effort": [
							0.0,
							0.0,
							0.0,
							0.0,
							0.0,
							0.0,
							0.0
						]
					},
					"lift_state": "lift_down"
				}
			}
		},
		"objects": {
			"Rack": {
				"Rack_02": {
					"name": "Rack_02",
					"pose": {
						"translation": [
							133.05699157714844,
							143.09999084472656,
							0.19921104609966278
						],
						"rotation": [
							0.983835756778717,
							0.1790735274553299,
							-4.97384462505579e-08,
							9.080395102500916e-09
						]
					}
				}
			}
		},
		"relationships": {
			"L-Rack": [
				[
					"AMR_LIFT01",
					"none"
				]
			]
		}
	},
	"timestamp_2": {
		"robots": {
			"ARMLIFT": {
				"AMR_LIFT01": {
					"name": "AMR_LIFT01",
					"pose": {
						"translation": [
							139.57664489746094,
							142.58233642578125,
							0.06200404837727547
						],
						"rotation": [
							-0.009264866821467876,
							-0.0036931221839040518,
							-0.9284160137176514,
							0.371408611536026
						]
					},
					"odometry": {
						"position": [
							0.5476036642123888,
							-7.716988134834852,
							-0.01239110210805188
						],
						"orientation": [
							-0.019591584790207166,
							0.0004525399906511443,
							-0.928245580138322,
							0.37145135343222974
						],
						"linear": [
							-0.0022640125826001167,
							0.0,
							0.0
						],
						"angular": [
							0.0,
							0.0,
							0.0023609695490449667
						]
					},
					"aabb": [
						123.78961468233611,
						140.60048556531163,
						-0.012255834519842867,
						124.75682276096107,
						141.5500345343966,
						0.16314839598939276
					],
					"joint_state": {
						"position": [
							-2.4404,
							4.1204,
							0.6981,
							-4.7376,
							0.7187,
							0.1615,
							0.0
						],
						"velocity": [
							0.0281,
							0.0139,
							-0.0921,
							0.0377,
							-0.2228,
							0.0337,
							0.0
						],
						"effort": [
							0.0,
							0.0,
							0.0,
							0.0,
							0.0,
							0.0,
							0.0
						]
					},
					"lift_state": "lift_down"
				}
			}
		},
		"objects": {
			"Rack": {
				"Rack_02": {
					"name": "Rack_02",
					"pose": {
						"translation": [
							133.05699157714844,
							143.09999084472656,
							0.19921104609966278
						],
						"rotation": [
							0.983835756778717,
							0.1790735274553299,
							-4.97384462505579e-08,
							9.080395102500916e-09
						]
					}
				}
			}
		},
		"relationships": {
			"L-Rack": [
				[
					"AMR_LIFT01",
					"none"
				]
			]
		}
	},
	"timestamp_3": {
		"robots": {
			"ARMLIFT": {
				"AMR_LIFT01": {
					"name": "AMR_LIFT01",
					"pose": {
						"translation": [
							139.57693481445312,
							142.58164978027344,
							0.061999015510082245
						],
						"rotation": [
							-0.009250663220882416,
							-0.003703263821080327,
							-0.9283368587493896,
							0.37160685658454895
						]
					},
					"odometry": {
						"position": [
							0.5479062470739272,
							-7.717671723829499,
							-0.012402908200165675
						],
						"orientation": [
							-0.019576490587490544,
							0.00044460347440565247,
							-0.9281666325649036,
							0.37164938522370256
						],
						"linear": [
							-0.01248103380203247,
							0.0,
							0.0
						],
						"angular": [
							0.0,
							0.0,
							-0.00020869837317150086
						]
					},
					"aabb": [
						123.78947231286054,
						140.60107115405236,
						-0.012285034207326049,
						124.75655872799337,
						141.5507517303128,
						0.16312187845794507
					],
					"joint_state": {
						"position": [
							-2.4386,
							4.1216,
							0.6764,
							-4.7301,
							0.7031,
							0.1627,
							0.0
						],
						"velocity": [
							0.1059,
							0.1058,
							-0.0058,
							-0.0101,
							-0.0459,
							-0.0411,
							0.0
						],
						"effort": [
							0.0,
							0.0,
							0.0,
							0.0,
							0.0,
							0.0,
							0.0
						]
					},
					"lift_state": "lift_down"
				}
			}
		},
		"objects": {
			"Rack": {
				"Rack_02": {
					"name": "Rack_02",
					"pose": {
						"translation": [
							133.05699157714844,
							143.09999084472656,
							0.19921104609966278
						],
						"rotation": [
							0.983835756778717,
							0.1790735274553299,
							-4.97384462505579e-08,
							9.080395102500916e-09
						]
					}
				}
			}
		},
		"relationships": {
			"L-Rack": [
				[
					"AMR_LIFT01",
					"none"
				]
			]
		}
	},
	"timestamp_4": {
		"robots": {
			"ARMLIFT": {
				"AMR_LIFT01": {
					"name": "AMR_LIFT01",
					"pose": {
						"translation": [
							139.57696533203125,
							142.58135986328125,
							0.06200855225324631
						],
						"rotation": [
							-0.00925335194915533,
							-0.0037211214657872915,
							-0.928293764591217,
							0.3717139959335327
						]
					},