{
	"timestamp_0": {
		"robots": {
			"ARMLIFT": {
				"AMR_LIFT01": {
					"name": "AMR_LIFT01",
					"pose": {
						"translation": [
							139.58053588867188,
							142.5746612548828,
							0.062003057450056076
						],
						"rotation": [
							-0.009320123121142387,
							-0.003746588947251439,
							-0.9281579852104187,
							0.3720512092113495
						]
					},
					"odometry": {
						"position": [
							0.5515875011049891,
							-7.724888326452105,
							-0.01247846557053862
						],
						"orientation": [
							-0.019651628148006174,
							0.0004306434058316573,
							-0.9279506954755711,
							0.3721842753580458
						],
						"linear": [
							0.0015067746862769127,
							0.0,
							0.0
						],
						"angular": [
							0.0,
							0.0,
							-0.0020301348995417356
						]
					},
					"aabb": [
						123.78627698281512,
						140.6078352006396,
						-0.012525480028346015,
						124.75297639531101,
						141.5579818077641,
						0.1631357163560404
					],
					"joint_state": {
						"position": [
							-2.398,
							4.1565,
							0.9328,
							-4.8534,
							0.9433,
							0.0294,
							0.0
						],
						"velocity": [
							0.0165,
							-0.0095,
							0.051,
							-0.0206,
							0.0375,
							-0.0216,
							0.0
						],
						"effort": [
							0.0,
							0.0,
							0.0,
							0.0,
							0.0,
							0.0,
							0.0
						]
					},
					"lift_state": "lift_down"
				}
			}
		},
		"objects": {
			"Rack": {
				"Rack_02": {
					"name": "Rack_02",
					"pose": {
						"translation": [
							133.05699157714844,
							143.09999084472656,
							0.19921104609966278
						],
						"rotation": [
							0.983835756778717,
							0.1790735274553299,
							-4.97384462505579e-08,
							9.080395102500916e-09
						]
					}
				}
			}
		},
		"relationships": {
			"L-Rack": [
				[
					"AMR_LIFT01",
					"none"
				]
			]
		}
	},
	"timestamp_1": {
		"robots": {
			"ARMLIFT": {
				"AMR_LIFT01": {
					"name": "AMR_LIFT01",
					"pose": {
						"translation": [
							139.5807342529297,
							142.57447814941406,
							0.062007103115320206
						],
						"rotation": [
							-0.009318571537733078,
							-0.0037571804132312536,
							-0.9281597137451172,
							0.3720468282699585
						]
					},
					"odometry": {
						"position": [
							0.551694928448797,
							-7.724849255142552,
							-0.012479322151275035
						],
						"orientation": [
							-0.019642419076860804,
							0.0003955830450025336,
							-0.9279886778288162,
							0.372090086818218
						],
						"linear": [
							0.0073670572601258755,
							0.0,
							0.0
						],
						"angular": [
							0.0,
							0.0,
							-0.0005880650714971125
						]
					},
					"aabb": [
						123.78599684524055,
						140.6080044721691,
						-0.012540875102170175,
						124.75288414988188,
						141.55793866088058,
						0.16314908996626515
					],
					"joint_state": {
						"position": [
							-2.3989,
							4.1561,
							0.9413,
							-4.8572,
							0.9418,
							0.0294,
							0.0
						],
						"velocity": [
							-0.0771,
							-0.057,
							-0.2241,
							0.03,
							-0.2202,
							0.0195,
							0.0
						],
						"effort": [
							0.0,
							0.0,
							0.0,
							0.0,
							0.0,
							0.0,
							0.0
						]
					},
					"lift_state": "lift_down"
				}
			}
		},
		"objects": {
			"Rack": {
				"Rack_02": {
					"name": "Rack_02",
					"pose": {
						"translation": [
							133.05699157714844,
							143.09999084472656,
							0.19921104609966278
						],
						"rotation": [
							0.983835756778717,
							0.1790735274553299,
							-4.97384462505579e-08,
							9.080395102500916e-09
						]
					}
				}
			}
		},
		"relationships": {
			"L-Rack": [
				[
					"AMR_LIFT01",
					"none"
				]
			]
		}
	},
	"timestamp_2": {
		"robots": {
			"ARMLIFT": {
				"AMR_LIFT01": {
					"name": "AMR_LIFT01",
					"pose": {
						"translation": [
							139.58065795898438,
							142.57472229003906,
							0.06200351566076279
						],
						"rotation": [
							-0.009323449805378914,
							-0.003744082059711218,
							-0.9282370209693909,
							0.37185370922088623
						]
					},
					"odometry": {
						"position": [
							0.5516167291760284,
							-7.724605125351478,
							-0.012481206486114116
						],
						"orientation": [
							-0.019648165576617544,
							0.0004065328394553916,
							-0.9280659439749728,
							0.3718970125644562
						],
						"linear": [
							-0.0026723486371338367,
							0.0,
							0.0
						],
						"angular": [
							0.0,
							0.0,
							0.0018674662569537759
						]
					},
					"aabb": [
						123.78590838001925,
						140.60796700391282,
						-0.012530829414223694,
						124.75280632634643,
						141.55788916236784,
						0.16313620730883518
					],
					"joint_state": {
						"position": [
							-2.398,
							4.1572,
							0.9415,
							-4.856,
							0.9457,
							0.0338,
							0.0
						],
						"velocity": [
							-0.0025,
							-0.0009,
							0.029,
							0.0021,
							0.0298,
							0.0015,
							0.0
						],
						"effort": [
							0.0,
							0.0,
							0.0,
							0.0,
							0.0,
							0.0,
							0.0
						]
					},
					"lift_state": "lift_down"
				}
			}
		},
		"objects": {
			"Rack": {
				"Rack_02": {
					"name": "Rack_02",
					"pose": {
						"translation": [
							133.05699157714844,
							143.09999084472656,
							0.19921104609966278
						],
						"rotation": [
							0.983835756778717,
							0.1790735274553299,
							-4.97384462505579e-08,
							9.080395102500916e-09
						]
					}
				}
			}
		},
		"relationships": {
			"L-Rack": [
				[
					"AMR_LIFT01",
					"none"
				]
			]
		}
	},
	"timestamp_3": {
		"robots": {
			"ARMLIFT": {
				"AMR_LIFT01": {
					"name": "AMR_LIFT01",
					"pose": {
						"translation": [
							139.58055114746094,
							142.57444763183594,
							0.06200702488422394
						],
						"rotation": [
							-0.009333698078989983,
							-0.0037184259854257107,
							-0.9282145500183105,
							0.3719099164009094
						]
					},
					"odometry": {
						"position": [
							0.5515191904042074,
							-7.724878561577447,
							-0.012475495097851686
						],
						"orientation": [
							-0.019658157705757382,
							0.0004328118787494011,
							-0.9280433842516154,
							0.3719527476122496
						],
						"linear": [
							0.006298422813415527,
							0.0,
							0.0
						],
						"angular": [
							0.0,
							0.0,
							-0.004776193294674158
						]
					},
					"aabb": [
						123.78601546524337,
						140.60804562620612,
						-0.01252429824369347,
						124.75293514625344,
						141.55794543363413,
						0.16314635004258018
					],
					"joint_state": {
						"position": [
							-2.3983,
							4.1567,
							0.9363,
							-4.8543,
							0.946,
							0.0285,
							0.0
						],
						"velocity": [
							-0.0657,
							-0.0331,
							0.1167,
							-0.0819,
							0.1552,
							-0.0663,
							0.0
						],
						"effort": [
							0.0,
							0.0,
							0.0,
							0.0,
							0.0,
							0.0,
							0.0
						]
					},
					"lift_state": "lift_down"
				}
			}
		},
		"objects": {
			"Rack": {
				"Rack_02": {
					"name": "Rack_02",
					"pose": {
						"translation": [
							133.05699157714844,
							143.09999084472656,
							0.19921104609966278
						],
						"rotation": [
							0.983835756778717,
							0.1790735274553299,
							-4.97384462505579e-08,
							9.080395102500916e-09
						]
					}
				}
			}
		},
		"relationships": {
			"L-Rack": [
				[
					"AMR_LIFT01",
					"none"
				]
			]
		}
	},
	"timestamp_4": {
		"robots": {
			"ARMLIFT": {
				"AMR_LIFT01": {
					"name": "AMR_LIFT01",
					"pose": {
						"translation": [
							139.5802764892578,
							142.574951171875,
							0.06201495975255966
						],
						"rotation": [
							-0.00933658704161644,
							-0.0037384715396910906,
							-0.9282503724098206,
							0.37182027101516724
						]
					},