{
	"timestamp_0": {
		"robots": {
			"ARMLIFT": {
				"AMR_LIFT01": {
					"name": "AMR_LIFT01",
					"pose": {
						"translation": [
							139.61962890625,
							142.46221923828125,
							0.06200050190091133
						],
						"rotation": [
							-0.009428270161151886,
							-0.003595940535888076,
							-0.9342743158340454,
							0.35641250014305115
						]
					},
					"odometry": {
						"position": [
							0.5905875261440494,
							-7.83711304930116,
							-0.013354655217302919
						],
						"orientation": [
							-0.019820370246131917,
							0.0003828972686534106,
							-0.9341021362548431,
							0.35645505376853137
						],
						"linear": [
							-3.996042869403027e-05,
							0.0,
							0.0
						],
						"angular": [
							0.0,
							0.0,
							0.0016676849918439984
						]
					},
					"aabb": [
						123.73681111461508,
						140.73213825534006,
						-0.014637211199926328,
						124.71448983574638,
						141.6687183393291,
						0.1629444982841232
					],
					"joint_state": {
						"position": [
							-1.6314,
							4.694,
							1.1047,
							-5.6357,
							1.0763,
							-0.7169,
							0.0
						],
						"velocity": [
							0.0312,
							0.0158,
							-0.0948,
							0.0712,
							-0.0737,
							0.041,
							0.0
						],
						"effort": [
							0.0,
							0.0,
							0.0,
							0.0,
							0.0,
							0.0,
							0.0
						]
					},
					"lift_state": "lift_down"
				}
			}
		},
		"objects": {
			"Rack": {
				"Rack_02": {
					"name": "Rack_02",
					"pose": {
						"translation": [
							133.05699157714844,
							143.09999084472656,
							0.19921104609966278
						],
						"rotation": [
							0.983835756778717,
							0.1790735274553299,
							-4.97384462505579e-08,
							9.080395102500916e-09
						]
					}
				}
			}
		},
		"relationships": {
			"L-Rack": [
				[
					"AMR_LIFT01",
					"none"
				]
			]
		}
	},
	"timestamp_1": {
		"robots": {
			"ARMLIFT": {
				"AMR_LIFT01": {
					"name": "AMR_LIFT01",
					"pose": {
						"translation": [
							139.6197967529297,
							142.46202087402344,
							0.061999816447496414
						],
						"rotation": [
							-0.009433647617697716,
							-0.0035954017657786608,
							-0.9343141317367554,
							0.3563079237937927
						]
					},
					"odometry": {
						"position": [
							0.5907632578667297,
							-7.8372985886023345,
							-0.01335927890096448
						],
						"orientation": [
							-0.019826193242761924,
							0.000382272926706871,
							-0.9341418931428191,
							0.3563505288398774
						],
						"linear": [
							-0.00630595488473773,
							0.0,
							0.0
						],
						"angular": [
							0.0,
							0.0,
							-0.0022832495160400867
						]
					},
					"aabb": [
						123.73687542920567,
						140.73236506874215,
						-0.014638929271647387,
						124.71450733066591,
						141.66900961539096,
						0.1629451314772137
					],
					"joint_state": {
						"position": [
							-1.6296,
							4.6951,
							1.1034,
							-5.6357,
							1.0905,
							-0.7194,
							0.0
						],
						"velocity": [
							-0.0023,
							-0.0029,
							0.3582,
							0.0431,
							0.045,
							-0.0099,
							0.0
						],
						"effort": [
							0.0,
							0.0,
							0.0,
							0.0,
							0.0,
							0.0,
							0.0
						]
					},
					"lift_state": "lift_down"
				}
			}
		},
		"objects": {
			"Rack": {
				"Rack_02": {
					"name": "Rack_02",
					"pose": {
						"translation": [
							133.05699157714844,
							143.09999084472656,
							0.19921104609966278
						],
						"rotation": [
							0.983835756778717,
							0.1790735274553299,
							-4.97384462505579e-08,
							9.080395102500916e-09
						]
					}
				}
			}
		},
		"relationships": {
			"L-Rack": [
				[
					"AMR_LIFT01",
					"none"
				]
			]
		}
	},
	"timestamp_2": {
		"robots": {
			"ARMLIFT": {
				"AMR_LIFT01": {
					"name": "AMR_LIFT01",
					"pose": {
						"translation": [
							139.61941528320312,
							142.46189880371094,
							0.062000274658203125
						],
						"rotation": [
							-0.009433155879378319,
							-0.0035964609123766422,
							-0.9343457221984863,
							0.35622507333755493
						]
					},
					"odometry": {
						"position": [
							0.5903727460865168,
							-7.83743532754534,
							-0.013350172254265649
						],
						"orientation": [
							-0.01982605345700618,
							0.0003802921117016262,
							-0.9341734882867816,
							0.35626770379075395
						],
						"linear": [
							0.004552773665636778,
							0.0,
							0.0
						],
						"angular": [
							0.0,
							0.0,
							0.003284256439656019
						]
					},
					"aabb": [
						123.73710184701048,
						140.7323084308165,
						-0.014633076014287072,
						124.71483421893514,
						141.66881679121352,
						0.16294420226159537
					],
					"joint_state": {
						"position": [
							-1.6294,
							4.6945,
							1.0976,
							-5.6334,
							1.0905,
							-0.7172,
							0.0
						],
						"velocity": [
							-0.0304,
							-0.0301,
							0.0699,
							0.018,
							-0.0963,
							0.0215,
							0.0
						],
						"effort": [
							0.0,
							0.0,
							0.0,
							0.0,
							0.0,
							0.0,
							0.0
						]
					},
					"lift_state": "lift_down"
				}
			}
		},
		"objects": {
			"Rack": {
				"Rack_02": {
					"name": "Rack_02",
					"pose": {
						"translation": [
							133.05699157714844,
							143.09999084472656,
							0.19921104609966278
						],
						"rotation": [
							0.983835756778717,
							0.1790735274553299,
							-4.97384462505579e-08,
							9.080395102500916e-09
						]
					}
				}
			}
		},
		"relationships": {
			"L-Rack": [
				[
					"AMR_LIFT01",
					"none"
				]
			]
		}
	},
	"timestamp_3": {
		"robots": {
			"ARMLIFT": {
				"AMR_LIFT01": {
					"name": "AMR_LIFT01",
					"pose": {
						"translation": [
							139.61936950683594,
							142.46182250976562,
							0.06200012192130089
						],
						"rotation": [
							-0.009426181204617023,
							-0.003595717716962099,
							-0.9342767596244812,
							0.35640597343444824
						]
					},
					"odometry": {
						"position": [
							0.5901872997339868,
							-7.837425566870333,
							-0.01334356864945969
						],
						"orientation": [
							-0.019820630727938642,
							0.0003783853906105929,
							-0.9341325321607954,
							0.35637538043599953
						],
						"linear": [
							0.003725484712049365,
							0.0,
							0.0
						],
						"angular": [
							0.0,
							0.0,
							0.006222901400178671
						]
					},
					"aabb": [
						123.73719903544372,
						140.7323744425867,
						-0.014599858716602132,
						124.71487040468011,
						141.66896355705475,
						0.1629426421445283
					],
					"joint_state": {
						"position": [
							-1.6279,
							4.6952,
							1.0948,
							-5.6313,
							1.0726,
							-0.71,
							0.0
						],
						"velocity": [
							0.0329,
							0.0411,
							-0.0676,
							0.0765,
							-0.1217,
							0.0637,
							0.0
						],
						"effort": [
							0.0,
							0.0,
							0.0,
							0.0,
							0.0,
							0.0,
							0.0
						]
					},
					"lift_state": "lift_down"
				}
			}
		},
		"objects": {
			"Rack": {
				"Rack_02": {
					"name": "Rack_02",
					"pose": {
						"translation": [
							133.05699157714844,
							143.09999084472656,
							0.19921104609966278
						],
						"rotation": [
							0.983835756778717,
							0.1790735274553299,
							-4.97384462505579e-08,
							9.080395102500916e-09
						]
					}
				}
			}
		},
		"relationships": {
			"L-Rack": [
				[
					"AMR_LIFT01",
					"none"
				]
			]
		}
	},
	"timestamp_4": {
		"robots": {
			"ARMLIFT": {
				"AMR_LIFT01": {
					"name": "AMR_LIFT01",
					"pose": {
						"translation": [
							139.6195526123047,
							142.46142578125,
							0.06200046464800835
						],
						"rotation": [
							-0.009431428276002407,
							-0.003599714022129774,
							-0.934280276298523,
							0.3563968241214752
						]
					},