{
	"timestamp_0": {
		"robots": {
			"ARMLIFT": {
				"AMR_LIFT01": {
					"name": "AMR_LIFT01",
					"pose": {
						"translation": [
							139.61065673828125,
							142.48475646972656,
							0.06200473755598068
						],
						"rotation": [
							-0.009383836761116982,
							-0.0036444575525820255,
							-0.932524561882019,
							0.36096665263175964
						]
					},
					"odometry": {
						"position": [
							0.5816140493655593,
							-7.814564644943366,
							-0.013150099975592949
						],
						"orientation": [
							-0.019756402845027384,
							0.00038504402406897497,
							-0.9323528161690143,
							0.3610093661796501
						],
						"linear": [
							0.002315457910299301,
							0.0,
							0.0
						],
						"angular": [
							0.0,
							0.0,
							-0.004895614460110664
						]
					},
					"aabb": [
						123.74819140657796,
						140.70640020159587,
						-0.014840648919792943,
						124.72270172491703,
						141.64715331948906,
						0.16297690383257993
					],
					"joint_state": {
						"position": [
							-1.8032,
							4.5818,
							1.0003,
							-5.4492,
							1.0006,
							-0.6247,
							0.0
						],
						"velocity": [
							-0.0066,
							0.0193,
							-0.0339,
							0.0139,
							-0.0433,
							0.0145,
							0.0
						],
						"effort": [
							0.0,
							0.0,
							0.0,
							0.0,
							0.0,
							0.0,
							0.0
						]
					},
					"lift_state": "lift_down"
				}
			}
		},
		"objects": {
			"Rack": {
				"Rack_02": {
					"name": "Rack_02",
					"pose": {
						"translation": [
							133.05699157714844,
							143.09999084472656,
							0.19921104609966278
						],
						"rotation": [
							0.983835756778717,
							0.1790735274553299,
							-4.97384462505579e-08,
							9.080395102500916e-09
						]
					}
				}
			}
		},
		"relationships": {
			"L-Rack": [
				[
					"AMR_LIFT01",
					"none"
				]
			]
		}
	},
	"timestamp_1": {
		"robots": {
			"ARMLIFT": {
				"AMR_LIFT01": {
					"name": "AMR_LIFT01",
					"pose": {
						"translation": [
							139.61097717285156,
							142.4845428466797,
							0.062000617384910583
						],
						"rotation": [
							-0.009387497790157795,
							-0.003624057862907648,
							-0.9327019453048706,
							0.36050787568092346
						]
					},
					"odometry": {
						"position": [
							0.5819361551738638,
							-7.814789245788072,
							-0.013161401189452592
						],
						"orientation": [
							-0.019762051407484896,
							0.0004003396385485715,
							-0.9325301801111768,
							0.36055064031860734
						],
						"linear": [
							-0.005083261523395777,
							0.0,
							0.0
						],
						"angular": [
							0.0,
							0.0,
							0.0006595237646251917
						]
					},
					"aabb": [
						123.74817941777299,
						140.70661844346478,
						-0.014850227922586237,
						124.7229612358366,
						141.64702346151947,
						0.16297897215485183
					],
					"joint_state": {
						"position": [
							-1.8036,
							4.5846,
							0.9985,
							-5.4553,
							1.0262,
							-0.6402,
							0.0
						],
						"velocity": [
							0.0139,
							-0.017,
							0.0489,
							-0.0371,
							0.0447,
							-0.0374,
							0.0
						],
						"effort": [
							0.0,
							0.0,
							0.0,
							0.0,
							0.0,
							0.0,
							0.0
						]
					},
					"lift_state": "lift_down"
				}
			}
		},
		"objects": {
			"Rack": {
				"Rack_02": {
					"name": "Rack_02",
					"pose": {
						"translation": [
							133.05699157714844,
							143.09999084472656,
							0.19921104609966278
						],
						"rotation": [
							0.983835756778717,
							0.1790735274553299,
							-4.97384462505579e-08,
							9.080395102500916e-09
						]
					}
				}
			}
		},
		"relationships": {
			"L-Rack": [
				[
					"AMR_LIFT01",
					"none"
				]
			]
		}
	},
	"timestamp_2": {
		"robots": {
			"ARMLIFT": {
				"AMR_LIFT01": {
					"name": "AMR_LIFT01",
					"pose": {
						"translation": [
							139.6106719970703,
							142.485107421875,
							0.062000080943107605
						],
						"rotation": [
							-0.009383480995893478,
							-0.0036277477629482746,
							-0.9326709508895874,
							0.3605883717536926
						]
					},
					"odometry": {
						"position": [
							0.5816334532609673,
							-7.81421308994082,
							-0.013155199174149385
						],
						"orientation": [
							-0.019757681829914123,
							0.00039754491365430445,
							-0.9324992266211846,
							0.3606309308942347
						],
						"linear": [
							-0.0034509499091655016,
							0.0,
							0.0
						],
						"angular": [
							0.0,
							0.0,
							-0.004842086229473352
						]
					},
					"aabb": [
						123.74834360360663,
						140.70612126786983,
						-0.0148389671756167,
						124.7232103053707,
						141.64641363982795,
						0.16297737791384642
					],
					"joint_state": {
						"position": [
							-1.8036,
							4.585,
							0.9922,
							-5.4506,
							1.0231,
							-0.6372,
							0.0
						],
						"velocity": [
							-0.0187,
							0.0353,
							0.0997,
							-0.0287,
							0.1257,
							-0.0297,
							0.0
						],
						"effort": [
							0.0,
							0.0,
							0.0,
							0.0,
							0.0,
							0.0,
							0.0
						]
					},
					"lift_state": "lift_down"
				}
			}
		},
		"objects": {
			"Rack": {
				"Rack_02": {
					"name": "Rack_02",
					"pose": {
						"translation": [
							133.05699157714844,
							143.09999084472656,
							0.19921104609966278
						],
						"rotation": [
							0.983835756778717,
							0.1790735274553299,
							-4.97384462505579e-08,
							9.080395102500916e-09
						]
					}
				}
			}
		},
		"relationships": {
			"L-Rack": [
				[
					"AMR_LIFT01",
					"none"
				]
			]
		}
	},
	"timestamp_3": {
		"robots": {
			"ARMLIFT": {
				"AMR_LIFT01": {
					"name": "AMR_LIFT01",
					"pose": {
						"translation": [
							139.6103057861328,
							142.4853515625,
							0.06200019642710686
						],
						"rotation": [
							-0.009386024437844753,
							-0.00362833752296865,
							-0.9326891899108887,
							0.36054113507270813
						]
					},
					"odometry": {
						"position": [
							0.581262441549704,
							-7.813968968281421,
							-0.013146801732660309
						],
						"orientation": [
							-0.01976042867855113,
							0.00039642952445780965,
							-0.9325174368823019,
							0.3605836909963265
						],
						"linear": [
							-0.003316547255963087,
							0.0,
							0.0
						],
						"angular": [
							0.0,
							0.0,
							0.0006458627176471055
						]
					},
					"aabb": [
						123.74896592278702,
						140.7056060276623,
						-0.014828870471811497,
						124.72378359595888,
						141.64596271472362,
						0.16297664877600154
					],
					"joint_state": {
						"position": [
							-1.8036,
							4.5867,
							0.9995,
							-5.4514,
							1.0241,
							-0.6344,
							0.0
						],
						"velocity": [
							0.0101,
							0.0539,
							0.0738,
							-0.0289,
							-0.3009,
							0.1268,
							0.0
						],
						"effort": [
							0.0,
							0.0,
							0.0,
							0.0,
							0.0,
							0.0,
							0.0
						]
					},
					"lift_state": "lift_down"
				}
			}
		},
		"objects": {
			"Rack": {
				"Rack_02": {
					"name": "Rack_02",
					"pose": {
						"translation": [
							133.05699157714844,
							143.09999084472656,
							0.19921104609966278
						],
						"rotation": [
							0.983835756778717,
							0.1790735274553299,
							-4.97384462505579e-08,
							9.080395102500916e-09
						]
					}
				}
			}
		},
		"relationships": {
			"L-Rack": [
				[
					"AMR_LIFT01",
					"none"
				]
			]
		}
	},
	"timestamp_4": {
		"robots": {
			"ARMLIFT": {
				"AMR_LIFT01": {
					"name": "AMR_LIFT01",
					"pose": {
						"translation": [
							139.61016845703125,
							142.48594665527344,
							0.062003858387470245
						],
						"rotation": [
							-0.009395116940140724,
							-0.0036342842504382133,
							-0.9326766133308411,
							0.3605734705924988
						]
					},