{
	"timestamp_0": {
		"robots": {
			"ARMLIFT": {
				"AMR_LIFT01": {
					"name": "AMR_LIFT01",
					"pose": {
						"translation": [
							139.5977783203125,
							142.53485107421875,
							0.06200237199664116
						],
						"rotation": [
							-0.009416893124580383,
							-0.0037373313680291176,
							-0.9292266368865967,
							0.3693716824054718
						]
					},
					"odometry": {
						"position": [
							0.5687434613977619,
							-7.76447734353437,
							-0.012864626241400504
						],
						"orientation": [
							-0.019752642988743227,
							0.00038567098884710133,
							-0.929054531461127,
							0.3694148913138091
						],
						"linear": [
							0.0048023611307144165,
							0.0,
							0.0
						],
						"angular": [
							0.0,
							0.0,
							-0.002338901860639453
						]
					},
					"aabb": [
						123.7670967454321,
						140.6493000894138,
						-0.011653062612037489,
						124.73573066147361,
						141.59725625939268,
						0.1630858934501909
					],
					"joint_state": {
						"position": [
							-2.1642,
							4.3266,
							1.1805,
							-5.1771,
							1.1804,
							-0.3506,
							0.0
						],
						"velocity": [
							-0.026,
							-0.0294,
							0.0478,
							-0.0706,
							0.0544,
							-0.0734,
							0.0
						],
						"effort": [
							0.0,
							0.0,
							0.0,
							0.0,
							0.0,
							0.0,
							0.0
						]
					},
					"lift_state": "lift_down"
				}
			}
		},
		"objects": {
			"Rack": {
				"Rack_02": {
					"name": "Rack_02",
					"pose": {
						"translation": [
							133.05699157714844,
							143.09999084472656,
							0.19921104609966278
						],
						"rotation": [
							0.983835756778717,
							0.1790735274553299,
							-4.97384462505579e-08,
							9.080395102500916e-09
						]
					}
				}
			}
		},
		"relationships": {
			"L-Rack": [
				[
					"AMR_LIFT01",
					"none"
				]
			]
		}
	},
	"timestamp_1": {
		"robots": {
			"ARMLIFT": {
				"AMR_LIFT01": {
					"name": "AMR_LIFT01",
					"pose": {
						"translation": [
							139.597900390625,
							142.53504943847656,
							0.06199992820620537
						],
						"rotation": [
							-0.009409710764884949,
							-0.003740559332072735,
							-0.9292430281639099,
							0.36933061480522156
						]
					},
					"odometry": {
						"position": [
							0.5688703179559793,
							-7.764282028772248,
							-0.012869910746097512
						],
						"orientation": [
							-0.01974564500173283,
							0.00038198628691582276,
							-0.9290709995512445,
							0.3693738504317726
						],
						"linear": [
							0.0008393573807552457,
							0.0,
							0.0
						],
						"angular": [
							0.0,
							0.0,
							0.00019781183800660074
						]
					},
					"aabb": [
						123.76692694309934,
						140.64936436651197,
						-0.01162879938935489,
						124.73568097099533,
						141.59718231957072,
						0.16309625002099135
					],
					"joint_state": {
						"position": [
							-2.1633,
							4.3275,
							1.1753,
							-5.1721,
							1.1724,
							-0.3427,
							0.0
						],
						"velocity": [
							-0.0005,
							-0.0004,
							0.0741,
							-0.047,
							0.1183,
							-0.0727,
							0.0
						],
						"effort": [
							0.0,
							0.0,
							0.0,
							0.0,
							0.0,
							0.0,
							0.0
						]
					},
					"lift_state": "lift_down"
				}
			}
		},
		"objects": {
			"Rack": {
				"Rack_02": {
					"name": "Rack_02",
					"pose": {
						"translation": [
							133.05699157714844,
							143.09999084472656,
							0.19921104609966278
						],
						"rotation": [
							0.983835756778717,
							0.1790735274553299,
							-4.97384462505579e-08,
							9.080395102500916e-09
						]
					}
				}
			}
		},
		"relationships": {
			"L-Rack": [
				[
					"AMR_LIFT01",
					"none"
				]
			]
		}
	},
	"timestamp_2": {
		"robots": {
			"ARMLIFT": {
				"AMR_LIFT01": {
					"name": "AMR_LIFT01",
					"pose": {
						"translation": [
							139.59774780273438,
							142.5348358154297,
							0.06200775131583214
						],
						"rotation": [
							-0.009408174082636833,
							-0.0037586293183267117,
							-0.9292486310005188,
							0.36931654810905457
						]
					},
					"odometry": {
						"position": [
							0.5687142924314774,
							-7.764496865768209,
							-0.012858601194398616
						],
						"orientation": [
							-0.019744166851789636,
							0.00036376055256033475,
							-0.9290766017296357,
							0.3693598566061303
						],
						"linear": [
							0.0041997977532446384,
							0.0,
							0.0
						],
						"angular": [
							0.0,
							0.0,
							-0.0036929650232195854
						]
					},
					"aabb": [
						123.76726663923928,
						140.64931820466106,
						-0.011626703746016986,
						124.73592835766438,
						141.5972427826775,
						0.16309543580207658
					],
					"joint_state": {
						"position": [
							-2.1622,
							4.3261,
							1.1729,
							-5.1722,
							1.1712,
							-0.3484,
							0.0
						],
						"velocity": [
							0.0421,
							0.0421,
							0.0023,
							-0.0611,
							0.0477,
							-0.048,
							0.0
						],
						"effort": [
							0.0,
							0.0,
							0.0,
							0.0,
							0.0,
							0.0,
							0.0
						]
					},
					"lift_state": "lift_down"
				}
			}
		},
		"objects": {
			"Rack": {
				"Rack_02": {
					"name": "Rack_02",
					"pose": {
						"translation": [
							133.05699157714844,
							143.09999084472656,
							0.19921104609966278
						],
						"rotation": [
							0.983835756778717,
							0.1790735274553299,
							-4.97384462505579e-08,
							9.080395102500916e-09
						]
					}
				}
			}
		},
		"relationships": {
			"L-Rack": [
				[
					"AMR_LIFT01",
					"none"
				]
			]
		}
	},
	"timestamp_3": {
		"robots": {
			"ARMLIFT": {
				"AMR_LIFT01": {
					"name": "AMR_LIFT01",
					"pose": {
						"translation": [
							139.59814453125,
							142.53440856933594,
							0.06200382113456726
						],
						"rotation": [
							-0.009411528706550598,
							-0.003755323588848114,
							-0.9292100667953491,
							0.36941322684288025
						]
					},
					"odometry": {
						"position": [
							0.5689875238491652,
							-7.764985148006943,
							-0.012872066424335629
						],
						"orientation": [
							-0.019749109868057148,
							0.00038095419358791883,
							-0.9290363242432041,
							0.3694608717712853
						],
						"linear": [
							0.01125799585133791,
							0.0,
							0.0
						],
						"angular": [
							0.0,
							0.0,
							0.0019276213133707643
						]
					},
					"aabb": [
						123.7669083768812,
						140.64990278293013,
						-0.011609006046215257,
						124.73559799082314,
						141.59779653449286,
						0.1630900678484546
					],
					"joint_state": {
						"position": [
							-2.1611,
							4.3278,
							1.182,
							-5.1772,
							1.185,
							-0.3519,
							0.0
						],
						"velocity": [
							0.0859,
							0.0862,
							0.0054,
							0.0491,
							0.1217,
							0.1279,
							0.0
						],
						"effort": [
							0.0,
							0.0,
							0.0,
							0.0,
							0.0,
							0.0,
							0.0
						]
					},
					"lift_state": "lift_down"
				}
			}
		},
		"objects": {
			"Rack": {
				"Rack_02": {
					"name": "Rack_02",
					"pose": {
						"translation": [
							133.05699157714844,
							143.09999084472656,
							0.19921104609966278
						],
						"rotation": [
							0.983835756778717,
							0.1790735274553299,
							-4.97384462505579e-08,
							9.080395102500916e-09
						]
					}
				}
			}
		},
		"relationships": {
			"L-Rack": [
				[
					"AMR_LIFT01",
					"none"
				]
			]
		}
	},
	"timestamp_4": {
		"robots": {
			"ARMLIFT": {
				"AMR_LIFT01": {
					"name": "AMR_LIFT01",
					"pose": {
						"translation": [
							139.59776306152344,
							142.53472900390625,
							0.06200382113456726
						],
						"rotation": [
							-0.009420660324394703,
							-0.0037336251698434353,
							-0.9291946291923523,
							0.3694517910480499
						]
					},