{
	"timestamp_0": {
		"robots": {
			"ARMLIFT": {
				"AMR_LIFT01": {
					"name": "AMR_LIFT01",
					"pose": {
						"translation": [
							139.6206817626953,
							142.4339599609375,
							0.06200103461742401
						],
						"rotation": [
							-0.009422200731933117,
							-0.0035519369412213564,
							-0.9358043670654297,
							0.35237598419189453
						]
					},
					"odometry": {
						"position": [
							0.5916434469076428,
							-7.865365001279964,
							-0.01337840824780615
						],
						"orientation": [
							-0.019831389802533746,
							0.0003819971835962134,
							-0.9356322513779698,
							0.3524185866807302
						],
						"linear": [
							-0.0006574852741323411,
							0.0,
							0.0
						],
						"angular": [
							0.0,
							0.0,
							0.0005932592321187258
						]
					},
					"aabb": [
						123.73364340644683,
						140.76306093201038,
						-0.014289736241776894,
						124.71372540203377,
						141.69629686349873,
						0.16288319629067394
					],
					"joint_state": {
						"position": [
							-1.439,
							4.8601,
							1.0244,
							-5.8072,
							1.0172,
							-0.9342,
							0.0
						],
						"velocity": [
							0.0139,
							-0.0148,
							0.025,
							-0.0267,
							0.053,
							-0.0254,
							0.0
						],
						"effort": [
							0.0,
							0.0,
							0.0,
							0.0,
							0.0,
							0.0,
							0.0
						]
					},
					"lift_state": "lift_down"
				}
			}
		},
		"objects": {
			"Rack": {
				"Rack_02": {
					"name": "Rack_02",
					"pose": {
						"translation": [
							133.05699157714844,
							143.09999084472656,
							0.19921104609966278
						],
						"rotation": [
							0.983835756778717,
							0.1790735274553299,
							-4.97384462505579e-08,
							9.080395102500916e-09
						]
					}
				}
			}
		},
		"relationships": {
			"L-Rack": [
				[
					"AMR_LIFT01",
					"none"
				]
			]
		}
	},
	"timestamp_1": {
		"robots": {
			"ARMLIFT": {
				"AMR_LIFT01": {
					"name": "AMR_LIFT01",
					"pose": {
						"translation": [
							139.62049865722656,
							142.4336395263672,
							0.062000006437301636
						],
						"rotation": [
							-0.009419718757271767,
							-0.003547681961208582,
							-0.9357578158378601,
							0.352499783039093
						]
					},
					"odometry": {
						"position": [
							0.5914579405483482,
							-7.865687279380266,
							-0.013375292408973368
						],
						"orientation": [
							-0.01982838657238533,
							0.00038762873432331575,
							-0.9355857315850405,
							0.3525422296468677
						],
						"linear": [
							-0.0035135974176228046,
							0.0,
							0.0
						],
						"angular": [
							0.0,
							0.0,
							0.00138691789470613
						]
					},
					"aabb": [
						123.73361924830635,
						140.76376672892025,
						-0.014240133094923618,
						124.7137673578027,
						141.69690964482038,
						0.16288528526099594
					],
					"joint_state": {
						"position": [
							-1.4374,
							4.8601,
							1.0183,
							-5.8108,
							1.0071,
							-0.9343,
							0.0
						],
						"velocity": [
							-0.0136,
							0.0068,
							0.0057,
							0.0169,
							-0.0303,
							0.0159,
							0.0
						],
						"effort": [
							0.0,
							0.0,
							0.0,
							0.0,
							0.0,
							0.0,
							0.0
						]
					},
					"lift_state": "lift_down"
				}
			}
		},
		"objects": {
			"Rack": {
				"Rack_02": {
					"name": "Rack_02",
					"pose": {
						"translation": [
							133.05699157714844,
							143.09999084472656,
							0.19921104609966278
						],
						"rotation": [
							0.983835756778717,
							0.1790735274553299,
							-4.97384462505579e-08,
							9.080395102500916e-09
						]
					}
				}
			}
		},
		"relationships": {
			"L-Rack": [
				[
					"AMR_LIFT01",
					"none"
				]
			]
		}
	},
	"timestamp_2": {
		"robots": {
			"ARMLIFT": {
				"AMR_LIFT01": {
					"name": "AMR_LIFT01",
					"pose": {
						"translation": [
							139.62045288085938,
							142.43421936035156,
							0.06200237199664116
						],
						"rotation": [
							-0.009424585849046707,
							-0.003548678942024708,
							-0.9358029961585999,
							0.352379709482193
						]
					},
					"odometry": {
						"position": [
							0.5914091461991975,
							-7.865101338663199,
							-0.013371833681125857
						],
						"orientation": [
							-0.0198337563335609,
							0.0003852958528537063,
							-0.9356308571681674,
							0.35242215136334315
						],
						"linear": [
							0.00022648424783255905,
							0.0,
							0.0
						],
						"angular": [
							0.0,
							0.0,
							0.004088622517883778
						]
					},
					"aabb": [
						123.733468157546,
						140.7631681355263,
						-0.014236954222931133,
						124.71366170736806,
						141.696247130307,
						0.16288465333573818
					],
					"joint_state": {
						"position": [
							-1.4376,
							4.8601,
							1.0131,
							-5.8028,
							1.0181,
							-0.9319,
							0.0
						],
						"velocity": [
							0.0284,
							0.0136,
							-0.1404,
							0.0696,
							-0.1583,
							0.0575,
							0.0
						],
						"effort": [
							0.0,
							0.0,
							0.0,
							0.0,
							0.0,
							0.0,
							0.0
						]
					},
					"lift_state": "lift_down"
				}
			}
		},
		"objects": {
			"Rack": {
				"Rack_02": {
					"name": "Rack_02",
					"pose": {
						"translation": [
							133.05699157714844,
							143.09999084472656,
							0.19921104609966278
						],
						"rotation": [
							0.983835756778717,
							0.1790735274553299,
							-4.97384462505579e-08,
							9.080395102500916e-09
						]
					}
				}
			}
		},
		"relationships": {
			"L-Rack": [
				[
					"AMR_LIFT01",
					"none"
				]
			]
		}
	},
	"timestamp_3": {
		"robots": {
			"ARMLIFT": {
				"AMR_LIFT01": {
					"name": "AMR_LIFT01",
					"pose": {
						"translation": [
							139.62005615234375,
							142.43453979492188,
							0.06200336292386055
						],
						"rotation": [
							-0.00941894669085741,
							-0.0035535471979528666,
							-0.9356625080108643,
							0.35275280475616455
						]
					},
					"odometry": {
						"position": [
							0.5910186229871744,
							-7.864788856889975,
							-0.01336216863916052
						],
						"orientation": [
							-0.01982654623595107,
							0.00038457805725458796,
							-0.9354904257861397,
							0.3527951578842015
						],
						"linear": [
							0.0007579434313811362,
							0.0,
							0.0
						],
						"angular": [
							0.0,
							0.0,
							0.0055951620452106
						]
					},
					"aabb": [
						123.73410552995321,
						140.76268815872865,
						-0.014304073929209925,
						124.71408271023265,
						141.69607176017215,
						0.1628857618218639
					],
					"joint_state": {
						"position": [
							-1.4368,
							4.8611,
							1.0003,
							-5.795,
							1.0008,
							-0.9269,
							0.0
						],
						"velocity": [
							-0.0224,
							-0.0293,
							-0.0899,
							0.0689,
							-0.159,
							0.0521,
							0.0
						],
						"effort": [
							0.0,
							0.0,
							0.0,
							0.0,
							0.0,
							0.0,
							0.0
						]
					},
					"lift_state": "lift_down"
				}
			}
		},
		"objects": {
			"Rack": {
				"Rack_02": {
					"name": "Rack_02",
					"pose": {
						"translation": [
							133.05699157714844,
							143.09999084472656,
							0.19921104609966278
						],
						"rotation": [
							0.983835756778717,
							0.1790735274553299,
							-4.97384462505579e-08,
							9.080395102500916e-09
						]
					}
				}
			}
		},
		"relationships": {
			"L-Rack": [
				[
					"AMR_LIFT01",
					"none"
				]
			]
		}
	},
	"timestamp_4": {
		"robots": {
			"ARMLIFT": {
				"AMR_LIFT01": {
					"name": "AMR_LIFT01",
					"pose": {
						"translation": [
							139.6202392578125,
							142.4346923828125,
							0.06199996918439865
						],
						"rotation": [
							-0.00940765906125307,
							-0.0035459939390420914,
							-0.9356887340545654,
							0.35268351435661316
						]
					},