{
	"timestamp_0": {
		"robots": {
			"ARMLIFT": {
				"AMR_LIFT01": {
					"name": "AMR_LIFT01",
					"pose": {
						"translation": [
							139.60911560058594,
							142.50003051757812,
							0.06200267747044563
						],
						"rotation": [
							-0.009412548504769802,
							-0.003686880227178335,
							-0.9312744140625,
							0.36417847871780396
						]
					},
					"odometry": {
						"position": [
							0.5798460874384771,
							-7.799164318902821,
							-0.013110921878625762
						],
						"orientation": [
							-0.019771333094522517,
							0.0003738046684093618,
							-0.9311047962581426,
							0.36421533883517065
						],
						"linear": [
							-0.0001714006793918088,
							0.0,
							0.0
						],
						"angular": [
							0.0,
							0.0,
							0.002655036747455597
						]
					},
					"aabb": [
						123.75267090656787,
						140.68803050571046,
						-0.014398368393413059,
						124.72504549736402,
						141.63148983632072,
						0.16301492960630168
					],
					"joint_state": {
						"position": [
							-1.9318,
							4.4907,
							1.1181,
							-5.3774,
							1.1224,
							-0.5181,
							0.0
						],
						"velocity": [
							0.022,
							0.0222,
							-0.0808,
							0.0484,
							-0.0786,
							0.0459,
							0.0
						],
						"effort": [
							0.0,
							0.0,
							0.0,
							0.0,
							0.0,
							0.0,
							0.0
						]
					},
					"lift_state": "lift_down"
				}
			}
		},
		"objects": {
			"Rack": {
				"Rack_02": {
					"name": "Rack_02",
					"pose": {
						"translation": [
							133.05699157714844,
							143.09999084472656,
							0.19921104609966278
						],
						"rotation": [
							0.983835756778717,
							0.1790735274553299,
							-4.97384462505579e-08,
							9.080395102500916e-09
						]
					}
				}
			}
		},
		"relationships": {
			"L-Rack": [
				[
					"AMR_LIFT01",
					"none"
				]
			]
		}
	},
	"timestamp_1": {
		"robots": {
			"ARMLIFT": {
				"AMR_LIFT01": {
					"name": "AMR_LIFT01",
					"pose": {
						"translation": [
							139.60897827148438,
							142.4997100830078,
							0.061999816447496414
						],
						"rotation": [
							-0.009413192979991436,
							-0.0036781239323318005,
							-0.9313365817070007,
							0.3640197515487671
						]
					},
					"odometry": {
						"position": [
							0.5799436470800878,
							-7.7996233075597745,
							-0.013117443479517018
						],
						"orientation": [
							-0.0197724930107826,
							0.0003853407635546054,
							-0.9311645280506918,
							0.36406252448276927
						],
						"linear": [
							0.0021419564727693796,
							0.0,
							0.0
						],
						"angular": [
							0.0,
							0.0,
							-0.0014170268550515175
						]
					},
					"aabb": [
						123.75258336723915,
						140.68839303789707,
						-0.014409602229302194,
						124.72503086385845,
						141.6317621560949,
						0.1630206858130556
					],
					"joint_state": {
						"position": [
							-1.931,
							4.491,
							1.1211,
							-5.3788,
							1.1243,
							-0.5183,
							0.0
						],
						"velocity": [
							0.0008,
							0.0007,
							-0.0105,
							-0.0008,
							0.0033,
							-0.0014,
							0.0
						],
						"effort": [
							0.0,
							0.0,
							0.0,
							0.0,
							0.0,
							0.0,
							0.0
						]
					},
					"lift_state": "lift_down"
				}
			}
		},
		"objects": {
			"Rack": {
				"Rack_02": {
					"name": "Rack_02",
					"pose": {
						"translation": [
							133.05699157714844,
							143.09999084472656,
							0.19921104609966278
						],
						"rotation": [
							0.983835756778717,
							0.1790735274553299,
							-4.97384462505579e-08,
							9.080395102500916e-09
						]
					}
				}
			}
		},
		"relationships": {
			"L-Rack": [
				[
					"AMR_LIFT01",
					"none"
				]
			]
		}
	},
	"timestamp_2": {
		"robots": {
			"ARMLIFT": {
				"AMR_LIFT01": {
					"name": "AMR_LIFT01",
					"pose": {
						"translation": [
							139.6089630126953,
							142.499755859375,
							0.062001533806324005
						],
						"rotation": [
							-0.009408446028828621,
							-0.0036714926827698946,
							-0.9312735199928284,
							0.36418092250823975
						]
					},
					"odometry": {
						"position": [
							0.5798461111052812,
							-7.799711195431692,
							-0.013111163705318491
						],
						"orientation": [
							-0.0197674895837641,
							0.0003885794701763764,
							-0.9310961499558983,
							0.36423763520379726
						],
						"linear": [
							0.0077402894385159016,
							0.0,
							0.0
						],
						"angular": [
							0.0,
							0.0,
							0.0030417763628065586
						]
					},
					"aabb": [
						123.75249868694233,
						140.68863279541117,
						-0.014349862785981297,
						124.72486959153768,
						141.63209536677164,
						0.1630183390350195
					],
					"joint_state": {
						"position": [
							-1.9296,
							4.4925,
							1.0981,
							-5.3698,
							1.1033,
							-0.5121,
							0.0
						],
						"velocity": [
							0.08,
							0.0896,
							0.0666,
							-0.0086,
							0.0398,
							-0.0098,
							0.0
						],
						"effort": [
							0.0,
							0.0,
							0.0,
							0.0,
							0.0,
							0.0,
							0.0
						]
					},
					"lift_state": "lift_down"
				}
			}
		},
		"objects": {
			"Rack": {
				"Rack_02": {
					"name": "Rack_02",
					"pose": {
						"translation": [
							133.05699157714844,
							143.09999084472656,
							0.19921104609966278
						],
						"rotation": [
							0.983835756778717,
							0.1790735274553299,
							-4.97384462505579e-08,
							9.080395102500916e-09
						]
					}
				}
			}
		},
		"relationships": {
			"L-Rack": [
				[
					"AMR_LIFT01",
					"none"
				]
			]
		}
	},
	"timestamp_3": {
		"robots": {
			"ARMLIFT": {
				"AMR_LIFT01": {
					"name": "AMR_LIFT01",
					"pose": {
						"translation": [
							139.60934448242188,
							142.49981689453125,
							0.06199992820620537
						],
						"rotation": [
							-0.009401509538292885,
							-0.0036752168089151382,
							-0.9312868118286133,
							0.36414724588394165
						]
					},
					"odometry": {
						"position": [
							0.5803048824861816,
							-7.79951586606736,
							-0.013125373108865194
						],
						"orientation": [
							-0.019760258772133568,
							0.000389666538482855,
							-0.9311148907069516,
							0.3641901160616918
						],
						"linear": [
							-0.002951140981167555,
							0.0,
							0.0
						],
						"angular": [
							0.0,
							0.0,
							-0.001511705107986927
						]
					},
					"aabb": [
						123.7522128305817,
						140.68848130038307,
						-0.014254831711888455,
						124.72452376505127,
						141.63201586105885,
						0.1630158409729911
					],
					"joint_state": {
						"position": [
							-1.9305,
							4.4927,
							1.0887,
							-5.3631,
							1.0916,
							-0.5017,
							0.0
						],
						"velocity": [
							0.0075,
							-0.0132,
							0.0114,
							-0.0045,
							0.0341,
							-0.0034,
							0.0
						],
						"effort": [
							0.0,
							0.0,
							0.0,
							0.0,
							0.0,
							0.0,
							0.0
						]
					},
					"lift_state": "lift_down"
				}
			}
		},
		"objects": {
			"Rack": {
				"Rack_02": {
					"name": "Rack_02",
					"pose": {
						"translation": [
							133.05699157714844,
							143.09999084472656,
							0.19921104609966278
						],
						"rotation": [
							0.983835756778717,
							0.1790735274553299,
							-4.97384462505579e-08,
							9.080395102500916e-09
						]
					}
				}
			}
		},
		"relationships": {
			"L-Rack": [
				[
					"AMR_LIFT01",
					"none"
				]
			]
		}
	},
	"timestamp_4": {
		"robots": {
			"ARMLIFT": {
				"AMR_LIFT01": {
					"name": "AMR_LIFT01",
					"pose": {
						"translation": [
							139.60899353027344,
							142.499755859375,
							0.06200530752539635
						],
						"rotation": [
							-0.009415862150490284,
							-0.0036654777359217405,
							-0.9314099550247192,
							0.3638317883014679
						]
					},