{
	"timestamp_0": {
		"robots": {
			"ARMLIFT": {
				"AMR_LIFT01": {
					"name": "AMR_LIFT01",
					"pose": {
						"translation": [
							139.61898803710938,
							142.43341064453125,
							0.0619991272687912
						],
						"rotation": [
							-0.009403327479958534,
							-0.003540976205840707,
							-0.9357585310935974,
							0.3524983823299408
						]
					},
					"odometry": {
						"position": [
							0.5899446360541235,
							-7.865911971306863,
							-0.013342480790291723
						],
						"orientation": [
							-0.01981200335736256,
							0.0003943189885725733,
							-0.9355866358819155,
							0.3525407434533822
						],
						"linear": [
							-0.0012142775813117623,
							0.0,
							0.0
						],
						"angular": [
							0.0,
							0.0,
							-0.004574778955429792
						]
					},
					"aabb": [
						123.73527032245919,
						140.7637166045836,
						-0.014230082609729647,
						124.71525394380126,
						141.6970854379415,
						0.16287537544877587
					],
					"joint_state": {
						"position": [
							-1.4073,
							4.8802,
							0.9592,
							-5.7735,
							0.9663,
							-0.9389,
							0.0
						],
						"velocity": [
							0.0346,
							0.0332,
							0.1264,
							-0.0716,
							0.0986,
							-0.0778,
							0.0
						],
						"effort": [
							0.0,
							0.0,
							0.0,
							0.0,
							0.0,
							0.0,
							0.0
						]
					},
					"lift_state": "lift_down"
				}
			}
		},
		"objects": {
			"Rack": {
				"Rack_02": {
					"name": "Rack_02",
					"pose": {
						"translation": [
							133.05699157714844,
							143.09999084472656,
							0.19921104609966278
						],
						"rotation": [
							0.983835756778717,
							0.1790735274553299,
							-4.97384462505579e-08,
							9.080395102500916e-09
						]
					}
				}
			}
		},
		"relationships": {
			"L-Rack": [
				[
					"AMR_LIFT01",
					"none"
				]
			]
		}
	},
	"timestamp_1": {
		"robots": {
			"ARMLIFT": {
				"AMR_LIFT01": {
					"name": "AMR_LIFT01",
					"pose": {
						"translation": [
							139.61895751953125,
							142.4330596923828,
							0.06200069189071655
						],
						"rotation": [
							-0.009398709051311016,
							-0.00353980646468699,
							-0.9357997179031372,
							0.352389395236969
						]
					},
					"odometry": {
						"position": [
							0.5899153996446318,
							-7.866273298665404,
							-0.01334030085437818
						],
						"orientation": [
							-0.019807838616231654,
							0.0003942755835787075,
							-0.9356278756718782,
							0.3524315143993881
						],
						"linear": [
							0.0009700895752757788,
							0.0,
							0.0
						],
						"angular": [
							0.0,
							0.0,
							0.0021305845584720373
						]
					},
					"aabb": [
						123.73525219895261,
						140.76411467790368,
						-0.014224645186852238,
						124.71540720816671,
						141.69723913639362,
						0.16287435050650564
					],
					"joint_state": {
						"position": [
							-1.4065,
							4.8807,
							0.9403,
							-5.7706,
							0.962,
							-0.9377,
							0.0
						],
						"velocity": [
							-0.0176,
							-0.0041,
							0.0255,
							-0.0159,
							0.0541,
							-0.0161,
							0.0
						],
						"effort": [
							0.0,
							0.0,
							0.0,
							0.0,
							0.0,
							0.0,
							0.0
						]
					},
					"lift_state": "lift_down"
				}
			}
		},
		"objects": {
			"Rack": {
				"Rack_02": {
					"name": "Rack_02",
					"pose": {
						"translation": [
							133.05699157714844,
							143.09999084472656,
							0.19921104609966278
						],
						"rotation": [
							0.983835756778717,
							0.1790735274553299,
							-4.97384462505579e-08,
							9.080395102500916e-09
						]
					}
				}
			}
		},
		"relationships": {
			"L-Rack": [
				[
					"AMR_LIFT01",
					"none"
				]
			]
		}
	},
	"timestamp_2": {
		"robots": {
			"ARMLIFT": {
				"AMR_LIFT01": {
					"name": "AMR_LIFT01",
					"pose": {
						"translation": [
							139.6193389892578,
							142.43284606933594,
							0.0620027519762516
						],
						"rotation": [
							-0.009395847097039223,
							-0.0035482668317854404,
							-0.9357206225395203,
							0.35259905457496643
						]
					},
					"odometry": {
						"position": [
							0.5903840342409332,
							-7.866439290433824,
							-0.013351097391239814
						],
						"orientation": [
							-0.019803603171891983,
							0.00039592488179767576,
							-0.9355538238537776,
							0.3526282790949607
						],
						"linear": [
							0.005609104409813881,
							0.0,
							0.0
						],
						"angular": [
							0.0,
							0.0,
							0.003327518468722701
						]
					},
					"aabb": [
						123.73470905609487,
						140.764222204494,
						-0.014224222231669838,
						124.71480940385796,
						141.69742512894382,
						0.16287565220236455
					],
					"joint_state": {
						"position": [
							-1.4067,
							4.8809,
							0.9313,
							-5.763,
							0.9545,
							-0.9306,
							0.0
						],
						"velocity": [
							0.0022,
							0.0025,
							-0.0476,
							0.0123,
							-0.0524,
							0.0106,
							0.0
						],
						"effort": [
							0.0,
							0.0,
							0.0,
							0.0,
							0.0,
							0.0,
							0.0
						]
					},
					"lift_state": "lift_down"
				}
			}
		},
		"objects": {
			"Rack": {
				"Rack_02": {
					"name": "Rack_02",
					"pose": {
						"translation": [
							133.05699157714844,
							143.09999084472656,
							0.19921104609966278
						],
						"rotation": [
							0.983835756778717,
							0.1790735274553299,
							-4.97384462505579e-08,
							9.080395102500916e-09
						]
					}
				}
			}
		},
		"relationships": {
			"L-Rack": [
				[
					"AMR_LIFT01",
					"none"
				]
			]
		}
	},
	"timestamp_3": {
		"robots": {
			"ARMLIFT": {
				"AMR_LIFT01": {
					"name": "AMR_LIFT01",
					"pose": {
						"translation": [
							139.61917114257812,
							142.43299865722656,
							0.062004394829273224
						],
						"rotation": [
							-0.009398720227181911,
							-0.003544251900166273,
							-0.9357390999794006,
							0.35255011916160583
						]
					},
					"odometry": {
						"position": [
							0.5901400385587983,
							-7.86632210763038,
							-0.01334159004759551
						],
						"orientation": [
							-0.019807177206664493,
							0.0003916190587202632,
							-0.9355672526627177,
							0.35259245328105293
						],
						"linear": [
							0.0007952377200126648,
							0.0,
							0.0
						],
						"angular": [
							0.0,
							0.0,
							-0.003811508882790804
						]
					},
					"aabb": [
						123.73506697422624,
						140.76409729293485,
						-0.014259680110553447,
						124.71511984608523,
						141.6973650795747,
						0.16287307666696177
					],
					"joint_state": {
						"position": [
							-1.4048,
							4.8817,
							0.9306,
							-5.766,
							0.952,
							-0.9348,
							0.0
						],
						"velocity": [
							-0.0042,
							0.0045,
							0.0399,
							-0.0528,
							0.0548,
							-0.0316,
							0.0
						],
						"effort": [
							0.0,
							0.0,
							0.0,
							0.0,
							0.0,
							0.0,
							0.0
						]
					},
					"lift_state": "lift_down"
				}
			}
		},
		"objects": {
			"Rack": {
				"Rack_02": {
					"name": "Rack_02",
					"pose": {
						"translation": [
							133.05699157714844,
							143.09999084472656,
							0.19921104609966278
						],
						"rotation": [
							0.983835756778717,
							0.1790735274553299,
							-4.97384462505579e-08,
							9.080395102500916e-09
						]
					}
				}
			}
		},
		"relationships": {
			"L-Rack": [
				[
					"AMR_LIFT01",
					"none"
				]
			]
		}
	},
	"timestamp_4": {
		"robots": {
			"ARMLIFT": {
				"AMR_LIFT01": {
					"name": "AMR_LIFT01",
					"pose": {
						"translation": [
							139.6188201904297,
							142.43333435058594,
							0.06200138106942177
						],
						"rotation": [
							-0.00938961748033762,
							-0.0035425021778792143,
							-0.9356905817985535,
							0.3526791036128998
						]
					},