{
	"timestamp_0": {
		"robots": {
			"ARMLIFT": {
				"AMR_LIFT01": {
					"name": "AMR_LIFT01",
					"pose": {
						"translation": [
							139.57699584960938,
							142.584228515625,
							0.06200092285871506
						],
						"rotation": [
							-0.009281032718718052,
							-0.0037058526650071144,
							-0.9285059571266174,
							0.37118297815322876
						]
					},
					"odometry": {
						"position": [
							0.5479549706410041,
							-7.715103353023543,
							-0.012402019773954845
						],
						"orientation": [
							-0.019608755098103975,
							0.0004373002408516335,
							-0.9283353910942491,
							0.37122595158998445
						],
						"linear": [
							0.0007060064817778766,
							0.0,
							0.0
						],
						"angular": [
							0.0,
							0.0,
							0.0008958445396274328
						]
					},
					"aabb": [
						123.78910476623031,
						140.59877486067302,
						-0.012125085995004226,
						124.75652633258426,
						141.5480855708708,
						0.1631481592767494
					],
					"joint_state": {
						"position": [
							-2.4563,
							4.105,
							0.7893,
							-4.756,
							0.7754,
							0.1683,
							0.0
						],
						"velocity": [
							0.0069,
							0.0015,
							-0.0764,
							0.0248,
							-0.0404,
							0.011,
							0.0
						],
						"effort": [
							0.0,
							0.0,
							0.0,
							0.0,
							0.0,
							0.0,
							0.0
						]
					},
					"lift_state": "lift_down"
				}
			}
		},
		"objects": {
			"Rack": {
				"Rack_02": {
					"name": "Rack_02",
					"pose": {
						"translation": [
							133.05699157714844,
							143.09999084472656,
							0.19921104609966278
						],
						"rotation": [
							0.983835756778717,
							0.1790735274553299,
							-4.97384462505579e-08,
							9.080395102500916e-09
						]
					}
				}
			}
		},
		"relationships": {
			"L-Rack": [
				[
					"AMR_LIFT01",
					"none"
				]
			]
		}
	},
	"timestamp_1": {
		"robots": {
			"ARMLIFT": {
				"AMR_LIFT01": {
					"name": "AMR_LIFT01",
					"pose": {
						"translation": [
							139.5771484375,
							142.583984375,
							0.062014274299144745
						],
						"rotation": [
							-0.009274190291762352,
							-0.0037331613712012768,
							-0.9283878803253174,
							0.37147819995880127
						]
					},
					"odometry": {
						"position": [
							0.5481212554763303,
							-7.715347458924953,
							-0.012392356996587122
						],
						"orientation": [
							-0.019600593267324874,
							0.0004132773556626383,
							-0.9282173629637038,
							0.37152143011958827
						],
						"linear": [
							2.67058567260392e-05,
							0.0,
							0.0
						],
						"angular": [
							0.0,
							0.0,
							-0.0035086297430098057
						]
					},
					"aabb": [
						123.78910438196095,
						140.59876448315876,
						-0.012125197565855759,
						124.75628341622503,
						141.54834941687605,
						0.16314345033361025
					],
					"joint_state": {
						"position": [
							-2.4566,
							4.1064,
							0.7649,
							-4.7463,
							0.7489,
							0.1726,
							0.0
						],
						"velocity": [
							0.014,
							0.0296,
							0.0879,
							-0.0273,
							0.0266,
							-0.084,
							0.0
						],
						"effort": [
							0.0,
							0.0,
							0.0,
							0.0,
							0.0,
							0.0,
							0.0
						]
					},
					"lift_state": "lift_down"
				}
			}
		},
		"objects": {
			"Rack": {
				"Rack_02": {
					"name": "Rack_02",
					"pose": {
						"translation": [
							133.05699157714844,
							143.09999084472656,
							0.19921104609966278
						],
						"rotation": [
							0.983835756778717,
							0.1790735274553299,
							-4.97384462505579e-08,
							9.080395102500916e-09
						]
					}
				}
			}
		},
		"relationships": {
			"L-Rack": [
				[
					"AMR_LIFT01",
					"none"
				]
			]
		}
	},
	"timestamp_2": {
		"robots": {
			"ARMLIFT": {
				"AMR_LIFT01": {
					"name": "AMR_LIFT01",
					"pose": {
						"translation": [
							139.57699584960938,
							142.58409118652344,
							0.06200317293405533
						],
						"rotation": [
							-0.009260289371013641,
							-0.0037164664827287197,
							-0.9284119606018066,
							0.3714185357093811
						]
					},
					"odometry": {
						"position": [
							0.5479647908445209,
							-7.715230301416509,
							-0.012399979731328092
						],
						"orientation": [
							-0.019586961689176546,
							0.00042930772379876986,
							-0.9282416145242355,
							0.3714615346063517
						],
						"linear": [
							0.0015491349622607231,
							0.0,
							0.0
						],
						"angular": [
							0.0,
							0.0,
							0.002488860860466957
						]
					},
					"aabb": [
						123.7891723619271,
						140.59885207799962,
						-0.012139035044840811,
						124.75640403260262,
						141.5483712660722,
						0.16313117359082785
					],
					"joint_state": {
						"position": [
							-2.4558,
							4.1066,
							0.7338,
							-4.7335,
							0.719,
							0.1812,
							0.0
						],
						"velocity": [
							0.0037,
							-0.0078,
							-0.0337,
							0.0118,
							-0.0149,
							-0.0007,
							0.0
						],
						"effort": [
							0.0,
							0.0,
							0.0,
							0.0,
							0.0,
							0.0,
							0.0
						]
					},
					"lift_state": "lift_down"
				}
			}
		},
		"objects": {
			"Rack": {
				"Rack_02": {
					"name": "Rack_02",
					"pose": {
						"translation": [
							133.05699157714844,
							143.09999084472656,
							0.19921104609966278
						],
						"rotation": [
							0.983835756778717,
							0.1790735274553299,
							-4.97384462505579e-08,
							9.080395102500916e-09
						]
					}
				}
			}
		},
		"relationships": {
			"L-Rack": [
				[
					"AMR_LIFT01",
					"none"
				]
			]
		}
	},
	"timestamp_3": {
		"robots": {
			"ARMLIFT": {
				"AMR_LIFT01": {
					"name": "AMR_LIFT01",
					"pose": {
						"translation": [
							139.5768585205078,
							142.5838623046875,
							0.06199970096349716
						],
						"rotation": [
							-0.009256647899746895,
							-0.003703707829117775,
							-0.9283842444419861,
							0.37148812413215637
						]
					},
					"odometry": {
						"position": [
							0.5478280411511367,
							-7.7154646909810145,
							-0.01240040747697355
						],
						"orientation": [
							-0.019583007982921376,
							0.00044283932214420703,
							-0.9282139513882064,
							0.3715308468215909
						],
						"linear": [
							0.006218204740434885,
							0.0,
							0.0
						],
						"angular": [
							0.0,
							0.0,
							0.0015520707238465548
						]
					},
					"aabb": [
						123.78947370273674,
						140.5986287008278,
						-0.012144328770255442,
						124.75660164354234,
						141.54826670817127,
						0.16314147586524327
					],
					"joint_state": {
						"position": [
							-2.4556,
							4.1062,
							0.7183,
							-4.7262,
							0.6965,
							0.1844,
							0.0
						],
						"velocity": [
							-0.0586,
							-0.0833,
							0.0837,
							0.0487,
							-0.2283,
							-0.0251,
							0.0
						],
						"effort": [
							0.0,
							0.0,
							0.0,
							0.0,
							0.0,
							0.0,
							0.0
						]
					},
					"lift_state": "lift_down"
				}
			}
		},
		"objects": {
			"Rack": {
				"Rack_02": {
					"name": "Rack_02",
					"pose": {
						"translation": [
							133.05699157714844,
							143.09999084472656,
							0.19921104609966278
						],
						"rotation": [
							0.983835756778717,
							0.1790735274553299,
							-4.97384462505579e-08,
							9.080395102500916e-09
						]
					}
				}
			}
		},
		"relationships": {
			"L-Rack": [
				[
					"AMR_LIFT01",
					"none"
				]
			]
		}
	},
	"timestamp_4": {
		"robots": {
			"ARMLIFT": {
				"AMR_LIFT01": {
					"name": "AMR_LIFT01",
					"pose": {
						"translation": [
							139.57723999023438,
							142.5836639404297,
							0.062007177621126175
						],
						"rotation": [
							-0.009272446855902672,
							-0.003693281440064311,
							-0.928330659866333,
							0.371621698141098
						]
					},