{
	"timestamp_0": {
		"robots": {
			"ARMLIFT": {
				"AMR_LIFT01": {
					"name": "AMR_LIFT01",
					"pose": {
						"translation": [
							139.6085968017578,
							142.49093627929688,
							0.062001340091228485
						],
						"rotation": [
							-0.009371538646519184,
							-0.0036498787812888622,
							-0.9316142797470093,
							0.3633095920085907
						]
					},
					"odometry": {
						"position": [
							0.5795633771306045,
							-7.808392873302646,
							-0.013107653782251507
						],
						"orientation": [
							-0.019733947291622447,
							0.00040568585985414993,
							-0.9314427191623836,
							0.3633522638744114
						],
						"linear": [
							-0.0014482755213975906,
							0.0,
							0.0
						],
						"angular": [
							0.0,
							0.0,
							-0.0006603219662792981
						]
					},
					"aabb": [
						123.75234647971924,
						140.69797300730113,
						-0.014634743054399647,
						124.72530516944255,
						141.6406881142997,
						0.16298478163105976
					],
					"joint_state": {
						"position": [
							-1.8385,
							4.5538,
							0.9863,
							-5.4131,
							0.9777,
							-0.5361,
							0.0
						],
						"velocity": [
							0.0079,
							0.0082,
							-0.0332,
							-0.0084,
							-0.0236,
							-0.0074,
							0.0
						],
						"effort": [
							0.0,
							0.0,
							0.0,
							0.0,
							0.0,
							0.0,
							0.0
						]
					},
					"lift_state": "lift_down"
				}
			}
		},
		"objects": {
			"Rack": {
				"Rack_02": {
					"name": "Rack_02",
					"pose": {
						"translation": [
							133.05699157714844,
							143.09999084472656,
							0.19921104609966278
						],
						"rotation": [
							0.983835756778717,
							0.1790735274553299,
							-4.97384462505579e-08,
							9.080395102500916e-09
						]
					}
				}
			}
		},
		"relationships": {
			"L-Rack": [
				[
					"AMR_LIFT01",
					"none"
				]
			]
		}
	},
	"timestamp_1": {
		"robots": {
			"ARMLIFT": {
				"AMR_LIFT01": {
					"name": "AMR_LIFT01",
					"pose": {
						"translation": [
							139.6088104248047,
							142.49057006835938,
							0.06200141832232475
						],
						"rotation": [
							-0.009371280670166016,
							-0.003648309037089348,
							-0.9316331744194031,
							0.3632609248161316
						]
					},
					"odometry": {
						"position": [
							0.5798172417134246,
							-7.808793251216264,
							-0.013113306459074695
						],
						"orientation": [
							-0.019734590257821965,
							0.00040687191767029197,
							-0.931456782105709,
							0.3633161756265145
						],
						"linear": [
							-0.0009451310615986586,
							0.0,
							0.0
						],
						"angular": [
							0.0,
							0.0,
							-0.0004768973449245095
						]
					},
					"aabb": [
						123.75209210877892,
						140.69841233566603,
						-0.014654927644136164,
						124.72511359111047,
						141.64105030811962,
						0.16298731614795206
					],
					"joint_state": {
						"position": [
							-1.8369,
							4.5532,
							0.9885,
							-5.4147,
							0.9737,
							-0.5341,
							0.0
						],
						"velocity": [
							0.0027,
							-0.0007,
							-0.1097,
							0.0594,
							-0.1197,
							0.0644,
							0.0
						],
						"effort": [
							0.0,
							0.0,
							0.0,
							0.0,
							0.0,
							0.0,
							0.0
						]
					},
					"lift_state": "lift_down"
				}
			}
		},
		"objects": {
			"Rack": {
				"Rack_02": {
					"name": "Rack_02",
					"pose": {
						"translation": [
							133.05699157714844,
							143.09999084472656,
							0.19921104609966278
						],
						"rotation": [
							0.983835756778717,
							0.1790735274553299,
							-4.97384462505579e-08,
							9.080395102500916e-09
						]
					}
				}
			}
		},
		"relationships": {
			"L-Rack": [
				[
					"AMR_LIFT01",
					"none"
				]
			]
		}
	},
	"timestamp_2": {
		"robots": {
			"ARMLIFT": {
				"AMR_LIFT01": {
					"name": "AMR_LIFT01",
					"pose": {
						"translation": [
							139.60801696777344,
							142.49102783203125,
							0.06200679764151573
						],
						"rotation": [
							-0.009375344030559063,
							-0.003650193102657795,
							-0.9316205978393555,
							0.363293319940567
						]
					},
					"odometry": {
						"position": [
							0.5789874645866658,
							-7.808305002351641,
							-0.013089383043525122
						],
						"orientation": [
							-0.019737821838748632,
							0.00040519028069170094,
							-0.9314489946496296,
							0.3633359665324817
						],
						"linear": [
							-0.0006906273774802685,
							0.0,
							0.0
						],
						"angular": [
							0.0,
							0.0,
							-0.005256970878690481
						]
					},
					"aabb": [
						123.75303951165228,
						140.69779041686147,
						-0.014630137784029062,
						124.72600856876099,
						141.64049114987571,
						0.16298031935822505
					],
					"joint_state": {
						"position": [
							-1.8361,
							4.554,
							0.9734,
							-5.4127,
							0.9729,
							-0.5326,
							0.0
						],
						"velocity": [
							0.0148,
							0.0165,
							0.0283,
							-0.0133,
							-0.0209,
							-0.0171,
							0.0
						],
						"effort": [
							0.0,
							0.0,
							0.0,
							0.0,
							0.0,
							0.0,
							0.0
						]
					},
					"lift_state": "lift_down"
				}
			}
		},
		"objects": {
			"Rack": {
				"Rack_02": {
					"name": "Rack_02",
					"pose": {
						"translation": [
							133.05699157714844,
							143.09999084472656,
							0.19921104609966278
						],
						"rotation": [
							0.983835756778717,
							0.1790735274553299,
							-4.97384462505579e-08,
							9.080395102500916e-09
						]
					}
				}
			}
		},
		"relationships": {
			"L-Rack": [
				[
					"AMR_LIFT01",
					"none"
				]
			]
		}
	},
	"timestamp_3": {
		"robots": {
			"ARMLIFT": {
				"AMR_LIFT01": {
					"name": "AMR_LIFT01",
					"pose": {
						"translation": [
							139.6080322265625,
							142.490478515625,
							0.062002409249544144
						],
						"rotation": [
							-0.00937352143228054,
							-0.0036568616051226854,
							-0.9318506121635437,
							0.36270272731781006
						]
					},
					"odometry": {
						"position": [
							0.57899715923508,
							-7.808851886542073,
							-0.013093984899554625
						],
						"orientation": [
							-0.019738571551586242,
							0.0003919533434640306,
							-0.9316790240843146,
							0.36274568398118634
						],
						"linear": [
							0.003283721162006259,
							0.0,
							0.0
						],
						"angular": [
							0.0,
							0.0,
							-0.0008132430957630277
						]
					},
					"aabb": [
						123.75276835903614,
						140.6985424668045,
						-0.014683836974652793,
						124.72610953300807,
						141.64077789962843,
						0.16298273879437664
					],
					"joint_state": {
						"position": [
							-1.8352,
							4.5546,
							0.9857,
							-5.4235,
							1.0059,
							-0.5544,
							0.0
						],
						"velocity": [
							0.0018,
							-0.029,
							-0.0487,
							-0.0021,
							0.2698,
							-0.2179,
							0.0
						],
						"effort": [
							0.0,
							0.0,
							0.0,
							0.0,
							0.0,
							0.0,
							0.0
						]
					},
					"lift_state": "lift_down"
				}
			}
		},
		"objects": {
			"Rack": {
				"Rack_02": {
					"name": "Rack_02",
					"pose": {
						"translation": [
							133.05699157714844,
							143.09999084472656,
							0.19921104609966278
						],
						"rotation": [
							0.983835756778717,
							0.1790735274553299,
							-4.97384462505579e-08,
							9.080395102500916e-09
						]
					}
				}
			}
		},
		"relationships": {
			"L-Rack": [
				[
					"AMR_LIFT01",
					"none"
				]
			]
		}
	},
	"timestamp_4": {
		"robots": {
			"ARMLIFT": {
				"AMR_LIFT01": {
					"name": "AMR_LIFT01",
					"pose": {
						"translation": [
							139.6083984375,
							142.49021911621094,
							0.062002409249544144
						],
						"rotation": [
							-0.009372503496706486,
							-0.0036594190169125795,
							-0.9317768812179565,
							0.3628922402858734
						]
					},