{
	"timestamp_0": {
		"robots": {
			"ARMLIFT": {
				"AMR_LIFT01": {
					"name": "AMR_LIFT01",
					"pose": {
						"translation": [
							139.5878143310547,
							142.55960083007812,
							0.06200004369020462
						],
						"rotation": [
							-0.009364957921206951,
							-0.0037489826790988445,
							-0.9283525347709656,
							0.3715642988681793
						]
					},
					"odometry": {
						"position": [
							0.5587738766801084,
							-7.7397219693307715,
							-0.012644356981049834
						],
						"orientation": [
							-0.019690955407180855,
							0.00039841192695618335,
							-0.9281809916059022,
							0.3716075273249629
						],
						"linear": [
							0.005258414428681135,
							0.0,
							0.0
						],
						"angular": [
							0.0,
							0.0,
							-0.0024583381600677967
						]
					},
					"aabb": [
						123.77895953406765,
						140.6227054448467,
						-0.012699116251576851,
						124.74605494599065,
						141.57241816248256,
						0.16312514098254716
					],
					"joint_state": {
						"position": [
							-2.341,
							4.2133,
							1.0848,
							-4.9952,
							1.0701,
							-0.1319,
							0.0
						],
						"velocity": [
							-0.0209,
							-0.0315,
							0.0514,
							-0.0174,
							0.0671,
							-0.003,
							0.0
						],
						"effort": [
							0.0,
							0.0,
							0.0,
							0.0,
							0.0,
							0.0,
							0.0
						]
					},
					"lift_state": "lift_down"
				}
			}
		},
		"objects": {
			"Rack": {
				"Rack_02": {
					"name": "Rack_02",
					"pose": {
						"translation": [
							133.05699157714844,
							143.09999084472656,
							0.19921104609966278
						],
						"rotation": [
							0.983835756778717,
							0.1790735274553299,
							-4.97384462505579e-08,
							9.080395102500916e-09
						]
					}
				}
			}
		},
		"relationships": {
			"L-Rack": [
				[
					"AMR_LIFT01",
					"none"
				]
			]
		}
	},
	"timestamp_1": {
		"robots": {
			"ARMLIFT": {
				"AMR_LIFT01": {
					"name": "AMR_LIFT01",
					"pose": {
						"translation": [
							139.5874481201172,
							142.55870056152344,
							0.06200679764151573
						],
						"rotation": [
							-0.00935486052185297,
							-0.003761111758649349,
							-0.9284384250640869,
							0.37134963274002075
						]
					},
					"odometry": {
						"position": [
							0.5583933491683263,
							-7.740542286432234,
							-0.012627168780348781
						],
						"orientation": [
							-0.019697041236869557,
							0.0004015253025411179,
							-0.9282647441744358,
							0.3713979403102744
						],
						"linear": [
							-0.0017866208218038082,
							0.0,
							0.0
						],
						"angular": [
							0.0,
							0.0,
							-0.0034203599207103252
						]
					},
					"aabb": [
						123.77898069057552,
						140.6239900412277,
						-0.012709996779287967,
						124.74624380515617,
						141.57351013263,
						0.1631269037858734
					],
					"joint_state": {
						"position": [
							-2.3396,
							4.2141,
							1.0582,
							-5.002,
							1.0436,
							-0.1402,
							0.0
						],
						"velocity": [
							-0.0055,
							-0.0238,
							-0.1947,
							0.0975,
							-0.199,
							0.1131,
							0.0
						],
						"effort": [
							0.0,
							0.0,
							0.0,
							0.0,
							0.0,
							0.0,
							0.0
						]
					},
					"lift_state": "lift_down"
				}
			}
		},
		"objects": {
			"Rack": {
				"Rack_02": {
					"name": "Rack_02",
					"pose": {
						"translation": [
							133.05699157714844,
							143.09999084472656,
							0.19921104609966278
						],
						"rotation": [
							0.983835756778717,
							0.1790735274553299,
							-4.97384462505579e-08,
							9.080395102500916e-09
						]
					}
				}
			}
		},
		"relationships": {
			"L-Rack": [
				[
					"AMR_LIFT01",
					"none"
				]
			]
		}
	},
	"timestamp_2": {
		"robots": {
			"ARMLIFT": {
				"AMR_LIFT01": {
					"name": "AMR_LIFT01",
					"pose": {
						"translation": [
							139.5871124267578,
							142.55906677246094,
							0.06200317293405533
						],
						"rotation": [
							-0.009356948547065258,
							-0.003755745477974415,
							-0.9283811450004578,
							0.37149274349212646
						]
					},
					"odometry": {
						"position": [
							0.5580710239277716,
							-7.7402688766020065,
							-0.0126256078846587
						],
						"orientation": [
							-0.019683270998545426,
							0.0003908544180813728,
							-0.9282096843633726,
							0.371536267314067
						],
						"linear": [
							-0.0018028635531663895,
							0.0,
							0.0
						],
						"angular": [
							0.0,
							0.0,
							-0.0018483151216059923
						]
					},
					"aabb": [
						123.77911286826404,
						140.62398118609943,
						-0.012702913207994491,
						124.74632736653012,
						141.57355545701756,
						0.16311648316271732
					],
					"joint_state": {
						"position": [
							-2.3385,
							4.215,
							1.0609,
							-5.0042,
							1.05,
							-0.1459,
							0.0
						],
						"velocity": [
							-0.001,
							-0.0014,
							0.2,
							-0.0364,
							0.1859,
							-0.0366,
							0.0
						],
						"effort": [
							0.0,
							0.0,
							0.0,
							0.0,
							0.0,
							0.0,
							0.0
						]
					},
					"lift_state": "lift_down"
				}
			}
		},
		"objects": {
			"Rack": {
				"Rack_02": {
					"name": "Rack_02",
					"pose": {
						"translation": [
							133.05699157714844,
							143.09999084472656,
							0.19921104609966278
						],
						"rotation": [
							0.983835756778717,
							0.1790735274553299,
							-4.97384462505579e-08,
							9.080395102500916e-09
						]
					}
				}
			}
		},
		"relationships": {
			"L-Rack": [
				[
					"AMR_LIFT01",
					"none"
				]
			]
		}
	},
	"timestamp_3": {
		"robots": {
			"ARMLIFT": {
				"AMR_LIFT01": {
					"name": "AMR_LIFT01",
					"pose": {
						"translation": [
							139.58798217773438,
							142.55809020996094,
							0.06199977919459343
						],
						"rotation": [
							-0.009364311583340168,
							-0.0037462934851646423,
							-0.9284113645553589,
							0.371417373418808
						]
					},
					"odometry": {
						"position": [
							0.5589496869682127,
							-7.7412356354743554,
							-0.012648620651133556
						],
						"orientation": [
							-0.019690964622752452,
							0.0003994662641362748,
							-0.9282398315186312,
							0.3714605248491317
						],
						"linear": [
							-0.002261796733364463,
							0.0,
							0.0
						],
						"angular": [
							0.0,
							0.0,
							-0.001742084394209087
						]
					},
					"aabb": [
						123.77843783064638,
						140.62461527813446,
						-0.01268944637162791,
						124.74566413949718,
						141.57418011226926,
						0.1631191904988032
					],
					"joint_state": {
						"position": [
							-2.338,
							4.2157,
							1.0793,
							-5.0185,
							1.0663,
							-0.1594,
							0.0
						],
						"velocity": [
							0.0051,
							0.0353,
							-0.1107,
							-0.0146,
							-0.2457,
							0.1846,
							0.0
						],
						"effort": [
							0.0,
							0.0,
							0.0,
							0.0,
							0.0,
							0.0,
							0.0
						]
					},
					"lift_state": "lift_down"
				}
			}
		},
		"objects": {
			"Rack": {
				"Rack_02": {
					"name": "Rack_02",
					"pose": {
						"translation": [
							133.05699157714844,
							143.09999084472656,
							0.19921104609966278
						],
						"rotation": [
							0.983835756778717,
							0.1790735274553299,
							-4.97384462505579e-08,
							9.080395102500916e-09
						]
					}
				}
			}
		},
		"relationships": {
			"L-Rack": [
				[
					"AMR_LIFT01",
					"none"
				]
			]
		}
	},
	"timestamp_4": {
		"robots": {
			"ARMLIFT": {
				"AMR_LIFT01": {
					"name": "AMR_LIFT01",
					"pose": {
						"translation": [
							139.58847045898438,
							142.55796813964844,
							0.062006719410419464
						],
						"rotation": [
							-0.009362525306642056,
							-0.0037629595026373863,
							-0.9284372329711914,
							0.37135228514671326
						]
					},